CASE_ID,ACCIDENT_YEAR,PROC_DATE,JURIS,COLLISION_DATE,COLLISION_TIME,OFFICER_ID,REPORTING_DISTRICT,DAY_OF_WEEK,CHP_SHIFT,POPULATION,CNTY_CITY_LOC,SPECIAL_COND,BEAT_TYPE,CHP_BEAT_TYPE,CITY_DIVISION_LAPD,CHP_BEAT_CLASS,BEAT_NUMBER,PRIMARY_RD,SECONDARY_RD,DISTANCE,DIRECTION,INTERSECTION,WEATHER_1,WEATHER_2,STATE_HWY_IND,CALTRANS_COUNTY,CALTRANS_DISTRICT,STATE_ROUTE,ROUTE_SUFFIX,POSTMILE_PREFIX,POSTMILE,LOCATION_TYPE,RAMP_INTERSECTION,SIDE_OF_HWY,TOW_AWAY,COLLISION_SEVERITY,NUMBER_KILLED,NUMBER_INJURED,PARTY_COUNT,PRIMARY_COLL_FACTOR,PCF_CODE_OF_VIOL,PCF_VIOL_CATEGORY,PCF_VIOLATION,PCF_VIOL_SUBSECTION,HIT_AND_RUN,TYPE_OF_COLLISION,MVIW,PED_ACTION,ROAD_SURFACE,ROAD_COND_1,ROAD_COND_2,LIGHTING,CONTROL_DEVICE,CHP_ROAD_TYPE,PEDESTRIAN_ACCIDENT,BICYCLE_ACCIDENT,MOTORCYCLE_ACCIDENT,TRUCK_ACCIDENT,NOT_PRIVATE_PROPERTY,ALCOHOL_INVOLVED,STWD_VEHTYPE_AT_FAULT,CHP_VEHTYPE_AT_FAULT,COUNT_SEVERE_INJ,COUNT_VISIBLE_INJ,COUNT_COMPLAINT_PAIN,COUNT_PED_KILLED,COUNT_PED_INJURED,COUNT_BICYCLIST_KILLED,COUNT_BICYCLIST_INJURED,COUNT_MC_KILLED,COUNT_MC_INJURED,PRIMARY_RAMP,SECONDARY_RAMP,LATITUDE,LONGITUDE,COUNTY,CITY,POINT_X,POINT_Y
7198268,2016,2016-03-07,1942,2016-02-19,1705,35688,NA,5,5,7,1942,0,0,0,NA,0,3T57,FIGUEROA ST,91ST ST,4,N,N,A,-,N,NA,NA,NA,NA,NA,NA,NA,NA,NA,N,4,0,1,2,A,-,03,22350,NA,F,C,C,A,A,H,-,A,-,0,NA,NA,NA,NA,Y,NA,-,99,0,0,1,0,0,0,0,0,0,-,-,NA,NA,LOS ANGELES,LOS ANGELES,-118.28272,33.95421097
7198269,2016,2016-03-07,1942,2016-02-17,1700,36754,1863,3,5,7,1942,0,0,0,R,0,3T57,120TH ST,AVALON BL,245,N,N,C,-,N,NA,NA,NA,NA,NA,NA,NA,NA,NA,N,3,0,1,2,A,-,00,21460,L,N,D,C,A,B,H,-,A,D,0,NA,NA,NA,NA,Y,NA,A,01,0,1,0,0,0,0,0,0,0,-,-,NA,NA,LOS ANGELES,LOS ANGELES,-118.26524,33.92371
7198270,2016,2016-03-05,1942,2016-02-17,1620,36026,1837,3,5,7,1942,0,0,0,R,0,12TL49,112TH ST,COMPTON AV,0,NA,Y,C,-,N,NA,NA,NA,NA,NA,NA,NA,NA,NA,Y,4,0,1,2,A,-,12,22450,A,N,D,C,A,B,H,-,A,-,0,NA,NA,NA,NA,Y,NA,A,01,0,0,1,0,0,0,0,0,0,-,-,NA,NA,LOS ANGELES,LOS ANGELES,-118.24632008,33.93317011
7198271,2016,2016-03-05,1942,2016-02-16,1525,39177,1821,2,5,7,1942,0,0,0,R,0,3T57,HOOVER ST,CENTURY BL,100,S,N,A,-,N,NA,NA,NA,NA,NA,NA,NA,NA,NA,N,4,0,2,2,A,-,03,22350,NA,N,C,C,A,A,H,-,A,A,0,NA,NA,NA,NA,Y,NA,A,01,0,0,2,0,0,0,0,0,0,-,-,NA,NA,LOS ANGELES,LOS ANGELES,-118.28696695,33.94523575
7198272,2016,2016-03-05,1942,2016-02-12,1855,41545,1871,5,5,7,1942,0,0,0,R,0,12741,ROSECRANS AV,VERMONT AV,105,E,N,A,-,N,NA,NA,NA,NA,NA,NA,NA,NA,NA,N,4,0,1,2,A,-,08,22100,A,M,B,C,A,A,H,-,C,D,0,NA,NA,Y,NA,Y,NA,A,01,0,0,1,0,0,0,0,0,1,-,-,NA,NA,LOS ANGELES,LOS ANGELES,-118.29124468,33.9018938
7198273,2016,2016-03-05,1942,2016-02-13,2130,38707,1821,6,5,7,1942,0,0,0,R,0,3T5,W CENTURY BL,HOOVER ST,281,E,N,E,-,N,NA,NA,NA,NA,NA,NA,NA,NA,NA,N,4,0,1,2,A,-,02,22400,A,N,D,C,A,A,H,-,C,A,0,NA,NA,Y,NA,Y,NA,C,06,0,0,1,0,0,0,0,0,1,-,-,NA,NA,LOS ANGELES,LOS ANGELES,-118.28604531,33.945512719999996
7198274,2016,2017-05-08,1942,2016-02-12,1630,31288,1842,5,5,7,1942,0,0,0,R,0,12T73,FIGUEROA ST,S 111TH PL,30,S,N,A,-,N,NA,NA,NA,NA,NA,NA,NA,NA,NA,N,1,1,0,2,A,-,17,21451,A,N,G,B,B,A,H,-,A,A,0,Y,NA,NA,NA,Y,NA,A,01,0,0,0,1,0,0,0,0,0,-,-,NA,NA,LOS ANGELES,LOS ANGELES,-118.28262832,33.93380774
7198275,2016,2016-03-05,1942,2016-02-12,0950,33599,1829,5,5,7,1942,0,0,0,R,0,3TL5,103RD ST,GORMAN AV,6,W,N,A,-,N,NA,NA,NA,NA,NA,NA,NA,NA,NA,N,3,0,2,3,A,-,10,21950,A,F,G,B,B,A,H,-,A,A,0,Y,NA,NA,NA,Y,NA,-,99,0,2,0,0,2,0,0,0,0,-,-,NA,NA,LOS ANGELES,LOS ANGELES,-118.23070974,33.94311
7198276,2016,2016-03-05,1942,2016-02-11,1350,39762,1829,4,5,7,1942,0,0,0,R,0,3TL576,ALAMEDA ST,97TH ST,160,S,N,A,-,N,NA,NA,NA,NA,NA,NA,NA,NA,NA,Y,4,0,1,2,A,-,03,22350,A,N,C,C,A,A,H,-,A,A,0,NA,NA,NA,NA,Y,NA,A,01,0,0,1,0,0,0,0,0,0,-,-,NA,NA,LOS ANGELES,LOS ANGELES,-118.228904,33.947867
7198339,2015,2016-03-10,1900,2015-12-29,1425,283253,0332,2,5,4,1939,0,0,0,NA,0,35T1,INGLEWOOD AV,MANHATTAN BEACH BL,0,NA,Y,A,-,N,NA,NA,NA,NA,NA,NA,NA,NA,NA,Y,4,0,1,2,A,-,12,21453,A,N,A,C,A,A,H,-,A,A,0,NA,NA,NA,Y,Y,NA,F,26,0,0,1,0,0,0,0,0,0,-,-,NA,NA,LOS ANGELES,LAWNDALE,-118.36134013,33.88743002
7198353,2016,2016-03-10,1900,2016-02-19,2210,529403,0468,5,5,4,1936,0,0,0,NA,0,46T2,BEACH BL,ROSECRANS AV,89,S,N,A,-,N,NA,NA,NA,NA,NA,NA,NA,NA,NA,N,4,0,3,2,A,-,01,23152,A,N,C,C,A,A,H,-,A,A,0,NA,NA,NA,NA,Y,Y,D,22,0,0,3,0,0,0,0,0,0,-,-,NA,NA,LOS ANGELES,LA MIRADA,-117.98754336,33.89606218
7198354,2016,2016-03-10,1900,2016-02-19,1746,517022,0463,5,5,4,1936,0,0,0,NA,0,46R1PM,IMPERIAL HWY,POMELLO DR,0,NA,Y,A,-,N,NA,NA,NA,NA,NA,NA,NA,NA,NA,N,4,0,2,2,A,-,09,21801,A,N,D,C,A,A,H,-,C,D,0,NA,NA,NA,NA,Y,NA,A,01,0,0,2,0,0,0,0,0,0,-,-,NA,NA,LOS ANGELES,LA MIRADA,-117.99658,33.91734
7198374,2016,2016-03-11,1942,2016-02-24,1455,33340,1061,3,5,7,1942,0,0,0,J,0,16TL26,VENTURA BL,SHIRLEY AV,0,NA,N,A,-,N,NA,NA,NA,NA,NA,NA,NA,NA,NA,Y,4,0,1,3,A,-,01,23153,A,F,C,C,A,A,H,-,A,D,0,NA,NA,NA,NA,Y,Y,A,01,0,0,1,0,0,0,0,0,0,-,-,NA,NA,LOS ANGELES,LOS ANGELES,-118.55784013,34.17277009
7198381,2016,2016-03-10,1942,2016-01-26,0825,31152,0119,2,5,7,1942,0,0,0,A,0,11TL25,VIGNES ST,CESAR CHAVEZ AV,15,S,N,A,-,N,NA,NA,NA,NA,NA,NA,NA,NA,NA,N,3,0,1,2,A,-,10,21950,A,N,G,B,B,A,H,-,A,A,0,Y,NA,NA,NA,Y,NA,I,20,0,1,0,0,1,0,0,0,0,-,-,NA,NA,LOS ANGELES,LOS ANGELES,-118.231838,34.056539
7198382,2016,2016-03-10,1942,2016-02-03,1220,39733,0148,3,5,7,1942,0,0,0,A,0,1A84,5TH ST,CROCKER ST,0,NA,Y,A,-,N,NA,NA,NA,NA,NA,NA,NA,NA,NA,N,4,0,1,2,A,-,08,22107,NA,N,B,C,A,A,H,-,A,D,0,NA,NA,NA,NA,Y,NA,A,01,0,0,1,0,0,0,0,0,0,-,-,NA,NA,LOS ANGELES,LOS ANGELES,-118.24275011,34.04352002
7198383,2016,2016-03-10,1942,2016-02-03,1800,42101,0195,3,5,7,1942,0,0,0,A,0,1A12,15TH ST,LOS ANGELES ST,0,NA,Y,A,-,N,NA,NA,NA,NA,NA,NA,NA,NA,NA,N,4,0,1,3,A,-,09,21802,A,N,C,C,A,A,H,-,C,D,0,NA,NA,NA,NA,Y,NA,A,07,0,0,1,0,0,0,0,0,0,-,-,NA,NA,LOS ANGELES,LOS ANGELES,-118.2609801,34.03373007
7198384,2016,2016-03-10,1942,2016-02-06,1700,34426,0138,6,5,7,1942,0,0,0,A,0,2TL28,4TH ST,SAN PEDRO ST,80,E,N,A,-,N,NA,NA,NA,NA,NA,NA,NA,NA,NA,N,4,0,1,2,A,-,21,22106,NA,N,B,C,A,A,H,-,A,D,0,NA,NA,NA,NA,Y,NA,A,01,0,0,1,0,0,0,0,0,0,-,-,NA,NA,LOS ANGELES,LOS ANGELES,-118.24278035,34.04572897
7198386,2016,2016-03-21,1942,2016-01-28,1200,32996,0139,4,5,7,1942,0,0,0,A,0,13TL55,3RD ST,SANTA FE AV,114,W,N,A,-,N,NA,NA,NA,NA,NA,NA,NA,NA,NA,Y,4,0,1,2,A,-,21,22106,NA,N,D,C,A,A,H,-,A,D,0,NA,NA,NA,NA,Y,NA,D,22,0,0,1,0,0,0,0,0,0,-,-,NA,NA,LOS ANGELES,LOS ANGELES,-118.23299556,34.04598818
7198388,2016,2016-03-10,1942,2016-01-27,0700,31476,0139,3,5,7,1942,0,0,0,A,0,11TL21,ALAMEDA ST,3RD ST,0,NA,Y,A,-,N,NA,NA,NA,NA,NA,NA,NA,NA,NA,Y,4,0,1,2,A,-,09,21801,A,N,A,C,A,A,H,-,A,A,0,NA,NA,NA,NA,Y,NA,A,08,0,0,1,0,0,0,0,0,0,-,-,NA,NA,LOS ANGELES,LOS ANGELES,-118.23809,34.04554
7198411,2015,2016-03-04,1900,2015-11-04,1130,552447,0332,3,5,4,1939,0,0,0,NA,0,35T1,HAWTHORNE BL,149TH ST,20,N,N,A,-,N,NA,NA,NA,NA,NA,NA,NA,NA,NA,N,4,0,1,2,A,-,03,22350,NA,N,C,C,A,A,H,-,A,A,0,NA,NA,NA,NA,Y,NA,A,01,0,0,1,0,0,0,0,0,0,-,-,NA,NA,LOS ANGELES,LAWNDALE,-118.35274,33.89647485
7198441,2016,2016-03-09,1942,2016-02-19,1825,41884,1067,5,5,7,1942,0,0,0,J,0,NA,BALBOA BL,BURBANK,750,S,N,A,-,N,NA,NA,NA,NA,NA,NA,NA,NA,NA,N,4,0,1,2,A,-,12,21453,A,F,A,C,A,A,H,-,C,A,0,NA,NA,NA,NA,Y,NA,-,99,0,0,1,0,0,0,0,0,0,-,-,NA,NA,LOS ANGELES,LOS ANGELES,-118.50109262,34.17017021
7198442,2016,2016-03-09,1942,2016-02-17,1815,34822,1969,3,5,7,1942,0,0,0,NA,0,19A75,ARLETA AV,GARBER ST,40,S,N,C,-,N,NA,NA,NA,NA,NA,NA,NA,NA,NA,Y,4,0,1,2,A,-,07,21658,A,F,B,C,A,B,H,-,C,D,0,NA,NA,NA,NA,Y,Y,-,99,0,0,1,0,0,0,0,0,0,-,-,NA,NA,LOS ANGELES,LOS ANGELES,-118.43150234,34.24716791
7198443,2016,2016-08-12,1942,2016-02-22,0104,39643,1768,1,5,7,1942,0,0,0,Q,0,17X54,PLUMMER ST,WHITE OAK,20,S,N,A,-,N,NA,NA,NA,NA,NA,NA,NA,NA,NA,Y,3,0,2,2,A,-,09,21802,A,F,D,C,A,A,H,-,C,A,0,NA,NA,NA,NA,Y,NA,A,01,0,2,0,0,0,0,0,0,0,-,-,NA,NA,LOS ANGELES,LOS ANGELES,-118.51995,34.24312
7198450,2016,2016-03-09,1955,2016-02-19,1502,42150,0010,5,5,6,1955,0,0,0,NA,0,003,ORANGE GROVE AV,GAREY AV,0,NA,Y,A,-,N,NA,NA,NA,NA,NA,NA,NA,NA,NA,Y,4,0,3,2,A,-,12,21453,A,N,D,C,A,A,H,-,A,A,0,NA,NA,NA,NA,Y,NA,A,01,0,0,3,0,0,0,0,0,0,-,-,NA,NA,LOS ANGELES,POMONA,-117.75226001,34.07263001
7198451,2016,2016-03-09,1955,2016-02-16,1934,42227,0028,2,5,6,1955,0,0,0,NA,0,002,BONITA AV,TOWNE AV,0,NA,Y,A,-,N,NA,NA,NA,NA,NA,NA,NA,NA,NA,Y,3,0,2,2,A,-,09,21801,A,N,A,C,A,A,H,-,C,A,0,NA,NA,NA,NA,Y,NA,A,01,0,1,1,0,0,0,0,0,0,-,-,NA,NA,LOS ANGELES,POMONA,-117.73679002,34.09620012
7198452,2016,2017-02-11,1955,2016-02-16,2009,41138,0054,2,5,6,1955,0,0,0,NA,0,001,HOLT AV,FAIRPLEX DR,0,NA,Y,A,-,Y,LA,7,71,-,R,1.463,R,4,N,Y,4,0,3,2,A,-,08,22101,D,N,A,C,A,A,H,-,C,A,0,NA,NA,NA,NA,Y,NA,A,01,0,0,3,0,0,0,0,0,0,-,-,NA,NA,LOS ANGELES,POMONA,-117.78954971,34.06175838
7198464,2016,2016-03-09,1900,2016-02-09,0845,520746,0455,2,5,6,1949,0,0,0,NA,0,43T1D,ROSECRANS AV,STUDEBAKER RD,379,W,N,A,-,N,NA,NA,NA,NA,NA,NA,NA,NA,NA,Y,4,0,2,2,A,-,09,21804,A,N,D,C,A,A,H,-,A,D,0,NA,NA,NA,NA,Y,NA,A,07,0,0,2,0,0,0,0,0,0,-,-,NA,NA,LOS ANGELES,NORWALK,-118.10135613,33.90204854
7198465,2016,2016-08-12,1900,2016-02-22,0824,527125,0451,1,5,6,1949,0,0,0,NA,0,45T1,STUDEBAKER RD,IMPERIAL HWY,160,N,N,A,-,N,NA,NA,NA,NA,NA,NA,NA,NA,NA,N,4,0,1,2,A,-,09,21804,A,N,D,C,A,A,H,-,A,D,0,NA,NA,NA,NA,Y,NA,A,01,0,0,1,0,0,0,0,0,0,-,-,NA,NA,LOS ANGELES,NORWALK,-118.09931,33.91761873
7198646,2016,2016-03-10,1942,2016-02-26,0245,38349,1583,5,5,7,1942,0,0,0,O,0,17T17,LAUREL CANYON BL,MOORPARK ST,33,S,N,A,-,N,NA,NA,NA,NA,NA,NA,NA,NA,NA,Y,4,0,2,2,A,-,01,23152,A,F,C,C,A,A,H,-,C,A,0,NA,NA,NA,NA,Y,Y,D,22,0,0,2,0,0,0,0,0,0,-,-,NA,NA,LOS ANGELES,LOS ANGELES,-118.39648844,34.1502895
7198649,2016,2016-03-10,1942,2016-02-28,1030,39096,1012,7,5,7,1942,0,0,0,J,0,16TL25,WILBUR AV,VALERIO ST,350,N,N,A,-,N,NA,NA,NA,NA,NA,NA,NA,NA,NA,Y,3,0,1,2,A,-,01,23152,A,N,C,E,A,A,H,-,A,D,0,NA,NA,NA,NA,Y,Y,A,01,0,1,0,0,0,0,0,0,0,-,-,NA,NA,LOS ANGELES,LOS ANGELES,-118.54478308,34.20570011
7198650,2016,2016-03-10,1942,2016-02-23,1905,40155,0901,2,5,7,1942,0,0,0,I,0,9T53,SATICOY BL,BURNET AV,10,E,N,A,-,N,NA,NA,NA,NA,NA,NA,NA,NA,NA,Y,3,0,1,2,A,-,09,21801,A,N,D,C,A,A,H,-,C,D,0,NA,NA,NA,NA,Y,NA,D,22,0,1,0,0,0,0,0,0,0,-,-,NA,NA,LOS ANGELES,LOS ANGELES,-118.46398698,34.20847
7198662,2016,2016-03-17,1942,2016-02-26,1115,38687,1684,5,5,7,1942,0,0,0,P,0,19TL77,LANKERSHIM BL,STAGG ST,118,S,N,A,-,N,NA,NA,NA,NA,NA,NA,NA,NA,NA,N,3,0,1,3,A,-,17,22517,NA,N,H,G,A,A,H,-,A,A,0,NA,Y,NA,Y,Y,NA,A,01,0,1,0,0,0,0,1,0,0,-,-,NA,NA,LOS ANGELES,LOS ANGELES,-118.38778,34.21177635
7198668,2016,2016-03-09,1942,2016-01-27,1905,39062,0185,3,5,7,1942,0,0,0,A,0,1T11,11TH ST,BROADWAY,0,NA,Y,A,-,N,NA,NA,NA,NA,NA,NA,NA,NA,NA,Y,4,0,1,2,A,-,11,21456,B,N,G,B,B,A,H,-,C,A,0,Y,NA,NA,NA,Y,NA,N,60,0,0,1,0,1,0,0,0,0,-,-,NA,NA,LOS ANGELES,LOS ANGELES,-118.25900006,34.03960011
7198669,2016,2016-03-09,1942,2016-01-27,0145,41436,0171,3,5,7,1942,0,0,0,A,0,1A41,GEORGIA ST,OLYMPIC BL,0,NA,Y,A,-,N,NA,NA,NA,NA,NA,NA,NA,NA,NA,N,4,0,1,2,A,-,10,21950,A,N,G,B,B,A,H,-,C,A,0,Y,NA,NA,NA,Y,NA,A,07,0,0,1,0,1,0,0,0,0,-,-,NA,NA,LOS ANGELES,LOS ANGELES,-118.26689006,34.04591006
7198694,2016,2016-03-22,1900,2016-02-08,1624,523692,NA,1,5,5,1977,0,0,0,NA,0,167T1,208TH ST,SANTA FE AV,0,NA,Y,A,-,N,NA,NA,NA,NA,NA,NA,NA,NA,NA,N,2,0,1,2,A,-,12,22450,A,N,D,C,A,A,H,-,A,D,0,NA,NA,NA,Y,Y,NA,F,27,1,0,0,0,0,0,0,0,0,-,-,NA,NA,LOS ANGELES,CARSON,-118.21236001,33.84425008
7198701,2016,2016-03-10,1900,2016-02-23,0655,430275,1621,2,5,5,1977,0,0,0,NA,0,160T,DEL AMO BL,FORDYCE AV,18,E,N,B,-,N,NA,NA,NA,NA,NA,NA,NA,NA,NA,N,4,0,1,2,A,-,08,22107,NA,N,-,G,A,A,H,-,B,A,0,NA,Y,NA,NA,Y,NA,D,22,0,0,1,0,0,0,1,0,0,-,-,NA,NA,LOS ANGELES,CARSON,-118.22372084,33.84659
7198706,2016,2016-03-21,1900,2016-01-26,1938,502199,1626,2,5,5,1977,0,0,0,NA,0,166T1,SEPULVEDA BL,WILMINGTON AV,500,E,N,A,-,N,NA,NA,NA,NA,NA,NA,NA,NA,NA,Y,2,0,1,2,A,-,09,21801,A,N,D,C,A,A,H,-,C,D,0,NA,NA,Y,Y,Y,NA,F,25,1,0,0,0,0,0,0,0,1,-,-,NA,NA,LOS ANGELES,CARSON,-118.25370168,33.8083193
7198710,2016,2016-03-10,1900,2016-02-22,1911,524694,1610,1,5,5,1977,0,0,0,NA,0,164T1,FIGUEROA ST,ALONDRA BL,20,S,N,A,-,N,NA,NA,NA,NA,NA,NA,NA,NA,NA,Y,3,0,2,2,A,-,09,21453,B,N,D,C,A,A,H,-,C,A,0,NA,NA,NA,NA,Y,NA,D,22,0,1,1,0,0,0,0,0,0,-,-,NA,NA,LOS ANGELES,CARSON,-118.28275721,33.8854252
7198712,2016,2016-03-21,1942,2016-02-16,1600,40266,1135,2,5,7,1942,0,0,0,K,0,11A25,EAGLE ROCK,VERDUGO,0,NA,Y,A,-,N,NA,NA,NA,NA,NA,NA,NA,NA,NA,Y,4,0,1,2,A,-,12,21453,A,N,D,C,A,A,H,-,A,A,0,NA,NA,NA,NA,Y,NA,A,01,0,0,1,0,0,0,0,0,0,-,-,NA,NA,LOS ANGELES,LOS ANGELES,-118.23792001,34.10466006
7198715,2016,2016-03-21,1942,2016-02-16,1515,40099,152,2,5,7,1942,0,0,0,O,0,2T28,6TH ST,GRAND AV,95,W,N,A,-,N,NA,NA,NA,NA,NA,NA,NA,NA,NA,N,4,0,1,3,A,-,04,21703,NA,F,D,G,A,A,H,-,A,D,0,NA,Y,NA,NA,Y,NA,D,22,0,0,1,0,0,0,1,0,0,-,-,NA,NA,LOS ANGELES,LOS ANGELES,-118.29047175,33.73877291
7198717,2016,2016-03-21,1942,2016-02-17,0010,41019,0139,3,5,7,1942,0,0,0,A,0,4T43,ROSE ST,TRACTION ST,0,NA,Y,A,-,N,NA,NA,NA,NA,NA,NA,NA,NA,NA,Y,4,0,1,2,A,-,09,21802,A,N,D,C,A,A,H,-,C,A,0,NA,NA,NA,NA,Y,NA,A,01,0,0,1,0,0,0,0,0,0,-,-,NA,NA,LOS ANGELES,LOS ANGELES,-118.23708011,34.04623008
7198731,2016,2016-03-09,1976,2016-02-14,1535,314,NA,7,5,5,1976,0,0,0,NA,0,001,PICKERING AV,HADLEY ST,0,NA,Y,A,-,N,NA,NA,NA,NA,NA,NA,NA,NA,NA,Y,4,0,1,2,A,-,12,21453,A,N,D,C,A,A,H,-,A,A,0,NA,NA,NA,NA,Y,NA,A,01,0,0,1,0,0,0,0,0,0,-,-,NA,NA,LOS ANGELES,WHITTIER,-118.04206009,33.98271006
7198732,2016,2016-03-09,1976,2016-02-12,1600,244,NA,5,5,5,1976,0,0,0,NA,0,004,LEFFINGWELL RD,KIBBEE AV,2,W,N,A,-,N,NA,NA,NA,NA,NA,NA,NA,NA,NA,Y,4,0,1,2,A,-,09,21802,A,N,E,I,A,A,H,-,A,D,0,NA,NA,NA,NA,Y,NA,A,01,0,0,1,0,0,0,0,0,0,-,-,NA,NA,LOS ANGELES,WHITTIER,-117.99719634,33.93044854
7198733,2016,2016-03-09,1976,2016-02-08,1759,230,NA,1,5,5,1976,0,0,0,NA,0,002,GREENLEAF AV,CHESTNUT ST,180,N,N,A,-,N,NA,NA,NA,NA,NA,NA,NA,NA,NA,Y,4,0,2,2,A,-,09,21801,A,N,D,C,A,A,H,-,B,D,0,NA,NA,Y,NA,Y,NA,A,01,0,0,2,0,0,0,0,0,2,-,-,NA,NA,LOS ANGELES,WHITTIER,-118.03793227,33.9648152
7198749,2016,2016-03-10,1970,2016-02-07,1212,204,2,7,5,4,1970,0,0,0,NA,0,002,MISSION ST,GARFIELD AV,0,NA,Y,A,-,N,NA,NA,NA,NA,NA,NA,NA,NA,NA,Y,3,0,3,2,A,-,08,22107,NA,N,D,C,A,A,H,-,A,A,0,NA,NA,NA,NA,Y,NA,A,01,0,2,1,0,0,0,0,0,0,-,-,NA,NA,LOS ANGELES,SOUTH PASADENA,-118.14159002,34.11579005
7198765,2016,2016-03-10,1942,2016-02-24,1610,36755,1654,3,5,7,1942,0,0,0,P,0,10TL32,GLENOAKS BL,OSBORNE ST,20,S,N,A,-,N,NA,NA,NA,NA,NA,NA,NA,NA,NA,N,4,0,1,2,A,-,03,22350,NA,F,C,C,A,A,H,-,A,A,0,NA,NA,NA,NA,Y,NA,-,99,0,0,1,0,0,0,0,0,0,-,-,NA,NA,LOS ANGELES,LOS ANGELES,-118.40190593,34.26466913
7198766,2016,2016-03-10,1942,2016-02-25,0810,41397,1602,4,5,7,1942,0,0,0,P,0,9T53,BORDEN AV,LOUVRE ST,0,NA,Y,A,-,N,NA,NA,NA,NA,NA,NA,NA,NA,NA,N,4,0,1,2,A,-,09,21801,A,F,D,C,A,A,H,-,A,D,0,NA,NA,NA,NA,Y,NA,A,01,0,0,1,0,0,0,0,0,0,-,-,NA,NA,LOS ANGELES,LOS ANGELES,-118.41216006,34.27961011
7198767,2016,2017-02-11,1942,2016-02-24,0900,25826,1566,3,5,7,1942,0,0,0,O,0,35MQ15,VINELAND AV,RT 101,0,NA,Y,A,-,Y,LA,7,101,-,-,10.999,R,4,N,N,3,0,2,2,A,-,04,21703,NA,F,B,J,A,A,H,-,A,A,0,NA,NA,Y,NA,Y,NA,-,99,0,2,0,0,0,0,0,0,2,-,NF,NA,NA,LOS ANGELES,LOS ANGELES,-118.36865076,34.14567792
7198768,2016,2016-03-10,1942,2016-02-24,1900,40141,0991,3,5,7,1942,0,0,0,I,0,10TL34,MULHOLLAND DR,ROSCOMARE RD,0,NA,Y,A,-,N,NA,NA,NA,NA,NA,NA,NA,NA,NA,N,4,0,1,2,A,-,12,21453,A,F,D,C,A,A,H,-,A,A,0,NA,NA,NA,NA,Y,NA,-,99,0,0,1,0,0,0,0,0,0,-,-,NA,NA,LOS ANGELES,LOS ANGELES,-118.46816013,34.12951006
7198769,2016,2017-01-30,1942,2016-02-25,2200,31652,1557,4,5,7,1942,0,0,0,O,0,19T73,HORTENSE ST,CAHUENGA BL,50,W,N,A,-,N,NA,NA,NA,NA,NA,NA,NA,NA,NA,Y,4,0,1,2,A,-,08,22107,NA,F,A,C,A,A,H,-,C,D,0,NA,NA,NA,NA,Y,NA,A,01,0,0,1,0,0,0,0,0,0,-,-,NA,NA,LOS ANGELES,LOS ANGELES,-118.36168492,34.154753
7198770,2016,2016-08-12,1942,2016-02-21,1900,39551,1517,7,5,7,1942,0,0,0,O,0,15A12,WHITSETT AV,ARCHWOOD CT,0,NA,Y,A,-,N,NA,NA,NA,NA,NA,NA,NA,NA,NA,N,4,0,1,2,A,-,12,22450,A,F,B,C,A,A,H,-,C,D,0,NA,NA,NA,NA,Y,NA,-,NA,0,0,1,0,0,0,0,0,0,-,-,NA,NA,LOS ANGELES,LOS ANGELES,-118.4052501,34.19211001
7198771,2016,2016-03-24,1942,2016-02-19,2315,41630,DEVON,5,5,7,1942,0,0,0,NA,0,17A67,PARTHENIA,ETIWANDA,0,NA,Y,A,-,N,NA,NA,NA,NA,NA,NA,NA,NA,NA,Y,3,0,1,3,A,-,08,22107,NA,F,D,C,A,A,H,-,C,D,0,NA,NA,NA,NA,Y,NA,A,01,0,1,0,0,0,0,0,0,0,-,-,NA,NA,LOS ANGELES,LOS ANGELES,-118.53235008,34.22869005
7198772,2016,2016-03-10,1942,2016-02-24,0930,37737,0923,3,5,7,1942,0,0,0,I,0,17TL15,SEPULVEDA BL,KITTRIDGE ST,240,N,N,A,-,N,NA,NA,NA,NA,NA,NA,NA,NA,NA,N,3,0,1,2,A,-,11,21955,NA,F,G,B,D,A,H,-,A,D,0,Y,NA,NA,NA,Y,NA,N,60,0,1,0,0,1,0,0,0,0,-,-,NA,NA,LOS ANGELES,LOS ANGELES,-118.4661836,34.19093831
7198775,2016,2016-03-09,1929,2016-02-24,2120,201,1929,3,5,3,1929,0,0,0,NA,0,002,HERMOSA AV,PIER AV,0,NA,Y,A,-,N,NA,NA,NA,NA,NA,NA,NA,NA,NA,Y,2,0,1,2,A,-,12,21453,A,N,D,G,A,A,H,-,C,A,0,NA,Y,NA,NA,Y,NA,L,04,1,0,0,0,0,0,1,0,0,-,-,NA,NA,LOS ANGELES,HERMOSA BEACH,-118.40009006,33.86222011
7198779,2016,2016-03-09,1942,2016-02-18,1205,41376,0657,4,5,7,1942,0,0,0,F,0,7TL38,ROMAINE ST,WILTON PL,150,E,N,A,-,N,NA,NA,NA,NA,NA,NA,NA,NA,NA,N,4,0,2,3,A,-,09,21804,NA,N,D,C,A,A,H,-,A,D,0,NA,NA,NA,NA,Y,NA,A,01,0,0,2,0,0,0,0,0,0,-,-,NA,NA,LOS ANGELES,LOS ANGELES,-118.31307564,34.08848838