CASE_ID,ACCIDENT_YEAR,PROC_DATE,JURIS,COLLISION_DATE,COLLISION_TIME,OFFICER_ID,REPORTING_DISTRICT,DAY_OF_WEEK,CHP_SHIFT,POPULATION,CNTY_CITY_LOC,SPECIAL_COND,BEAT_TYPE,CHP_BEAT_TYPE,CITY_DIVISION_LAPD,CHP_BEAT_CLASS,BEAT_NUMBER,PRIMARY_RD,SECONDARY_RD,DISTANCE,DIRECTION,INTERSECTION,WEATHER_1,WEATHER_2,STATE_HWY_IND,CALTRANS_COUNTY,CALTRANS_DISTRICT,STATE_ROUTE,ROUTE_SUFFIX,POSTMILE_PREFIX,POSTMILE,LOCATION_TYPE,RAMP_INTERSECTION,SIDE_OF_HWY,TOW_AWAY,COLLISION_SEVERITY,NUMBER_KILLED,NUMBER_INJURED,PARTY_COUNT,PRIMARY_COLL_FACTOR,PCF_CODE_OF_VIOL,PCF_VIOL_CATEGORY,PCF_VIOLATION,PCF_VIOL_SUBSECTION,HIT_AND_RUN,TYPE_OF_COLLISION,MVIW,PED_ACTION,ROAD_SURFACE,ROAD_COND_1,ROAD_COND_2,LIGHTING,CONTROL_DEVICE,CHP_ROAD_TYPE,PEDESTRIAN_ACCIDENT,BICYCLE_ACCIDENT,MOTORCYCLE_ACCIDENT,TRUCK_ACCIDENT,NOT_PRIVATE_PROPERTY,ALCOHOL_INVOLVED,STWD_VEHTYPE_AT_FAULT,CHP_VEHTYPE_AT_FAULT,COUNT_SEVERE_INJ,COUNT_VISIBLE_INJ,COUNT_COMPLAINT_PAIN,COUNT_PED_KILLED,COUNT_PED_INJURED,COUNT_BICYCLIST_KILLED,COUNT_BICYCLIST_INJURED,COUNT_MC_KILLED,COUNT_MC_INJURED,PRIMARY_RAMP,SECONDARY_RAMP,LATITUDE,LONGITUDE,COUNTY,CITY,POINT_X,POINT_Y
7200032,2017,2017-08-15,1942,2017-03-14,1820,39624,0898,2,5,7,1942,0,0,0,H,0,20T59,CANFIELD AV,CATTARAUGUS AV,77,S,N,A,-,N,NA,NA,NA,NA,NA,NA,NA,NA,NA,N,1,1,0,1,A,-,03,22350,NA,N,H,A,A,A,H,-,B,D,0,NA,NA,NA,NA,Y,NA,D,22,0,0,0,0,0,0,0,0,0,-,-,NA,NA,LOS ANGELES,LOS ANGELES,-118.39294378,34.03561065
7200033,2017,2017-09-28,1942,2017-03-15,1435,41923,0333,3,5,7,1942,0,0,0,C,0,3T57,ADAMS BL,SOMERSET DR,0,NA,Y,A,-,N,NA,NA,NA,NA,NA,NA,NA,NA,NA,Y,1,1,1,2,A,-,09,21802,A,N,D,C,A,A,H,-,A,A,0,NA,NA,NA,NA,Y,NA,A,07,0,0,1,0,0,0,0,0,0,-,-,NA,NA,LOS ANGELES,LOS ANGELES,-118.3374001,34.03258012
7200035,2017,2017-08-16,1942,2017-03-22,0557,38357,0497,3,5,7,1942,0,0,0,D,0,24TL29,OLYMPIC BL,ORME AV,0,NA,Y,B,-,N,NA,NA,NA,NA,NA,NA,NA,NA,NA,N,1,1,0,2,A,-,10,21950,A,N,G,B,B,B,H,-,C,D,0,Y,NA,NA,NA,Y,NA,A,01,0,0,0,1,0,0,0,0,0,-,-,NA,NA,LOS ANGELES,LOS ANGELES,-118.21775004,34.02338006
7200037,2017,2017-08-29,1942,2017-03-23,2130,41521,0376,4,5,7,1942,0,0,0,C,0,5T23,MARTIN LUTHER KING JR BL,HALLDALE AV,37,W,N,A,-,N,NA,NA,NA,NA,NA,NA,NA,NA,NA,N,1,1,0,2,A,-,11,21954,A,N,G,B,D,A,H,-,C,A,0,Y,NA,NA,NA,Y,NA,N,60,0,0,0,1,0,0,0,0,0,-,-,NA,NA,LOS ANGELES,LOS ANGELES,-118.30246183,34.010857970000004
7200057,2017,2017-05-10,1900,2017-02-12,1821,527057,2603,7,5,6,1950,0,0,0,NA,0,263T1,25TH ST EAST,JOSHUA HILLS DR,0,NA,Y,A,-,N,NA,NA,NA,NA,NA,NA,NA,NA,NA,Y,1,2,0,1,A,-,03,22350,NA,N,E,I,A,A,H,-,C,A,0,NA,NA,NA,NA,Y,NA,A,01,0,0,0,0,0,0,0,0,0,-,-,NA,NA,LOS ANGELES,PALMDALE,-118.08419011,34.54656002
7200062,2017,2017-05-10,1900,2017-02-22,0437,530600,0648,3,5,6,1985,0,0,0,NA,0,61T1,DICKASON DR,SMYTH DR,0,NA,Y,A,-,N,NA,NA,NA,NA,NA,NA,NA,NA,NA,Y,1,1,0,1,A,-,08,22107,NA,N,E,I,A,A,H,-,C,A,0,NA,NA,NA,NA,Y,NA,A,01,0,0,0,0,0,0,0,0,0,-,-,NA,NA,LOS ANGELES,SANTA CLARITA,-118.56313009,34.43896007
7200063,2017,2017-05-10,1942,2017-02-23,1305,40773,0732,4,5,7,1942,0,0,0,G,0,7T23,WILSHIRE BL,FAIRFAX AV,330,W,N,A,-,N,NA,NA,NA,NA,NA,NA,NA,NA,NA,N,1,1,0,2,A,-,11,21955,NA,N,G,B,D,A,H,-,A,A,0,Y,NA,NA,NA,Y,NA,N,60,0,0,0,1,0,0,0,0,0,-,-,NA,NA,LOS ANGELES,LOS ANGELES,-118.36247773,34.06309067
7200065,2017,2017-06-13,1942,2017-02-24,1750,35393,1821,5,5,7,1942,0,0,0,R,0,12T43,HOOVER ST,95TH ST,0,NA,Y,A,-,N,NA,NA,NA,NA,NA,NA,NA,NA,NA,Y,1,1,0,3,A,-,03,22350,NA,F,D,C,A,A,H,-,A,A,0,NA,NA,NA,NA,Y,NA,A,07,0,0,0,0,0,0,0,0,0,-,-,NA,NA,LOS ANGELES,LOS ANGELES,-118.28699004,33.95011002
7200066,2017,2017-05-10,1942,2017-02-25,1845,41810,1824,6,5,7,1942,0,0,0,R,0,12T44,CENTRAL AV,CENTURY BL,0,NA,Y,A,-,N,NA,NA,NA,NA,NA,NA,NA,NA,NA,Y,1,1,4,2,A,-,09,21801,A,N,D,C,A,A,H,-,C,A,0,NA,NA,NA,NA,Y,NA,A,01,3,0,1,0,0,0,0,0,0,-,-,NA,NA,LOS ANGELES,LOS ANGELES,-118.25408001,33.94566011
7200068,2017,2019-04-08,1900,2017-02-26,1833,455208,2835,7,5,5,1915,0,0,0,NA,0,283T1,ALONDRA BL,OLEANDER AV,0,NA,Y,A,-,N,NA,NA,NA,NA,NA,NA,NA,NA,NA,Y,1,1,0,1,A,-,01,23152,A,N,E,I,A,A,H,-,C,A,0,NA,NA,NA,NA,Y,Y,A,01,0,0,0,0,0,0,0,0,0,-,-,NA,NA,LOS ANGELES,COMPTON,-118.22825012,33.88855004
7200074,2017,2017-05-11,1942,2017-03-14,1710,40762,1269,2,5,7,1942,0,0,0,L,0,5T25,82ND ST,TOWNE AV,222,E,N,A,-,N,NA,NA,NA,NA,NA,NA,NA,NA,NA,N,1,1,0,2,A,-,11,21955,NA,F,D,B,D,A,H,-,A,D,0,Y,NA,NA,NA,Y,NA,N,60,0,0,0,1,0,0,0,0,0,-,-,NA,NA,LOS ANGELES,LOS ANGELES,-118.26660938,33.96464902
7200076,2017,2019-04-08,1965,2017-03-16,0613,3347,0B2A,4,5,5,1965,0,0,0,NA,0,B002,LINCOLN BL,HILL ST,0,NA,Y,A,-,N,NA,NA,NA,NA,NA,NA,NA,NA,NA,Y,1,1,0,2,A,-,10,21950,A,N,G,B,B,A,H,-,C,D,0,Y,NA,NA,NA,Y,NA,A,01,0,0,0,1,0,0,0,0,0,-,-,NA,NA,LOS ANGELES,SANTA MONICA,-118.47474007,34.00578011
7200077,2017,2017-05-11,1942,2017-03-17,2115,42161,0721,5,5,7,1942,0,0,0,G,0,20T59,DOHENY DR,ALDEN DR,12,S,N,A,-,N,NA,NA,NA,NA,NA,NA,NA,NA,NA,N,1,1,0,3,A,-,10,21950,A,F,G,B,B,A,H,-,C,D,0,Y,NA,NA,NA,Y,NA,-,99,0,0,0,1,0,0,0,0,0,-,-,NA,NA,LOS ANGELES,LOS ANGELES,-118.38972,34.0753
7200079,2017,2019-04-08,1900,2017-03-18,2355,550495,1012,6,5,3,1995,0,0,0,NA,0,101,RT 1,BUSCH DR,96,N,N,A,-,Y,LA,7,1,-,-,55.091,I,5,N,Y,1,1,0,2,A,-,11,21955,NA,N,G,B,D,A,H,-,D,A,0,Y,NA,NA,NA,Y,Y,N,60,0,0,0,1,0,0,0,0,0,-,-,34.01013,-118.49098,LOS ANGELES,MALIBU,-118.819129,34.01660823
7200080,2017,2019-04-08,1942,2017-03-18,1830,40762,1863,6,5,7,1942,0,0,0,R,0,12T73,TOWNE AV,116TH ST,0,NA,Y,A,-,N,NA,NA,NA,NA,NA,NA,NA,NA,NA,Y,1,1,1,2,A,-,01,23152,A,F,D,C,A,A,H,-,A,A,0,NA,NA,NA,NA,Y,Y,A,07,0,1,0,0,0,0,0,0,0,-,-,NA,NA,LOS ANGELES,LOS ANGELES,-118.26646001,33.92916001
7200081,2017,2019-04-08,1942,2017-03-24,1429,34959,2014,5,5,7,1942,0,0,0,NA,0,20TL58,NORMANDIE AV,2ND ST,330,S,N,A,-,N,NA,NA,NA,NA,NA,NA,NA,NA,NA,Y,1,1,0,2,A,-,09,21801,A,N,E,I,A,A,H,-,A,D,0,NA,NA,Y,Y,Y,NA,F,26,0,0,0,0,0,0,0,1,0,-,-,NA,NA,LOS ANGELES,LOS ANGELES,-118.30036665,34.07027496
7200084,2017,2017-05-11,1942,2017-03-30,1510,36755,1504,4,5,7,1942,0,0,0,O,0,16TL28,SATICOY ST,RADFORD AV,114,W,N,A,-,N,NA,NA,NA,NA,NA,NA,NA,NA,NA,Y,1,1,0,2,A,-,03,22350,NA,N,C,E,A,A,H,-,A,D,0,NA,NA,Y,NA,Y,NA,C,02,0,0,0,0,0,0,0,1,0,-,-,NA,NA,LOS ANGELES,LOS ANGELES,-118.39252635,34.20848
7200087,2017,2019-04-08,1942,2017-03-31,1218,39010,0119,5,5,7,1942,0,0,0,A,0,24TL26,CESAR E CHAVEZ,VIGNES,339,W,N,A,-,N,NA,NA,NA,NA,NA,NA,NA,NA,NA,Y,1,1,0,5,A,-,11,21954,A,N,G,B,D,A,H,-,A,A,0,Y,NA,NA,NA,Y,NA,N,60,0,0,0,1,0,0,0,0,0,-,-,NA,NA,LOS ANGELES,LOS ANGELES,-118.23288417,34.05689727
7200090,2017,2019-04-08,1942,2017-04-02,1400,35945,0824,7,5,7,1942,0,0,0,H,0,6T2,SUNSET BL,CHAUTAUQUA BL,0,NA,Y,A,-,N,NA,NA,NA,NA,NA,NA,NA,NA,NA,Y,1,1,3,5,A,-,09,21801,A,N,B,C,A,A,H,-,A,A,0,NA,NA,Y,NA,Y,NA,A,01,0,1,2,0,0,0,0,1,3,-,-,NA,NA,LOS ANGELES,LOS ANGELES,-118.51820004,34.04137008
7200093,2017,2017-05-12,1942,2017-03-27,2320,40415,1245,1,5,7,1942,0,0,0,L,0,3T5W3,FLORENCE AV,VERMONT AV,0,NA,Y,A,-,N,NA,NA,NA,NA,NA,NA,NA,NA,NA,Y,1,1,0,2,A,-,11,21954,A,N,G,B,E,A,H,-,C,D,0,Y,NA,NA,NA,Y,NA,N,60,0,0,0,1,0,0,0,0,0,-,-,NA,NA,LOS ANGELES,LOS ANGELES,-118.29174013,33.97463007
7200098,2017,2017-05-12,1942,2017-04-10,2200,42146,1441,1,5,7,1942,0,0,0,N,0,7T23,WASHINGTON BL,OCEAN AV,0,NA,Y,A,-,N,NA,NA,NA,NA,NA,NA,NA,NA,NA,Y,1,1,4,3,A,-,01,23152,A,N,D,C,A,A,H,-,C,A,0,NA,NA,NA,NA,Y,Y,A,01,1,3,0,0,0,0,0,0,0,-,-,NA,NA,LOS ANGELES,LOS ANGELES,-118.46107006,33.98259005
7200099,2017,2017-05-18,1941,2017-04-12,0751,10920,NA,3,5,7,1941,0,0,0,NA,0,NA,LAKEWOOD BL,CONANT ST,1171,S,N,A,-,N,NA,NA,NA,NA,NA,NA,NA,NA,NA,Y,1,1,0,3,A,-,03,22350,NA,N,C,C,A,A,H,-,A,D,0,NA,NA,Y,Y,Y,NA,C,NA,0,0,0,0,0,0,0,1,0,-,-,NA,NA,LOS ANGELES,LONG BEACH,-118.14121163,33.82214985
7200100,2017,2017-06-13,1942,2017-04-12,0001,27792,1503,3,5,7,1942,0,0,0,O,0,10T35W,VANOWEN ST,VANTAGE AV,0,NA,Y,A,-,N,NA,NA,NA,NA,NA,NA,NA,NA,NA,Y,1,1,1,5,A,-,01,23152,F,N,D,C,A,A,H,-,C,A,0,NA,NA,NA,NA,Y,NA,A,01,0,0,1,0,0,0,0,0,0,-,-,NA,NA,LOS ANGELES,LOS ANGELES,-118.3976301,34.19394002
7200120,2017,2018-04-18,1975,2017-01-18,1955,338,NA,3,5,6,1975,0,0,0,NA,0,006,LA PUENTE RD,SENTOUS ST,0,W,N,B,-,N,NA,NA,NA,NA,NA,NA,NA,NA,NA,Y,1,1,0,2,A,-,11,21950,B,N,G,B,B,A,H,-,E,A,0,Y,NA,NA,NA,Y,NA,N,60,0,0,0,1,0,0,0,0,0,-,-,NA,NA,LOS ANGELES,WEST COVINA,-117.88011005,34.01145004
7200121,2017,2019-04-08,1924,2017-01-23,2117,112602,21,1,5,5,1924,0,0,0,NA,0,8T2,CRENSHAW BL,MARINE AV,36,W,N,A,-,N,NA,NA,NA,NA,NA,NA,NA,NA,NA,Y,1,1,0,3,A,-,08,22107,NA,N,A,C,A,A,H,-,C,D,0,NA,NA,NA,NA,Y,Y,A,01,0,0,0,0,0,0,0,0,0,-,-,33.89466,-118.32652,LOS ANGELES,GARDENA,-118.32654,33.89466
7200131,2017,2017-06-06,1975,2017-03-07,0635,377,NA,2,5,6,1975,0,0,0,NA,0,001,BADILLO ST,LARK ELLEN AV,0,NA,Y,A,-,N,NA,NA,NA,NA,NA,NA,NA,NA,NA,Y,1,1,1,3,A,-,12,21453,A,N,D,C,A,A,H,-,A,A,0,NA,NA,NA,NA,Y,NA,-,NA,0,0,1,0,0,0,0,0,0,-,-,34.08646,-117.91662,LOS ANGELES,WEST COVINA,-117.9166001,34.08652008
7200136,2017,2017-06-06,1953,2017-04-06,2342,5607,1953,4,5,6,1953,0,0,0,NA,0,003,COLORADO BL,MICHIGAN AV,75,E,N,A,-,N,NA,NA,NA,NA,NA,NA,NA,NA,NA,Y,1,1,2,1,A,-,01,23153,A,N,E,I,A,A,H,-,C,A,0,NA,NA,NA,NA,Y,Y,-,NA,1,1,0,0,0,0,0,0,0,-,-,NA,NA,LOS ANGELES,PASADENA,-118.12576265,34.14596
7200141,2017,2017-06-20,1925,2017-04-15,2010,24967,199,6,5,6,1925,0,0,0,NA,0,001,SONORA AV,FLOWER ST,0,NA,Y,A,-,N,NA,NA,NA,NA,NA,NA,NA,NA,NA,N,1,1,1,2,A,-,12,21453,A,N,D,C,A,A,H,-,C,A,0,NA,NA,Y,NA,Y,Y,C,02,0,1,0,0,0,0,0,1,0,-,-,NA,NA,LOS ANGELES,GLENDALE,-118.29147001,34.16296003
7200142,2017,2019-04-08,1941,2017-04-19,0055,10914,NA,3,5,7,1941,0,0,0,NA,0,NA,GERALD DESMOND BR,LONG BEACH CITY POLE# YF1011,383,W,N,B,-,N,NA,NA,NA,NA,NA,NA,NA,NA,NA,Y,1,1,0,1,A,-,03,22350,NA,N,A,I,A,A,H,-,C,D,0,NA,NA,Y,NA,Y,Y,C,NA,0,0,0,0,0,0,0,1,0,-,-,NA,NA,LOS ANGELES,LONG BEACH,NA,NA
7200145,2017,2017-06-20,1942,2017-04-26,0555,30452,1015,3,5,7,1942,0,0,0,J,0,9T53,SATICOY ST,HESPERIA AV,90,E,N,A,-,N,NA,NA,NA,NA,NA,NA,NA,NA,NA,Y,1,1,0,2,A,-,11,21954,A,N,G,B,D,A,H,-,B,D,0,Y,NA,NA,NA,Y,NA,N,60,0,0,0,1,0,0,0,0,0,-,-,NA,NA,LOS ANGELES,LOS ANGELES,-118.52597284,34.20839
7200150,2017,2019-04-08,1900,2017-05-01,0138,461784,2910,1,5,4,1974,0,0,0,NA,0,292T1,AMAR RD,AMBER VALLEY DR,403,E,N,A,-,N,NA,NA,NA,NA,NA,NA,NA,NA,NA,Y,1,1,0,1,A,-,03,22350,A,N,E,I,A,A,H,-,C,D,0,NA,NA,NA,NA,Y,Y,A,01,0,0,0,0,0,0,0,0,0,-,-,NA,NA,LOS ANGELES,WALNUT,-117.88826782,34.03082989
7200181,2017,2017-06-21,1900,2017-03-03,1400,533011,0251,5,5,4,1945,0,0,0,NA,0,28T,59TH PL,HELIOTROPE AV,0,NA,Y,A,-,N,NA,NA,NA,NA,NA,NA,NA,NA,NA,Y,1,1,5,10,A,-,01,23152,A,F,G,C,E,A,H,-,A,A,0,Y,NA,NA,NA,Y,Y,A,01,0,2,3,1,1,0,0,0,0,-,-,NA,NA,LOS ANGELES,MAYWOOD,-118.17913012,33.98554012
7200182,2017,2017-06-14,1969,2017-03-09,1452,10195,TRAFF,4,5,5,1969,0,0,0,NA,0,005,IMPERIAL HWY,GARFIELD PL,441,W,N,A,-,N,NA,NA,NA,NA,NA,NA,NA,NA,NA,Y,1,1,0,1,A,-,03,22350,NA,N,E,I,A,A,H,-,A,D,0,NA,NA,NA,NA,Y,NA,M,96,0,0,0,0,0,0,0,0,0,-,-,NA,NA,LOS ANGELES,SOUTH GATE,-118.1713108,33.9301615
7200183,2017,2019-04-08,1900,2017-03-24,0200,499039,1517,5,5,5,1954,0,0,0,NA,0,151T3,ROSEMEAD BL,REX RD,889,S,N,A,-,N,NA,NA,NA,NA,NA,NA,NA,NA,NA,N,1,1,0,2,A,-,01,23153,A,F,G,G,A,A,H,-,C,D,0,NA,Y,NA,NA,Y,Y,A,01,0,0,0,0,0,1,0,0,0,-,-,NA,NA,LOS ANGELES,PICO RIVERA,-118.10289818,33.975282730000004
7200187,2017,2019-04-08,1942,2017-04-12,2130,40971,1273,3,5,7,1942,0,0,0,L,0,12T41,89TH ST,HOBART BL,2,W,N,A,-,N,NA,NA,NA,NA,NA,NA,NA,NA,NA,N,1,1,0,2,A,-,10,21950,A,F,G,B,B,A,H,-,C,A,0,Y,NA,NA,NA,Y,Y,-,99,0,0,0,1,0,0,0,0,0,-,-,NA,NA,LOS ANGELES,LOS ANGELES,-118.30792658,33.95631013
7200190,2017,2019-04-08,1900,2017-04-24,2207,407852,1365,1,5,5,1952,0,0,0,NA,0,132T1,ROSECRANS AV,GARFIELD AV,14,E,N,A,-,N,NA,NA,NA,NA,NA,NA,NA,NA,NA,Y,1,1,0,2,A,-,12,21453,A,N,D,C,A,A,H,-,C,A,0,NA,NA,Y,NA,Y,Y,C,02,0,0,0,0,0,0,0,1,0,-,-,NA,NA,LOS ANGELES,PARAMOUNT,-118.16882396,33.90372
7200192,2017,2019-04-08,1942,2017-04-28,2325,40237,1245,5,5,7,1942,0,0,0,L,0,5T21,NORMANDIE AV,67TH ST,64,S,N,A,G,N,NA,NA,NA,NA,NA,NA,NA,NA,NA,N,1,1,0,2,A,-,11,21954,A,F,G,B,D,A,H,-,C,A,0,Y,NA,NA,NA,Y,Y,N,60,0,0,0,1,0,0,0,0,0,-,-,NA,NA,LOS ANGELES,LOS ANGELES,-118.30027753,33.97833449
7200193,2017,2019-04-08,1942,2017-04-30,0000,41198,0911,7,5,7,1942,0,0,0,I,0,9T53,SEPULVEDA BL,VANOWEN ST,38,N,N,A,-,N,NA,NA,NA,NA,NA,NA,NA,NA,NA,Y,1,1,0,3,A,-,11,21456,B,F,G,B,D,A,H,-,C,A,0,Y,NA,NA,NA,Y,NA,N,60,0,0,0,1,0,0,0,0,0,-,-,NA,NA,LOS ANGELES,LOS ANGELES,-118.46618145,34.19402423
7200194,2017,2017-06-14,1942,2017-05-03,0535,39096,0963,3,5,7,1942,0,0,0,I,0,10TL35,KESTER AV,MAGNOLIA BL,0,NA,Y,A,-,N,NA,NA,NA,NA,NA,NA,NA,NA,NA,N,1,1,0,2,A,-,10,21950,A,N,G,B,B,A,H,-,C,A,0,Y,NA,NA,NA,Y,NA,A,07,0,0,0,1,0,0,0,0,0,-,-,NA,NA,LOS ANGELES,LOS ANGELES,-118.45741006,34.16485011
7200195,2017,2019-04-08,1941,2017-05-14,2023,10933,NA,7,5,7,1941,0,0,0,NA,0,NA,STUDEBAKER RD,LYONES DR,694,S,N,A,-,N,NA,NA,NA,NA,NA,NA,NA,NA,NA,Y,1,1,0,1,A,-,03,22350,A,N,B,I,A,A,A,-,D,D,0,NA,NA,Y,NA,Y,Y,C,NA,0,0,0,0,0,0,0,1,0,-,-,NA,NA,LOS ANGELES,LONG BEACH,-118.10353707,33.76512891
7200196,2017,2019-04-08,1942,2017-05-15,1505,41924,0392,1,5,7,1942,0,0,0,C,0,3T57,CRENSHAW BL,BRYNHURST AV,74,N,N,A,-,N,NA,NA,NA,NA,NA,NA,NA,NA,NA,N,1,1,0,2,A,-,08,22107,NA,N,D,G,A,A,D,-,A,A,0,NA,Y,NA,NA,Y,NA,L,04,0,0,0,0,0,1,0,0,0,-,-,NA,NA,LOS ANGELES,LOS ANGELES,-118.33092379,34.00235216
7200197,2017,2019-04-08,1942,2017-05-16,0210,40383,2147,2,5,7,1942,0,0,0,NA,0,10T37,SHERMAN WY,VARIEL AV,256,E,N,A,-,N,NA,NA,NA,NA,NA,NA,NA,NA,NA,Y,1,1,0,1,A,-,03,22350,NA,N,E,I,A,A,H,-,C,D,0,NA,NA,NA,NA,Y,Y,A,01,0,0,0,0,0,0,0,0,0,-,-,NA,NA,LOS ANGELES,LOS ANGELES,-118.59196478,34.20098
7200198,2017,2019-04-08,1942,2017-05-17,2210,27792,1039,3,5,7,1942,0,0,0,J,0,10T35W,VANOWEN ST,ODESSA AV,0,NA,N,A,-,N,NA,NA,NA,NA,NA,NA,NA,NA,NA,N,1,1,0,2,A,-,10,21950,A,N,G,B,B,A,H,-,E,A,0,Y,NA,NA,NA,Y,NA,A,01,0,0,0,1,0,0,0,0,0,-,-,NA,NA,LOS ANGELES,LOS ANGELES,-118.49024009,34.19392009
7200199,2017,2017-06-14,1900,2017-05-18,2200,602401,1192,4,5,6,1992,0,0,0,NA,0,112T2,AVENUE L,32ND ST WEST,234,W,N,A,-,N,NA,NA,NA,NA,NA,NA,NA,NA,NA,Y,1,1,1,2,A,-,01,23153,B,N,G,B,E,A,H,-,C,D,0,Y,NA,NA,NA,Y,Y,A,01,1,0,0,1,0,0,0,0,0,-,-,NA,NA,LOS ANGELES,LANCASTER,-118.18867654,34.66024
7200202,2017,2017-06-14,1942,2017-05-24,0045,40248,2157,3,5,7,1942,0,0,0,NA,0,10T35W,WINNETKA AV,GILMORE ST,63,S,N,A,-,N,NA,NA,NA,NA,NA,NA,NA,NA,NA,Y,1,1,1,3,A,-,03,22350,NA,F,B,G,A,A,H,-,C,D,0,NA,Y,NA,NA,Y,NA,D,22,0,1,0,0,0,1,1,0,0,-,-,NA,NA,LOS ANGELES,LOS ANGELES,-118.57096,34.18955718
7200204,2017,2019-04-08,1900,2017-06-04,0030,602401,1137,7,5,6,1992,0,0,0,NA,0,112T2,AVENUE J,CHALLENGER WY,0,NA,Y,A,-,N,NA,NA,NA,NA,NA,NA,NA,NA,NA,Y,1,1,0,2,A,-,03,22350,NA,N,C,C,A,A,H,-,C,A,0,NA,NA,Y,NA,Y,Y,C,02,0,0,0,0,0,0,0,1,0,-,-,NA,NA,LOS ANGELES,LANCASTER,-118.11266,34.68948
7200205,2017,2017-06-14,1942,2017-04-28,1050,35291,0195,5,5,7,1942,0,0,0,A,0,24T21,LOS ANGELES ST,17TH ST,42,S,N,A,-,N,NA,NA,NA,NA,NA,NA,NA,NA,NA,Y,4,0,1,2,C,-,18,NA,NA,N,C,C,A,A,H,-,A,D,0,NA,NA,NA,NA,Y,NA,-,-,0,0,1,0,0,0,0,0,0,-,-,NA,NA,LOS ANGELES,LOS ANGELES,-118.262187,34.032208
7200219,2017,2019-04-08,1900,2017-04-09,2145,543272,2820,7,5,5,1915,0,0,0,NA,0,281T1,ALAMEDA ST,CARLIN AV,297,N,N,A,-,N,NA,NA,NA,NA,NA,NA,NA,NA,NA,Y,1,1,0,1,C,-,18,NA,NA,N,E,J,A,A,C,-,C,D,0,NA,NA,Y,NA,Y,Y,-,-,0,0,0,0,0,0,0,1,0,-,-,NA,NA,LOS ANGELES,COMPTON,-118.2228964,33.91523652
7200220,2017,2019-04-08,1955,2017-04-12,1947,40437,97,3,5,6,1955,0,0,0,NA,0,004,MISSION BL,RESERVOIR ST,1122,E,N,A,-,N,NA,NA,NA,NA,NA,NA,NA,NA,NA,N,1,1,0,2,A,-,11,21955,NA,N,G,B,D,A,H,-,C,D,0,Y,NA,NA,NA,Y,Y,N,60,0,0,0,1,0,0,0,0,0,-,-,NA,NA,LOS ANGELES,POMONA,-117.7289166,34.05562492
7200221,2017,2019-04-08,1942,2017-04-21,1900,38273,1641,5,5,7,1942,0,0,0,P,0,17T13,VAN NUYS BL,HADDON AV,7,E,N,A,-,N,NA,NA,NA,NA,NA,NA,NA,NA,NA,Y,1,1,0,2,A,-,12,21453,A,F,D,G,A,A,H,-,A,A,0,NA,Y,NA,NA,Y,Y,L,04,0,0,0,0,0,1,0,0,0,-,-,NA,NA,LOS ANGELES,LOS ANGELES,-118.42882269,34.26120273
7200223,2017,2019-04-08,1900,2017-05-05,2040,523421,0648,5,5,6,1985,0,0,0,NA,0,61T1,COPPER HILL DR,MCBEAN PKWY,215,W,N,A,-,N,NA,NA,NA,NA,NA,NA,NA,NA,NA,Y,1,1,2,2,A,-,01,23153,A,N,A,C,A,A,H,-,C,D,0,NA,NA,NA,NA,Y,Y,D,22,0,2,0,0,0,0,0,0,0,-,-,NA,NA,LOS ANGELES,SANTA CLARITA,-118.55063038,34.46224623
7200225,2017,2017-07-07,1942,2017-05-23,1350,35481,1728,2,5,7,1942,0,0,0,Q,0,21TL62,RESEDA BL,SAN FERNANDO MISSION BL,0,NA,Y,A,-,N,NA,NA,NA,NA,NA,NA,NA,NA,NA,Y,1,1,1,2,A,-,09,21801,A,N,D,C,A,A,H,-,A,A,0,NA,NA,Y,NA,Y,NA,A,08,1,0,0,0,0,0,0,1,0,-,-,NA,NA,LOS ANGELES,LOS ANGELES,-118.53610012,34.27175002
7200226,2017,2019-04-08,1900,2017-05-26,1700,273453,0641,5,5,6,1985,0,0,0,NA,0,62T1P,HASKELL CANYON RD,BOBWHITE CIR,0,NA,Y,A,-,N,NA,NA,NA,NA,NA,NA,NA,NA,NA,Y,1,1,3,2,A,-,05,21650,NA,N,A,C,A,A,H,-,A,D,0,NA,NA,NA,NA,Y,Y,A,01,0,3,0,0,0,0,0,0,0,-,-,NA,NA,LOS ANGELES,SANTA CLARITA,-118.51305007,34.45287005
7200227,2017,2017-07-10,1942,2017-05-26,2305,36336,0948,5,5,7,1942,0,0,0,I,0,15T45,FULTON AV,HATTERAS ST,368,S,N,A,-,N,NA,NA,NA,NA,NA,NA,NA,NA,NA,Y,1,1,2,2,A,-,01,23152,A,N,A,C,A,A,H,-,C,D,0,NA,NA,NA,NA,Y,Y,A,01,1,1,0,0,0,0,0,0,0,-,-,NA,NA,LOS ANGELES,LOS ANGELES,-118.42249388,34.17475064
7200228,2017,2019-04-08,1955,2017-05-26,0332,30381,94,5,5,6,1955,0,0,0,NA,0,004,TOWNE AV,9TH ST,111,S,N,B,-,N,NA,NA,NA,NA,NA,NA,NA,NA,NA,Y,1,1,0,3,A,-,08,22107,NA,N,B,E,A,A,H,-,C,D,0,NA,NA,NA,NA,Y,Y,A,07,0,0,0,0,0,0,0,0,0,-,-,NA,NA,LOS ANGELES,POMONA,-117.74117808,34.05136591