CASE_ID,ACCIDENT_YEAR,PROC_DATE,JURIS,COLLISION_DATE,COLLISION_TIME,OFFICER_ID,REPORTING_DISTRICT,DAY_OF_WEEK,CHP_SHIFT,POPULATION,CNTY_CITY_LOC,SPECIAL_COND,BEAT_TYPE,CHP_BEAT_TYPE,CITY_DIVISION_LAPD,CHP_BEAT_CLASS,BEAT_NUMBER,PRIMARY_RD,SECONDARY_RD,DISTANCE,DIRECTION,INTERSECTION,WEATHER_1,WEATHER_2,STATE_HWY_IND,CALTRANS_COUNTY,CALTRANS_DISTRICT,STATE_ROUTE,ROUTE_SUFFIX,POSTMILE_PREFIX,POSTMILE,LOCATION_TYPE,RAMP_INTERSECTION,SIDE_OF_HWY,TOW_AWAY,COLLISION_SEVERITY,NUMBER_KILLED,NUMBER_INJURED,PARTY_COUNT,PRIMARY_COLL_FACTOR,PCF_CODE_OF_VIOL,PCF_VIOL_CATEGORY,PCF_VIOLATION,PCF_VIOL_SUBSECTION,HIT_AND_RUN,TYPE_OF_COLLISION,MVIW,PED_ACTION,ROAD_SURFACE,ROAD_COND_1,ROAD_COND_2,LIGHTING,CONTROL_DEVICE,CHP_ROAD_TYPE,PEDESTRIAN_ACCIDENT,BICYCLE_ACCIDENT,MOTORCYCLE_ACCIDENT,TRUCK_ACCIDENT,NOT_PRIVATE_PROPERTY,ALCOHOL_INVOLVED,STWD_VEHTYPE_AT_FAULT,CHP_VEHTYPE_AT_FAULT,COUNT_SEVERE_INJ,COUNT_VISIBLE_INJ,COUNT_COMPLAINT_PAIN,COUNT_PED_KILLED,COUNT_PED_INJURED,COUNT_BICYCLIST_KILLED,COUNT_BICYCLIST_INJURED,COUNT_MC_KILLED,COUNT_MC_INJURED,PRIMARY_RAMP,SECONDARY_RAMP,LATITUDE,LONGITUDE,COUNTY,CITY,POINT_X,POINT_Y
7200230,2017,2019-04-08,1900,2017-05-31,2014,602458,1121,3,5,6,1992,0,0,0,NA,0,111T1,AVENUE H,15TH ST WEST,0,NA,Y,A,-,N,NA,NA,NA,NA,NA,NA,NA,NA,NA,Y,1,1,1,2,A,-,09,21801,A,N,D,C,A,A,H,-,C,D,0,NA,NA,NA,NA,Y,Y,A,08,0,0,1,0,0,0,0,0,0,-,-,NA,NA,LOS ANGELES,LANCASTER,-118.15733003,34.71860007
7200231,2017,2019-04-08,1942,2017-06-02,1140,35291,0231,5,5,7,1942,0,0,0,B,0,24TL22,3RD ST,HOOVER ST,0,NA,Y,A,-,N,NA,NA,NA,NA,NA,NA,NA,NA,NA,Y,1,1,0,2,A,-,09,21801,A,N,D,C,A,A,H,-,A,D,0,NA,NA,Y,NA,Y,NA,A,01,0,0,0,0,0,0,0,1,0,-,-,NA,NA,LOS ANGELES,LOS ANGELES,-118.28434003,34.06854003
7200233,2017,2017-07-10,1942,2017-06-09,0200,30830,1964,5,5,7,1942,0,0,0,NA,0,16T23,PLUMMER ST,CEDROS AV,169,W,N,A,-,N,NA,NA,NA,NA,NA,NA,NA,NA,NA,Y,2,0,2,6,C,-,18,NA,NA,N,B,E,A,A,H,-,C,D,0,NA,NA,NA,NA,Y,NA,-,-,1,0,1,0,0,0,0,0,0,-,-,NA,NA,LOS ANGELES,LOS ANGELES,-118.45408816,34.24268435
7200269,2016,2016-03-09,1942,2016-02-12,1800,42072,1823,5,5,7,1942,0,0,0,R,0,18A34,99TH ST,SAN PEDRO,24,E,N,A,-,N,NA,NA,NA,NA,NA,NA,NA,NA,NA,N,3,0,1,3,A,-,03,22350,NA,F,B,E,A,A,H,-,C,A,0,NA,NA,NA,NA,Y,NA,-,99,0,1,0,0,0,0,0,0,0,-,-,NA,NA,LOS ANGELES,LOS ANGELES,-118.26944105,33.94649161
7200315,2016,2016-03-08,1900,2016-02-02,1230,531094,0976,2,5,4,1979,0,0,0,NA,0,92T1,SANTA MONICA BL,LA CIENEGA BL,100,E,N,B,-,N,NA,NA,NA,NA,NA,NA,NA,NA,NA,N,3,0,1,2,A,-,07,21658,A,F,B,C,A,A,H,-,A,D,0,NA,NA,Y,NA,Y,NA,A,01,0,1,0,0,0,0,0,0,1,-,-,NA,NA,LOS ANGELES,WEST HOLLYWOOD,-118.37604417,34.08954021
7200566,2016,2016-08-16,1942,2016-02-21,0320,41140,1829,7,5,7,1942,0,0,0,R,0,18A3,ALAMEDA ST,TWEEDY BL,0,NA,Y,A,-,N,NA,NA,NA,NA,NA,NA,NA,NA,NA,Y,4,0,1,2,A,-,12,21453,A,N,D,C,A,A,H,-,C,A,0,NA,NA,NA,NA,Y,NA,-,-,0,0,1,0,0,0,0,0,0,-,-,NA,NA,LOS ANGELES,LOS ANGELES,-118.22816001,33.94660007
7200591,2016,2017-02-11,1941,2016-02-19,1415,10782,NA,5,5,7,1941,0,0,0,NA,0,NA,PACIFIC COAST HWY,PACIFIC COAST HWY 4401,0,NA,Y,A,-,Y,LA,7,1,-,-,3.5,I,5,S,Y,4,0,1,1,-,-,-,NA,NA,N,E,I,A,A,H,-,A,D,0,NA,NA,NA,NA,Y,NA,-,-,0,0,1,0,0,0,0,0,0,-,-,NA,NA,LOS ANGELES,LONG BEACH,-118.14265107,33.78936835
7200721,2016,2016-03-11,1931,2016-02-29,0423,5276,1931,1,5,5,1931,0,0,0,NA,0,003,PACIFIC BL,SATURN,310,N,N,A,-,N,NA,NA,NA,NA,NA,NA,NA,NA,NA,N,4,0,1,1,A,-,08,22107,NA,N,E,I,A,A,H,-,C,A,0,NA,NA,NA,Y,Y,NA,F,24,0,0,1,0,0,0,0,0,0,-,-,NA,NA,LOS ANGELES,HUNTINGTON PARK,-118.22519318,33.97776013
7200733,2016,2016-03-11,1942,2016-02-23,1300,38557,555,2,5,7,1942,0,0,0,NA,0,5A59,PACIFIC AV,UPLAND AV,95,N,N,A,-,N,NA,NA,NA,NA,NA,NA,NA,NA,NA,N,4,0,1,2,A,-,09,21801,A,N,D,C,A,A,H,-,A,D,0,NA,NA,NA,NA,Y,NA,-,NA,0,0,1,0,0,0,0,0,0,-,-,NA,NA,LOS ANGELES,LOS ANGELES,-118.28748256,33.74955492
7200750,2016,2016-03-11,1942,2016-02-17,1820,36754,0551,3,5,7,1942,0,0,0,E,0,3T57,1ST ST,WALKER AV,277,S,N,C,-,N,NA,NA,NA,NA,NA,NA,NA,NA,NA,N,2,0,2,3,A,-,11,21955,NA,N,G,B,D,B,H,-,C,D,0,Y,NA,NA,NA,Y,NA,N,60,1,1,0,0,2,0,0,0,0,-,-,NA,NA,LOS ANGELES,LOS ANGELES,-118.30429,33.74334
7200758,2016,2016-03-11,1942,2016-02-18,2230,41169,0396,4,5,7,1942,0,0,0,C,0,12X55W,VERMONT AV,VERNON AV,0,NA,Y,A,-,N,NA,NA,NA,NA,NA,NA,NA,NA,NA,Y,4,0,1,2,A,-,12,21453,A,F,B,C,A,A,H,-,C,A,0,NA,NA,NA,NA,Y,NA,D,22,0,0,1,0,0,0,0,0,0,-,-,NA,NA,LOS ANGELES,LOS ANGELES,-118.29157008,34.00368009
7200762,2016,2016-03-11,1942,2016-02-24,1915,41729,1891,3,5,7,1942,0,0,0,R,0,12T41,VERMONT AV,168TH ST,0,NA,Y,A,-,N,NA,NA,NA,NA,NA,NA,NA,NA,NA,Y,4,0,2,2,A,-,09,21801,A,N,D,C,A,A,H,-,C,A,0,NA,NA,NA,NA,Y,NA,D,22,0,0,2,0,0,0,0,0,0,-,-,NA,NA,LOS ANGELES,LOS ANGELES,-118.2912,33.87914
7200765,2016,2016-03-11,1942,2016-02-11,1500,31288,0514,4,5,7,1942,0,0,0,E,0,12T73,WILMINGTON AV,MAURETANIA,24,N,N,A,-,N,NA,NA,NA,NA,NA,NA,NA,NA,NA,Y,4,0,1,4,A,-,06,21750,NA,F,B,C,A,A,H,-,A,D,0,NA,NA,NA,NA,Y,NA,D,22,0,0,1,0,0,0,0,0,0,-,-,NA,NA,LOS ANGELES,LOS ANGELES,-118.27500306,33.78964577
7200770,2016,2016-08-12,1942,2016-02-24,2355,40971,1863,3,5,7,1942,0,0,0,R,0,3TL5,IMPERIAL HWY,AVALON BL,0,NA,Y,A,-,N,NA,NA,NA,NA,NA,NA,NA,NA,NA,Y,2,0,2,2,A,-,01,23152,A,N,A,C,A,A,H,-,C,A,0,NA,NA,NA,NA,Y,Y,D,22,2,0,0,0,0,0,0,0,0,-,-,NA,NA,LOS ANGELES,LOS ANGELES,-118.26518013,33.93104008
7200774,2016,2016-03-11,1942,2016-02-28,1618,39762,1801,7,5,7,1942,0,0,0,R,0,12TL73,HOOVER ST,92ND ST,0,NA,Y,A,-,N,NA,NA,NA,NA,NA,NA,NA,NA,NA,Y,4,0,2,3,A,-,01,23152,A,N,D,C,A,A,H,-,A,A,0,NA,NA,NA,NA,Y,Y,D,22,0,0,2,0,0,0,0,0,0,-,-,NA,NA,LOS ANGELES,LOS ANGELES,-118.28698005,33.95281006
7200777,2016,2016-03-11,1942,2016-02-10,0750,31814,0563,3,5,7,1942,0,0,0,E,0,12TL41,ALMA ST,9TH ST,5,S,N,A,-,N,NA,NA,NA,NA,NA,NA,NA,NA,NA,Y,4,0,1,2,A,-,12,21453,A,N,D,C,A,A,H,-,A,A,0,NA,NA,NA,NA,Y,NA,D,22,0,0,1,0,0,0,0,0,0,-,-,NA,NA,LOS ANGELES,LOS ANGELES,-118.29899,33.73606629
7200778,2016,2016-03-11,1942,2016-02-23,0750,33599,1256,2,5,7,1942,0,0,0,L,0,3TL5,FIGUEROA ST,75TH ST,0,NA,Y,A,-,N,NA,NA,NA,NA,NA,NA,NA,NA,NA,Y,3,0,3,2,A,-,09,21801,A,N,A,C,A,A,H,-,A,D,0,NA,NA,NA,NA,Y,NA,D,22,0,1,2,0,0,0,0,0,0,-,-,NA,NA,LOS ANGELES,LOS ANGELES,-118.28271005,33.9717201
7200782,2016,2016-03-11,1942,2016-02-15,0900,42148,1249,1,5,7,1942,0,0,0,L,0,12A51,HOOVER ST,71ST ST,16,S,N,A,-,N,NA,NA,NA,NA,NA,NA,NA,NA,NA,N,4,0,1,2,A,-,21,22106,NA,N,D,C,A,A,H,-,A,D,0,NA,NA,NA,NA,Y,NA,A,01,0,0,1,0,0,0,0,0,0,-,-,NA,NA,LOS ANGELES,LOS ANGELES,-118.28711,33.97547612
7200786,2016,2016-03-14,1900,2016-02-14,1810,526695,2112,7,5,5,1943,0,0,0,NA,0,212T3,MARTIN LUTHER KING BL,CALIFORNIA AV,0,NA,Y,A,-,N,NA,NA,NA,NA,NA,NA,NA,NA,NA,N,4,0,1,2,A,-,12,22450,NA,M,C,C,A,A,H,-,C,A,0,NA,NA,NA,NA,Y,NA,D,22,0,0,1,0,0,0,0,0,0,-,-,NA,NA,LOS ANGELES,LYNWOOD,-118.20843011,33.93632003
7200789,2016,2016-04-11,1942,2016-02-28,1245,40452,2088,7,5,7,1942,0,0,0,NA,0,6TL2,WASHINGTON BL,VERMONT AV,18,E,N,A,-,N,NA,NA,NA,NA,NA,NA,NA,NA,NA,Y,2,0,7,2,A,-,08,22107,NA,F,D,C,A,A,H,-,A,A,0,NA,NA,NA,NA,Y,NA,A,01,1,0,6,0,0,0,0,0,0,-,-,NA,NA,LOS ANGELES,LOS ANGELES,-118.2915107,34.04001
7200794,2016,2016-03-09,1900,2016-02-25,1505,530672,2114,4,5,5,1943,0,0,0,NA,0,212T3,MARTIN LUTHER KING JR BL,MURIEL DR,10,E,N,A,-,N,NA,NA,NA,NA,NA,NA,NA,NA,NA,Y,4,0,2,4,A,-,08,22107,NA,N,A,C,A,A,H,-,A,D,0,NA,NA,NA,NA,Y,NA,A,01,0,0,2,0,0,0,0,0,0,-,-,NA,NA,LOS ANGELES,LYNWOOD,-118.19354582,33.9247714
7200798,2016,2016-05-10,1900,2016-03-01,1500,532569,2112,2,5,5,1943,0,0,0,NA,0,212T2,LONG BEACH BL,MAGNOLIA AV,50,S,N,A,-,N,NA,NA,NA,NA,NA,NA,NA,NA,NA,N,4,0,1,2,A,-,03,22350,NA,N,C,C,A,A,H,-,A,A,0,NA,NA,NA,NA,Y,NA,A,01,0,0,1,0,0,0,0,0,0,-,-,NA,NA,LOS ANGELES,LYNWOOD,-118.20941162,33.91675306
7200883,2016,2016-03-10,1942,2016-02-24,2155,40971,1841,3,5,7,1942,0,0,0,R,0,3TL5,HOOVER ST,106TH ST,80,S,N,A,-,N,NA,NA,NA,NA,NA,NA,NA,NA,NA,N,4,0,1,2,A,-,21,22106,NA,F,C,E,A,A,H,-,C,D,0,NA,NA,NA,NA,Y,NA,-,99,0,0,1,0,0,0,0,0,0,-,-,NA,NA,LOS ANGELES,LOS ANGELES,-118.28697739,33.93969061
7200884,2016,2016-03-10,1942,2016-02-18,1930,37618,0515,4,5,7,1942,0,0,0,E,0,12T41,WILMINGTON BL,DON ST,0,NA,N,B,-,N,NA,NA,NA,NA,NA,NA,NA,NA,NA,N,4,0,1,2,A,-,04,21703,NA,N,C,C,A,A,H,-,C,D,0,NA,NA,NA,NA,Y,NA,A,01,0,0,1,0,0,0,0,0,0,-,-,NA,NA,LOS ANGELES,LOS ANGELES,-118.27529003,33.79778005
7200887,2016,2016-03-10,1942,2016-02-27,0125,41056,1881,6,5,7,1942,0,0,0,R,0,5TL21,VERMONT AV,15TH,88,N,N,A,-,N,NA,NA,NA,NA,NA,NA,NA,NA,NA,NA,3,0,1,1,C,-,18,NA,NA,N,A,I,A,A,H,-,C,D,0,NA,NA,NA,NA,Y,NA,-,-,0,1,0,0,0,0,0,0,0,-,-,NA,NA,LOS ANGELES,LOS ANGELES,-118.2916,33.93028135
7200888,2016,2016-03-10,1942,2016-02-17,1215,40053,0521,3,5,7,1942,0,0,0,E,0,3T57,ANAHEIM ST,VERMONT AV,2640,E,N,B,-,N,NA,NA,NA,NA,NA,NA,NA,NA,NA,Y,4,0,1,1,C,-,18,NA,NA,N,E,I,A,B,-,-,A,D,0,NA,NA,NA,NA,Y,NA,-,-,0,0,1,0,0,0,0,0,0,-,-,NA,NA,LOS ANGELES,LOS ANGELES,-118.29674,33.78165
7200891,2016,2016-03-10,1942,2016-02-23,2030,40705,1273,2,5,7,1942,0,0,0,L,0,12A51,GRAMERCY PL,MANCHESTER AV,8,S,N,A,-,N,NA,NA,NA,NA,NA,NA,NA,NA,NA,N,4,0,2,2,A,-,03,22350,NA,F,C,C,A,A,H,-,C,D,0,NA,NA,NA,NA,Y,NA,-,99,0,0,2,0,0,0,0,0,0,-,-,NA,NA,LOS ANGELES,LOS ANGELES,-118.3133795,33.95993806
7200892,2016,2016-03-10,1942,2016-02-13,1420,38627,0557,6,5,7,1942,0,0,0,E,0,5A55,GAFFEY ST,3RD ST,0,NA,Y,A,-,N,NA,NA,NA,NA,NA,NA,NA,NA,NA,N,4,0,2,2,A,-,09,21801,B,N,D,C,A,A,H,-,A,D,0,NA,NA,NA,NA,Y,NA,A,07,0,0,2,0,0,0,0,0,0,-,-,NA,NA,LOS ANGELES,LOS ANGELES,-118.29233012,33.74152001
7200895,2016,2016-03-10,1942,2016-02-20,2245,41072,1207,6,5,7,1942,0,0,0,L,0,3T5,48TH ST,VERMONT AV,14,E,N,A,-,N,NA,NA,NA,NA,NA,NA,NA,NA,NA,Y,4,0,1,2,A,-,03,22350,NA,F,C,C,A,A,H,-,C,A,0,NA,NA,NA,NA,Y,NA,A,08,0,0,1,0,0,0,0,0,0,-,-,NA,NA,LOS ANGELES,LOS ANGELES,-118.2914939,33.99959032
7200896,2016,2016-03-10,1942,2016-02-16,0740,39317,0585,2,5,7,1942,0,0,0,E,0,18T23,23RD ST,GRAND,40,E,N,A,-,N,NA,NA,NA,NA,NA,NA,NA,NA,NA,N,4,0,1,2,A,-,09,21804,A,N,D,C,A,A,H,-,A,D,0,NA,NA,NA,NA,Y,NA,A,01,0,0,1,0,0,0,0,0,0,-,-,NA,NA,LOS ANGELES,LOS ANGELES,-118.29012871,33.72335
7200899,2016,2016-03-10,1942,2016-02-17,1510,38306,1265,3,5,7,1942,0,0,0,L,0,NA,NORMANDIE,83RD ST,0,NA,Y,C,-,N,NA,NA,NA,NA,NA,NA,NA,NA,NA,N,4,0,1,3,A,-,09,21801,A,F,D,C,A,B,H,-,A,A,0,NA,NA,NA,NA,Y,NA,A,01,0,0,1,0,0,0,0,0,0,-,-,NA,NA,LOS ANGELES,LOS ANGELES,-118.30027008,33.96365009
7200900,2016,2016-03-10,1942,2016-02-17,1835,36065,0532,3,5,7,1942,0,0,0,E,0,5A24,WILMINGTON BL,M ST,10,N,N,C,-,N,NA,NA,NA,NA,NA,NA,NA,NA,NA,N,4,0,1,2,A,-,03,22350,NA,F,C,G,A,B,H,-,C,D,0,NA,Y,NA,NA,Y,NA,-,99,0,0,1,0,0,0,1,0,0,-,-,NA,NA,LOS ANGELES,LOS ANGELES,-118.27494193,33.78875738
7200903,2016,2016-03-10,1942,2016-02-24,1430,25385,1834,3,5,7,1942,0,0,0,R,0,25MQ52,108TH ST,CLOVIS AV,30,E,N,A,-,N,NA,NA,NA,NA,NA,NA,NA,NA,NA,N,3,0,1,2,A,-,11,21954,A,F,B,B,E,A,H,-,A,D,0,Y,NA,NA,NA,Y,Y,N,60,0,1,0,0,1,0,0,0,0,-,-,NA,NA,LOS ANGELES,LOS ANGELES,-118.25648129,33.93827
7200904,2016,2016-03-10,1942,2016-02-12,2225,37654,0521,5,5,7,1942,0,0,0,E,0,5A58,WESTMONT DR,GAFFEY ST,1320,E,N,A,-,N,NA,NA,NA,NA,NA,NA,NA,NA,NA,N,3,0,2,2,A,-,05,21460,A,N,B,C,A,A,-,-,C,D,0,NA,NA,Y,NA,Y,NA,C,02,0,1,1,0,0,0,0,0,2,-,-,NA,NA,LOS ANGELES,LOS ANGELES,-118.289174,33.76359878
7200907,2016,2016-03-10,1942,2016-02-24,1925,41140,1834,3,5,7,1942,0,0,0,R,0,18A35,108TH ST,CLOVIS ST,150,E,N,A,-,N,NA,NA,NA,NA,NA,NA,NA,NA,NA,N,3,0,1,2,A,-,11,21954,A,F,H,B,D,A,H,-,C,B,0,Y,NA,NA,NA,Y,Y,N,60,0,1,0,0,1,0,0,0,0,-,-,NA,NA,LOS ANGELES,LOS ANGELES,-118.25608644,33.93826988
7200908,2016,2016-03-10,1942,2016-02-18,2105,40971,0516,4,5,7,1942,0,0,0,E,0,12T41,MARINE AV,OPP ST,0,NA,Y,A,-,N,NA,NA,NA,NA,NA,NA,NA,NA,NA,Y,4,0,3,2,A,-,09,21802,A,N,D,C,A,A,H,-,C,A,0,NA,NA,NA,NA,Y,NA,A,01,0,0,3,0,0,0,0,0,0,-,-,NA,NA,LOS ANGELES,LOS ANGELES,-118.26400013,33.78284008
7200911,2016,2016-03-10,1942,2016-02-14,1600,39177,0363,7,5,7,1942,0,0,0,C,0,3T57,SANTA ROSALIA DR,MARLTON AV,0,NA,Y,A,-,N,NA,NA,NA,NA,NA,NA,NA,NA,NA,Y,4,0,2,2,A,-,09,21801,A,N,D,C,A,A,H,-,A,A,0,NA,NA,NA,NA,Y,NA,A,07,0,0,2,0,0,0,0,0,0,-,-,NA,NA,LOS ANGELES,LOS ANGELES,-118.33981008,34.01039004
7200912,2016,2016-03-10,1942,2016-02-19,0510,35936,0557,5,5,7,1942,0,0,0,E,0,5TL21,GAFFEY ST,SEPULVEDA ST,0,NA,Y,A,-,N,NA,NA,NA,NA,NA,NA,NA,NA,NA,N,4,0,1,2,A,-,08,22100,A,N,D,C,A,B,H,-,C,D,0,NA,NA,NA,NA,Y,NA,A,01,0,0,1,0,0,0,0,0,0,-,-,NA,NA,LOS ANGELES,LOS ANGELES,-118.29231011,33.7456301
7200915,2016,2016-03-10,1942,2016-02-17,0840,41944,0321,3,5,7,1942,0,0,0,C,0,3A63,JEFFERSON BL,RODEO RD,200,N,N,A,-,N,NA,NA,NA,NA,NA,NA,NA,NA,NA,Y,3,0,2,2,A,-,08,22107,NA,N,A,D,A,A,H,-,A,A,0,NA,NA,NA,NA,Y,NA,A,01,0,1,1,0,0,0,0,0,0,-,-,NA,NA,LOS ANGELES,LOS ANGELES,-118.37708734,34.02247607
7200916,2016,2016-03-10,1931,2016-02-27,2002,5302,1931,6,5,5,1931,0,0,0,NA,0,003,FLORENCE AV,MARBRISA AV,0,NA,Y,A,-,N,NA,NA,NA,NA,NA,NA,NA,NA,NA,N,4,0,1,2,A,-,08,22107,NA,N,B,C,A,A,H,-,C,A,0,NA,NA,NA,NA,Y,NA,A,01,0,0,1,0,0,0,0,0,0,-,-,NA,NA,LOS ANGELES,HUNTINGTON PARK,-118.23153,33.97473007
7200919,2016,2016-03-10,1942,2016-02-20,2330,39039,0337,6,5,7,1942,0,0,0,C,0,3F71,NORMANDIE AV,JEFFERSON BL,5,N,N,A,-,N,NA,NA,NA,NA,NA,NA,NA,NA,NA,N,4,0,1,2,A,-,03,22350,NA,N,C,C,A,A,H,-,C,D,0,NA,NA,NA,NA,Y,NA,-,99,0,0,1,0,0,0,0,0,0,-,-,NA,NA,LOS ANGELES,LOS ANGELES,-118.30023,34.02552371
7200920,2016,2016-03-28,1942,2016-02-13,1300,37414,1265,6,5,7,1942,0,0,0,L,0,12A53,NORMANDIE AV,79TH ST,0,NA,Y,A,-,N,NA,NA,NA,NA,NA,NA,NA,NA,NA,N,4,0,1,2,A,-,09,21800,D,N,D,C,A,A,-,-,A,B,0,NA,NA,NA,NA,Y,NA,-,-,0,0,1,0,0,0,0,0,0,-,-,NA,NA,LOS ANGELES,LOS ANGELES,-118.30027011,33.9673001
7200923,2016,2016-03-10,1942,2016-02-19,1700,38503,0334,5,5,7,1942,0,0,0,C,0,12T73,CRENSHAW BL,ADAMS BL,200,S,N,A,-,N,NA,NA,NA,NA,NA,NA,NA,NA,NA,Y,4,0,1,2,A,-,09,21804,A,F,D,C,A,A,H,-,A,D,0,NA,NA,NA,NA,Y,NA,A,01,0,0,1,0,0,0,0,0,0,-,-,NA,NA,LOS ANGELES,LOS ANGELES,-118.33511221,34.03203911
7200924,2016,2016-03-10,1942,2016-02-22,0215,37510,1213,1,5,7,1942,0,0,0,L,0,12A67,W 57TH ST,RUTHELEN,150,E,N,A,-,N,NA,NA,NA,NA,NA,NA,NA,NA,NA,Y,4,0,1,3,A,-,03,22350,NA,N,B,E,A,A,H,-,C,D,0,NA,NA,NA,NA,Y,NA,A,01,0,0,1,0,0,0,0,0,0,-,-,NA,NA,LOS ANGELES,LOS ANGELES,-118.3121162,33.99095228
7200927,2016,2016-03-10,1942,2016-02-25,0600,40867,1801,4,5,7,1942,0,0,0,R,0,18A1,HOOVER AV,92ND ST,0,NA,Y,A,-,N,NA,NA,NA,NA,NA,NA,NA,NA,NA,N,4,0,1,2,A,-,12,21453,A,N,D,C,A,A,H,-,B,A,0,NA,NA,NA,NA,Y,NA,A,01,0,0,1,0,0,0,0,0,0,-,-,NA,NA,LOS ANGELES,LOS ANGELES,-118.28698005,33.95281006
7200928,2016,2016-03-10,1942,2016-02-13,1020,37414,1241,6,5,7,1942,0,0,0,L,0,12A53,WEST BL,67TH ST,150,S,N,A,-,N,NA,NA,NA,NA,NA,NA,NA,NA,NA,N,4,0,1,2,A,-,03,22350,NA,N,C,C,A,A,H,-,A,A,0,NA,NA,NA,NA,Y,NA,A,08,0,0,1,0,0,0,0,0,0,-,-,NA,NA,LOS ANGELES,LOS ANGELES,-118.33521848,33.97768861
7200931,2016,2016-03-10,1942,2016-02-08,1620,40053,0557,1,5,7,1942,0,0,0,E,0,3T57,GAFFEY ST,5TH ST,12,S,N,A,-,N,NA,NA,NA,NA,NA,NA,NA,NA,NA,N,3,0,1,2,A,-,10,21950,A,N,G,B,B,A,H,-,-,A,0,Y,NA,NA,NA,Y,NA,A,01,0,1,0,0,1,0,0,0,0,-,-,NA,NA,LOS ANGELES,LOS ANGELES,-118.2923307,33.73965709
7200932,2016,2016-03-10,1942,2016-02-14,0950,35046,1243,7,5,7,1942,0,0,0,L,0,12A31,GAGE AV,GRAMERCY PL,200,W,N,A,-,N,NA,NA,NA,NA,NA,NA,NA,NA,NA,N,3,0,1,1,A,-,03,22350,NA,N,B,I,A,A,H,-,A,D,0,NA,NA,NA,NA,Y,NA,A,01,0,1,0,0,0,0,0,0,0,-,-,NA,NA,LOS ANGELES,LOS ANGELES,-118.31410845,33.98185
7200935,2016,2016-03-10,1942,2016-02-19,2140,35936,0356,5,5,7,1942,0,0,0,C,0,3T5,JEFFERSON BL,WESTERN AV,0,NA,Y,A,-,N,NA,NA,NA,NA,NA,NA,NA,NA,NA,Y,3,0,3,2,A,-,12,21453,A,F,D,C,A,A,H,-,C,A,0,NA,NA,NA,NA,Y,NA,A,01,0,1,2,0,0,0,0,0,0,-,-,NA,NA,LOS ANGELES,LOS ANGELES,-118.30889012,34.02555002
7200936,2016,2016-03-10,1931,2016-02-28,0203,5302,1931,7,5,5,1931,0,0,0,NA,0,003,ALAMEDA ST,ZOE AV,16,S,N,A,-,N,NA,NA,NA,NA,NA,NA,NA,NA,NA,Y,3,0,4,2,A,-,05,21650,1,N,A,C,A,A,H,-,C,A,0,NA,NA,NA,NA,Y,Y,A,01,0,2,2,0,0,0,0,0,0,-,-,NA,NA,LOS ANGELES,HUNTINGTON PARK,-118.2354002,33.97944689
7200939,2016,2016-03-10,1942,2016-02-05,0737,40612,0313,5,5,7,1942,0,0,0,C,0,3A99W2,ADAMS BL,10TH AV,0,NA,Y,A,-,N,NA,NA,NA,NA,NA,NA,NA,NA,NA,N,3,0,1,2,A,-,10,21950,A,N,G,B,B,A,H,-,B,A,0,Y,NA,NA,NA,Y,NA,A,01,0,1,0,0,1,0,0,0,0,-,-,NA,NA,LOS ANGELES,LOS ANGELES,-118.32842003,34.03261
7200940,2016,2016-12-17,1942,2016-02-21,1430,42182,1255,7,5,7,1942,0,0,0,L,0,12A57,FLORENCE AV,RAYMOND AV,0,NA,Y,A,-,N,NA,NA,NA,NA,NA,NA,NA,NA,NA,N,3,0,2,2,A,-,09,21802,A,F,D,C,A,A,H,-,A,A,0,NA,NA,NA,NA,Y,Y,-,99,0,1,1,0,0,0,0,0,0,-,-,NA,NA,LOS ANGELES,LOS ANGELES,-118.29812013,33.97459007
7200943,2016,2016-03-10,1942,2016-02-23,1810,38503,0515,2,5,7,1942,0,0,0,E,0,18T39,ISLAND AV,SANDISON ST,7,N,N,A,-,N,NA,NA,NA,NA,NA,NA,NA,NA,NA,Y,2,0,1,2,A,-,09,21801,A,N,D,G,A,A,H,-,C,D,0,NA,Y,NA,NA,Y,NA,A,01,1,0,0,0,0,0,1,0,0,-,-,NA,NA,LOS ANGELES,LOS ANGELES,-118.26718138,33.79312916
7200944,2016,2016-03-10,1942,2016-02-21,1100,42182,1207,7,5,7,1942,0,0,0,L,0,12A57,47TH ST,VERMONT,150,E,N,A,-,N,NA,NA,NA,NA,NA,NA,NA,NA,NA,N,4,0,1,2,A,-,09,21804,NA,F,D,C,A,A,H,-,A,D,0,NA,NA,NA,NA,Y,Y,-,99,0,0,1,0,0,0,0,0,0,-,-,NA,NA,LOS ANGELES,LOS ANGELES,-118.29154,34.00061
7200947,2016,2016-03-10,1942,2016-02-19,2300,40971,0392,5,5,7,1942,0,0,0,C,0,12T41,2ND AV,48TH ST,0,NA,Y,A,-,N,NA,NA,NA,NA,NA,NA,NA,NA,NA,Y,2,0,2,2,A,-,09,21802,A,N,D,C,A,A,H,-,C,A,0,NA,NA,NA,NA,Y,NA,A,01,1,0,1,0,0,0,0,0,0,-,-,NA,NA,LOS ANGELES,LOS ANGELES,-118.31925,34.00003