CASE_ID,ACCIDENT_YEAR,PROC_DATE,JURIS,COLLISION_DATE,COLLISION_TIME,OFFICER_ID,REPORTING_DISTRICT,DAY_OF_WEEK,CHP_SHIFT,POPULATION,CNTY_CITY_LOC,SPECIAL_COND,BEAT_TYPE,CHP_BEAT_TYPE,CITY_DIVISION_LAPD,CHP_BEAT_CLASS,BEAT_NUMBER,PRIMARY_RD,SECONDARY_RD,DISTANCE,DIRECTION,INTERSECTION,WEATHER_1,WEATHER_2,STATE_HWY_IND,CALTRANS_COUNTY,CALTRANS_DISTRICT,STATE_ROUTE,ROUTE_SUFFIX,POSTMILE_PREFIX,POSTMILE,LOCATION_TYPE,RAMP_INTERSECTION,SIDE_OF_HWY,TOW_AWAY,COLLISION_SEVERITY,NUMBER_KILLED,NUMBER_INJURED,PARTY_COUNT,PRIMARY_COLL_FACTOR,PCF_CODE_OF_VIOL,PCF_VIOL_CATEGORY,PCF_VIOLATION,PCF_VIOL_SUBSECTION,HIT_AND_RUN,TYPE_OF_COLLISION,MVIW,PED_ACTION,ROAD_SURFACE,ROAD_COND_1,ROAD_COND_2,LIGHTING,CONTROL_DEVICE,CHP_ROAD_TYPE,PEDESTRIAN_ACCIDENT,BICYCLE_ACCIDENT,MOTORCYCLE_ACCIDENT,TRUCK_ACCIDENT,NOT_PRIVATE_PROPERTY,ALCOHOL_INVOLVED,STWD_VEHTYPE_AT_FAULT,CHP_VEHTYPE_AT_FAULT,COUNT_SEVERE_INJ,COUNT_VISIBLE_INJ,COUNT_COMPLAINT_PAIN,COUNT_PED_KILLED,COUNT_PED_INJURED,COUNT_BICYCLIST_KILLED,COUNT_BICYCLIST_INJURED,COUNT_MC_KILLED,COUNT_MC_INJURED,PRIMARY_RAMP,SECONDARY_RAMP,LATITUDE,LONGITUDE,COUNTY,CITY,POINT_X,POINT_Y
7201794,2016,2016-03-11,1942,2016-02-07,1450,41606,0429,7,5,7,1942,0,0,0,D,0,4A59,CONCORD AV,LOWELL AV,85,NA,N,A,-,N,NA,NA,NA,NA,NA,NA,NA,NA,NA,NA,4,0,1,2,A,-,09,21804,A,N,B,C,A,A,E,-,A,D,0,NA,NA,NA,NA,Y,NA,A,01,0,0,1,0,0,0,0,0,0,-,-,NA,NA,LOS ANGELES,LOS ANGELES,-118.16224003,34.07959008
7201795,2016,2016-03-14,1942,2016-02-20,1220,37952,269,6,5,7,1942,0,0,0,NA,0,11T32,7TH ST,UNION AV,0,NA,Y,A,-,N,NA,NA,NA,NA,NA,NA,NA,NA,NA,Y,4,0,1,2,A,-,12,21453,A,F,D,C,A,A,H,-,A,A,0,NA,NA,NA,NA,Y,NA,-,99,0,0,1,0,0,0,0,0,0,-,-,NA,NA,LOS ANGELES,LOS ANGELES,-118.27117012,34.05393006
7201796,2016,2016-03-10,1942,2016-02-17,1600,39060,1321,3,5,7,1942,0,0,0,M,0,4T4,27TH ST,BROADWAY BL,0,NA,Y,C,-,N,NA,NA,NA,NA,NA,NA,NA,NA,NA,Y,4,0,1,2,A,-,09,21802,A,N,D,C,A,B,H,-,C,A,0,NA,NA,NA,NA,Y,NA,A,07,0,0,1,0,0,0,0,0,0,-,-,NA,NA,LOS ANGELES,LOS ANGELES,-118.27043011,34.02432004
7201797,2016,2016-03-10,1942,2016-02-15,1800,39529,0402,1,5,7,1942,0,0,0,D,0,4A66,GRIFFIN AV,MONTECITO,400,S,N,A,-,N,NA,NA,NA,NA,NA,NA,NA,NA,NA,N,4,0,1,2,A,-,21,22106,NA,N,G,B,D,A,H,-,C,D,0,Y,NA,NA,NA,Y,NA,-,-,0,0,1,0,1,0,0,0,0,-,-,NA,NA,LOS ANGELES,LOS ANGELES,-118.20243528,34.09428743
7201798,2016,2016-03-11,1942,2016-02-03,1830,41753,HOBK,3,5,7,1942,0,0,0,NA,0,0499,UNION PACIFIC AV,SPENCE ST,15,N,N,A,-,N,NA,NA,NA,NA,NA,NA,NA,NA,NA,N,4,0,1,2,A,-,09,21804,A,N,B,C,A,A,H,-,C,D,0,NA,NA,NA,NA,Y,NA,A,01,0,0,1,0,0,0,0,0,0,-,-,NA,NA,LOS ANGELES,LOS ANGELES,-118.2028,34.01656
7201799,2016,2016-03-10,1942,2016-02-19,1840,40726,0192,5,5,7,1942,0,0,0,A,0,2T15,OLIVE ST,18TH ST,0,NA,Y,A,-,N,NA,NA,NA,NA,NA,NA,NA,NA,NA,Y,3,0,1,2,A,-,12,21453,A,N,D,C,A,A,H,-,B,A,0,NA,NA,NA,NA,Y,NA,-,-,0,1,0,0,0,0,0,0,0,-,-,NA,NA,LOS ANGELES,LOS ANGELES,-118.26655006,34.03374002
7201800,2016,2016-03-10,1942,2016-02-17,1745,38357,1313,3,5,7,1942,0,0,0,M,0,2T28,SAN PEDRO ST,21ST ST,25,S,N,C,-,N,NA,NA,NA,NA,NA,NA,NA,NA,NA,N,3,0,1,2,A,-,11,21456,B,N,G,B,B,B,H,-,C,D,0,Y,NA,NA,NA,Y,NA,N,60,0,1,0,0,1,0,0,0,0,-,-,NA,NA,LOS ANGELES,LOS ANGELES,-118.25860028,34.0257802
7201801,2016,2016-03-09,1942,2016-02-15,0910,40008,1162,1,5,7,1942,0,0,0,K,0,13TL55,VERMONT AV,LEXINGTON AV,0,NA,Y,A,-,N,NA,NA,NA,NA,NA,NA,NA,NA,NA,Y,4,0,1,2,A,-,12,21453,A,N,D,C,A,A,H,-,A,A,0,NA,NA,NA,NA,Y,NA,A,08,0,0,1,0,0,0,0,0,0,-,-,NA,NA,LOS ANGELES,LOS ANGELES,-118.29176006,34.09345005
7201802,2016,2016-03-09,1975,2016-02-02,1205,353,NA,2,5,6,1975,0,0,0,NA,0,003,CAMERON AV,SUNSET AV,214,W,N,A,-,N,NA,NA,NA,NA,NA,NA,NA,NA,NA,Y,3,0,1,2,A,-,09,21804,A,N,D,C,A,A,H,-,A,D,0,NA,NA,NA,NA,Y,NA,-,NA,0,1,0,0,0,0,0,0,0,-,-,NA,NA,LOS ANGELES,WEST COVINA,-117.94079082,34.06737621
7201805,2016,2016-03-09,1942,2016-02-18,0720,37540,1143,4,5,7,1942,0,0,0,K,0,11T32,HYPERION AV,GLENHURST AV,1300,W,N,C,-,N,NA,NA,NA,NA,NA,NA,NA,NA,NA,Y,4,0,1,1,A,-,03,22350,NA,N,H,I,A,B,H,-,A,D,0,NA,NA,NA,NA,Y,NA,A,01,0,0,1,0,0,0,0,0,0,-,-,NA,NA,LOS ANGELES,LOS ANGELES,NA,NA
7201806,2016,2016-03-09,1975,2016-02-03,1848,400,NA,3,5,6,1975,0,0,0,NA,0,004,VINE AV,GLENVIEW RD,0,NA,Y,A,-,N,NA,NA,NA,NA,NA,NA,NA,NA,NA,Y,4,0,1,2,A,-,09,21801,A,N,D,C,A,A,H,-,A,D,0,NA,NA,NA,NA,Y,NA,-,NA,0,0,1,0,0,0,0,0,0,-,-,NA,NA,LOS ANGELES,WEST COVINA,-117.91190005,34.05749008
7201809,2016,2016-03-09,1942,2016-02-12,0900,41139,1172,5,5,7,1942,0,0,0,K,0,11A71,GLENDALE BL,BRANDEN ST,200,S,N,A,-,N,NA,NA,NA,NA,NA,NA,NA,NA,NA,N,4,0,1,3,A,-,07,21658,A,N,B,C,A,A,H,-,A,A,0,NA,NA,NA,NA,Y,NA,A,01,0,0,1,0,0,0,0,0,0,-,-,NA,NA,LOS ANGELES,LOS ANGELES,-118.25967532,34.08737728
7201810,2016,2016-03-09,1942,2016-02-19,1405,34458,1181,5,5,7,1942,0,0,0,K,0,4TL4,SUNSET BL,BENTON WY,0,NA,Y,A,-,N,NA,NA,NA,NA,NA,NA,NA,NA,NA,Y,3,0,1,2,A,-,09,21801,A,N,D,C,A,A,H,-,A,D,0,NA,NA,NA,NA,Y,NA,A,01,0,1,0,0,0,0,0,0,0,-,-,NA,NA,LOS ANGELES,LOS ANGELES,-118.27040009,34.08055002
7201813,2016,2016-03-10,1942,2016-02-12,1345,40144,RD112,5,5,7,1942,0,0,0,NA,0,11A71,COLORADO,MAYWOOD AV,0,NA,Y,A,-,N,NA,NA,NA,NA,NA,NA,NA,NA,NA,N,4,0,1,2,A,-,08,22107,NA,N,D,C,A,A,H,-,A,A,0,NA,NA,Y,NA,Y,NA,-,-,0,0,1,0,0,0,0,0,1,-,-,NA,NA,LOS ANGELES,LOS ANGELES,-118.21161008,34.13925009
7201814,2016,2016-03-09,1942,2016-02-12,1430,40099,0295,5,5,7,1942,0,0,0,B,0,4T4,PICO BL,BURLINGTON AV,55,W,N,-,-,N,NA,NA,NA,NA,NA,NA,NA,NA,NA,Y,4,0,3,3,A,-,01,23152,NA,N,C,C,A,A,H,-,A,D,0,NA,NA,NA,NA,Y,Y,A,08,0,0,3,0,0,0,0,0,0,-,-,NA,NA,LOS ANGELES,LOS ANGELES,-118.2791002,34.04562049
7201815,2016,2016-03-09,1975,2016-02-11,0936,353,NA,4,5,6,1975,0,0,0,NA,0,001,BADILLO ST,LARK ELLEN AV,367,W,N,A,-,N,NA,NA,NA,NA,NA,NA,NA,NA,NA,Y,4,0,1,4,A,-,03,22350,NA,N,C,C,A,A,H,-,A,D,0,NA,NA,NA,NA,Y,NA,-,NA,0,0,1,0,0,0,0,0,0,-,-,NA,NA,LOS ANGELES,WEST COVINA,-117.91780919,34.08653066
7201817,2016,2016-03-09,1942,2016-02-18,1100,31476,1151,4,5,7,1942,0,0,0,K,0,2T15,MARIPOSA AV,HOLLYWOOD BL,0,NA,Y,A,-,N,NA,NA,NA,NA,NA,NA,NA,NA,NA,N,4,0,1,2,A,-,12,22450,A,F,D,C,A,A,H,-,A,A,0,NA,NA,NA,NA,Y,NA,-,99,0,0,1,0,0,0,0,0,0,-,-,NA,NA,LOS ANGELES,LOS ANGELES,-118.29947006,34.10177003
7201818,2016,2016-03-09,1942,2016-02-11,1115,27150,1177,4,5,7,1942,0,0,0,K,0,11A51,AVENUE 28,SOUTH GAY ST,20,N,N,A,-,N,NA,NA,NA,NA,NA,NA,NA,NA,NA,N,4,0,1,2,A,-,05,21650,NA,N,E,G,A,A,H,-,A,D,0,NA,Y,NA,NA,Y,NA,L,04,0,0,1,0,0,0,1,0,0,-,-,NA,NA,LOS ANGELES,LOS ANGELES,-118.22378292,34.08826453
7201819,2016,2016-03-09,1975,2016-02-14,1808,383,NA,7,5,6,1975,0,0,0,NA,0,002,CITRUS AV,WALNUT CREEK PKWY,0,NA,Y,A,-,N,NA,NA,NA,NA,NA,NA,NA,NA,NA,Y,3,0,2,2,A,-,01,23152,A,N,D,C,A,A,H,-,B,A,0,NA,NA,NA,NA,Y,Y,-,NA,0,2,0,0,0,0,0,0,0,-,-,NA,NA,LOS ANGELES,WEST COVINA,-117.89012001,34.06958011
7201821,2016,2016-03-09,1942,2016-02-13,1745,34426,1158,6,5,7,1942,0,0,0,K,0,2T28,FIGUEROA ST,MARMION WY,186,N,N,A,-,N,NA,NA,NA,NA,NA,NA,NA,NA,NA,N,3,0,1,2,A,-,08,22107,NA,N,D,G,A,A,H,-,B,D,0,NA,Y,NA,NA,Y,Y,L,04,0,1,0,0,0,0,1,0,0,-,-,NA,NA,LOS ANGELES,LOS ANGELES,-118.2114,34.09118
7201822,2016,2016-03-10,1942,2016-02-13,2041,42220,1152,6,5,7,1942,0,0,0,K,0,11A51,FOUNTAIN AV,MYRA AV,0,NA,Y,A,-,N,NA,NA,NA,NA,NA,NA,NA,NA,NA,Y,2,0,3,2,A,-,08,22100,A,N,A,C,A,A,H,-,D,A,0,NA,NA,NA,NA,Y,NA,-,-,1,1,1,0,0,0,0,0,0,-,-,NA,NA,LOS ANGELES,LOS ANGELES,-118.28055012,34.09580005
7201823,2016,2016-03-09,1975,2016-02-06,2345,417,NA,6,5,6,1975,0,0,0,NA,0,001,LARK ELLEN,BADILLO ST,0,NA,Y,A,-,N,NA,NA,NA,NA,NA,NA,NA,NA,NA,Y,3,0,2,2,A,-,00,24153,A,N,-,C,A,A,H,-,C,A,0,NA,NA,NA,NA,Y,NA,-,NA,0,1,1,0,0,0,0,0,0,-,-,NA,NA,LOS ANGELES,WEST COVINA,-117.9166001,34.08652008
7201824,2016,2016-03-09,1975,2016-02-20,0519,372,NA,6,5,6,1975,0,0,0,NA,0,002,GRAND AV,VIRGINIA RD,75,S,N,A,-,N,NA,NA,NA,NA,NA,NA,NA,NA,NA,Y,3,0,1,2,A,-,08,22107,NA,N,C,C,A,A,H,-,C,D,0,NA,NA,NA,NA,Y,NA,-,NA,0,1,0,0,0,0,0,0,0,-,-,NA,NA,LOS ANGELES,WEST COVINA,-117.87179271,34.06815925
7201825,2016,2016-03-09,1942,2016-02-15,1000,37505,1183,1,5,7,1942,0,0,0,K,0,21TL15,SUNSET BL,LOGAN ST,0,NA,Y,A,-,N,NA,NA,NA,NA,NA,NA,NA,NA,NA,Y,4,0,1,2,A,-,09,21801,A,N,D,C,A,A,H,-,A,A,0,NA,NA,Y,NA,Y,NA,A,01,0,0,1,0,0,0,0,0,1,-,-,NA,NA,LOS ANGELES,LOS ANGELES,-118.25846,34.07724008
7201826,2016,2016-03-09,1942,2016-02-14,1500,39889,1117,7,5,7,1942,0,0,0,K,0,13TL22,EAGLE ROCK BL,RIDGEVIEW AV,0,NA,Y,A,-,N,NA,NA,NA,NA,NA,NA,NA,NA,NA,N,3,0,1,2,A,-,05,21650,NA,N,D,G,A,A,H,-,A,A,0,NA,Y,NA,NA,Y,NA,L,04,0,1,0,0,0,0,1,0,0,-,-,NA,NA,LOS ANGELES,LOS ANGELES,-118.21657005,34.13099001
7201827,2016,2016-03-09,1975,2016-02-10,0934,377,NA,3,5,6,1975,0,0,0,NA,0,002,CAMERON AV,BARRANCA ST,517,W,N,A,-,N,NA,NA,NA,NA,NA,NA,NA,NA,NA,Y,4,0,2,2,A,-,03,22350,NA,N,C,C,A,A,H,-,A,D,0,NA,NA,NA,NA,Y,NA,-,NA,0,0,2,0,0,0,0,0,0,-,-,NA,NA,LOS ANGELES,WEST COVINA,-117.88315423,34.06085563
7201828,2016,2016-03-09,1975,2016-02-28,1120,347,6P26,7,5,6,1975,0,0,0,NA,0,006,VALLEY BL,NOGALES ST,2,W,N,A,-,N,NA,NA,NA,NA,NA,NA,NA,NA,NA,N,3,0,1,2,A,-,08,22107,NA,N,G,B,B,A,H,-,A,A,0,Y,NA,NA,NA,Y,NA,-,NA,0,1,0,0,1,0,0,0,0,-,-,NA,NA,LOS ANGELES,WEST COVINA,-117.88768652,34.00307077
7201829,2016,2016-03-09,1942,2016-02-08,1125,40008,1347,1,5,7,1942,0,0,0,M,0,13TL55,EAST 41ST PL,LONG BEACH AV,145,W,N,A,-,N,NA,NA,NA,NA,NA,NA,NA,NA,NA,N,4,0,1,2,A,-,05,21650,NA,N,D,C,A,A,H,-,A,D,0,NA,NA,Y,NA,Y,NA,C,03,0,0,1,0,0,0,0,0,1,-,-,NA,NA,LOS ANGELES,LOS ANGELES,-118.24371408,34.00723741
7201830,2016,2016-03-10,1942,2016-02-13,0459,42220,1151,6,5,7,1942,0,0,0,K,0,11A51,EDGEMONT ST,SUNSET BL,0,NA,Y,A,-,N,NA,NA,NA,NA,NA,NA,NA,NA,NA,Y,4,0,1,2,A,-,09,21453,B,N,A,C,A,A,H,-,C,A,0,NA,NA,NA,NA,Y,NA,-,-,0,0,1,0,0,0,0,0,0,-,-,NA,NA,LOS ANGELES,LOS ANGELES,-118.29614012,34.09815004
7201831,2016,2016-03-10,1975,2016-02-09,2233,305,NA,2,5,6,1975,0,0,0,NA,0,6P11,ORANGE AV,FRANCISQUITO AV,0,NA,Y,A,-,N,NA,NA,NA,NA,NA,NA,NA,NA,NA,Y,4,0,2,2,A,-,12,21453,A,N,D,C,A,A,H,-,C,-,0,NA,NA,NA,NA,Y,NA,-,-,0,0,2,0,0,0,0,0,0,-,-,NA,NA,LOS ANGELES,WEST COVINA,-117.95883006,34.05733002
7201832,2016,2016-03-09,1975,2016-02-18,0920,353,NA,4,5,6,1975,0,0,0,NA,0,001,PUENTE AV,VINCENT AV,65,E,N,C,-,N,NA,NA,NA,NA,NA,NA,NA,NA,NA,Y,4,0,1,2,A,-,03,22350,NA,N,C,C,A,B,H,-,A,A,0,NA,NA,NA,NA,Y,NA,-,NA,0,0,1,0,0,0,0,0,0,-,-,NA,NA,LOS ANGELES,WEST COVINA,-117.92569,34.08276
7201833,2016,2016-03-09,1942,2016-02-10,1000,39761,1353,3,5,7,1942,0,0,0,M,0,2TL15,VERNON AV,CENTRAL AV,0,NA,Y,A,-,N,NA,NA,NA,NA,NA,NA,NA,NA,NA,N,4,0,1,2,A,-,09,21801,A,F,D,G,A,A,H,-,A,A,0,NA,Y,NA,NA,Y,NA,-,99,0,0,1,0,0,0,1,0,0,-,-,NA,NA,LOS ANGELES,LOS ANGELES,-118.25649004,34.00393001
7201834,2016,2016-03-09,1942,2016-02-12,2150,36797,1141,5,5,7,1942,0,0,0,K,0,11A1,FRANKLIN AV,NEW HAMPSHIRE,0,NA,Y,A,-,N,NA,NA,NA,NA,NA,NA,NA,NA,NA,N,3,0,1,1,D,-,00,NA,NA,N,E,J,A,A,H,-,C,D,0,NA,NA,NA,NA,Y,Y,-,-,0,1,0,0,0,0,0,0,0,-,-,NA,NA,LOS ANGELES,LOS ANGELES,-118.2933601,34.10541003
7201835,2016,2016-03-09,1975,2016-02-07,1532,671,NA,7,5,6,1975,0,0,0,NA,0,002,CITRUS AV,WALNUT CREEK PKWY,0,NA,Y,A,-,N,NA,NA,NA,NA,NA,NA,NA,NA,NA,Y,3,0,1,2,A,-,09,21801,A,N,D,C,A,A,H,-,A,A,0,NA,NA,NA,NA,Y,NA,-,NA,0,1,0,0,0,0,0,0,0,-,-,NA,NA,LOS ANGELES,WEST COVINA,-117.89012001,34.06958011
7201836,2016,2016-03-10,1975,2016-02-19,1404,405,NA,5,5,6,1975,0,0,0,NA,0,005,AMAR RD,LEANNA DR,0,NA,Y,A,-,N,NA,NA,NA,NA,NA,NA,NA,NA,NA,Y,4,0,1,2,A,-,09,21801,A,N,D,D,A,A,H,-,A,D,0,NA,NA,NA,NA,Y,NA,-,NA,0,0,1,0,0,0,0,0,0,-,-,NA,NA,LOS ANGELES,WEST COVINA,-117.90066001,34.02670002
7201837,2016,2016-03-09,1942,2016-02-07,1500,34458,1354,7,5,7,1942,0,0,0,M,0,4T4,MAIN ST,VERNON AV,0,NA,Y,A,-,N,NA,NA,NA,NA,NA,NA,NA,NA,NA,N,4,0,2,2,A,-,09,21801,A,N,D,C,A,A,H,-,A,A,0,NA,NA,NA,NA,Y,NA,A,01,0,0,2,0,0,0,0,0,0,-,-,NA,NA,LOS ANGELES,LOS ANGELES,-118.27401008,34.0038301
7201838,2016,2016-03-09,1942,2016-02-13,0245,42220,1181,6,5,7,1942,0,0,0,K,0,11A51,SUNSET BL,SILVER LAKE BL,0,NA,Y,A,-,N,NA,NA,NA,NA,NA,NA,NA,NA,NA,Y,4,0,1,2,A,-,04,21703,NA,N,C,C,A,A,H,-,C,A,0,NA,NA,NA,NA,Y,NA,A,01,0,0,1,0,0,0,0,0,0,-,-,NA,NA,LOS ANGELES,LOS ANGELES,-118.2733201,34.0829201
7201839,2016,2016-03-09,1975,2016-02-05,2353,417,NA,5,5,6,1975,0,0,0,NA,0,001,ORANGE AV,BADILLO,0,NA,Y,A,-,N,NA,NA,NA,NA,NA,NA,NA,NA,NA,N,4,0,1,2,A,-,12,21453,A,N,D,C,A,A,H,-,C,A,0,NA,NA,NA,NA,Y,Y,-,NA,0,0,1,0,0,0,0,0,0,-,-,NA,NA,LOS ANGELES,WEST COVINA,-117.94188001,34.08704004
7201840,2016,2016-03-09,1975,2016-02-16,1508,353,NA,2,5,6,1975,0,0,0,NA,0,001,AZUSA AV,ECKERMAN AV,25,S,N,A,-,N,NA,NA,NA,NA,NA,NA,NA,NA,NA,N,4,0,1,2,A,-,03,22350,NA,N,C,C,A,A,H,-,A,A,0,NA,NA,NA,NA,Y,NA,-,NA,0,0,1,0,0,0,0,0,0,-,-,NA,NA,LOS ANGELES,WEST COVINA,-117.90768,34.08175146
7201843,2016,2016-03-11,1942,2016-02-15,1650,39228,1437,1,5,7,1942,0,0,0,N,0,14X56,SEPULVEDA BL,VENICE BL,300,N,N,A,-,N,NA,NA,NA,NA,NA,NA,NA,NA,NA,N,4,0,2,2,A,-,09,21804,A,N,B,C,A,A,H,-,A,D,0,NA,NA,NA,NA,Y,NA,A,01,0,0,2,0,0,0,0,0,0,-,-,NA,NA,LOS ANGELES,LOS ANGELES,-118.41779435,34.0136666
7201844,2016,2016-03-08,1942,2016-02-18,1550,39762,1259,4,5,7,1942,0,0,0,L,0,12T73,FLORENCE AV,AVALON BL,40,W,N,A,-,N,NA,NA,NA,NA,NA,NA,NA,NA,NA,N,4,0,1,2,A,-,05,21460,NA,N,B,C,A,A,H,-,A,A,0,NA,NA,NA,NA,Y,NA,A,01,0,0,1,0,0,0,0,0,0,-,-,NA,NA,LOS ANGELES,LOS ANGELES,-118.26531167,33.97471
7201846,2016,2016-03-11,1942,2016-02-11,1158,38050,0143,4,5,7,1942,0,0,0,A,0,1TL11,HILL ST,4TH ST,102,S,N,A,-,N,NA,NA,NA,NA,NA,NA,NA,NA,NA,N,4,0,1,2,A,-,09,21804,A,N,D,C,A,A,H,-,A,D,0,NA,NA,NA,NA,Y,NA,A,07,0,0,1,0,0,0,0,0,0,-,-,NA,NA,LOS ANGELES,LOS ANGELES,-118.25063586,34.0500089
7201847,2016,2016-03-11,1942,2016-02-17,1505,36083,1477,3,5,7,1942,0,0,0,N,0,14T52,MANCHESTER AV,TRUXTON AV,10,W,N,B,C,N,NA,NA,NA,NA,NA,NA,NA,NA,NA,N,3,0,1,2,C,-,18,NA,NA,N,D,C,A,B,H,-,A,D,0,NA,NA,NA,NA,Y,NA,-,-,0,1,0,0,0,0,0,0,0,-,-,NA,NA,LOS ANGELES,LOS ANGELES,-118.39356291,33.95992954
7201848,2016,2016-03-08,1942,2016-02-20,1150,33599,1248,6,5,7,1942,0,0,0,L,0,12TL41,62ND ST,VERMONT AV,150,N,N,A,-,N,NA,NA,NA,NA,NA,NA,NA,NA,NA,N,4,0,2,2,A,-,09,21804,A,N,A,C,A,A,H,-,A,D,0,NA,NA,NA,NA,Y,NA,A,08,0,0,2,0,0,0,0,0,0,-,-,NA,NA,LOS ANGELES,LOS ANGELES,-118.2915,33.98369
7201851,2016,2016-03-11,1942,2016-02-10,2345,40024,1494,3,5,7,1942,0,0,0,N,0,14T47,CENTRAL BL,AIRPORT BL,0,NA,Y,A,-,N,NA,NA,NA,NA,NA,NA,NA,NA,NA,Y,3,0,6,4,A,-,12,21453,A,N,D,C,A,A,H,-,C,A,0,NA,NA,NA,NA,Y,NA,A,01,0,2,4,0,0,0,0,0,0,-,-,NA,NA,LOS ANGELES,LOS ANGELES,NA,NA
7201852,2016,2016-03-08,1942,2016-01-18,0700,33599,1243,1,5,7,1942,0,0,0,L,0,12TL41,FLORENCE AV,HARVARD,0,NA,Y,C,-,N,NA,NA,NA,NA,NA,NA,NA,NA,NA,N,4,0,1,2,A,-,09,21801,A,N,D,C,A,B,H,-,A,D,0,NA,NA,NA,NA,Y,NA,A,07,0,0,1,0,0,0,0,0,0,-,-,NA,NA,LOS ANGELES,LOS ANGELES,-118.30680004,33.97457007
7201854,2016,2016-03-11,1942,2016-02-15,1805,39062,0174,1,5,7,1942,0,0,0,A,0,1T11,LOS ANGELES ST,9TH ST,0,NA,Y,A,-,N,NA,NA,NA,NA,NA,NA,NA,NA,NA,Y,3,0,1,2,A,-,09,21801,A,N,A,C,A,A,H,-,C,A,0,NA,NA,NA,NA,Y,NA,A,01,0,1,0,0,0,0,0,0,0,-,-,NA,NA,LOS ANGELES,LOS ANGELES,-118.25409,34.04071
7201855,2016,2016-03-11,1942,2016-02-15,1405,37715,1477,1,5,7,1942,0,0,0,N,0,5TL26W,SEPULVEDA BL,80TH ST,500,S,N,A,-,N,NA,NA,NA,NA,NA,NA,NA,NA,NA,Y,4,0,1,3,A,-,03,22350,NA,N,C,C,A,A,H,-,A,D,0,NA,NA,NA,NA,Y,NA,A,01,0,0,1,0,0,0,0,0,0,-,-,NA,NA,LOS ANGELES,LOS ANGELES,-118.396158,33.965582
7201856,2016,2016-03-14,1942,2016-02-21,0200,39981,0659,7,5,7,1942,0,0,0,F,0,6U1,SUNSET,HOBART,0,NA,Y,A,-,N,NA,NA,NA,NA,NA,NA,NA,NA,NA,Y,4,0,2,2,A,-,12,21453,A,F,D,C,A,A,H,-,C,A,0,NA,NA,NA,NA,Y,NA,A,01,0,0,2,0,0,0,0,0,0,-,-,NA,NA,LOS ANGELES,LOS ANGELES,-118.30561012,34.0981201
7201860,2016,2016-03-14,1942,2016-02-17,2000,42092,0663,3,5,7,1942,0,0,0,F,0,6A15,FOUNTAIN AV,HIGHLAND AV,8,W,N,C,-,N,NA,NA,NA,NA,NA,NA,NA,NA,NA,N,4,0,1,2,A,-,10,21950,A,N,A,B,B,B,H,-,C,A,0,Y,NA,NA,NA,Y,NA,A,01,0,0,1,0,1,0,0,0,0,-,-,NA,NA,LOS ANGELES,LOS ANGELES,-118.33866637,34.09437052
7201864,2016,2016-03-14,1942,2016-02-14,1710,40690,1412,7,5,7,1942,0,0,0,N,0,8T26,PACIFIC AV,ROSE AV,0,NA,Y,A,-,N,NA,NA,NA,NA,NA,NA,NA,NA,NA,N,3,0,1,3,A,-,09,21803,A,F,G,B,F,A,H,-,A,A,0,Y,NA,NA,NA,Y,NA,-,99,0,1,0,0,1,0,0,0,0,-,-,NA,NA,LOS ANGELES,LOS ANGELES,-118.4786201,33.99567006
7201868,2016,2016-03-14,1942,2016-02-18,2210,41355,RD638,4,5,7,1942,0,0,0,NA,0,6A45,FRANKLIN AV,CARMEN AV,0,NA,Y,A,-,N,NA,NA,NA,NA,NA,NA,NA,NA,NA,N,4,0,1,2,A,-,10,21950,A,F,G,B,B,A,H,-,C,A,0,Y,NA,NA,NA,Y,NA,-,99,0,0,1,0,1,0,0,0,0,-,-,NA,NA,LOS ANGELES,LOS ANGELES,-118.32295009,34.10524008
7201871,2016,2016-03-11,1942,2016-01-20,1545,38357,1189,3,5,7,1942,0,0,0,K,0,2T28,FIGUEROA ST,AVENUE 26,30,N,N,A,-,N,NA,NA,NA,NA,NA,NA,NA,NA,NA,N,3,0,1,3,A,-,09,21801,A,N,B,C,A,A,H,-,A,D,0,NA,NA,Y,NA,Y,NA,A,01,0,1,0,0,0,0,0,0,1,-,-,NA,NA,LOS ANGELES,LOS ANGELES,-118.22237603,34.0839046
7201872,2016,2016-03-14,1942,2016-02-16,1925,39022,1462,2,5,7,1942,0,0,0,N,0,14T47,CULVER BL,LINCOLN BL,200,W,N,A,-,N,NA,NA,NA,NA,NA,NA,NA,NA,NA,Y,3,0,9,4,A,-,05,21460,A,N,B,C,A,A,H,-,C,D,0,NA,NA,NA,NA,Y,NA,A,01,0,5,4,0,0,0,0,0,0,-,-,NA,NA,LOS ANGELES,LOS ANGELES,-118.43336972,33.97554044
7201876,2016,2016-03-14,1942,2016-02-21,0230,3530,9999,7,5,7,1942,0,0,0,NA,0,14A13,OLIVE ST,HINDRY,0,NA,N,A,-,N,NA,NA,NA,NA,NA,NA,NA,NA,NA,Y,3,0,2,2,A,-,01,23152,A,F,C,C,A,A,H,-,C,D,0,NA,NA,NA,NA,Y,Y,-,99,0,1,1,0,0,0,0,0,0,-,-,NA,NA,LOS ANGELES,LOS ANGELES,-118.373579,33.95992