CASE_ID,ACCIDENT_YEAR,PROC_DATE,JURIS,COLLISION_DATE,COLLISION_TIME,OFFICER_ID,REPORTING_DISTRICT,DAY_OF_WEEK,CHP_SHIFT,POPULATION,CNTY_CITY_LOC,SPECIAL_COND,BEAT_TYPE,CHP_BEAT_TYPE,CITY_DIVISION_LAPD,CHP_BEAT_CLASS,BEAT_NUMBER,PRIMARY_RD,SECONDARY_RD,DISTANCE,DIRECTION,INTERSECTION,WEATHER_1,WEATHER_2,STATE_HWY_IND,CALTRANS_COUNTY,CALTRANS_DISTRICT,STATE_ROUTE,ROUTE_SUFFIX,POSTMILE_PREFIX,POSTMILE,LOCATION_TYPE,RAMP_INTERSECTION,SIDE_OF_HWY,TOW_AWAY,COLLISION_SEVERITY,NUMBER_KILLED,NUMBER_INJURED,PARTY_COUNT,PRIMARY_COLL_FACTOR,PCF_CODE_OF_VIOL,PCF_VIOL_CATEGORY,PCF_VIOLATION,PCF_VIOL_SUBSECTION,HIT_AND_RUN,TYPE_OF_COLLISION,MVIW,PED_ACTION,ROAD_SURFACE,ROAD_COND_1,ROAD_COND_2,LIGHTING,CONTROL_DEVICE,CHP_ROAD_TYPE,PEDESTRIAN_ACCIDENT,BICYCLE_ACCIDENT,MOTORCYCLE_ACCIDENT,TRUCK_ACCIDENT,NOT_PRIVATE_PROPERTY,ALCOHOL_INVOLVED,STWD_VEHTYPE_AT_FAULT,CHP_VEHTYPE_AT_FAULT,COUNT_SEVERE_INJ,COUNT_VISIBLE_INJ,COUNT_COMPLAINT_PAIN,COUNT_PED_KILLED,COUNT_PED_INJURED,COUNT_BICYCLIST_KILLED,COUNT_BICYCLIST_INJURED,COUNT_MC_KILLED,COUNT_MC_INJURED,PRIMARY_RAMP,SECONDARY_RAMP,LATITUDE,LONGITUDE,COUNTY,CITY,POINT_X,POINT_Y
7201880,2016,2016-03-11,1942,2016-02-17,0735,40164,1425,3,5,7,1942,0,0,0,N,0,7TL23,STANWOOD DR,COLBY AV,0,NA,Y,A,-,N,NA,NA,NA,NA,NA,NA,NA,NA,NA,Y,4,0,2,2,A,-,09,21802,NA,N,D,C,A,A,H,-,A,A,0,NA,NA,NA,NA,Y,NA,A,01,0,0,2,0,0,0,0,0,0,-,-,NA,NA,LOS ANGELES,LOS ANGELES,-118.43283005,34.02179012
7201882,2016,2016-03-10,1942,2016-02-17,1045,39761,0438,3,5,7,1942,0,0,0,D,0,11TL21,GRATIOT ST,ALHAMBRA AV,0,NA,Y,A,-,N,NA,NA,NA,NA,NA,NA,NA,NA,NA,N,4,0,2,2,A,-,09,21802,A,N,D,C,A,A,H,-,A,A,0,NA,NA,NA,NA,Y,NA,A,01,0,0,2,0,0,0,0,0,0,-,-,NA,NA,LOS ANGELES,LOS ANGELES,-118.17610002,34.07050003
7201883,2016,2016-03-10,1942,2016-02-15,2150,41056,1218,1,5,7,1942,0,0,0,L,0,5TL21,VERMONT AV,SLAUSON AV,0,NA,Y,A,-,N,NA,NA,NA,NA,NA,NA,NA,NA,NA,N,4,0,3,2,A,-,09,21801,A,N,A,C,A,A,H,-,A,A,0,NA,NA,NA,NA,Y,NA,A,07,0,0,3,0,0,0,0,0,0,-,-,NA,NA,LOS ANGELES,LOS ANGELES,-118.2914701,33.9891301
7201886,2016,2016-03-10,1942,2016-02-14,1400,30211,0461,7,5,7,1942,0,0,0,D,0,4A71,4TH ST,GLESS ST,16,E,N,A,-,N,NA,NA,NA,NA,NA,NA,NA,NA,NA,N,3,0,2,2,A,-,08,22100,A,F,D,C,A,A,H,-,A,A,0,NA,NA,NA,NA,Y,NA,-,99,0,1,1,0,0,0,0,0,0,-,-,NA,NA,LOS ANGELES,LOS ANGELES,-118.22270735,34.04292211
7201887,2016,2016-03-11,1942,2016-02-18,0615,33599,1269,4,5,7,1942,0,0,0,L,0,12TL41,MCKINLEY AV,MANCHESTER AV,6,W,N,C,-,N,NA,NA,NA,NA,NA,NA,NA,NA,NA,N,4,0,1,2,A,-,10,21950,A,F,G,B,B,B,H,-,A,A,0,Y,NA,NA,NA,Y,NA,-,99,0,0,1,0,1,0,0,0,0,-,-,NA,NA,LOS ANGELES,LOS ANGELES,-118.26081,33.96014
7201890,2016,2016-03-11,1942,2016-02-17,0700,38124,0265,3,5,7,1942,0,0,0,B,0,4TL43,TEMPLE ST,EDGEWATER RD,268,W,N,A,-,N,NA,NA,NA,NA,NA,NA,NA,NA,NA,Y,4,0,1,2,A,-,03,22350,NA,N,C,C,A,A,H,-,A,D,0,NA,NA,NA,NA,Y,NA,A,01,0,0,1,0,0,0,0,0,0,-,-,NA,NA,LOS ANGELES,LOS ANGELES,-118.255404,34.067027
7201891,2016,2016-04-21,1942,2016-02-16,2105,41545,1257,2,5,7,1942,0,0,0,L,0,3T5,HOOVER ST,78TH ST,0,NA,Y,A,-,N,NA,NA,NA,NA,NA,NA,NA,NA,NA,N,4,0,1,2,A,-,09,21802,A,F,D,C,A,A,H,-,C,A,0,NA,NA,NA,NA,Y,NA,-,99,0,0,1,0,0,0,0,0,0,-,-,NA,NA,LOS ANGELES,LOS ANGELES,-118.28713001,33.9687901
7201894,2016,2016-03-11,1942,2016-02-18,1530,34458,0202,4,5,7,1942,0,0,0,B,0,4TL4,SANTA MONICA BL,MADISON AV,0,NA,Y,A,-,N,NA,NA,NA,NA,NA,NA,NA,NA,NA,Y,3,0,4,2,A,-,09,21801,A,N,D,C,A,A,H,-,A,A,0,NA,NA,NA,NA,Y,NA,A,01,0,1,3,0,0,0,0,0,0,-,-,NA,NA,LOS ANGELES,LOS ANGELES,-118.28928005,34.09088004
7201895,2016,2016-03-10,1942,2016-02-05,2030,41072,1801,5,5,7,1942,0,0,0,R,0,3T5,VERMONT AV,92ND ST,0,NA,Y,A,-,N,NA,NA,NA,NA,NA,NA,NA,NA,NA,Y,4,0,3,4,A,-,01,23152,A,N,D,C,A,A,H,-,A,A,0,NA,NA,Y,NA,Y,Y,A,01,0,0,3,0,0,0,0,0,1,-,-,NA,NA,LOS ANGELES,LOS ANGELES,-118.291574,33.952804
7201898,2016,2016-03-10,1942,2016-02-16,1545,39693,RD027,2,5,7,1942,0,0,0,NA,0,11A71W,JAMES M WOOD,WESTLAKE AV,0,NA,Y,A,-,N,NA,NA,NA,NA,NA,NA,NA,NA,NA,Y,4,0,3,2,A,-,09,21800,C,N,D,C,A,A,H,-,A,A,0,NA,NA,NA,NA,Y,Y,A,01,0,0,3,0,0,0,0,0,0,-,-,NA,NA,LOS ANGELES,LOS ANGELES,-118.27764,34.05288
7201899,2016,2016-03-10,1942,2016-02-13,2035,40705,1245,6,5,7,1942,0,0,0,L,0,12A69,NORMANDIE AV,69TH ST,0,NA,Y,A,-,N,NA,NA,NA,NA,NA,NA,NA,NA,NA,N,4,0,1,2,A,-,03,22350,NA,F,C,C,A,C,H,-,A,D,0,NA,NA,NA,NA,Y,NA,-,99,0,0,1,0,0,0,0,0,0,-,-,NA,NA,LOS ANGELES,LOS ANGELES,-118.30029003,33.97699006
7201900,2016,2016-03-10,1902,2016-02-21,1420,470,17,7,5,5,1902,0,0,0,NA,0,003,GATE 8,BALDWIN,7,E,N,A,-,N,NA,NA,NA,NA,NA,NA,NA,NA,NA,N,3,0,1,2,A,-,05,21650,NA,N,D,G,A,A,H,-,A,A,0,NA,Y,NA,NA,Y,Y,L,04,0,1,0,0,0,0,1,0,0,-,-,NA,NA,LOS ANGELES,ARCADIA,-118.05306,34.138866
7201902,2016,2016-03-10,1942,2016-02-13,0920,41797,0285,6,5,7,1942,0,0,0,B,0,2A75,12TH ST,UNION AV,236,W,N,A,-,N,NA,NA,NA,NA,NA,NA,NA,NA,NA,Y,3,0,2,6,A,-,04,21703,NA,N,B,C,A,A,H,-,A,D,0,NA,NA,NA,NA,Y,NA,-,-,0,2,0,0,0,0,0,0,0,-,-,NA,NA,LOS ANGELES,LOS ANGELES,-118.27672111,34.04652218
7201903,2016,2016-03-10,1942,2016-02-16,0530,41854,1871,2,5,7,1942,0,0,0,R,0,18A97,ROSECRANS,MENLO AV,0,NA,Y,A,-,N,NA,NA,NA,NA,NA,NA,NA,NA,NA,N,4,0,1,2,A,-,08,22107,NA,N,B,C,A,A,H,-,B,A,0,NA,NA,Y,NA,Y,NA,A,01,0,0,1,0,0,0,0,0,1,-,-,NA,NA,LOS ANGELES,LOS ANGELES,-118.28936004,33.90206008
7201906,2016,2016-03-10,1942,2016-02-14,0900,36167,02,7,5,7,1942,0,0,0,B,0,0279,OLYMPIC BL,BLAINE ST,0,NA,Y,A,-,N,NA,NA,NA,NA,NA,NA,NA,NA,NA,Y,4,0,3,2,A,-,09,21801,A,N,A,C,A,A,H,-,A,A,0,NA,NA,NA,NA,Y,NA,A,01,0,0,3,0,0,0,0,0,0,-,-,NA,NA,LOS ANGELES,LOS ANGELES,-118.27006009,34.04732004
7201907,2016,2016-03-10,1942,2016-02-18,0835,38124,0497,4,5,7,1942,0,0,0,D,0,4TL43,SOTO ST,HOSTETTER ST,0,NA,Y,B,-,N,NA,NA,NA,NA,NA,NA,NA,NA,NA,Y,3,0,3,2,A,-,09,21801,A,N,D,C,A,B,H,-,A,D,0,NA,NA,NA,NA,Y,NA,A,01,0,1,2,0,0,0,0,0,0,-,-,NA,NA,LOS ANGELES,LOS ANGELES,-118.21974004,34.0255401
7201910,2016,2016-03-11,1942,2016-02-12,1040,39761,0292,5,5,7,1942,0,0,0,B,0,11TL21,WASHINGTON BL,UNION AV,0,NA,Y,A,-,N,NA,NA,NA,NA,NA,NA,NA,NA,NA,N,4,0,1,2,A,-,09,21801,A,N,A,C,A,A,H,-,A,A,0,NA,NA,Y,NA,Y,NA,A,01,0,0,1,0,0,0,0,0,1,-,-,NA,NA,LOS ANGELES,LOS ANGELES,-118.28116,34.03851008
7201911,2016,2016-03-10,1942,2016-02-15,1445,41982,1821,1,5,7,1942,0,0,0,R,0,5A15,CENTURY BL,VERMONT AV,90,W,N,A,-,N,NA,NA,NA,NA,NA,NA,NA,NA,NA,N,4,0,1,1,C,-,18,NA,NA,N,E,J,A,A,H,-,A,D,0,NA,NA,NA,NA,Y,NA,-,-,0,0,1,0,0,0,0,0,0,-,-,NA,NA,LOS ANGELES,LOS ANGELES,-118.29190617,33.94549
7201915,2016,2016-03-11,1942,2016-02-18,1240,38124,0448,4,5,7,1942,0,0,0,D,0,4TL43,SOTO ST,ALCAZAR ST,310,N,N,A,-,N,NA,NA,NA,NA,NA,NA,NA,NA,NA,Y,3,0,3,2,A,-,03,22350,NA,N,C,C,A,A,H,-,A,D,0,NA,NA,NA,NA,Y,NA,A,01,0,1,2,0,0,0,0,0,0,-,-,NA,NA,LOS ANGELES,LOS ANGELES,-118.19771814,34.06314389
7201919,2016,2016-03-11,1942,2016-02-19,1200,40008,0499,5,5,7,1942,0,0,0,D,0,13TL55,OLYMPIC BL,ESPERANZA,100,W,N,A,-,N,NA,NA,NA,NA,NA,NA,NA,NA,NA,N,4,0,1,2,A,-,07,21658,A,N,B,C,A,A,H,-,A,D,0,NA,NA,NA,NA,Y,NA,A,07,0,0,1,0,0,0,0,0,0,-,-,NA,NA,LOS ANGELES,LOS ANGELES,-118.20133931,34.01879695
7201966,2016,2016-03-07,1942,2016-02-16,0736,38721,0842,2,5,7,1942,0,0,0,H,0,8TL35,WILSHIRE BL,BARRY ST,0,NA,Y,A,-,N,NA,NA,NA,NA,NA,NA,NA,NA,NA,Y,4,0,1,2,A,-,09,21801,A,N,D,C,A,A,H,-,A,D,0,NA,NA,NA,NA,Y,NA,D,22,0,0,1,0,0,0,0,0,0,-,-,NA,NA,LOS ANGELES,LOS ANGELES,-118.4600801,34.05014002
7201970,2016,2016-03-08,1942,2016-01-31,1140,31152,1162,7,5,7,1942,0,0,0,K,0,11TL25,FOUNTAIN AV,VIRGIL AV,140,W,N,B,C,N,NA,NA,NA,NA,NA,NA,NA,NA,NA,N,4,0,1,2,A,-,09,21804,A,N,D,C,A,B,H,-,A,D,0,NA,NA,NA,NA,Y,NA,A,01,0,0,1,0,0,0,0,0,0,-,-,NA,NA,LOS ANGELES,LOS ANGELES,-118.28719138,34.09570058
7201974,2016,2016-03-08,1942,2016-01-30,1435,40291,1149,6,5,7,1942,0,0,0,K,0,11A17,FIGUEROA ST,AVE 51,0,NA,Y,A,-,N,NA,NA,NA,NA,NA,NA,NA,NA,NA,N,4,0,1,3,A,-,04,21703,NA,N,C,C,A,A,H,-,A,D,0,NA,NA,NA,NA,Y,NA,-,-,0,0,1,0,0,0,0,0,0,-,-,NA,NA,LOS ANGELES,LOS ANGELES,-118.20086009,34.10562007
7201978,2016,2016-03-08,1942,2016-02-07,0130,41178,1148,7,5,7,1942,0,0,0,K,0,11A89,MARMION WY,MUSEUM DR,0,NA,N,A,-,N,NA,NA,NA,NA,NA,NA,NA,NA,NA,N,2,0,1,2,A,-,12,22450,A,N,A,G,A,A,H,-,C,D,0,NA,Y,NA,NA,Y,NA,L,04,1,0,0,0,0,0,1,0,0,-,-,NA,NA,LOS ANGELES,LOS ANGELES,-118.20613014,34.09881004
7201986,2016,2016-03-08,1942,2016-02-05,1155,40499,1325,5,5,7,1942,0,0,0,M,0,13A9,CENTRAL AV,ADAMS BL,5,W,N,A,-,N,NA,NA,NA,NA,NA,NA,NA,NA,NA,N,4,0,1,2,B,-,22,NA,NA,F,D,G,A,A,H,-,A,A,0,NA,Y,NA,NA,Y,NA,L,04,0,0,1,0,0,0,1,0,0,-,-,NA,NA,LOS ANGELES,LOS ANGELES,-118.25494564,34.01875712
7202122,2016,2016-03-10,1900,2016-02-16,1830,489533,0453,2,5,6,1949,0,0,0,NA,0,45T1,ROSECRANS AV,FLALLON AV,47,W,N,A,-,N,NA,NA,NA,NA,NA,NA,NA,NA,NA,Y,4,0,4,3,A,-,08,22100,A,N,B,C,A,A,H,-,C,A,0,NA,NA,NA,NA,Y,NA,A,07,0,0,4,0,0,0,0,0,0,-,-,NA,NA,LOS ANGELES,NORWALK,-118.08557456,33.90223
7202124,2016,2016-03-10,1942,2016-02-12,0635,34959,2023,5,5,7,1942,0,0,0,NA,0,20T55,NORMANDIE AV,3RD ST,11,N,N,A,-,N,NA,NA,NA,NA,NA,NA,NA,NA,NA,N,4,0,1,2,A,-,10,21952,NA,N,G,B,F,A,H,-,A,D,0,Y,NA,NA,NA,Y,NA,A,08,0,0,1,0,1,0,0,0,0,-,-,NA,NA,LOS ANGELES,LOS ANGELES,-118.30036,34.06904017
7202126,2016,2016-03-10,1900,2016-01-16,1835,513186,0458,6,5,6,1949,0,0,0,NA,0,43T1,166TH ST,PIONEER BL,98,E,N,A,-,N,NA,NA,NA,NA,NA,NA,NA,NA,NA,N,3,0,1,2,A,-,11,21954,A,N,G,B,D,A,H,-,C,D,0,Y,NA,NA,NA,Y,Y,N,60,0,1,0,0,1,0,0,0,0,-,-,NA,NA,LOS ANGELES,NORWALK,-118.08209782,33.88038
7202128,2016,2016-03-10,1942,2016-02-03,1745,36083,2062,3,5,7,1942,0,0,0,NA,0,14TL52,WESTCHESTER PL,OLYMPIC BL,0,NA,Y,A,-,N,NA,NA,NA,NA,NA,NA,NA,NA,NA,N,4,0,3,2,A,-,09,21802,A,N,D,C,A,A,H,-,C,D,0,NA,NA,NA,NA,Y,NA,A,01,0,0,3,0,0,0,0,0,0,-,-,NA,NA,LOS ANGELES,LOS ANGELES,-118.31656004,34.05249011
7202130,2016,2016-03-10,1900,2016-02-25,1500,529403,0462,4,5,4,1936,0,0,0,NA,0,46T1,BIOLA AV,CAPELLA ST,0,NA,Y,A,-,N,NA,NA,NA,NA,NA,NA,NA,NA,NA,N,4,0,2,2,A,-,09,21801,A,N,D,C,A,A,H,-,A,D,0,NA,NA,NA,NA,Y,NA,A,01,0,0,2,0,0,0,0,0,0,-,-,NA,NA,LOS ANGELES,LA MIRADA,-118.01886012,33.90749006
7202132,2016,2016-03-10,1942,2016-02-09,1550,37613,2056,2,5,7,1942,0,0,0,NA,0,7TL38,NEW HAMPSHIRE AV,OLYMPIC BL,3,S,N,A,-,N,NA,NA,NA,NA,NA,NA,NA,NA,NA,N,3,0,1,2,A,-,05,21650,1,N,H,G,A,A,H,-,A,A,0,NA,Y,NA,NA,Y,NA,L,04,0,1,0,0,0,0,1,0,0,-,-,NA,NA,LOS ANGELES,LOS ANGELES,-118.29264991,34.05266177
7202134,2016,2016-03-10,1900,2016-02-19,1614,541589,0469,5,5,4,1936,0,0,0,NA,0,46T2PM,MARQUARDT AV,LARWIN RD,13,N,N,C,-,N,NA,NA,NA,NA,NA,NA,NA,NA,NA,Y,4,0,2,3,A,-,09,21802,A,N,D,C,A,B,H,-,A,D,0,NA,NA,NA,NA,Y,NA,A,01,0,0,2,0,0,0,0,0,0,-,-,NA,NA,LOS ANGELES,LA MIRADA,-118.03789025,33.90728564
7202135,2016,2016-03-10,1942,2016-02-24,0250,40024,0647,3,5,7,1942,0,0,0,F,0,14TL47,SUNSET BL,VAN NESS AV,280,W,N,A,-,N,NA,NA,NA,NA,NA,NA,NA,NA,NA,Y,4,0,2,1,A,-,03,22350,NA,F,H,I,A,A,H,-,C,D,0,NA,NA,NA,NA,Y,NA,A,01,0,0,2,0,0,0,0,0,0,-,-,NA,NA,LOS ANGELES,LOS ANGELES,-118.31670309,34.09805
7202136,2016,2016-03-10,1942,2016-02-21,1305,37700,2044,7,5,7,1942,0,0,0,NA,0,20T56,8TH ST,HARVARD BL,0,NA,Y,A,-,N,NA,NA,NA,NA,NA,NA,NA,NA,NA,Y,4,0,2,2,A,-,12,21453,A,N,-,C,A,A,H,-,A,A,0,NA,NA,NA,NA,Y,NA,A,01,0,0,2,0,0,0,0,0,0,-,-,NA,NA,LOS ANGELES,LOS ANGELES,-118.30417011,34.05769004
7202139,2016,2016-03-10,1942,2016-02-18,1535,41376,0723,4,5,7,1942,0,0,0,G,0,7TL38,EDINBURGH AV,BEVERLY BL,0,NA,Y,A,-,N,NA,NA,NA,NA,NA,NA,NA,NA,NA,N,4,0,3,2,A,-,09,21802,A,N,D,C,A,A,H,-,A,A,0,NA,NA,NA,NA,Y,NA,A,01,0,0,3,0,0,0,0,0,0,-,-,NA,NA,LOS ANGELES,LOS ANGELES,-118.36373007,34.07610005
7202140,2016,2016-03-10,1942,2016-02-15,0750,38590,2049,1,5,7,1942,0,0,0,NA,0,20T55,VERMONT AV,SAN MARINO ST,0,NA,Y,A,-,N,NA,NA,NA,NA,NA,NA,NA,NA,NA,Y,4,0,1,2,A,-,09,21801,A,N,A,C,A,A,H,-,A,D,0,NA,NA,NA,NA,Y,NA,A,01,0,0,1,0,0,0,0,0,0,-,-,NA,NA,LOS ANGELES,LOS ANGELES,-118.29164011,34.05500009
7202143,2016,2016-03-10,1942,2016-02-19,1420,39065,0759,5,5,7,1942,0,0,0,G,0,14T54,ARLINGTON AV,COUNTRY CLUB DR,150,S,N,A,-,N,NA,NA,NA,NA,NA,NA,NA,NA,NA,Y,4,0,1,2,A,-,03,22350,NA,N,C,C,A,A,H,-,A,D,0,NA,NA,NA,NA,Y,NA,A,01,0,0,1,0,0,0,0,0,0,-,-,NA,NA,LOS ANGELES,LOS ANGELES,-118.31644201,34.04987434
7202144,2016,2016-03-10,1942,2016-02-14,2300,41210,2049,7,5,7,1942,0,0,0,NA,0,6TL7,8TH ST,VERMONT,0,NA,Y,A,-,N,NA,NA,NA,NA,NA,NA,NA,NA,NA,Y,4,0,1,2,A,-,09,21801,A,N,D,C,A,A,H,-,C,A,0,NA,NA,NA,NA,Y,NA,A,01,0,0,1,0,0,0,0,0,0,-,-,NA,NA,LOS ANGELES,LOS ANGELES,-118.29165012,34.05776005
7202147,2016,2016-03-10,1942,2016-02-18,0810,39341,1469,4,5,7,1942,0,0,0,N,0,20TL55,LA TIJERA,CENTINELA AV,20,N,N,B,-,N,NA,NA,NA,NA,NA,NA,NA,NA,NA,Y,4,0,1,2,A,-,03,22350,NA,N,C,C,A,B,H,-,A,A,0,NA,NA,NA,NA,Y,NA,A,01,0,0,1,0,0,0,0,0,0,-,-,NA,NA,LOS ANGELES,LOS ANGELES,-118.37178588,33.97735072
7202148,2016,2016-03-10,1942,2016-02-11,0910,26281,2022,4,5,7,1942,0,0,0,NA,0,7MQ56,6TH ST,SAINT ANDREWS PL,0,NA,Y,A,-,N,NA,NA,NA,NA,NA,NA,NA,NA,NA,N,4,0,1,2,A,-,06,21755,A,N,B,C,A,A,H,-,A,D,0,NA,NA,Y,NA,Y,NA,C,02,0,0,1,0,0,0,0,0,1,-,-,NA,NA,LOS ANGELES,LOS ANGELES,-118.31158001,34.06352011
7202151,2016,2017-02-10,1942,2016-02-11,1130,30264,1445,4,5,7,1942,0,0,0,N,0,14427,VENICE BL,CENTINELA AV,0,NA,Y,A,-,Y,LA,7,187,-,-,4.78,I,5,W,Y,4,0,1,2,D,-,00,NA,NA,N,D,D,A,A,H,-,A,A,0,NA,NA,NA,NA,Y,NA,-,-,0,0,1,0,0,0,0,0,0,-,-,NA,NA,LOS ANGELES,LOS ANGELES,-118.43365766,34.00378761
7202152,2016,2016-03-10,1942,2016-02-17,1820,39061,2073,3,5,7,1942,0,0,0,NA,0,20T59,HARVARD BL,15TH ST,0,NA,Y,C,-,N,NA,NA,NA,NA,NA,NA,NA,NA,NA,N,3,0,1,2,A,-,10,21950,A,N,G,B,B,B,H,-,C,A,0,Y,NA,NA,NA,Y,NA,A,07,0,1,0,0,1,0,0,0,0,-,-,NA,NA,LOS ANGELES,LOS ANGELES,-118.30413005,34.04545009
7202153,2016,2016-03-10,1900,2016-02-19,0739,532987,0451,5,5,6,1949,0,0,0,NA,0,43T1,STUDEBAKER RD,KENNEY ST,0,NA,Y,A,-,N,NA,NA,NA,NA,NA,NA,NA,NA,NA,Y,4,0,2,2,A,-,09,21801,A,N,D,C,A,A,H,-,A,A,0,NA,NA,NA,NA,Y,NA,A,01,0,0,2,0,0,0,0,0,0,-,-,NA,NA,LOS ANGELES,NORWALK,-118.09933003,33.92798001
7202155,2016,2016-03-10,1942,2016-02-16,1640,37966,2027,2,5,7,1942,0,0,0,NA,0,6TL2,ALEXANDRIA AV,WILSHIRE BL,85,N,N,A,-,N,NA,NA,NA,NA,NA,NA,NA,NA,NA,Y,3,0,1,2,C,-,18,NA,NA,N,H,G,A,A,H,-,A,D,0,NA,Y,NA,NA,Y,NA,-,-,0,1,0,0,0,0,1,0,0,-,-,NA,NA,LOS ANGELES,LOS ANGELES,-118.2979219,34.06200311
7202156,2016,2016-03-10,1942,2016-02-20,0020,32297,2029,6,5,7,1942,0,0,0,NA,0,20A39,4TH ST,VIRGIL AV,0,NA,Y,A,-,N,NA,NA,NA,NA,NA,NA,NA,NA,NA,Y,3,0,4,2,A,-,12,21453,A,N,D,C,A,A,H,-,C,A,0,NA,NA,NA,NA,Y,NA,A,01,0,2,2,0,0,0,0,0,0,-,-,NA,NA,LOS ANGELES,LOS ANGELES,-118.28712011,34.06669004
7202159,2016,2016-03-11,1942,2016-02-18,1840,40460,1488,4,5,7,1942,0,0,0,N,0,14T47,AIRPORT BL,ARBOR VITAE ST,0,NA,Y,A,-,N,NA,NA,NA,NA,NA,NA,NA,NA,NA,Y,3,0,3,2,D,-,00,NA,NA,N,D,C,A,A,H,-,C,A,0,NA,NA,NA,NA,Y,NA,-,-,0,1,2,0,0,0,0,0,0,-,-,NA,NA,LOS ANGELES,LOS ANGELES,-118.38587005,33.95266011
7202160,2016,2016-03-10,1942,2016-02-20,1615,40471,2069,6,5,7,1942,0,0,0,NA,0,20A54,PICO BL,WESTMORELAND,0,NA,Y,A,-,N,NA,NA,NA,NA,NA,NA,NA,NA,NA,Y,4,0,1,2,A,-,09,21801,A,N,D,C,A,A,H,-,A,A,0,NA,NA,NA,NA,Y,NA,A,01,0,0,1,0,0,0,0,0,0,-,-,NA,NA,LOS ANGELES,LOS ANGELES,-118.28917012,34.04728001
7202204,2016,2016-03-08,1942,2016-02-20,1805,38638,2014,6,5,7,1942,0,0,0,NA,0,6A44,BEVERLY BL,HARVARD BL,45,E,N,A,-,N,NA,NA,NA,NA,NA,NA,NA,NA,NA,Y,3,0,1,2,A,-,06,21755,A,N,D,C,A,A,H,-,C,D,0,NA,NA,Y,NA,Y,NA,C,02,0,1,0,0,0,0,0,0,1,-,-,NA,NA,LOS ANGELES,LOS ANGELES,-118.30433168,34.07627
7202208,2016,2016-03-08,1942,2016-02-26,2355,39262,2093,5,5,7,1942,0,0,0,NA,0,7TL23,WASHINGTON BL,OXFORD AV,0,NA,Y,A,-,N,NA,NA,NA,NA,NA,NA,NA,NA,NA,Y,4,0,3,2,A,-,01,23152,A,N,D,C,A,A,H,-,C,A,0,NA,NA,NA,NA,Y,Y,A,01,0,0,3,0,0,0,0,0,0,-,-,NA,NA,LOS ANGELES,LOS ANGELES,-118.45477007,33.98661001
7202212,2016,2016-03-08,1942,2016-02-27,2140,37575,2033,6,5,7,1942,0,0,0,NA,0,6T7,HARVARD BL,8TH ST,0,NA,Y,A,-,N,NA,NA,NA,NA,NA,NA,NA,NA,NA,Y,3,0,2,4,A,-,01,23152,A,F,D,C,A,A,H,-,C,A,0,NA,NA,NA,NA,Y,Y,A,01,0,2,0,0,0,0,0,0,0,-,-,NA,NA,LOS ANGELES,LOS ANGELES,-118.30417011,34.05769004
7202216,2016,2016-03-10,1942,2016-02-22,1830,39299,2074,1,5,7,1942,0,0,0,NA,0,20TL59,NORMANDIE AV,PICO BL,125,N,N,A,-,N,NA,NA,NA,NA,NA,NA,NA,NA,NA,N,4,0,1,2,A,-,00,21760,C,F,H,G,A,A,H,-,C,D,0,NA,Y,NA,NA,Y,NA,-,99,0,0,1,0,0,0,1,0,0,-,-,NA,NA,LOS ANGELES,LOS ANGELES,-118.29997,34.0475811
7202220,2016,2016-03-10,1942,2016-02-17,0001,36602,2055,3,5,7,1942,0,0,0,NA,0,20T59,11TH ST,MARIPOSA AV,77,E,N,A,-,N,NA,NA,NA,NA,NA,NA,NA,NA,NA,Y,3,0,1,3,A,-,01,23152,A,N,B,E,A,A,H,-,C,D,0,NA,NA,NA,NA,Y,Y,A,01,0,1,0,0,0,0,0,0,0,-,-,NA,NA,LOS ANGELES,LOS ANGELES,-118.29868631,34.05088244
7202224,2016,2016-03-10,1900,2016-02-27,1515,600125,1127,6,5,6,1992,0,0,0,NA,0,112T1,30TH ST W,AVENUE J-8,0,NA,Y,A,-,N,NA,NA,NA,NA,NA,NA,NA,NA,NA,Y,4,0,1,2,A,-,09,21801,A,F,A,C,A,A,H,-,A,A,0,NA,NA,NA,NA,Y,NA,A,01,0,0,1,0,0,0,0,0,0,-,-,NA,NA,LOS ANGELES,LANCASTER,-118.18371009,34.68214001
7202228,2016,2016-03-10,1900,2016-02-29,1240,236790,1126,1,5,6,1992,0,0,0,NA,0,112T1,AVENUE K,18TH ST WEST,44,E,N,A,-,N,NA,NA,NA,NA,NA,NA,NA,NA,NA,Y,4,0,1,3,A,-,04,21703,NA,N,C,C,A,A,H,-,A,D,0,NA,NA,NA,NA,Y,NA,A,01,0,0,1,0,0,0,0,0,0,-,-,NA,NA,LOS ANGELES,LANCASTER,-118.16331398,34.67499808
7202232,2016,2016-03-10,1900,2016-02-24,1247,550490,1127,3,5,6,1992,0,0,0,NA,0,111T1,AVENUE K,25TH ST WEST,0,NA,Y,A,-,N,NA,NA,NA,NA,NA,NA,NA,NA,NA,Y,3,0,2,2,A,-,12,21453,A,N,D,C,A,A,H,-,A,A,0,NA,NA,NA,NA,Y,NA,A,01,0,1,1,0,0,0,0,0,0,-,-,NA,NA,LOS ANGELES,LANCASTER,-118.17468,34.67495007
7202234,2016,2016-03-07,1942,2016-02-21,1850,38007,0814,7,5,7,1942,0,0,0,H,0,7T23,W SUNSET BL,S CHURCH LN,35,W,N,A,-,N,NA,NA,NA,NA,NA,NA,NA,NA,NA,N,4,0,1,2,A,-,03,22350,NA,F,C,C,A,A,H,-,C,D,0,NA,NA,NA,NA,Y,Y,-,99,0,0,1,0,0,0,0,0,0,-,-,NA,NA,LOS ANGELES,LOS ANGELES,-118.46751889,34.07239055