CASE_ID,ACCIDENT_YEAR,PROC_DATE,JURIS,COLLISION_DATE,COLLISION_TIME,OFFICER_ID,REPORTING_DISTRICT,DAY_OF_WEEK,CHP_SHIFT,POPULATION,CNTY_CITY_LOC,SPECIAL_COND,BEAT_TYPE,CHP_BEAT_TYPE,CITY_DIVISION_LAPD,CHP_BEAT_CLASS,BEAT_NUMBER,PRIMARY_RD,SECONDARY_RD,DISTANCE,DIRECTION,INTERSECTION,WEATHER_1,WEATHER_2,STATE_HWY_IND,CALTRANS_COUNTY,CALTRANS_DISTRICT,STATE_ROUTE,ROUTE_SUFFIX,POSTMILE_PREFIX,POSTMILE,LOCATION_TYPE,RAMP_INTERSECTION,SIDE_OF_HWY,TOW_AWAY,COLLISION_SEVERITY,NUMBER_KILLED,NUMBER_INJURED,PARTY_COUNT,PRIMARY_COLL_FACTOR,PCF_CODE_OF_VIOL,PCF_VIOL_CATEGORY,PCF_VIOLATION,PCF_VIOL_SUBSECTION,HIT_AND_RUN,TYPE_OF_COLLISION,MVIW,PED_ACTION,ROAD_SURFACE,ROAD_COND_1,ROAD_COND_2,LIGHTING,CONTROL_DEVICE,CHP_ROAD_TYPE,PEDESTRIAN_ACCIDENT,BICYCLE_ACCIDENT,MOTORCYCLE_ACCIDENT,TRUCK_ACCIDENT,NOT_PRIVATE_PROPERTY,ALCOHOL_INVOLVED,STWD_VEHTYPE_AT_FAULT,CHP_VEHTYPE_AT_FAULT,COUNT_SEVERE_INJ,COUNT_VISIBLE_INJ,COUNT_COMPLAINT_PAIN,COUNT_PED_KILLED,COUNT_PED_INJURED,COUNT_BICYCLIST_KILLED,COUNT_BICYCLIST_INJURED,COUNT_MC_KILLED,COUNT_MC_INJURED,PRIMARY_RAMP,SECONDARY_RAMP,LATITUDE,LONGITUDE,COUNTY,CITY,POINT_X,POINT_Y
7204033,2015,2016-03-11,1910,2015-07-01,1231,00802,NA,3,5,4,1910,0,0,0,NA,0,005,DOHENY DR,BURTON WY,0,NA,Y,A,-,N,NA,NA,NA,NA,NA,NA,NA,NA,NA,N,3,0,1,2,A,-,05,21202,A,N,D,G,A,A,H,-,A,A,0,NA,Y,NA,NA,Y,NA,L,04,0,1,0,0,0,0,1,0,0,-,-,34.07211,-118.38978,LOS ANGELES,BEVERLY HILLS,-118.38973003,34.07209002
7204034,2015,2016-03-14,1910,2015-06-05,1543,03494,NA,5,5,4,1910,0,0,0,NA,0,007,SOUTH SANTA MONICA BL,CRESCENT DR,30,E,N,A,-,N,NA,NA,NA,NA,NA,NA,NA,NA,NA,N,4,0,1,2,A,-,03,22350,NA,N,C,C,A,A,H,-,A,A,0,NA,NA,NA,NA,Y,NA,A,01,0,0,1,0,0,0,0,0,0,-,-,NA,NA,LOS ANGELES,BEVERLY HILLS,-118.40044115,34.07194206
7204035,2015,2016-03-14,1910,2015-07-28,1920,04114,NA,2,5,4,1910,0,0,0,NA,0,005,W WILSHIRE BL,N ROXBURY DR,0,NA,Y,A,-,N,NA,NA,NA,NA,NA,NA,NA,NA,NA,N,4,0,1,2,A,-,07,21658,A,M,B,C,A,A,H,-,B,D,0,NA,NA,NA,NA,Y,Y,A,01,0,0,1,0,0,0,0,0,0,-,-,34.06743,-118.40658,LOS ANGELES,BEVERLY HILLS,-118.40603005,34.06708005
7204036,2015,2016-03-11,1910,2015-07-17,0809,03410,NA,5,5,4,1910,0,0,0,NA,0,007,OLYMPIC BL,DOHENY DR,0,NA,Y,A,-,N,NA,NA,NA,NA,NA,NA,NA,NA,NA,N,4,0,1,2,A,-,10,21950,A,N,G,B,B,A,H,-,A,A,0,Y,NA,NA,NA,Y,NA,A,01,0,0,1,0,1,0,0,0,0,-,-,34.05946,-118.38994,LOS ANGELES,BEVERLY HILLS,-118.38980007,34.05936
7204037,2015,2016-03-14,1910,2015-06-24,1608,03438,NA,3,5,4,1910,0,0,0,NA,0,009,WHITWORTH DR,S CLARK DR,0,NA,Y,A,-,N,NA,NA,NA,NA,NA,NA,NA,NA,NA,Y,4,0,1,2,A,-,12,22450,A,N,D,C,A,A,H,-,A,A,0,NA,NA,NA,NA,Y,NA,A,01,0,0,1,0,0,0,0,0,0,-,-,34.05594,-118.39036,LOS ANGELES,BEVERLY HILLS,-118.3847401,34.05709007
7204038,2015,2016-03-11,1910,2015-06-04,1823,03438,NA,4,5,4,1910,0,0,0,NA,0,008,SOUTH SANTA MONICA BL,PALM DR,50,E,N,A,-,N,NA,NA,NA,NA,NA,NA,NA,NA,NA,Y,3,0,2,2,A,-,03,22350,NA,N,C,C,A,-,H,-,-,D,0,NA,NA,NA,NA,Y,NA,A,01,0,2,0,0,0,0,0,0,0,-,-,34.0775,-118.39527,LOS ANGELES,BEVERLY HILLS,-118.39548076,34.07730511
7204039,2015,2016-03-11,1910,2015-07-27,0734,25212,NA,1,5,4,1910,0,0,0,NA,0,007,DOHENY DR,CHARLEVILLE BL,150,N,N,A,-,N,NA,NA,NA,NA,NA,NA,NA,NA,NA,Y,4,0,2,2,A,-,03,22350,NA,N,D,C,A,A,H,-,A,D,0,NA,NA,NA,NA,Y,NA,A,01,0,0,2,0,0,0,0,0,0,-,-,34.06668,-118.3897,LOS ANGELES,BEVERLY HILLS,-118.38973805,34.06541141
7204040,2015,2016-03-11,1910,2015-07-18,1442,04335,NA,6,5,4,1910,0,0,0,NA,0,006,N COLDWATER CANYON,MONTECIELO DR,546,S,N,C,D,N,NA,NA,NA,NA,NA,NA,NA,NA,NA,N,3,0,1,2,A,-,09,21802,A,N,A,C,A,B,H,-,A,D,0,NA,NA,NA,NA,Y,NA,A,01,0,1,0,0,0,0,0,0,0,-,-,34.09952,-118.4059,LOS ANGELES,BEVERLY HILLS,-118.40606868,34.09991398
7204041,2015,2016-03-14,1910,2015-06-25,1603,02839,NA,4,5,4,1910,0,0,0,NA,0,004,WILSHIRE BL,WILSHIRE DR,0,NA,Y,A,-,N,NA,NA,NA,NA,NA,NA,NA,NA,NA,Y,4,0,2,2,A,-,00,23123,A,N,C,C,A,A,H,-,A,A,0,NA,NA,NA,NA,Y,NA,A,01,0,0,2,0,0,0,0,0,0,-,-,NA,NA,LOS ANGELES,BEVERLY HILLS,-118.41636001,34.0670801
7204042,2015,2016-03-15,1910,2015-06-03,1715,03633,NA,3,5,4,1910,0,0,0,NA,0,009,WILSHIRE BL,CLARK DR,0,NA,Y,A,-,N,NA,NA,NA,NA,NA,NA,NA,NA,NA,Y,4,0,2,3,A,-,09,21802,A,N,D,C,A,A,H,-,A,D,0,NA,NA,NA,NA,Y,NA,A,01,0,0,2,0,0,0,0,0,0,-,-,34.06697,-118.38473,LOS ANGELES,BEVERLY HILLS,-118.38470005,34.06707
7204043,2015,2016-03-11,1910,2015-07-27,1115,03633,NA,1,5,4,1910,0,0,0,NA,0,005,E OLYMPIC BL,LINDEN DR,21,E,N,A,-,N,NA,NA,NA,NA,NA,NA,NA,NA,NA,Y,4,0,1,2,A,-,07,21658,A,N,E,E,A,A,H,-,A,D,0,NA,NA,Y,NA,Y,NA,C,03,0,0,1,0,0,0,0,0,1,-,-,34.05964,-118.40771,LOS ANGELES,BEVERLY HILLS,-118.40775083,34.05969187
7204044,2015,2016-03-11,1910,2015-07-16,1231,03494,NA,4,5,4,1910,0,0,0,NA,0,007,DOHENY DR,CLIFTON WY,25,N,N,A,-,N,NA,NA,NA,NA,NA,NA,NA,NA,NA,N,4,0,1,2,A,-,03,22350,NA,N,C,C,A,A,H,-,A,A,0,NA,NA,NA,NA,Y,NA,A,01,0,0,1,0,0,0,0,0,0,-,-,NA,NA,LOS ANGELES,BEVERLY HILLS,-118.38973,34.06934857
7204045,2015,2016-03-15,1910,2015-06-26,1626,02839,NA,5,5,4,1910,0,0,0,NA,0,009,LA CIENEGA BL,WILSHIRE BL,350,N,N,A,-,N,NA,NA,NA,NA,NA,NA,NA,NA,NA,N,3,0,1,2,A,-,06,21750,NA,N,D,C,A,A,H,-,A,D,0,NA,NA,Y,NA,Y,NA,C,02,0,1,0,0,0,0,0,0,1,-,-,34.06651,-118.37626,LOS ANGELES,BEVERLY HILLS,-118.37625636,34.06613971
7204046,2015,2016-03-11,1910,2015-06-03,1455,02230,NA,3,5,4,1910,0,0,0,NA,0,009,BURTON WY,ROBERTSON BL,0,NA,Y,A,-,N,NA,NA,NA,NA,NA,NA,NA,NA,NA,Y,4,0,1,2,A,-,10,21950,A,N,G,B,B,A,H,-,A,A,0,Y,NA,NA,NA,Y,NA,-,-,0,0,1,0,1,0,0,0,0,-,-,NA,NA,LOS ANGELES,BEVERLY HILLS,-118.38378006,34.07211011
7204047,2015,2016-03-11,1910,2015-07-25,1427,401,NA,6,5,4,1910,0,0,0,NA,0,004,N CRESCENT DR N,CARMELITA AV,238,N,N,A,-,N,NA,NA,NA,NA,NA,NA,NA,NA,NA,Y,3,0,1,2,A,-,08,22107,NA,N,C,E,A,A,H,-,A,D,0,NA,NA,NA,NA,Y,NA,A,01,0,1,0,0,0,0,0,0,0,-,-,NA,NA,LOS ANGELES,BEVERLY HILLS,-118.4044636,34.07656466
7204048,2015,2016-03-11,1910,2015-07-16,1059,34075,NA,4,5,4,1910,0,0,0,NA,0,005,S BEVERLY BL,CHARLEVILLE BL,250,S,N,A,-,N,NA,NA,NA,NA,NA,NA,NA,NA,NA,N,3,0,1,1,B,-,22,NA,NA,N,H,A,A,A,H,-,A,D,0,NA,Y,NA,NA,Y,NA,L,04,0,1,0,0,0,0,1,0,0,-,-,34.06419,-118.39913,LOS ANGELES,BEVERLY HILLS,-118.39912,34.06431429
7204049,2015,2016-03-17,1910,2015-08-28,0900,04573,NA,5,5,4,1910,0,0,0,NA,0,007,BEVERWIL DR,SMITHWOOD DR,0,NA,Y,A,-,N,NA,NA,NA,NA,NA,NA,NA,NA,NA,N,3,0,1,2,A,-,09,21801,A,F,G,G,A,A,H,-,A,D,0,NA,Y,NA,NA,Y,NA,A,01,0,1,0,0,0,0,1,0,0,-,-,NA,NA,LOS ANGELES,BEVERLY HILLS,-118.39912004,34.05824012
7204050,2015,2016-03-11,1910,2015-06-02,1720,03633,NA,2,5,4,1910,0,0,0,NA,0,007,WILSHIRE BL,DOHENY DR,10,E,N,A,-,N,NA,NA,NA,NA,NA,NA,NA,NA,NA,N,4,0,1,2,A,-,10,21950,A,N,G,B,B,A,H,-,A,A,0,Y,NA,NA,NA,Y,NA,A,01,0,0,1,0,1,0,0,0,0,-,-,34.06693,-118.38995,LOS ANGELES,BEVERLY HILLS,-118.38968704,34.06706
7204051,2015,2016-03-11,1910,2015-07-25,0844,04335,NA,6,5,4,1910,0,0,0,NA,0,009,S CLARK DR,GREGORY WY,212,N,N,A,-,N,NA,NA,NA,NA,NA,NA,NA,NA,NA,N,3,0,1,2,B,-,22,NA,NA,N,G,B,F,A,H,-,A,D,0,Y,NA,NA,NA,Y,NA,A,07,0,1,0,0,1,0,0,0,0,-,-,34.06292,-118.32479,LOS ANGELES,BEVERLY HILLS,-118.38458407,34.06280145
7204052,2015,2016-03-11,1910,2015-07-16,0931,34075,NA,4,5,4,1910,0,0,0,NA,0,005,OLYMPIC BL,SPALDING DR,0,NA,Y,A,-,N,NA,NA,NA,NA,NA,NA,NA,NA,NA,Y,3,0,2,2,A,-,09,21801,A,N,D,C,A,A,H,-,A,A,0,NA,NA,NA,NA,Y,NA,A,01,0,1,1,0,0,0,0,0,0,-,-,34.0597,-118.40891,LOS ANGELES,BEVERLY HILLS,-118.40893009,34.05969005
7204053,2015,2016-06-02,1910,2015-06-24,1207,02839,NA,3,5,4,1910,0,0,0,NA,0,004,SUNSET BL,N CANON DR,0,NA,Y,A,-,N,NA,NA,NA,NA,NA,NA,NA,NA,NA,N,3,0,1,2,A,-,12,21453,A,N,H,G,A,A,H,-,A,A,0,NA,Y,NA,NA,Y,NA,L,04,0,1,0,0,0,0,1,0,0,-,-,34.08004,-118.41445,LOS ANGELES,BEVERLY HILLS,-118.41401,34.08010006
7204054,2015,2016-03-11,1910,2015-06-02,1421,00802,NA,2,5,4,1910,0,0,0,NA,0,009,WILSHIRE BL,S OAKHURST DR,0,NA,Y,A,-,N,NA,NA,NA,NA,NA,NA,NA,NA,NA,Y,4,0,2,2,A,-,09,21801,A,N,D,C,A,A,H,-,A,D,0,NA,NA,NA,NA,Y,NA,A,01,0,0,2,0,0,0,0,0,0,-,-,34.06706,-118.39079,LOS ANGELES,BEVERLY HILLS,-118.39073005,34.06706011
7204055,2015,2016-03-11,1910,2015-07-24,0747,34075,NA,5,5,4,1910,0,0,0,NA,0,007,WILSHIRE BL,MAPLE DR,25,E,N,A,-,N,NA,NA,NA,NA,NA,NA,NA,NA,NA,N,4,0,1,2,A,-,03,22350,NA,N,C,C,A,A,H,-,A,D,0,NA,NA,NA,NA,Y,NA,A,01,0,0,1,0,0,0,0,0,0,-,-,34.06709,-118.39364,LOS ANGELES,BEVERLY HILLS,-118.39344761,34.06706
7204056,2015,2016-03-11,1910,2015-07-14,1130,03410,NA,2,5,4,1910,0,0,0,NA,0,005,WILSHIRE BL,LINDEN DR,0,NA,Y,A,-,N,NA,NA,NA,NA,NA,NA,NA,NA,NA,N,3,0,1,2,A,-,11,21954,A,N,G,B,E,A,H,-,A,D,0,Y,NA,NA,NA,Y,NA,N,60,0,1,0,0,1,0,0,0,0,-,-,34.06717,-118.40805,LOS ANGELES,BEVERLY HILLS,-118.40779006,34.06708001
7204057,2015,2016-03-15,1910,2015-06-23,1958,03438,NA,2,5,4,1910,0,0,0,NA,0,004,NORTH SANTA MONICA BL,N BEVERLY DR,0,NA,Y,A,-,N,NA,NA,NA,NA,NA,NA,NA,NA,NA,Y,4,0,1,2,A,-,09,21800,A,N,D,C,A,A,H,-,A,A,0,NA,NA,NA,NA,Y,NA,A,01,0,0,1,0,0,0,0,0,0,-,-,34.07362,-118.40036,LOS ANGELES,BEVERLY HILLS,-118.40367008,34.07167001
7204058,2015,2016-03-11,1910,2015-06-02,1400,03633,NA,2,5,4,1910,0,0,0,NA,0,006,SUNSET BL,SIERRA DR,0,NA,Y,A,-,N,NA,NA,NA,NA,NA,NA,NA,NA,NA,Y,3,0,3,2,A,-,09,21801,A,N,A,C,A,A,H,-,A,D,0,NA,NA,NA,NA,Y,NA,A,01,0,1,2,0,0,0,0,0,0,-,-,34.0893,-118.39426,LOS ANGELES,BEVERLY HILLS,-118.39423004,34.08930005
7204059,2015,2016-03-11,1910,2015-07-24,0722,02839,NA,5,5,4,1910,0,0,0,NA,0,009,S ROBERTSON BL,OLYMPIC BL,140,S,N,A,-,N,NA,NA,NA,NA,NA,NA,NA,NA,NA,N,4,0,1,2,A,-,03,22350,NA,N,C,C,A,A,-,-,A,D,0,NA,NA,NA,NA,Y,NA,-,NA,0,0,1,0,0,0,0,0,0,-,-,34.05891,-118.38366,LOS ANGELES,BEVERLY HILLS,-118.38365141,34.05898613
7204060,2015,2016-03-11,1910,2015-07-15,1635,03633,NA,3,5,4,1910,0,0,0,NA,0,009,LA CIENEGA BL,CLIFTON WY,0,NA,Y,A,-,N,NA,NA,NA,NA,NA,NA,NA,NA,NA,N,3,0,1,2,A,-,10,21950,A,N,G,B,B,A,H,-,A,A,0,Y,NA,NA,NA,Y,NA,-,NA,0,1,0,0,1,0,0,0,0,-,-,NA,NA,LOS ANGELES,BEVERLY HILLS,-118.37635002,34.06931008
7204061,2015,2016-03-17,1910,2015-06-23,0823,03410,NA,2,5,4,1910,0,0,0,NA,0,006,SANTA MONICA BL,PALM DR,0,NA,Y,A,-,N,NA,NA,NA,NA,NA,NA,NA,NA,NA,N,4,0,1,2,A,-,21,22106,NA,N,C,C,A,A,H,-,A,A,0,NA,NA,NA,NA,Y,NA,A,01,0,0,1,0,0,0,0,0,0,-,-,34.07728,-118.39558,LOS ANGELES,BEVERLY HILLS,-118.39561013,34.07722001
7204062,2015,2016-03-11,1910,2015-06-01,1800,03633,NA,1,5,4,1910,0,0,0,NA,0,005,OLYMPIC BL,RODEO DR,0,NA,Y,A,-,N,NA,NA,NA,NA,NA,NA,NA,NA,NA,Y,4,0,1,2,A,-,09,21801,A,N,D,C,A,A,H,-,A,D,0,NA,NA,NA,NA,Y,NA,A,01,0,0,1,0,0,0,0,0,0,-,-,34.05967,-118.40126,LOS ANGELES,BEVERLY HILLS,-118.4013101,34.05968008
7204063,2015,2016-03-11,1910,2015-07-23,1716,02839,NA,4,5,4,1910,0,0,0,NA,0,005,WILSHIRE BL,CAMDEN DR,0,NA,Y,A,-,N,NA,NA,NA,NA,NA,NA,NA,NA,NA,N,4,0,1,2,A,-,03,22350,NA,N,C,C,A,-,H,-,A,A,0,NA,NA,NA,NA,Y,NA,A,01,0,0,1,0,0,0,0,0,0,-,-,34.06711,-118.40216,LOS ANGELES,BEVERLY HILLS,-118.40264011,34.06707007
7204064,2015,2016-03-11,1910,2015-07-11,1422,04335,NA,6,5,4,1910,0,0,0,NA,0,004,E SUNSET BL,LADERA,0,NA,Y,A,-,N,NA,NA,NA,NA,NA,NA,NA,NA,NA,Y,3,0,2,3,A,-,03,22350,NA,N,A,C,A,A,H,-,-,D,0,NA,NA,Y,NA,Y,NA,C,02,0,2,0,0,0,0,0,0,2,-,-,34.0796,-118.42278,LOS ANGELES,BEVERLY HILLS,-118.42299002,34.07988003
7204065,2015,2016-03-14,1910,2015-06-23,0821,02839,NA,2,5,4,1910,0,0,0,NA,0,005,SOUTH SANTA MONICA BL,LINDEN DR,0,NA,Y,A,-,N,NA,NA,NA,NA,NA,NA,NA,NA,NA,Y,4,0,1,2,A,-,09,21801,A,N,D,C,A,A,H,-,A,A,0,NA,NA,NA,NA,Y,NA,E,22,0,0,1,0,0,0,0,0,0,-,-,NA,NA,LOS ANGELES,BEVERLY HILLS,-118.4083901,34.06783004
7204067,2015,2016-07-21,1910,2015-07-01,1759,02230,NA,3,5,4,1910,0,0,0,NA,0,004,BENEDICT CANYON RD,CHEVY CHASE DR,0,NA,Y,A,-,N,NA,NA,NA,NA,NA,NA,NA,NA,NA,Y,3,0,1,2,A,-,09,21802,A,N,A,C,A,A,H,-,A,A,0,NA,NA,NA,NA,Y,NA,A,01,0,1,0,0,0,0,0,0,0,-,-,NA,NA,LOS ANGELES,BEVERLY HILLS,-118.42158008,34.08463012
7204068,2015,2016-03-11,1910,2015-07-11,1202,03494,NA,6,5,4,1910,0,0,0,NA,0,007,WILSHIRE BL,OAKHURST DR,70,E,N,A,-,N,NA,NA,NA,NA,NA,NA,NA,NA,NA,Y,4,0,1,2,A,-,08,22107,NA,N,F,E,A,A,H,-,A,D,0,NA,NA,NA,NA,Y,NA,A,01,0,0,1,0,0,0,0,0,0,-,-,NA,NA,LOS ANGELES,BEVERLY HILLS,-118.39074929,34.06706
7204069,2015,2016-03-17,1910,2015-06-22,1238,03410,NA,1,5,4,1910,0,0,0,NA,0,009,WILSHIRE BL,WILLAMAN DR,0,NA,Y,A,-,N,NA,NA,NA,NA,NA,NA,NA,NA,NA,Y,4,0,3,2,A,-,03,22350,I,N,C,C,A,A,H,-,A,A,0,NA,NA,NA,NA,Y,NA,-,NA,0,0,3,0,0,0,0,0,0,-,-,34.06627,-118.3804,LOS ANGELES,BEVERLY HILLS,-118.38050011,34.06627003
7204070,2015,2016-03-11,1910,2015-06-01,1353,00802,NA,1,5,4,1910,0,0,0,NA,0,009,WILSHIRE BL,N PALM DR,0,NA,Y,A,-,N,NA,NA,NA,NA,NA,NA,NA,NA,NA,Y,4,0,1,2,A,-,09,21801,A,N,D,C,A,A,H,-,A,D,0,NA,NA,Y,NA,Y,NA,A,07,0,0,1,0,0,0,0,0,1,-,-,34.06708,-118.39221,LOS ANGELES,BEVERLY HILLS,-118.39224009,34.06706003
7204071,2015,2016-07-21,1910,2015-07-30,2028,04230,NA,4,5,4,1910,0,0,0,NA,0,004,WILSHIRE BL,WHITTIER DR,300,W,N,A,-,N,NA,NA,NA,NA,NA,NA,NA,NA,NA,NA,4,0,2,2,A,-,09,21801,A,N,D,C,A,A,H,-,C,D,0,NA,NA,NA,NA,Y,NA,A,01,0,0,2,0,0,0,0,0,0,-,-,34.06706,-118.41586,LOS ANGELES,BEVERLY HILLS,-118.41564876,34.06708
7204072,2015,2016-03-11,1910,2015-07-10,1712,02230,NA,5,5,4,1910,0,0,0,NA,0,009,S ROBERTSON BL,GREGORY WY,0,NA,Y,A,-,N,NA,NA,NA,NA,NA,NA,NA,NA,NA,Y,3,0,2,2,A,-,09,21804,NA,N,A,C,A,A,H,-,A,D,0,NA,NA,NA,NA,Y,NA,A,01,0,1,1,0,0,0,0,0,0,-,-,NA,NA,LOS ANGELES,BEVERLY HILLS,-118.3835601,34.06297002
7204073,2015,2016-03-14,1910,2015-06-21,1528,04574,NA,7,5,4,1910,0,0,0,NA,0,004,W N SANTA MONICA BL,REXFORD DR,3,W,N,A,-,N,NA,NA,NA,NA,NA,NA,NA,NA,NA,N,4,0,1,2,A,-,04,21703,NA,N,C,C,A,A,H,-,A,A,0,NA,NA,NA,NA,Y,NA,A,01,0,0,1,0,0,0,0,0,0,-,-,34.07374,-118.40061,LOS ANGELES,BEVERLY HILLS,-118.4006205,34.073757
7204074,2015,2016-03-16,1910,2015-06-23,1010,03438,NA,2,5,4,1910,0,0,0,NA,0,007,BRIGHTON WY,N CAMDEN DR,25,E,N,A,-,N,NA,NA,NA,NA,NA,NA,NA,NA,NA,N,4,0,1,2,A,-,03,22350,NA,N,C,C,A,A,H,-,A,D,0,NA,NA,NA,Y,Y,NA,A,01,0,0,1,0,0,0,0,0,0,-,-,34.06883,-118.40406,LOS ANGELES,BEVERLY HILLS,-118.40392732,34.06856451
7204075,2015,2016-03-11,1910,2015-07-19,1528,04574,NA,7,5,4,1910,0,0,0,NA,0,009,E WILSHIRE BL,LA CIENEGA BL,75,W,N,A,-,N,NA,NA,NA,NA,NA,NA,NA,NA,NA,Y,2,0,3,3,A,-,03,22350,NA,N,C,C,A,A,H,-,A,A,0,NA,NA,NA,NA,Y,NA,A,01,1,1,1,0,0,0,0,0,0,-,-,34.355,-118.2236,LOS ANGELES,BEVERLY HILLS,-118.37646378,34.0652468
7204076,2015,2016-03-11,1910,2015-07-10,0911,02839,NA,5,5,4,1910,0,0,0,NA,0,009,S LA CIENEGA BL,GREGORY WY,270,N,N,A,-,N,NA,NA,NA,NA,NA,NA,NA,NA,NA,N,4,0,1,2,A,-,09,21801,A,N,D,C,A,-,H,-,A,D,0,NA,NA,NA,NA,Y,NA,A,01,0,0,1,0,0,0,0,0,0,-,-,34.06343,-118.37606,LOS ANGELES,BEVERLY HILLS,-118.37616626,34.06339021
7204077,2015,2016-03-14,1910,2015-06-20,1358,04574,NA,6,5,4,1910,0,0,0,NA,0,009,E WILSHIRE BL,S HAMILTON DR,136,W,N,A,-,N,NA,NA,NA,NA,NA,NA,NA,NA,NA,Y,4,0,1,2,D,-,00,NA,NA,N,B,C,A,A,H,-,A,D,0,NA,NA,Y,NA,Y,NA,-,-,0,0,1,0,0,0,0,0,1,-,-,34.06496,-118.37575,LOS ANGELES,BEVERLY HILLS,-118.37558842,34.06501961
7204078,2015,2016-03-16,1910,2015-06-24,1559,03209,NA,3,5,4,1910,0,0,0,NA,0,006,N DOHENY DR,ELEVADO AV,0,NA,Y,A,-,N,NA,NA,NA,NA,NA,NA,NA,NA,NA,Y,3,0,1,2,A,-,09,21802,A,N,D,C,A,A,H,-,A,A,0,NA,NA,NA,NA,Y,NA,A,07,0,1,0,0,0,0,0,0,0,-,-,34.08489,-118.38978,LOS ANGELES,BEVERLY HILLS,-118.38980013,34.08489008
7204079,2015,2016-03-11,1910,2015-07-19,1815,04114,NA,7,5,4,1910,0,0,0,NA,0,009,W WILSHIRE BL,N ARNAZ DR,0,NA,Y,B,C,N,NA,NA,NA,NA,NA,NA,NA,NA,NA,Y,4,0,1,2,A,-,09,21801,A,N,D,C,A,B,H,-,A,D,0,NA,NA,NA,NA,Y,NA,A,01,0,0,1,0,0,0,0,0,0,-,-,NA,NA,LOS ANGELES,BEVERLY HILLS,-118.38263004,34.06681002
7204080,2015,2016-03-11,1910,2015-07-08,1508,03620,NA,3,5,4,1910,0,0,0,NA,0,007,S ELM DR,OLYMPIC BL,100,S,N,A,-,N,NA,NA,NA,NA,NA,NA,NA,NA,NA,Y,4,0,1,2,A,-,17,22517,NA,N,B,E,A,A,H,-,A,D,0,NA,NA,NA,NA,Y,NA,-,NA,0,0,1,0,0,0,0,0,0,-,-,NA,NA,LOS ANGELES,BEVERLY HILLS,-118.39493,34.05908572
7204081,2015,2016-03-14,1910,2015-05-03,0748,3072,NA,7,5,4,1910,0,0,0,NA,0,007,N CANON DR,BRIGHTON WY,0,NA,Y,B,-,N,NA,NA,NA,NA,NA,NA,NA,NA,NA,Y,4,0,1,2,A,-,12,21453,A,N,D,C,A,A,H,-,A,A,0,NA,NA,NA,NA,Y,NA,A,01,0,0,1,0,0,0,0,0,0,-,-,34.07025,-118.40141,LOS ANGELES,BEVERLY HILLS,-118.40092005,34.07065003
7204082,2015,2016-03-14,1910,2015-05-15,0641,3209,NA,5,5,4,1910,0,0,0,NA,0,004,SUNSET BL,GREENWAY DR,52,W,N,B,C,N,NA,NA,NA,NA,NA,NA,NA,NA,NA,Y,4,0,1,1,A,-,01,23152,A,N,E,I,A,B,H,-,A,A,0,NA,NA,NA,NA,Y,Y,D,23,0,0,1,0,0,0,0,0,0,-,-,34.07698,-118.42143,LOS ANGELES,BEVERLY HILLS,-118.42142027,34.07704783
7204083,2015,2016-03-11,1910,2015-04-30,1333,0802,NA,4,5,4,1910,0,0,0,NA,0,005,CRESCENT DR,CLIFTON WY,0,NA,Y,A,-,N,NA,NA,NA,NA,NA,NA,NA,NA,NA,Y,4,0,1,2,A,-,12,22450,A,N,D,C,A,A,H,-,A,A,0,NA,NA,NA,NA,Y,NA,A,01,0,0,1,0,0,0,0,0,0,-,-,34.0699,-118.39853,LOS ANGELES,BEVERLY HILLS,-118.39717011,34.06853002
7204084,2015,2016-03-11,1910,2015-04-03,1739,3209,NA,5,5,4,1910,0,0,0,NA,0,005,OLYMPIC BL,EL CAMINO DR,0,NA,Y,A,-,N,NA,NA,NA,NA,NA,NA,NA,NA,NA,Y,3,0,1,2,A,-,09,21801,A,N,D,C,A,A,H,-,A,A,0,NA,NA,Y,NA,Y,NA,A,01,0,1,0,0,0,0,0,0,1,-,-,34.05962,-118.40019,LOS ANGELES,BEVERLY HILLS,-118.40021001,34.0596801
7204085,2015,2016-03-14,1910,2015-05-30,1217,2841,NA,6,5,4,1910,0,0,0,NA,0,009,N ROBERTSON BL,CHARLEVILLE BL,0,NA,Y,A,-,N,NA,NA,NA,NA,NA,NA,NA,NA,NA,NA,4,0,1,2,A,-,03,22350,NA,N,C,C,A,A,H,-,A,D,0,NA,NA,NA,NA,Y,NA,A,01,0,0,1,0,0,0,0,0,0,-,-,NA,NA,LOS ANGELES,BEVERLY HILLS,-118.38366007,34.06498011
7204086,2015,2016-03-14,1910,2015-05-14,1903,4266,NA,4,5,4,1910,0,0,0,NA,0,005,OLYMPIC BL,S RODEO DR,0,NA,Y,B,-,N,NA,NA,NA,NA,NA,NA,NA,NA,NA,Y,4,0,1,2,A,-,09,21804,A,N,D,C,A,A,H,-,A,A,0,NA,NA,NA,NA,Y,NA,A,01,0,0,1,0,0,0,0,0,0,-,-,34.06014,-118.40126,LOS ANGELES,BEVERLY HILLS,-118.4013101,34.05968008