CASE_ID,ACCIDENT_YEAR,PROC_DATE,JURIS,COLLISION_DATE,COLLISION_TIME,OFFICER_ID,REPORTING_DISTRICT,DAY_OF_WEEK,CHP_SHIFT,POPULATION,CNTY_CITY_LOC,SPECIAL_COND,BEAT_TYPE,CHP_BEAT_TYPE,CITY_DIVISION_LAPD,CHP_BEAT_CLASS,BEAT_NUMBER,PRIMARY_RD,SECONDARY_RD,DISTANCE,DIRECTION,INTERSECTION,WEATHER_1,WEATHER_2,STATE_HWY_IND,CALTRANS_COUNTY,CALTRANS_DISTRICT,STATE_ROUTE,ROUTE_SUFFIX,POSTMILE_PREFIX,POSTMILE,LOCATION_TYPE,RAMP_INTERSECTION,SIDE_OF_HWY,TOW_AWAY,COLLISION_SEVERITY,NUMBER_KILLED,NUMBER_INJURED,PARTY_COUNT,PRIMARY_COLL_FACTOR,PCF_CODE_OF_VIOL,PCF_VIOL_CATEGORY,PCF_VIOLATION,PCF_VIOL_SUBSECTION,HIT_AND_RUN,TYPE_OF_COLLISION,MVIW,PED_ACTION,ROAD_SURFACE,ROAD_COND_1,ROAD_COND_2,LIGHTING,CONTROL_DEVICE,CHP_ROAD_TYPE,PEDESTRIAN_ACCIDENT,BICYCLE_ACCIDENT,MOTORCYCLE_ACCIDENT,TRUCK_ACCIDENT,NOT_PRIVATE_PROPERTY,ALCOHOL_INVOLVED,STWD_VEHTYPE_AT_FAULT,CHP_VEHTYPE_AT_FAULT,COUNT_SEVERE_INJ,COUNT_VISIBLE_INJ,COUNT_COMPLAINT_PAIN,COUNT_PED_KILLED,COUNT_PED_INJURED,COUNT_BICYCLIST_KILLED,COUNT_BICYCLIST_INJURED,COUNT_MC_KILLED,COUNT_MC_INJURED,PRIMARY_RAMP,SECONDARY_RAMP,LATITUDE,LONGITUDE,COUNTY,CITY,POINT_X,POINT_Y
7204922,2016,2016-04-07,1900,2016-02-23,2000,479521,045,2,5,6,1949,0,0,0,NA,0,43T1,ORR AND DAY RD,FIRESTONE BL,57,N,N,A,-,N,NA,NA,NA,NA,NA,NA,NA,NA,NA,Y,4,0,1,2,A,-,08,22100,A,N,C,C,A,A,H,-,C,D,0,NA,NA,NA,NA,Y,NA,A,01,0,0,1,0,0,0,0,0,0,-,-,NA,NA,LOS ANGELES,NORWALK,-118.0911814,33.91784738
7204925,2016,2016-03-22,1942,2016-02-28,0910,36553,1454,7,5,7,1942,0,0,0,N,0,14T49,MARINA EXPWY,ALLA RD,589,W,N,A,-,N,NA,NA,NA,NA,NA,NA,NA,NA,NA,Y,4,0,1,2,A,-,03,22350,NA,N,E,B,F,A,H,-,A,D,0,Y,NA,NA,NA,Y,NA,A,01,0,0,1,0,1,0,0,0,0,-,-,NA,NA,LOS ANGELES,LOS ANGELES,NA,NA
7204926,2016,2016-03-22,1900,2016-02-23,1535,479521,0454,2,5,6,1949,0,0,0,NA,0,43T1/P,BLOOMFIELD AV,HACIENDA DR,0,NA,Y,A,-,N,NA,NA,NA,NA,NA,NA,NA,NA,NA,Y,4,0,1,2,A,-,04,21703,NA,N,C,C,A,A,H,-,B,D,0,NA,NA,NA,NA,Y,NA,A,01,0,0,1,0,0,0,0,0,0,-,-,NA,NA,LOS ANGELES,NORWALK,-118.0646701,33.91370009
7204929,2016,2016-03-22,1942,2016-02-27,1230,37613,1477,6,5,7,1942,0,0,0,N,0,14TL52,LA TIJERA BL,MANCHESTER BL,85,S,N,A,-,N,NA,NA,NA,NA,NA,NA,NA,NA,NA,Y,4,0,3,2,A,-,09,21804,A,N,D,C,A,A,H,-,A,D,0,NA,NA,NA,NA,Y,NA,A,01,0,0,3,0,0,0,0,0,0,-,-,NA,NA,LOS ANGELES,LOS ANGELES,-118.391694,33.95962436
7204930,2016,2016-04-07,1900,2016-02-23,1435,479521,0454,2,5,6,1949,0,0,0,NA,0,43T1/P,SAN ANTONIO DR,SPROUL ST,5,S,N,A,-,N,NA,NA,NA,NA,NA,NA,NA,NA,NA,N,4,0,1,2,A,-,09,21801,A,N,D,C,A,A,H,-,A,D,0,NA,NA,NA,NA,Y,NA,A,01,0,0,1,0,0,0,0,0,0,-,-,NA,NA,LOS ANGELES,NORWALK,-118.07507897,33.91026851
7204933,2016,2016-03-22,1942,2016-02-29,0910,42173,1437,1,5,7,1942,0,0,0,N,0,14A27,VENICE BL,DUFRESNE CT,30,W,N,A,-,N,NA,NA,NA,NA,NA,NA,NA,NA,NA,N,4,0,1,2,A,-,08,22107,NA,N,D,G,A,A,H,-,A,D,0,NA,Y,NA,NA,Y,NA,A,01,0,0,1,0,0,0,1,0,0,-,-,NA,NA,LOS ANGELES,LOS ANGELES,-118.41684241,34.01320459
7204934,2016,2016-03-22,1942,2016-02-25,1520,3122,2083,4,5,7,1942,0,0,0,NA,0,6TL4,VENICE BL,WESTERN AV,0,NA,Y,A,-,N,NA,NA,NA,NA,NA,NA,NA,NA,NA,Y,3,0,4,2,A,-,03,22350,A,N,D,C,A,A,H,-,A,A,0,NA,NA,NA,NA,Y,NA,A,01,0,2,2,0,0,0,0,0,0,-,-,NA,NA,LOS ANGELES,LOS ANGELES,-118.30903013,34.04357006
7204937,2016,2016-03-22,1942,2016-02-25,2120,40164,1493,4,5,7,1942,0,0,0,N,0,34T90,VISTA DEL MAR,GRAND AV,1000,N,N,F,-,N,NA,NA,NA,NA,NA,NA,NA,NA,NA,N,3,0,1,2,A,-,03,22350,NA,F,B,G,A,A,H,-,C,D,0,NA,Y,NA,NA,Y,NA,-,99,0,1,0,0,0,0,1,0,0,-,-,NA,NA,LOS ANGELES,LOS ANGELES,-118.42896914,33.91894727
7204938,2016,2016-03-22,1942,2016-02-22,0900,37853,0645,1,5,7,1942,0,0,0,F,0,6TL11,SUNSET BL,MC CADDEN PL,0,NA,Y,A,-,N,NA,NA,NA,NA,NA,NA,NA,NA,NA,Y,3,0,1,2,A,-,09,21801,A,N,D,C,A,A,H,-,A,D,0,NA,NA,NA,NA,Y,NA,A,07,0,1,0,0,0,0,0,0,0,-,-,NA,NA,LOS ANGELES,LOS ANGELES,-118.33806001,34.09797003
7204941,2016,2016-03-22,1942,2016-02-17,1845,41089,1407,3,5,7,1942,0,0,0,N,0,8T83,MOTOR AV,TABOR ST,10,N,N,B,C,N,NA,NA,NA,NA,NA,NA,NA,NA,NA,N,3,0,1,2,A,-,10,21950,A,N,G,B,B,B,H,-,C,A,0,Y,NA,NA,NA,Y,NA,A,01,0,1,0,0,1,0,0,0,0,-,-,NA,NA,LOS ANGELES,LOS ANGELES,-118.40736796,34.02492299
7204942,2016,2016-03-22,1942,2016-02-28,0140,37575,0646,7,5,7,1942,0,0,0,F,0,6T7,HOLLYWOOD BL,CAHUENGA BL,196,S,N,A,-,N,NA,NA,NA,NA,NA,NA,NA,NA,NA,N,3,0,1,2,A,-,11,21955,NA,N,G,B,D,A,H,-,C,D,0,Y,NA,NA,NA,Y,Y,N,60,0,1,0,0,1,0,0,0,0,-,-,NA,NA,LOS ANGELES,LOS ANGELES,-118.32951,34.10161
7204944,2016,2016-03-23,1900,2016-02-28,1440,531276,1432,7,5,4,1937,0,0,0,NA,0,143T1,VALLEY BL,FERRERO LN,0,NA,Y,A,-,N,NA,NA,NA,NA,NA,NA,NA,NA,NA,N,4,0,2,3,A,-,09,21801,A,N,D,C,A,A,H,-,A,A,0,NA,NA,NA,NA,Y,NA,A,07,0,0,2,0,0,0,0,0,0,-,-,NA,NA,LOS ANGELES,LA PUENTE,-117.9378801,34.01108008
7204945,2016,2016-04-06,1942,2016-02-29,1930,42139,1407,1,5,7,1942,0,0,0,N,0,8A59,PALMS BL,CLARINGTON,0,NA,Y,A,-,N,NA,NA,NA,NA,NA,NA,NA,NA,NA,Y,3,0,1,2,A,-,03,22350,NA,N,D,C,A,A,H,-,C,D,0,NA,NA,NA,NA,Y,NA,-,NA,0,1,0,0,0,0,0,0,0,-,-,NA,NA,LOS ANGELES,LOS ANGELES,-118.40483,34.02838005
7204946,2016,2016-03-21,1942,2016-02-29,1320,41376,0622,1,5,7,1942,0,0,0,F,0,7TL38,SIERRA BONITA AV,HOLLYWOOD BL,0,NA,Y,A,-,N,NA,NA,NA,NA,NA,NA,NA,NA,NA,Y,3,0,4,2,A,-,09,21800,D,N,D,A,A,A,H,-,A,A,0,NA,NA,NA,NA,Y,NA,A,08,0,1,3,0,0,0,0,0,0,-,-,NA,NA,LOS ANGELES,LOS ANGELES,-118.35398011,34.10166002
7204949,2016,2016-03-22,1942,2016-02-17,2030,39022,1488,3,5,7,1942,0,0,0,N,0,14TL47,CENTURY BL,AIRPORT BL,0,NA,Y,C,-,N,NA,NA,NA,NA,NA,NA,NA,NA,NA,N,3,0,1,2,A,-,10,21950,A,N,G,B,B,B,H,-,C,A,0,Y,NA,NA,NA,Y,NA,A,08,0,1,0,0,1,0,0,0,0,-,-,NA,NA,LOS ANGELES,LOS ANGELES,-118.38605007,33.94558003
7204950,2016,2016-03-21,1942,2016-02-26,0020,40773,0632,5,5,7,1942,0,0,0,F,0,8T35,SUNSET BL,SELMA AV,5,W,N,A,-,N,NA,NA,NA,NA,NA,NA,NA,NA,NA,N,4,0,1,2,A,-,07,21658,A,N,B,C,A,A,H,-,C,A,0,NA,NA,NA,NA,Y,NA,A,07,0,0,1,0,0,0,0,0,0,-,-,NA,NA,LOS ANGELES,LOS ANGELES,-118.36673648,34.09796
7204953,2016,2016-03-22,1942,2016-02-29,1005,38590,1444,1,5,7,1942,0,0,0,N,0,8TL35,WASHINGTON BL,WALNUT AV,0,NA,Y,A,-,N,NA,NA,NA,NA,NA,NA,NA,NA,NA,Y,3,0,1,2,A,-,09,21801,A,N,A,C,A,A,H,-,A,D,0,NA,NA,NA,NA,Y,NA,A,01,0,1,0,0,0,0,0,0,0,-,-,NA,NA,LOS ANGELES,LOS ANGELES,-118.44716011,33.99079001
7204954,2016,2016-03-21,1942,2016-02-28,1830,37613,0759,7,5,7,1942,0,0,0,G,0,20T56,NORTON AV,PICO BL,150,N,N,A,-,N,NA,NA,NA,NA,NA,NA,NA,NA,NA,N,3,0,1,3,A,-,03,22350,NA,F,G,B,E,A,H,-,A,D,0,Y,NA,NA,NA,Y,NA,-,99,0,1,0,0,1,0,0,0,0,-,-,NA,NA,LOS ANGELES,LOS ANGELES,-118.32369768,34.04796264
7204957,2016,2017-02-11,1942,2016-02-29,1930,40024,1454,1,5,7,1942,0,0,0,N,0,14T47,RT 90,MINDANAO WY,75,E,N,A,-,Y,LA,7,90,-,-,1.21,H,-,W,Y,4,0,1,3,A,-,03,22350,NA,N,C,C,A,A,H,-,C,D,0,NA,NA,NA,NA,Y,NA,A,01,0,0,1,0,0,0,0,0,0,-,-,NA,NA,LOS ANGELES,LOS ANGELES,-118.43764559,33.98378713
7204958,2016,2016-03-21,1942,2016-02-27,2205,41744,0701,6,5,7,1942,0,0,0,G,0,7A85,MELROSE AV,FAIRFAX AV,0,NA,Y,A,-,N,NA,NA,NA,NA,NA,NA,NA,NA,NA,N,3,0,1,2,A,-,10,21950,A,F,G,B,B,A,E,-,C,A,0,Y,NA,NA,NA,Y,NA,-,99,0,1,0,0,1,0,0,0,0,-,-,NA,NA,LOS ANGELES,LOS ANGELES,-118.36153012,34.08381003
7204961,2016,2016-03-22,1976,2016-03-01,1642,332,NA,2,5,3,1964,0,0,0,NA,0,NA,TELEGRAPH RD,JERSEY AV,0,NA,Y,A,-,N,NA,NA,NA,NA,NA,NA,NA,NA,NA,Y,3,0,6,4,A,-,12,21453,A,N,D,C,A,A,H,-,A,A,0,NA,NA,NA,NA,Y,NA,A,01,0,2,4,0,0,0,0,0,0,-,-,NA,NA,LOS ANGELES,SANTA FE SPRINGS,-118.08589,33.94721006
7204962,2016,2016-03-22,1942,2016-03-02,1810,39710,2038,3,5,7,1942,0,0,0,NA,0,20A14,7TH ST,SHATTO PL,60,W,N,A,-,N,NA,NA,NA,NA,NA,NA,NA,NA,NA,N,4,0,2,2,A,-,09,21804,NA,N,B,C,A,A,H,-,C,D,0,NA,NA,NA,NA,Y,NA,A,01,0,0,2,0,0,0,0,0,0,-,-,NA,NA,LOS ANGELES,LOS ANGELES,-118.29052771,34.05974
7204965,2016,2016-03-22,1976,2016-03-04,0703,339,NA,5,5,3,1964,0,0,0,NA,0,NA,CARMENITA RD,IMPERIAL HWY,290,S,N,A,-,N,NA,NA,NA,NA,NA,NA,NA,NA,NA,N,4,0,1,2,A,-,05,21650,1,N,H,G,A,A,H,-,A,A,0,NA,Y,NA,NA,Y,NA,L,04,0,0,1,0,0,0,1,0,0,-,-,NA,NA,LOS ANGELES,SANTA FE SPRINGS,-118.04680765,33.91615485
7204966,2016,2016-03-22,1942,2016-03-02,0745,34393,2076,3,5,7,1942,0,0,0,NA,0,20A71W,PICO BL,DEWEY AV,0,NA,Y,E,-,N,NA,NA,NA,NA,NA,NA,NA,NA,NA,N,3,0,2,2,A,-,08,22107,NA,N,D,C,A,A,H,-,A,D,0,NA,NA,NA,NA,Y,NA,A,01,0,2,0,0,0,0,0,0,0,-,-,NA,NA,LOS ANGELES,LOS ANGELES,-118.29581001,34.04727
7204969,2016,2016-03-23,1942,2016-03-08,2300,40460,0785,2,5,7,1942,0,0,0,G,0,7T23,RIMPAU BL,WASHINGTON BL,3,N,N,A,-,N,NA,NA,NA,NA,NA,NA,NA,NA,NA,N,4,0,1,2,D,-,00,NA,NA,F,H,G,A,A,H,-,C,D,0,NA,Y,NA,NA,Y,NA,-,-,0,0,1,0,0,0,1,0,0,-,-,NA,NA,LOS ANGELES,LOS ANGELES,-118.34350253,34.03982795
7204970,2016,2016-03-22,1942,2016-03-01,2100,36124,2081,2,5,7,1942,0,0,0,NA,0,20A88,18TH ST,MANHATTAN PL,15,W,N,A,-,N,NA,NA,NA,NA,NA,NA,NA,NA,NA,N,4,0,1,2,A,-,21,22106,NA,N,H,B,E,A,H,-,C,D,0,Y,NA,NA,NA,Y,NA,A,07,0,0,1,0,1,0,0,0,0,-,-,NA,NA,LOS ANGELES,LOS ANGELES,-118.31019942,34.04172
7204973,2016,2016-03-22,1942,2016-03-06,1420,40452,1485,7,5,7,1942,0,0,0,N,0,14TL52,MANCHESTER AV,SEPULVEDA WESTWAY,0,NA,Y,A,-,N,NA,NA,NA,NA,NA,NA,NA,NA,NA,Y,4,0,2,2,D,-,00,NA,NA,N,D,C,A,A,H,-,A,A,0,NA,NA,NA,NA,Y,NA,-,-,0,0,2,0,0,0,0,0,0,-,-,NA,NA,LOS ANGELES,LOS ANGELES,-118.39821009,33.95991009
7204974,2016,2016-03-22,1942,2016-03-01,0845,40487,2053,2,5,7,1942,0,0,0,NA,0,20A69,OLYMPIC BL,HOBART BL,0,NA,Y,A,-,N,NA,NA,NA,NA,NA,NA,NA,NA,NA,N,3,0,1,3,A,-,09,21801,A,N,D,C,A,A,H,-,A,D,0,NA,NA,NA,NA,Y,NA,A,07,0,1,0,0,0,0,0,0,0,-,-,NA,NA,LOS ANGELES,LOS ANGELES,-118.30523007,34.05260009
7204977,2016,2016-03-22,1942,2016-03-07,2000,39022,1465,1,5,7,1942,0,0,0,N,0,14T47,LUCILE ST,INGLEWOOD BL,0,NA,Y,B,-,N,NA,NA,NA,NA,NA,NA,NA,NA,NA,N,4,0,1,2,A,-,09,21802,A,N,H,G,A,A,H,-,C,A,0,NA,Y,NA,NA,Y,NA,A,01,0,0,1,0,0,0,1,0,0,-,-,NA,NA,LOS ANGELES,LOS ANGELES,-118.40724001,33.98557004
7204978,2016,2016-03-22,1942,2016-03-01,2000,39299,2088,2,5,7,1942,0,0,0,NA,0,20T59,VERMONT AV,WASHINGTON BL,0,NA,Y,A,-,N,NA,NA,NA,NA,NA,NA,NA,NA,NA,N,4,0,3,2,A,-,09,21801,A,N,D,C,A,A,H,-,C,A,0,NA,NA,NA,NA,Y,NA,A,01,0,0,3,0,0,0,0,0,0,-,-,NA,NA,LOS ANGELES,LOS ANGELES,-118.29157014,34.04001001
7204981,2016,2016-03-22,1942,2016-03-07,1025,38590,1437,1,5,7,1942,0,0,0,N,0,7TL23,SEPULVEDA BL,VENICE BL,0,NA,Y,A,-,N,NA,NA,NA,NA,NA,NA,NA,NA,NA,Y,3,0,2,2,A,-,09,21801,A,N,D,C,A,A,H,-,A,A,0,NA,NA,NA,NA,Y,NA,A,01,0,1,1,0,0,0,0,0,0,-,-,NA,NA,LOS ANGELES,LOS ANGELES,-118.41725,34.01298004
7204982,2016,2016-03-22,1942,2016-03-03,0730,31387,2079,4,5,7,1942,0,0,0,NA,0,6T7,WESTMORELAND AV,PICO BL,0,NA,Y,A,-,N,NA,NA,NA,NA,NA,NA,NA,NA,NA,NA,3,0,1,2,A,-,10,21950,A,N,G,-,B,A,H,-,A,A,0,Y,NA,NA,NA,Y,NA,-,NA,0,1,0,0,1,0,0,0,0,-,-,NA,NA,LOS ANGELES,LOS ANGELES,-118.28917012,34.04728001
7204985,2016,2016-03-23,1942,2016-03-02,2110,42094,1454,3,5,7,1942,0,0,0,N,0,14A46,LINCOLN BL,FIJI WY,0,NA,Y,A,-,N,NA,NA,NA,NA,NA,NA,NA,NA,NA,Y,3,0,1,1,A,-,08,22107,A,N,A,I,A,A,H,-,C,A,0,NA,NA,NA,NA,Y,NA,-,-,0,1,0,0,0,0,0,0,0,-,-,NA,NA,LOS ANGELES,LOS ANGELES,-118.43658013,33.97854004
7204986,2016,2016-03-21,1942,2016-03-01,1230,38118,2044,2,5,7,1942,0,0,0,NA,0,20TL58,ARDMORE AV,JAMES M WOOD BL,0,NA,Y,A,-,N,NA,NA,NA,NA,NA,NA,NA,NA,NA,Y,4,0,1,2,A,-,09,21802,A,N,D,C,A,A,H,-,A,A,0,NA,NA,NA,NA,Y,NA,A,01,0,0,1,0,0,0,0,0,0,-,-,NA,NA,LOS ANGELES,LOS ANGELES,-118.302,34.05588
7204990,2016,2016-03-21,1942,2016-03-07,1320,39065,2079,1,5,7,1942,0,0,0,NA,0,20T58,PICO BL,MENLO AV,33,W,N,A,-,N,NA,NA,NA,NA,NA,NA,NA,NA,NA,N,4,0,1,1,A,-,03,22350,NA,N,E,I,A,A,H,-,A,D,0,NA,NA,NA,NA,Y,NA,A,01,0,0,1,0,0,0,0,0,0,-,-,NA,NA,LOS ANGELES,LOS ANGELES,-118.29081873,34.04727
7204993,2016,2016-03-22,1942,2016-03-10,0800,33191,1425,4,5,7,1942,0,0,0,N,0,6TL7,NATIONAL BL,BARRINGTON AV,0,NA,Y,A,-,N,NA,NA,NA,NA,NA,NA,NA,NA,NA,N,3,0,1,2,A,-,09,21801,A,N,D,C,A,A,H,-,A,D,0,NA,NA,Y,NA,Y,NA,A,01,0,1,0,0,0,0,0,0,1,-,-,NA,NA,LOS ANGELES,LOS ANGELES,-118.43865012,34.022660020000004
7204994,2016,2016-03-21,1942,2016-03-02,1730,38013,2041,3,5,7,1942,0,0,0,NA,0,8TL28,KINGSLEY DR,BEVERLY BL,207,N,N,A,-,N,NA,NA,NA,NA,NA,NA,NA,NA,NA,N,3,0,1,2,A,-,11,21955,NA,N,G,B,D,A,H,-,B,D,0,Y,NA,NA,NA,Y,NA,N,60,0,1,0,0,1,0,0,0,0,-,-,NA,NA,LOS ANGELES,LOS ANGELES,-118.30351592,34.0768377
7204997,2016,2016-03-22,1942,2016-03-03,1355,36553,NA,4,5,7,1942,0,0,0,NA,0,14TL49,PACIFIC AV,DUDLEY CT,140,N,N,A,-,N,NA,NA,NA,NA,NA,NA,NA,NA,NA,N,4,0,1,2,A,-,11,21955,NA,N,G,B,D,A,H,-,A,D,0,Y,NA,NA,NA,Y,NA,N,60,0,0,1,0,1,0,0,0,0,-,-,NA,NA,LOS ANGELES,LOS ANGELES,-118.47810804,33.99502825
7204998,2016,2016-03-21,1900,2016-03-10,1735,464460,0467,4,5,4,1936,0,0,0,NA,0,46T1,ROSECRANS AV,MERCADO AV,62,E,N,A,-,N,NA,NA,NA,NA,NA,NA,NA,NA,NA,Y,3,0,1,2,A,-,09,21804,A,N,D,C,A,A,H,-,A,D,0,NA,NA,NA,NA,Y,NA,A,07,0,1,0,0,0,0,0,0,0,-,-,NA,NA,LOS ANGELES,LA MIRADA,-117.99060784,33.89786369
7205001,2016,2016-03-22,1942,2016-03-04,1400,40452,1465,5,5,7,1942,0,0,0,N,0,14TL52,CENTINELA AV,TEALE ST,60,E,N,A,-,N,NA,NA,NA,NA,NA,NA,NA,NA,NA,Y,3,0,2,3,A,-,03,22350,NA,N,C,C,A,A,H,-,A,A,0,NA,NA,NA,NA,Y,NA,A,01,0,1,1,0,0,0,0,0,0,-,-,NA,NA,LOS ANGELES,LOS ANGELES,-118.40218259,33.98408373
7205002,2016,2016-03-21,1900,2016-03-08,1445,489533,0454,2,5,6,1949,0,0,0,NA,0,45T1,ROSECRANS AV,CARMENITA RD,77,E,N,A,-,N,NA,NA,NA,NA,NA,NA,NA,NA,NA,N,4,0,1,2,A,-,08,22100,A,N,B,C,A,A,H,-,A,A,0,NA,NA,NA,NA,Y,NA,A,07,0,0,1,0,0,0,0,0,0,-,-,NA,NA,LOS ANGELES,NORWALK,-118.0463968,33.90248
7205005,2016,2016-03-22,1942,2016-03-06,1715,38013,1494,7,5,7,1942,0,0,0,N,0,8TL28,WORLD WY,SKY WY,186,W,N,A,-,N,NA,NA,NA,NA,NA,NA,NA,NA,NA,N,4,0,1,2,A,-,09,21804,A,N,B,C,A,A,H,-,A,D,0,NA,NA,NA,NA,Y,NA,A,07,0,0,1,0,0,0,0,0,0,-,-,NA,NA,LOS ANGELES,LOS ANGELES,-118.40045197,33.94534789
7205006,2016,2016-03-21,1942,2016-03-07,0818,38121,2019,1,5,7,1942,0,0,0,NA,0,6T7,BEVERLY BL,JUANITA AV,20,E,N,B,-,N,NA,NA,NA,NA,NA,NA,NA,NA,NA,Y,4,0,1,2,A,-,09,21801,B,N,D,C,A,A,H,-,A,D,0,NA,NA,NA,NA,Y,NA,A,08,0,0,1,0,0,0,0,0,0,-,-,NA,NA,LOS ANGELES,LOS ANGELES,-118.29046408,34.07631
7205009,2016,2016-03-22,1942,2016-03-03,2200,39022,1493,4,5,7,1942,0,0,0,N,0,14T47,VISTA DEL MAR,IMPERIAL HWY,0,NA,Y,A,-,N,NA,NA,NA,NA,NA,NA,NA,NA,NA,Y,3,0,2,2,A,-,09,21801,A,N,A,C,A,A,H,-,C,A,0,NA,NA,NA,NA,Y,NA,A,01,0,1,1,0,0,0,0,0,0,-,-,NA,NA,LOS ANGELES,LOS ANGELES,-118.43499,33.93088006
7205010,2016,2016-03-21,1942,2016-03-09,1720,39651,0815,3,5,7,1942,0,0,0,H,0,8T35,SUNSET BL,GREENFIELD AV,174,W,N,A,-,N,NA,NA,NA,NA,NA,NA,NA,NA,NA,Y,2,0,1,3,A,-,03,22350,NA,N,C,C,A,A,H,-,C,D,0,NA,NA,Y,NA,Y,NA,C,02,1,0,0,0,0,0,0,0,1,-,-,NA,NA,LOS ANGELES,LOS ANGELES,-118.45695908,34.07465576
7205013,2016,2016-03-22,1942,2016-03-09,2235,40402,1469,3,5,7,1942,0,0,0,N,0,14A45,LA CIENEGA BL,LA TIJERA BL,20,N,N,A,-,N,NA,NA,NA,NA,NA,NA,NA,NA,NA,Y,4,0,1,2,A,-,04,21703,NA,N,C,C,A,A,H,-,C,A,0,NA,NA,NA,NA,Y,NA,A,01,0,0,1,0,0,0,0,0,0,-,-,NA,NA,LOS ANGELES,LOS ANGELES,-118.37025396,33.97878476
7205014,2016,2016-03-21,1942,2016-03-07,1515,40452,2027,1,5,7,1942,0,0,0,NA,0,20T58,WILSHIRE BL,MARIPOSA AV,0,NA,Y,A,-,N,NA,NA,NA,NA,NA,NA,NA,NA,NA,N,4,0,2,2,A,-,09,21801,A,N,A,C,A,A,H,-,A,A,0,NA,NA,NA,NA,Y,NA,A,01,0,0,2,0,0,0,0,0,0,-,-,NA,NA,LOS ANGELES,LOS ANGELES,-118.29918006,34.06176004
7205017,2016,2016-03-22,1942,2016-03-08,2310,38799,1469,2,5,7,1942,0,0,0,N,0,14A28,CENTINELA AV,LA TIJERA BL,500,W,N,A,-,N,NA,NA,NA,NA,NA,NA,NA,NA,NA,N,4,0,1,2,A,-,21,22106,NA,N,D,C,A,A,H,-,C,D,0,NA,NA,Y,NA,Y,NA,A,01,0,0,1,0,0,0,0,0,0,-,-,NA,NA,LOS ANGELES,LOS ANGELES,-118.37347248,33.97722355
7205018,2016,2016-03-21,1942,2016-03-08,0220,40382,2071,2,5,7,1942,0,0,0,NA,0,20A39,WESTERN AV,14TH ST,40,N,N,A,-,N,NA,NA,NA,NA,NA,NA,NA,NA,NA,Y,4,0,1,3,A,-,03,22350,NA,N,C,E,A,A,H,-,C,D,0,NA,NA,NA,NA,Y,NA,A,01,0,0,1,0,0,0,0,0,0,-,-,NA,NA,LOS ANGELES,LOS ANGELES,NA,NA
7205021,2016,2016-03-22,1942,2016-03-02,0845,39611,1409,3,5,7,1942,0,0,0,N,0,14A67,VENICE BL,HUGHES AV,0,NA,Y,A,-,N,NA,NA,NA,NA,NA,NA,NA,NA,NA,Y,4,0,1,2,D,-,00,NA,NA,N,A,C,A,A,H,-,A,D,0,NA,NA,NA,NA,Y,NA,-,-,0,0,1,0,0,0,0,0,0,-,-,NA,NA,LOS ANGELES,LOS ANGELES,-118.39888007,34.02340001
7205022,2016,2016-03-21,1942,2016-03-07,1125,42261,2034,1,5,7,1942,0,0,0,NA,0,20A53,WILSHIRE BL,ARDMORE AV,5,W,N,A,-,N,NA,NA,NA,NA,NA,NA,NA,NA,NA,N,3,0,1,2,A,-,00,21760,B,N,B,G,A,A,H,-,A,D,0,NA,Y,NA,NA,Y,NA,A,01,0,1,0,0,0,0,1,0,0,-,-,NA,NA,LOS ANGELES,LOS ANGELES,-118.30206648,34.06173
7205025,2016,2016-03-22,1942,2016-03-05,2220,41210,2088,6,5,7,1942,0,0,0,NA,0,6T7,VENICE BL,HOOVER ST,80,W,N,C,-,N,NA,NA,NA,NA,NA,NA,NA,NA,NA,N,4,0,1,2,A,-,08,22102,NA,N,B,C,A,B,H,-,C,D,0,NA,NA,NA,NA,Y,NA,A,01,0,0,1,0,0,0,0,0,0,-,-,NA,NA,LOS ANGELES,LOS ANGELES,-118.28440373,34.04385938
7205026,2016,2016-03-21,1942,2016-03-09,2035,37575,1488,3,5,7,1942,0,0,0,N,0,7T23,ARBOR VITAE,AIRPORT BL,43,W,N,A,-,N,NA,NA,NA,NA,NA,NA,NA,NA,NA,N,3,0,2,2,A,-,01,23152,A,N,B,C,A,A,H,-,C,A,0,NA,NA,NA,NA,Y,Y,A,01,0,1,1,0,0,0,0,0,0,-,-,NA,NA,LOS ANGELES,LOS ANGELES,-118.38587,33.95266
7205029,2016,2016-03-22,1942,2016-03-05,1720,38013,2031,6,5,7,1942,0,0,0,NA,0,8TL28,WILSHIRE BL,GRAMERCY PL,6,W,N,B,-,N,NA,NA,NA,NA,NA,NA,NA,NA,NA,N,3,0,1,2,A,-,10,21952,NA,N,G,B,F,A,H,-,A,D,0,Y,NA,NA,NA,Y,NA,A,07,0,1,0,0,1,0,0,0,0,-,-,NA,NA,LOS ANGELES,LOS ANGELES,-118.31285977,34.0617
7205030,2016,2016-03-21,1942,2016-03-04,1835,42109,2036,5,5,7,1942,0,0,0,NA,0,20A14,W 7TH ST,CATALINA ST,0,NA,Y,A,-,N,NA,NA,NA,NA,NA,NA,NA,NA,NA,N,3,0,1,2,A,-,17,22517,NA,N,G,G,A,A,H,-,C,D,0,NA,Y,NA,NA,Y,NA,A,01,0,1,0,0,0,0,1,0,0,-,-,NA,NA,LOS ANGELES,LOS ANGELES,-118.29541001,34.05976008
7205033,2016,2016-03-22,1942,2016-03-04,1840,39058,2076,5,5,7,1942,0,0,0,NA,0,20T59,PICO BL,VERMONT AV,3,E,N,A,-,N,NA,NA,NA,NA,NA,NA,NA,NA,NA,N,4,0,1,2,A,-,05,21650,1,N,D,G,A,A,H,-,C,A,0,NA,Y,NA,NA,Y,NA,L,04,0,0,1,0,0,0,1,0,0,-,-,NA,NA,LOS ANGELES,LOS ANGELES,-118.29159012,34.0472602