CASE_ID,ACCIDENT_YEAR,PROC_DATE,JURIS,COLLISION_DATE,COLLISION_TIME,OFFICER_ID,REPORTING_DISTRICT,DAY_OF_WEEK,CHP_SHIFT,POPULATION,CNTY_CITY_LOC,SPECIAL_COND,BEAT_TYPE,CHP_BEAT_TYPE,CITY_DIVISION_LAPD,CHP_BEAT_CLASS,BEAT_NUMBER,PRIMARY_RD,SECONDARY_RD,DISTANCE,DIRECTION,INTERSECTION,WEATHER_1,WEATHER_2,STATE_HWY_IND,CALTRANS_COUNTY,CALTRANS_DISTRICT,STATE_ROUTE,ROUTE_SUFFIX,POSTMILE_PREFIX,POSTMILE,LOCATION_TYPE,RAMP_INTERSECTION,SIDE_OF_HWY,TOW_AWAY,COLLISION_SEVERITY,NUMBER_KILLED,NUMBER_INJURED,PARTY_COUNT,PRIMARY_COLL_FACTOR,PCF_CODE_OF_VIOL,PCF_VIOL_CATEGORY,PCF_VIOLATION,PCF_VIOL_SUBSECTION,HIT_AND_RUN,TYPE_OF_COLLISION,MVIW,PED_ACTION,ROAD_SURFACE,ROAD_COND_1,ROAD_COND_2,LIGHTING,CONTROL_DEVICE,CHP_ROAD_TYPE,PEDESTRIAN_ACCIDENT,BICYCLE_ACCIDENT,MOTORCYCLE_ACCIDENT,TRUCK_ACCIDENT,NOT_PRIVATE_PROPERTY,ALCOHOL_INVOLVED,STWD_VEHTYPE_AT_FAULT,CHP_VEHTYPE_AT_FAULT,COUNT_SEVERE_INJ,COUNT_VISIBLE_INJ,COUNT_COMPLAINT_PAIN,COUNT_PED_KILLED,COUNT_PED_INJURED,COUNT_BICYCLIST_KILLED,COUNT_BICYCLIST_INJURED,COUNT_MC_KILLED,COUNT_MC_INJURED,PRIMARY_RAMP,SECONDARY_RAMP,LATITUDE,LONGITUDE,COUNTY,CITY,POINT_X,POINT_Y
7206822,2016,2017-02-09,1900,2016-02-25,1857,517840,2608,4,5,6,1950,0,0,0,NA,0,264T1,RT 138,25TH ST E,0,NA,Y,A,-,Y,LA,7,138,-,-,46.231,I,5,W,Y,4,0,1,2,A,-,12,21453,A,N,D,C,A,A,H,-,C,A,0,NA,NA,NA,NA,Y,NA,A,01,0,0,1,0,0,0,0,0,0,-,-,NA,NA,LOS ANGELES,PALMDALE,-118.08505573,34.58015148
7206824,2016,2016-03-22,1967,2016-02-29,1619,105,936,1,5,2,1967,0,0,0,NA,0,SOUTH,CHERRY AV,21ST,0,NA,Y,A,-,N,NA,NA,NA,NA,NA,NA,NA,NA,NA,Y,3,0,4,2,A,-,12,21453,A,N,A,C,A,A,H,-,A,A,0,NA,NA,NA,NA,Y,NA,A,01,0,1,3,0,0,0,0,0,0,-,-,NA,NA,LOS ANGELES,SIGNAL HILL,-118.16779008,33.79532009
7206826,2016,2017-02-07,1913,2016-02-07,2121,3845,46,7,5,4,1913,0,0,0,NA,0,NA,TOWNE AV,RT 210,24,S,N,A,-,Y,LA,7,210,-,R,49.686,R,4,E,Y,3,0,2,2,A,-,01,23152,A,N,F,C,A,A,H,-,C,A,0,NA,NA,NA,NA,Y,Y,A,01,0,1,1,0,0,0,0,0,0,-,-,NA,NA,LOS ANGELES,CLAREMONT,-117.73382817,34.12020732
7206846,2016,2017-02-11,1967,2016-02-11,1445,116,973,4,5,2,1967,0,0,0,NA,0,SOUTH,RT 1,REDONDO AV,23,N,N,A,-,Y,LA,7,1,-,-,4.11,H,-,N,N,4,0,1,2,A,-,04,21703,NA,N,C,C,A,A,H,-,A,D,0,NA,NA,NA,NA,Y,NA,A,07,0,0,1,0,0,0,0,0,0,-,-,NA,NA,LOS ANGELES,SIGNAL HILL,-118.1520077,33.78991355
7206852,2016,2016-03-22,1942,2016-03-04,1710,38503,0361,5,5,7,1942,0,0,0,C,0,3A55,MARTIN LUTHER KING JR BL,NICOLET AV,321,W,N,B,-,N,NA,NA,NA,NA,NA,NA,NA,NA,NA,Y,2,0,1,3,A,-,01,23153,NA,N,C,C,A,A,H,-,A,A,0,NA,NA,Y,NA,Y,Y,A,01,1,0,0,0,0,0,0,0,1,-,-,NA,NA,LOS ANGELES,LOS ANGELES,-118.35035235,34.02019095
7206858,2016,2017-02-11,1976,2016-02-28,1352,854,NA,7,5,5,1976,0,0,0,NA,0,NA,WHITTIER BL,PAINTER AV,3,W,N,A,-,Y,LA,7,72,-,-,3.65,I,5,S,N,4,0,1,2,A,-,03,22350,NA,N,C,C,A,A,H,-,A,A,0,NA,NA,NA,NA,Y,NA,A,07,0,0,1,0,0,0,0,0,0,-,-,NA,NA,LOS ANGELES,WHITTIER,-118.03273925,33.96308564
7206862,2016,2016-08-12,1947,2016-02-01,2029,1404,NA,1,5,5,1947,0,0,0,NA,0,NA,W VIA CAMPO AV,WILCOX AV,1000,E,N,A,-,N,NA,NA,NA,NA,NA,NA,NA,NA,NA,Y,4,0,2,2,A,-,09,21804,A,N,B,C,A,A,H,-,C,A,0,NA,NA,NA,NA,Y,NA,A,01,0,0,2,0,0,0,0,0,0,-,-,34.03274,-118.12997,LOS ANGELES,MONTEBELLO,-118.12177733,34.03284889
7206865,2016,2017-02-11,1913,2016-02-25,0748,3740,90,4,5,4,1913,0,0,0,NA,0,NA,INDIAN HILL,RT 10,65,N,N,A,-,Y,LA,7,10,-,-,47.607,R,4,W,N,4,0,1,2,A,-,03,22350,NA,N,C,C,A,A,H,-,A,A,0,NA,NA,NA,NA,Y,NA,A,01,0,0,1,0,0,0,0,0,0,-,WO,NA,NA,LOS ANGELES,CLAREMONT,-117.72166438000001,34.08179912
7206866,2016,2016-08-12,1947,2016-02-01,1655,1369,NA,1,5,5,1947,0,0,0,NA,0,00A,W WHITTIER BL,GARFIELD AV,300,E,N,B,-,N,NA,NA,NA,NA,NA,NA,NA,NA,NA,N,4,0,1,2,A,-,17,22517,NA,N,H,G,A,A,H,-,B,D,0,NA,Y,NA,NA,Y,NA,A,01,0,0,1,0,0,0,1,0,0,-,-,34.01467,-118.13001,LOS ANGELES,MONTEBELLO,-118.12907117,34.014402
7206867,2016,2016-03-22,1900,2016-02-16,0740,600077,2603,2,5,6,1950,0,0,0,NA,0,264T1,25TH ST E,JOSHUA HILLS DR,0,NA,Y,A,-,N,NA,NA,NA,NA,NA,NA,NA,NA,NA,Y,4,0,1,2,A,-,12,21453,A,N,D,C,A,A,H,-,A,A,0,NA,NA,NA,NA,Y,NA,-,-,0,0,1,0,0,0,0,0,0,-,-,NA,NA,LOS ANGELES,PALMDALE,-118.08419011,34.54656002
7206868,2016,2016-03-22,1942,2016-03-07,0730,41993,RD033,1,5,7,1942,0,0,0,NA,0,3A41,CRENSHAW,30TH ST,100,N,N,C,-,N,NA,NA,NA,NA,NA,NA,NA,NA,NA,Y,4,0,1,2,A,-,03,22350,NA,N,C,C,A,B,H,-,A,D,0,NA,NA,NA,NA,Y,NA,A,01,0,0,1,0,0,0,0,0,0,-,-,NA,NA,LOS ANGELES,LOS ANGELES,-118.335097,34.027884
7206870,2016,2016-08-12,1947,2016-02-17,2104,1404,NA,3,5,5,1947,0,0,0,NA,0,NA,WEST BEVERLY BL,N WILCOX AV N,0,NA,Y,C,-,N,NA,NA,NA,NA,NA,NA,NA,NA,NA,N,4,0,1,2,A,-,09,21801,A,N,A,C,A,B,H,-,-,A,0,NA,NA,NA,NA,Y,NA,A,01,0,0,1,0,0,0,0,0,0,-,-,34.03076,-118.12286,LOS ANGELES,MONTEBELLO,-118.12288004,34.02072007
7206871,2016,2016-03-22,1900,2016-02-29,0726,253807,2611,1,5,6,1950,0,0,0,NA,0,261T1,AVE R-8,5TH ST EAST,0,NA,Y,A,-,N,NA,NA,NA,NA,NA,NA,NA,NA,NA,Y,4,0,1,2,A,-,03,22350,NA,N,A,I,A,A,H,-,A,A,0,NA,NA,NA,NA,Y,NA,A,08,0,0,1,0,0,0,0,0,0,-,-,NA,NA,LOS ANGELES,PALMDALE,-118.12047,34.56523
7206872,2016,2016-03-22,1942,2016-03-08,2205,40971,0341,2,5,7,1942,0,0,0,C,0,18T23,RODEO RD,LA CIENEGA BL,0,NA,Y,A,-,N,NA,NA,NA,NA,NA,NA,NA,NA,NA,Y,4,0,1,2,A,-,09,21801,A,N,D,C,A,A,H,-,C,A,0,NA,NA,NA,NA,Y,NA,A,07,0,0,1,0,0,0,0,0,0,-,-,NA,NA,LOS ANGELES,LOS ANGELES,-118.37236002,34.02170002
7206875,2016,2016-03-22,1900,2016-02-28,1837,527057,2612,7,5,6,1950,0,0,0,NA,0,263T1,30TH ST W,AVE O,0,NA,Y,A,-,N,NA,NA,NA,NA,NA,NA,NA,NA,NA,Y,4,0,1,2,A,-,09,21801,A,N,D,C,A,A,H,-,C,A,0,NA,NA,NA,NA,Y,NA,A,07,0,0,1,0,0,0,0,0,0,-,-,NA,NA,LOS ANGELES,PALMDALE,-118.18368004,34.61645003
7206876,2016,2016-03-22,1942,2016-03-08,1515,39177,0378,2,5,7,1942,0,0,0,C,0,12T73,KING BL,VERMONT AV,0,NA,Y,A,-,N,NA,NA,NA,NA,NA,NA,NA,NA,NA,N,4,0,3,2,A,-,11,21954,A,N,A,C,A,A,-,-,A,A,0,NA,NA,NA,NA,Y,NA,A,07,0,0,3,0,0,0,0,0,0,-,-,NA,NA,LOS ANGELES,LOS ANGELES,-118.29153,34.01087
7206879,2016,2016-03-22,1900,2016-02-28,0731,491337,2612,7,5,6,1950,0,0,0,NA,0,262T1,ELIZABETH LAKE RD,75TH ST WEST,280,E,N,A,-,N,NA,NA,NA,NA,NA,NA,NA,NA,NA,Y,3,0,1,1,A,-,08,22107,NA,N,F,A,A,A,H,-,A,D,0,NA,NA,NA,NA,Y,NA,A,01,0,1,0,0,0,0,0,0,0,-,-,NA,NA,LOS ANGELES,PALMDALE,-118.26203294,34.60921247
7206880,2016,2016-03-22,1942,2016-03-06,0215,41729,567,7,5,7,1942,0,0,0,NA,0,5T21,S PACIFIC AV,13TH ST,60,N,N,C,-,N,NA,NA,NA,NA,NA,NA,NA,NA,NA,Y,3,0,1,4,A,-,03,22350,NA,N,D,C,A,B,H,-,C,A,0,NA,NA,NA,NA,Y,NA,A,01,0,1,0,0,0,0,0,0,0,-,-,NA,NA,LOS ANGELES,LOS ANGELES,-118.28794634,33.73258453
7206882,2016,2016-03-24,1942,2016-02-22,0710,41660,RD377,1,5,7,1942,0,0,0,NA,0,3A1,NORMANDIE AV,36TH ST,20,E,N,A,-,N,NA,NA,NA,NA,NA,NA,NA,NA,NA,Y,3,0,2,2,A,-,09,21802,A,N,B,C,A,A,H,-,A,D,0,NA,NA,NA,NA,Y,NA,A,01,0,1,1,0,0,0,0,0,0,-,-,NA,NA,LOS ANGELES,LOS ANGELES,-118.30021,34.0228
7206883,2016,2016-03-23,1942,2016-02-25,0900,41027,0195,4,5,7,1942,0,0,0,A,0,1A41,MAIN ST,18TH ST,0,NA,Y,A,-,N,NA,NA,NA,NA,NA,NA,NA,NA,NA,N,4,0,1,2,A,-,12,21453,A,N,D,C,A,A,H,-,A,A,0,NA,NA,NA,NA,Y,NA,A,01,0,0,1,0,0,0,0,0,0,-,-,NA,NA,LOS ANGELES,LOS ANGELES,-118.26369004,34.03218001
7206886,2016,2016-03-24,1942,2016-02-25,2000,41729,0398,4,5,7,1942,0,0,0,C,0,3T5,HOOVER ST,VERNON AV,0,NA,Y,A,-,N,NA,NA,NA,NA,NA,NA,NA,NA,NA,Y,3,0,1,2,A,-,09,21801,A,N,D,C,A,A,H,-,C,A,0,NA,NA,NA,NA,Y,NA,A,01,0,1,0,0,0,0,0,0,0,-,-,NA,NA,LOS ANGELES,LOS ANGELES,-118.28717,34.00372005
7206887,2016,2016-03-23,1942,2016-02-23,2020,42199,0161,2,5,7,1942,0,0,0,A,0,1A35,8TH ST,FRANCISCO,0,NA,Y,A,-,N,NA,NA,NA,NA,NA,NA,NA,NA,NA,N,3,0,1,2,A,-,11,21956,A,N,G,B,D,A,H,-,C,A,0,Y,NA,NA,NA,Y,NA,N,60,0,1,0,0,1,0,0,0,0,-,-,NA,NA,LOS ANGELES,LOS ANGELES,-118.26271001,34.04871004
7206890,2016,2016-03-24,1942,2016-02-24,1955,41729,0353,3,5,7,1942,0,0,0,C,0,12T41,POTOMAC AV,COLISEUM ST,0,NA,Y,A,-,N,NA,NA,NA,NA,NA,NA,NA,NA,NA,Y,4,0,1,2,A,-,12,22450,A,F,D,C,A,A,H,-,C,A,0,NA,NA,NA,NA,Y,NA,A,01,0,0,1,0,0,0,0,0,0,-,-,NA,NA,LOS ANGELES,LOS ANGELES,-118.34418,34.01825012
7206892,2016,2016-03-23,1942,2016-02-21,1350,37705,1321,7,5,7,1942,0,0,0,M,0,1T24,OLIVE ST,WASHINGTON BL,0,NA,Y,A,-,N,NA,NA,NA,NA,NA,NA,NA,NA,NA,Y,2,0,1,2,A,-,08,22107,NA,N,D,F,A,A,H,-,A,A,0,NA,NA,NA,NA,Y,NA,A,01,1,0,0,0,0,0,0,0,0,-,-,NA,NA,LOS ANGELES,LOS ANGELES,-118.26765009,34.03229003
7206893,2016,2016-03-23,1942,2016-02-27,0140,40859,1801,6,5,7,1942,0,0,0,R,0,18A1,MANCHESTER,HOOVER,0,NA,Y,A,-,N,NA,NA,NA,NA,NA,NA,NA,NA,NA,Y,4,0,1,2,A,-,09,21801,A,N,D,C,A,A,H,-,C,A,0,NA,NA,NA,NA,Y,NA,A,01,0,0,1,0,0,0,0,0,0,-,-,NA,NA,LOS ANGELES,LOS ANGELES,-118.28706011,33.96005007
7206894,2016,2016-03-23,1942,2016-02-25,1815,37654,1942,4,5,7,1942,0,0,0,NA,0,5A84,GAFFEY ST,SUMMERLAND AV,0,NA,Y,A,-,N,NA,NA,NA,NA,NA,NA,NA,NA,NA,Y,4,0,4,2,A,-,09,21801,A,N,A,C,A,A,H,-,B,A,0,NA,NA,NA,NA,Y,NA,A,01,0,0,4,0,0,0,0,0,0,-,-,NA,NA,LOS ANGELES,LOS ANGELES,-118.29290006,33.74765001
7206898,2016,2016-03-23,1942,2016-02-26,1145,37807,312,5,5,7,1942,0,0,0,NA,0,18T23,LA BREA AV,FERNDALE ST,0,NA,Y,A,-,N,NA,NA,NA,NA,NA,NA,NA,NA,NA,Y,4,0,1,2,A,-,07,21658,A,N,B,C,A,A,H,-,A,D,0,NA,NA,NA,NA,Y,NA,A,07,0,0,1,0,0,0,0,0,0,-,-,NA,NA,LOS ANGELES,LOS ANGELES,-118.35193012,34.03051009
7206902,2016,2016-03-23,1942,2016-02-25,0650,26217,0331,4,5,7,1942,0,0,0,C,0,25MQ12,ADAMS BL,WEST VIEW,60,W,N,A,-,N,NA,NA,NA,NA,NA,NA,NA,NA,NA,N,4,0,1,2,A,-,05,21460,C,N,B,C,A,A,H,-,A,A,0,NA,NA,NA,NA,Y,NA,A,01,0,0,1,0,0,0,0,0,0,-,-,NA,NA,LOS ANGELES,LOS ANGELES,-118.34869763,34.03252726
7206906,2016,2016-03-23,1942,2016-02-19,1145,42195,0566,5,5,7,1942,0,0,0,E,0,5A59,PACIFIC AV,9TH ST,0,NA,Y,A,-,N,NA,NA,NA,NA,NA,NA,NA,NA,NA,N,4,0,1,2,A,-,09,21804,A,N,D,G,A,A,H,-,A,A,0,NA,Y,NA,NA,Y,NA,L,04,0,0,1,0,0,0,1,0,0,-,-,NA,NA,LOS ANGELES,LOS ANGELES,-118.28793007,33.7360401
7206907,2016,2016-03-22,1942,2016-02-23,1445,25690,0155,2,5,7,1942,0,0,0,A,0,R81E,LOS ANGELES ST,5TH ST,3,S,N,A,-,N,NA,NA,NA,NA,NA,NA,NA,NA,NA,N,4,0,1,2,A,-,05,21650,1,N,D,G,A,A,H,-,A,A,0,NA,Y,NA,NA,Y,NA,L,04,0,0,1,0,0,0,1,0,0,-,-,NA,NA,LOS ANGELES,LOS ANGELES,-118.24755,34.046048
7206910,2016,2016-03-23,1942,2016-02-17,0745,41982,515,3,5,7,1942,0,0,0,NA,0,5A15,WILMINGTON AV,DOLORES ST,3,S,N,A,-,N,NA,NA,NA,NA,NA,NA,NA,NA,NA,N,4,0,1,2,A,-,10,21950,A,N,G,B,B,A,H,-,A,A,0,Y,NA,NA,NA,Y,NA,A,01,0,0,1,0,1,0,0,0,0,-,-,NA,NA,LOS ANGELES,LOS ANGELES,-118.27511975,33.79334178
7206911,2016,2016-03-22,1942,2016-02-24,1215,38171,0182,3,5,7,1942,0,0,0,A,0,2TL25,OLYMPIC BL,OLIVE ST,77,E,N,A,-,N,NA,NA,NA,NA,NA,NA,NA,NA,NA,N,4,0,2,3,A,-,03,22350,NA,N,C,C,A,A,H,-,A,D,0,NA,NA,NA,NA,Y,NA,A,08,0,0,2,0,0,0,0,0,0,-,-,NA,NA,LOS ANGELES,LOS ANGELES,-118.25930791,34.04220236
7206914,2016,2016-03-24,1942,2016-02-26,2200,35393,0514,5,5,7,1942,0,0,0,E,0,3T5,FIGUEROA ST,Q ST,20,S,N,A,-,N,NA,NA,NA,NA,NA,NA,NA,NA,NA,Y,3,0,1,1,A,-,03,22350,NA,N,E,I,A,A,H,-,C,D,0,NA,NA,NA,NA,Y,NA,A,01,0,1,0,0,0,0,0,0,0,-,-,NA,NA,LOS ANGELES,LOS ANGELES,-118.28243189,33.79390557
7206916,2016,2016-04-06,1942,2016-02-24,1500,37611,0111,3,5,7,1942,0,0,0,A,0,13T22,LOS ANGELES ST,ARCADIA ST,0,NA,Y,A,-,N,NA,NA,NA,NA,NA,NA,NA,NA,NA,Y,4,0,2,2,A,-,12,21453,A,N,D,C,A,A,H,-,A,A,0,NA,NA,NA,NA,Y,NA,-,-,0,0,2,0,0,0,0,0,0,-,-,NA,NA,LOS ANGELES,LOS ANGELES,-118.23919005,34.05528011
7206917,2016,2016-03-23,1942,2016-02-21,1540,40440,0558,7,5,7,1942,0,0,0,E,0,12TL73,HARBOR BL,6TH ST,213,N,N,A,-,N,NA,NA,NA,NA,NA,NA,NA,NA,NA,Y,2,0,3,1,A,-,01,23152,A,N,E,I,A,A,H,-,A,D,0,NA,NA,NA,NA,Y,Y,A,01,1,2,0,0,0,0,0,0,0,-,-,NA,NA,LOS ANGELES,LOS ANGELES,-118.27990581,33.73936404
7206920,2016,2016-03-23,1942,2016-02-24,1420,39889,0171,3,5,7,1942,0,0,0,A,0,4T4,OLYMPIC BL,LOS ANGELES LIVE WY,0,NA,Y,A,-,N,NA,NA,NA,NA,NA,NA,NA,NA,NA,Y,3,0,1,2,A,-,05,21650,1,N,D,G,A,A,H,-,A,A,0,NA,Y,NA,NA,Y,NA,L,04,0,1,0,0,0,0,1,0,0,-,-,NA,NA,LOS ANGELES,LOS ANGELES,-118.26826002,34.04650007
7206921,2016,2016-03-25,1942,2016-02-20,2010,41056,0526,6,5,7,1942,0,0,0,E,0,3T5,ANAHEIM ST,AVALON BL,0,NA,Y,A,-,N,NA,NA,NA,NA,NA,NA,NA,NA,NA,Y,3,0,4,2,A,-,12,21453,A,F,-,-,A,A,H,-,C,A,0,NA,NA,NA,NA,Y,Y,-,-,0,1,3,0,0,0,0,0,0,-,-,NA,NA,LOS ANGELES,LOS ANGELES,-118.26245004,33.77998006
7206924,2016,2016-03-23,1942,2016-02-26,2130,30083,1134,5,5,7,1942,0,0,0,K,0,11T21,EAGLE ROCK BL,AV 31,30,N,N,A,-,N,NA,NA,NA,NA,NA,NA,NA,NA,NA,Y,2,0,2,1,A,-,03,22350,A,N,E,I,A,A,H,-,C,D,0,NA,NA,NA,NA,Y,NA,A,01,2,0,0,0,0,0,0,0,0,-,-,NA,NA,LOS ANGELES,LOS ANGELES,-118.23792986,34.10787055
7206926,2016,2016-03-24,1942,2016-02-24,2230,41019,1375,3,5,7,1942,0,0,0,M,0,4T43,COMPTON AV,56TH ST,46,N,N,A,-,N,NA,NA,NA,NA,NA,NA,NA,NA,NA,Y,2,0,2,3,A,-,10,21950,A,N,G,B,B,A,H,-,C,A,0,Y,NA,NA,NA,Y,NA,A,01,1,0,1,0,1,0,0,0,0,-,-,NA,NA,LOS ANGELES,LOS ANGELES,-118.247763,33.992196129999996
7206930,2016,2016-03-24,1942,2016-02-23,1740,40726,1353,2,5,7,1942,0,0,0,M,0,1T11,VERNON AV,CENTRAL AV,260,E,N,A,-,N,NA,NA,NA,NA,NA,NA,NA,NA,NA,Y,4,0,1,5,A,-,01,23152,A,N,C,C,A,A,H,-,B,A,0,NA,NA,NA,NA,Y,NA,A,01,0,0,1,0,0,0,0,0,0,-,-,NA,NA,LOS ANGELES,LOS ANGELES,-118.25563398,34.0039184
7206934,2016,2016-03-24,1942,2016-02-21,1015,37711,275,7,5,7,1942,0,0,0,NA,0,2A5,OLYMPIC BL,ALVARADO ST,0,NA,Y,A,-,N,NA,NA,NA,NA,NA,NA,NA,NA,NA,N,4,0,1,2,A,-,08,22107,NA,F,H,C,A,A,H,-,A,A,0,NA,NA,NA,NA,Y,NA,-,99,0,0,1,0,0,0,0,0,0,-,-,NA,NA,LOS ANGELES,LOS ANGELES,-118.27983013,34.05174004
7206936,2016,2016-03-23,1947,2016-02-21,0804,R4,NA,7,5,5,1947,0,0,0,NA,0,00A,WEST BEVERLY BL,N VIA SAN CLEMENTE AV N,0,NA,Y,A,-,N,NA,NA,NA,NA,NA,NA,NA,NA,NA,Y,4,0,1,2,A,-,09,21802,A,N,D,C,A,A,H,-,A,A,0,NA,NA,NA,NA,Y,NA,A,01,0,0,1,0,0,0,0,0,0,-,-,NA,NA,LOS ANGELES,MONTEBELLO,-118.1351801,34.02324008
7206938,2016,2016-03-24,1942,2016-02-27,0215,37540,231,6,5,7,1942,0,0,0,NA,0,11T32,DILLON ST,TEMPLE ST,0,NA,Y,A,-,N,NA,NA,NA,NA,NA,NA,NA,NA,NA,N,2,0,2,3,A,-,09,21802,A,N,-,C,A,A,H,-,C,D,0,NA,NA,NA,NA,Y,NA,A,01,1,1,0,0,0,0,0,0,0,-,-,NA,NA,LOS ANGELES,LOS ANGELES,-118.28118002,34.07527008
7206940,2016,2016-03-23,1947,2016-02-06,1448,1302,NA,6,5,5,1947,0,0,0,NA,0,00D,S MONTEBELLO BL,WASHINGTON BL,132,N,N,A,-,N,NA,NA,NA,NA,NA,NA,NA,NA,NA,Y,3,0,1,2,A,-,09,21804,A,N,D,C,A,A,H,-,A,B,0,NA,NA,Y,NA,Y,NA,A,01,0,1,0,0,0,0,0,0,1,-,-,33.9939,-118.11619,LOS ANGELES,MONTEBELLO,-118.11600676,33.9942042
7206942,2016,2016-03-24,1942,2016-02-23,1710,40897,1322,2,5,7,1942,0,0,0,M,0,13X94,ADAMS,TRINITY,7,W,N,A,-,N,NA,NA,NA,NA,NA,NA,NA,NA,NA,N,4,0,1,2,A,-,09,21802,A,F,D,C,A,A,H,-,A,A,0,NA,NA,NA,NA,Y,NA,-,NA,0,0,1,0,0,0,0,0,0,-,-,NA,NA,LOS ANGELES,LOS ANGELES,-118.26328977,34.02244988
7206944,2016,2016-03-23,1947,2016-02-05,1557,ARREOLA,NA,5,5,5,1947,0,0,0,NA,0,00B,WEST BEVERLY BL,N 18TH ST N,0,NA,Y,A,-,N,NA,NA,NA,NA,NA,NA,NA,NA,NA,Y,4,0,1,3,A,-,09,21801,A,N,D,C,A,A,H,-,-,A,0,NA,NA,NA,NA,Y,NA,A,01,0,0,1,0,0,0,0,0,0,-,-,NA,NA,LOS ANGELES,MONTEBELLO,-118.11817012,34.01969002
7206945,2016,2016-03-23,1942,2016-02-26,1850,40956,0513,5,5,7,1942,0,0,0,E,0,5A58,S VERMONT AV,ANAHEIM,600,N,N,A,-,N,NA,NA,NA,NA,NA,NA,NA,NA,NA,N,4,0,1,2,A,-,08,22107,NA,N,D,C,A,A,H,-,C,D,0,NA,NA,NA,NA,Y,NA,A,01,0,0,1,0,0,0,0,0,0,-,-,NA,NA,LOS ANGELES,LOS ANGELES,-118.2975016,33.78374541
7206946,2016,2016-04-05,1942,2016-02-29,0830,35385,151,1,5,7,1942,0,0,0,O,0,1A1,6TH ST,FIGUEROA ST,66,W,N,A,-,N,NA,NA,NA,NA,NA,NA,NA,NA,NA,NA,4,0,1,1,A,-,03,22350,NA,N,H,J,A,A,H,-,A,A,0,NA,NA,Y,NA,Y,NA,-,-,0,0,1,0,0,0,0,0,1,-,-,NA,NA,LOS ANGELES,LOS ANGELES,-118.25870345,34.05095603
7206948,2016,2016-03-24,1947,2016-02-27,0845,1385,NA,6,5,5,1947,0,0,0,NA,0,00A,VIA CAMPO,NORTH GARFIELD AV,300,E,N,A,-,N,NA,NA,NA,NA,NA,NA,NA,NA,NA,N,4,0,1,3,A,-,09,21804,A,N,C,C,A,A,H,-,A,D,0,NA,NA,Y,NA,Y,NA,A,01,0,0,1,0,0,0,0,0,0,-,-,34.03274,-118.12997,LOS ANGELES,MONTEBELLO,-118.12898208,34.03275137
7206949,2016,2017-02-11,1942,2016-02-22,1915,41954,0514,1,5,7,1942,0,0,0,E,0,5A24,RT 1,WILMINGTON BL,100,W,N,A,-,Y,LA,7,1,-,-,11.23,H,-,S,N,2,0,1,2,A,-,11,21954,A,F,G,B,D,A,H,-,C,A,0,Y,NA,NA,NA,Y,NA,N,60,1,0,0,0,1,0,0,0,0,-,-,NA,NA,LOS ANGELES,LOS ANGELES,-118.27548085,33.790463270000004
7206952,2016,2016-03-23,1947,2016-02-16,1857,1252,NA,2,5,5,1947,0,0,0,NA,0,00A,REPETTO AV,BRADSHAWE AV,0,NA,Y,A,-,N,NA,NA,NA,NA,NA,NA,NA,NA,NA,NA,4,0,1,2,A,-,07,21658,A,N,B,C,A,A,H,-,C,A,0,NA,NA,NA,NA,Y,NA,A,07,0,0,1,0,0,0,0,0,0,-,-,NA,NA,LOS ANGELES,MONTEBELLO,-118.14248003,34.02339008
7206956,2016,2016-03-23,1947,2016-02-13,1001,1368,NA,6,5,5,1947,0,0,0,NA,0,00E,WEST WASHINGTON BL,S GREENWOOD AV S,0,NA,Y,A,-,N,NA,NA,NA,NA,NA,NA,NA,NA,NA,Y,4,0,1,2,A,-,12,21453,A,N,D,C,A,A,H,-,A,A,0,NA,NA,NA,NA,Y,NA,A,01,0,0,1,0,0,0,0,0,0,-,-,33.99515,-118.1193,LOS ANGELES,MONTEBELLO,-118.11931007,33.99513001
7206957,2016,2017-02-11,1942,2016-02-29,1045,40697,0532,1,5,7,1942,0,0,0,E,0,18T23,RT 1,MCDONALD,0,NA,Y,A,-,Y,LA,7,1,-,-,11.024,I,5,S,N,3,0,1,2,A,-,08,22100,A,N,B,C,A,A,H,-,A,D,0,NA,NA,Y,NA,Y,NA,A,07,0,1,0,0,0,0,0,0,1,-,-,NA,NA,LOS ANGELES,LOS ANGELES,-118.27186825,33.79065599
7206960,2016,2016-03-23,1947,2016-02-06,1743,ARREOLA,NA,6,5,5,1947,0,0,0,NA,0,00D,W OLYMPIC BL,S VAIL AV S,0,NA,Y,A,-,N,NA,NA,NA,NA,NA,NA,NA,NA,NA,Y,4,0,2,2,A,-,09,21801,A,N,D,C,A,A,H,-,C,A,0,NA,NA,NA,NA,Y,NA,A,08,0,0,2,0,0,0,0,0,0,-,-,34.00982,-118.12003,LOS ANGELES,MONTEBELLO,-118.12001001,34.00985006
7206964,2016,2016-03-23,1942,2016-03-05,0405,41708,0311,6,5,7,1942,0,0,0,C,0,3A1,FAIRFAX AV,LA CIENEGA BL,15,E,N,B,-,N,NA,NA,NA,NA,NA,NA,NA,NA,NA,N,4,0,1,2,A,-,03,22350,NA,M,C,C,A,A,H,-,C,A,0,NA,NA,NA,NA,Y,NA,-,99,0,0,1,0,0,0,0,0,0,-,-,NA,NA,LOS ANGELES,LOS ANGELES,-118.37189383,34.029764900000004