CASE_ID,ACCIDENT_YEAR,PROC_DATE,JURIS,COLLISION_DATE,COLLISION_TIME,OFFICER_ID,REPORTING_DISTRICT,DAY_OF_WEEK,CHP_SHIFT,POPULATION,CNTY_CITY_LOC,SPECIAL_COND,BEAT_TYPE,CHP_BEAT_TYPE,CITY_DIVISION_LAPD,CHP_BEAT_CLASS,BEAT_NUMBER,PRIMARY_RD,SECONDARY_RD,DISTANCE,DIRECTION,INTERSECTION,WEATHER_1,WEATHER_2,STATE_HWY_IND,CALTRANS_COUNTY,CALTRANS_DISTRICT,STATE_ROUTE,ROUTE_SUFFIX,POSTMILE_PREFIX,POSTMILE,LOCATION_TYPE,RAMP_INTERSECTION,SIDE_OF_HWY,TOW_AWAY,COLLISION_SEVERITY,NUMBER_KILLED,NUMBER_INJURED,PARTY_COUNT,PRIMARY_COLL_FACTOR,PCF_CODE_OF_VIOL,PCF_VIOL_CATEGORY,PCF_VIOLATION,PCF_VIOL_SUBSECTION,HIT_AND_RUN,TYPE_OF_COLLISION,MVIW,PED_ACTION,ROAD_SURFACE,ROAD_COND_1,ROAD_COND_2,LIGHTING,CONTROL_DEVICE,CHP_ROAD_TYPE,PEDESTRIAN_ACCIDENT,BICYCLE_ACCIDENT,MOTORCYCLE_ACCIDENT,TRUCK_ACCIDENT,NOT_PRIVATE_PROPERTY,ALCOHOL_INVOLVED,STWD_VEHTYPE_AT_FAULT,CHP_VEHTYPE_AT_FAULT,COUNT_SEVERE_INJ,COUNT_VISIBLE_INJ,COUNT_COMPLAINT_PAIN,COUNT_PED_KILLED,COUNT_PED_INJURED,COUNT_BICYCLIST_KILLED,COUNT_BICYCLIST_INJURED,COUNT_MC_KILLED,COUNT_MC_INJURED,PRIMARY_RAMP,SECONDARY_RAMP,LATITUDE,LONGITUDE,COUNTY,CITY,POINT_X,POINT_Y
7208503,2016,2016-04-12,1953,2016-03-10,0930,7131,1953,4,5,6,1953,0,0,0,NA,0,002,SAN MARINO AV,DEL MAR BL,0,NA,Y,A,-,N,NA,NA,NA,NA,NA,NA,NA,NA,NA,N,3,0,1,2,A,-,10,21950,A,N,G,B,B,A,H,-,A,-,0,Y,NA,NA,NA,Y,NA,A,01,0,1,0,0,1,0,0,0,0,-,-,NA,NA,LOS ANGELES,PASADENA,-118.10830009,34.14199005
7208506,2016,2016-03-24,1900,2016-03-10,1656,546182,1127,4,5,6,1992,0,0,0,NA,0,111T1,30TH ST WEST,AVENUE J-12,295,N,N,A,-,N,NA,NA,NA,NA,NA,NA,NA,NA,NA,Y,4,0,1,2,A,-,09,21804,A,N,D,C,A,A,H,-,B,A,0,NA,NA,NA,NA,Y,NA,A,01,0,0,1,0,0,0,0,0,0,-,-,NA,NA,LOS ANGELES,LANCASTER,-118.18366784,34.67930872
7208507,2016,2016-03-22,1953,2016-03-11,1606,8058,PASAD,5,5,6,1953,0,0,0,NA,0,001,ORANGE GROVE BL,CALIFORNIA BL,40,S,N,B,-,N,NA,NA,NA,NA,NA,NA,NA,NA,NA,Y,4,0,1,2,A,-,03,22350,NA,N,D,C,A,B,H,-,A,A,0,NA,NA,NA,NA,Y,NA,A,07,0,0,1,0,0,0,0,0,0,-,-,NA,NA,LOS ANGELES,PASADENA,-118.15897983,34.13562064
7208511,2016,2016-03-22,1953,2016-03-11,2040,3031,1953,5,5,6,1953,0,0,0,NA,0,003,WASHINGTON BL,OXFORD AV,0,NA,Y,A,-,N,NA,NA,NA,NA,NA,NA,NA,NA,NA,Y,3,0,1,2,A,-,12,22450,A,F,D,C,A,A,H,-,C,A,0,NA,NA,NA,NA,Y,NA,-,NA,0,1,0,0,0,0,0,0,0,-,-,NA,NA,LOS ANGELES,PASADENA,-118.11642004,34.16911011
7208515,2016,2016-03-22,1962,2016-03-16,1848,079,1962,3,5,4,1962,0,0,0,NA,0,025,VALLEY BL,PALM AV,102,W,N,A,-,N,NA,NA,NA,NA,NA,NA,NA,NA,NA,Y,4,0,2,3,A,-,07,21658,A,N,B,C,A,A,H,-,B,D,0,NA,NA,NA,NA,Y,NA,A,01,0,0,2,0,0,0,0,0,0,-,-,NA,NA,LOS ANGELES,SAN GABRIEL,-118.09774538,34.07983137
7208518,2016,2016-08-15,1900,2016-03-08,1807,602372,1123,2,5,6,1992,0,0,0,NA,0,111T1,SIERRA HWY,AVENUE L,866,N,N,A,-,N,NA,NA,NA,NA,NA,NA,NA,NA,NA,Y,3,0,1,3,A,-,03,22350,NA,N,C,C,A,A,H,-,C,D,0,NA,NA,NA,NA,Y,NA,A,01,0,1,0,0,0,0,0,0,0,-,-,NA,NA,LOS ANGELES,LANCASTER,-118.13094846,34.66287452
7208519,2016,2016-03-22,1962,2016-03-15,0645,116,1962,2,5,4,1962,0,0,0,NA,0,023,RAMONA ST,WELLS ST,59,S,N,A,-,N,NA,NA,NA,NA,NA,NA,NA,NA,NA,Y,4,0,1,2,A,-,10,21950,A,N,G,B,B,A,H,-,A,A,0,Y,NA,NA,NA,Y,NA,A,01,0,0,1,0,1,0,0,0,0,-,-,NA,NA,LOS ANGELES,SAN GABRIEL,-118.10787594,34.08465929
7208522,2016,2016-03-22,1942,2016-03-02,0815,41718,0701,3,5,7,1942,0,0,0,G,0,7A21-W,MELROSE AV,EDINBURGH AV,0,NA,Y,A,-,N,NA,NA,NA,NA,NA,NA,NA,NA,NA,Y,4,0,2,2,A,-,09,21802,NA,N,D,C,A,A,H,-,A,D,0,NA,NA,NA,NA,Y,NA,A,01,0,0,2,0,0,0,0,0,0,-,-,NA,NA,LOS ANGELES,LOS ANGELES,-118.3637401,34.08378008
7208526,2016,2016-03-22,1942,2016-03-01,1750,36635,0727,2,5,7,1942,0,0,0,G,0,7A17,BEVERLY BL,HIGHLAND AV,171,E,N,A,-,N,NA,NA,NA,NA,NA,NA,NA,NA,NA,N,3,0,1,2,A,-,00,21760,NA,N,B,G,A,A,H,-,C,D,0,NA,Y,NA,NA,Y,NA,A,01,0,1,0,0,0,0,1,0,0,-,-,34.07613,-118.33793,LOS ANGELES,LOS ANGELES,-118.33808643,34.07619522
7208530,2016,2016-03-22,1942,2016-03-01,1330,41669,07B3,2,5,7,1942,0,0,0,G,0,7X58,APPLE ST,CARMONA AV,0,NA,Y,A,-,N,NA,NA,NA,NA,NA,NA,NA,NA,NA,N,3,0,1,3,A,-,17,22517,NA,N,G,B,A,A,H,-,A,D,0,NA,Y,NA,NA,Y,NA,A,01,0,1,0,0,0,0,1,0,0,-,-,NA,NA,LOS ANGELES,LOS ANGELES,-118.36314009,34.03439002
7208533,2016,2016-03-24,1900,2016-03-02,1235,505175,2221,3,5,3,1994,0,0,0,NA,0,222T2,KANAN RD,THOUSAND OAKS BL,422,S,N,A,-,N,NA,NA,NA,NA,NA,NA,NA,NA,NA,N,4,0,1,2,B,-,22,NA,NA,N,C,C,A,A,H,-,A,D,0,NA,NA,NA,NA,Y,NA,D,22,0,0,1,0,0,0,0,0,0,-,-,34.15283,-118.75772,LOS ANGELES,AGOURA HILLS,-118.75767156,34.15287687
7208534,2016,2016-03-22,1942,2016-03-08,1118,39065,0762,2,5,7,1942,0,0,0,G,0,20T58,LA CIENEGA BL,AIRDROME ST,250,S,N,A,-,N,NA,NA,NA,NA,NA,NA,NA,NA,NA,Y,3,0,2,2,A,-,09,21804,A,N,D,C,A,A,H,-,A,D,0,NA,NA,NA,NA,Y,NA,A,01,0,1,1,0,0,0,0,0,0,-,-,NA,NA,LOS ANGELES,LOS ANGELES,-118.37634979,34.04642276
7208538,2016,2016-03-22,1942,2016-03-03,1445,39065,0745,4,5,7,1942,0,0,0,G,0,14T52,OLYMPIC BL,RIMPAU BL,0,NA,Y,A,-,N,NA,NA,NA,NA,NA,NA,NA,NA,NA,N,4,0,1,2,A,-,09,21801,A,N,D,C,A,A,H,-,A,A,0,NA,NA,NA,NA,Y,NA,A,01,0,0,1,0,0,0,0,0,0,-,-,NA,NA,LOS ANGELES,LOS ANGELES,-118.33373006,34.05690005
7208542,2016,2016-03-22,1942,2016-03-08,0720,33191,701,2,5,7,1942,0,0,0,NA,0,14T47,WILLOUGHBY AV,ALFRED ST,0,NA,Y,A,-,N,NA,NA,NA,NA,NA,NA,NA,NA,NA,N,4,0,1,2,A,-,10,21950,A,N,G,B,B,A,H,-,A,D,0,Y,NA,NA,NA,Y,NA,A,01,0,0,1,0,1,0,0,0,0,-,-,NA,NA,LOS ANGELES,LOS ANGELES,-118.37531007,34.08700001
7208543,2016,2016-03-22,1900,2016-03-02,1855,475113,1430,3,5,4,1937,0,0,0,NA,0,143T1,SUNSET AV,TEMPLE AV,0,NA,N,A,-,N,NA,NA,NA,NA,NA,NA,NA,NA,NA,Y,4,0,1,2,A,-,09,21804,A,N,B,C,A,A,H,-,C,D,0,NA,NA,Y,NA,Y,NA,A,01,0,0,1,0,0,0,0,0,1,-,-,34.04063,-117.96847,LOS ANGELES,LA PUENTE,-117.9680601,34.04068005
7208546,2016,2016-03-22,1942,2016-03-05,2315,41179,0743,6,5,7,1942,0,0,0,G,0,6T7,ORANGE GROVE AV,8TH ST,79,N,N,C,-,N,NA,NA,NA,NA,NA,NA,NA,NA,NA,N,4,0,1,3,A,-,03,22350,NA,F,C,E,E,B,H,-,C,D,0,Y,NA,NA,NA,Y,NA,-,99,0,0,1,0,1,0,0,0,0,-,-,NA,NA,LOS ANGELES,LOS ANGELES,-118.36125342,34.06112769
7208550,2016,2016-03-22,1942,2016-03-02,1755,37575,2002,3,5,7,1942,0,0,0,NA,0,6TL2,MELROSE AV,WESTERN AV,35,E,N,A,-,N,NA,NA,NA,NA,NA,NA,NA,NA,NA,Y,4,0,1,2,A,-,03,22350,NA,F,C,C,A,A,H,-,-,D,0,NA,NA,NA,NA,Y,NA,-,99,0,0,1,0,0,0,0,0,0,-,-,NA,NA,LOS ANGELES,LOS ANGELES,-118.30901463,34.08351
7208553,2016,2016-03-24,1900,2016-03-06,0522,260277,2224,7,5,3,1994,0,0,0,NA,0,222,AGOURA RD,LADY FACE CT,192,E,N,B,C,N,NA,NA,NA,NA,NA,NA,NA,NA,NA,Y,4,0,1,1,A,-,08,22107,NA,N,F,J,A,B,B,-,C,D,0,NA,NA,NA,NA,Y,NA,D,22,0,0,1,0,0,0,0,0,0,-,-,NA,NA,LOS ANGELES,AGOURA HILLS,-118.77422671,34.14485515
7208554,2016,2016-03-22,1942,2016-03-05,1500,40452,0648,6,5,7,1942,0,0,0,F,0,6TL2,SUNSET BL,SAINT ANDREWS PL,10,E,N,B,-,N,NA,NA,NA,NA,NA,NA,NA,NA,NA,N,3,0,1,2,A,-,10,21950,A,F,G,B,B,A,H,-,A,A,0,Y,NA,NA,NA,Y,NA,-,99,0,1,0,0,1,0,0,0,0,-,-,NA,NA,LOS ANGELES,LOS ANGELES,-118.31141703,34.0981
7208558,2016,2016-03-22,1942,2016-03-01,0720,40164,678,2,5,7,1942,0,0,0,NA,0,7TL23,OXFORD AV,SIERRA VISTA AV,100,S,N,B,-,N,NA,NA,NA,NA,NA,NA,NA,NA,NA,Y,3,0,4,2,A,-,09,21804,A,N,D,C,A,A,H,-,A,D,0,NA,NA,NA,NA,Y,NA,A,01,0,2,2,0,0,0,0,0,0,-,-,NA,NA,LOS ANGELES,LOS ANGELES,-118.30779807,34.08966575
7208629,2016,2017-02-11,1941,2016-03-05,1527,5808,NA,6,5,7,1941,0,0,0,NA,0,NA,PICO AV,GERALD DESMOND BR,0,NA,N,A,-,Y,LA,7,710,-,-,5.111,R,2,S,Y,3,0,1,1,A,-,03,22350,NA,N,F,I,A,A,D,-,A,D,0,NA,NA,NA,Y,Y,NA,G,NA,0,1,0,0,0,0,0,0,0,WO,-,NA,NA,LOS ANGELES,LONG BEACH,-118.21127247,33.76689978
7208664,2016,2016-03-22,1907,2016-02-27,0802,518,2,6,5,4,1907,0,0,0,NA,0,NA,FLORENCE AV,HELIOTROPE AV,0,NA,Y,A,-,N,NA,NA,NA,NA,NA,NA,NA,NA,NA,N,4,0,1,3,A,-,03,22350,NA,N,C,C,A,A,H,-,A,D,0,NA,NA,NA,NA,Y,NA,I,11,0,0,1,0,0,0,0,0,0,-,-,33.96978,-118.18057,LOS ANGELES,BELL,-118.18079013,33.96953012
7208674,2016,2016-03-17,1900,2016-02-25,1040,515590,0621,4,5,6,1985,0,0,0,NA,0,62T1,MCBEAN PKWY,GRANARY SQUARE,15,S,N,A,-,N,NA,NA,NA,NA,NA,NA,NA,NA,NA,Y,4,0,1,4,A,-,07,21658,A,N,B,C,A,A,H,-,A,A,0,NA,NA,NA,NA,Y,NA,A,07,0,0,1,0,0,0,0,0,0,-,-,NA,NA,LOS ANGELES,SANTA CLARITA,-118.551596,34.402694
7208675,2016,2016-03-17,1900,2016-02-27,1605,542860,0623,6,5,6,1985,0,0,0,NA,0,62T1,MCBEAN PKWY,ROCKWELL CYN RD,425,E,N,A,-,N,NA,NA,NA,NA,NA,NA,NA,NA,NA,Y,3,0,1,1,C,-,18,NA,NA,N,E,I,A,A,H,-,A,D,0,NA,NA,NA,NA,Y,NA,-,-,0,1,0,0,0,0,0,0,0,-,-,NA,NA,LOS ANGELES,SANTA CLARITA,-118.56369359,34.39486
7208680,2016,2016-03-17,1900,2016-02-25,1825,476218,0612,4,5,6,1985,0,0,0,NA,0,61T1,SOLEDAD CANYON RD,HIDAWAY AV,0,NA,Y,A,-,N,NA,NA,NA,NA,NA,NA,NA,NA,NA,Y,4,0,2,2,A,-,09,21802,A,N,D,C,A,A,H,-,C,A,0,NA,NA,NA,NA,Y,NA,A,01,0,0,2,0,0,0,0,0,0,-,-,NA,NA,LOS ANGELES,SANTA CLARITA,-118.4689701,34.415700029999996
7208686,2016,2016-03-21,1942,2016-02-28,1610,39762,1801,7,5,7,1942,0,0,0,R,0,12TL93,HOOVER ST,92ND ST,0,NA,Y,A,-,N,NA,NA,NA,NA,NA,NA,NA,NA,NA,Y,4,0,3,3,A,-,01,23152,A,N,D,C,A,A,H,-,A,A,0,NA,NA,NA,NA,Y,Y,D,23,0,0,3,0,0,0,0,0,0,-,-,NA,NA,LOS ANGELES,LOS ANGELES,-118.28698005,33.95281006
7208687,2015,2016-03-23,1942,2015-12-29,1315,24517,0819,2,5,7,1942,0,0,0,H,0,7TL38,SUNSET BL,BEVERLY GLEN,50,W,N,A,-,N,NA,NA,NA,NA,NA,NA,NA,NA,NA,Y,4,0,3,4,A,-,03,22350,NA,N,C,C,A,A,H,-,A,A,0,NA,NA,NA,NA,Y,NA,A,01,0,0,3,0,0,0,0,0,0,-,-,NA,NA,LOS ANGELES,LOS ANGELES,-118.47084696,34.06443338
7208688,2016,2016-03-21,1942,2016-02-23,1540,38013,0819,2,5,7,1942,0,0,0,H,0,8T28,BEVERLY GLEN BL,STRATHMORE DR,15,S,N,A,-,N,NA,NA,NA,NA,NA,NA,NA,NA,NA,N,3,0,4,4,A,-,03,22350,NA,N,C,C,A,A,H,-,A,D,0,NA,NA,NA,NA,Y,NA,A,07,0,1,3,0,0,0,0,0,0,-,-,NA,NA,LOS ANGELES,LOS ANGELES,-118.43114677,34.07047368
7208690,2016,2016-03-29,1942,2016-02-15,1600,35474,2053,1,5,7,1942,0,0,0,NA,0,20A71,OLYMPIC BL,HOBART,4,E,N,A,-,N,NA,NA,NA,NA,NA,NA,NA,NA,NA,N,3,0,1,2,A,-,09,21801,A,N,D,G,A,A,H,-,A,D,0,NA,Y,NA,NA,Y,NA,D,22,0,1,0,0,0,0,1,0,0,-,-,NA,NA,LOS ANGELES,LOS ANGELES,-118.30521682,34.0526
7208699,2016,2016-03-17,1942,2016-03-07,1920,35391,1049,1,5,7,1942,0,0,0,J,0,19T72,BURBANK BL,WOODLEY AV,260,W,N,A,-,N,NA,NA,NA,NA,NA,NA,NA,NA,NA,Y,4,0,1,2,A,-,03,22350,NA,F,C,C,A,A,H,-,C,D,0,NA,NA,NA,NA,Y,NA,A,01,0,0,1,0,0,0,0,0,0,-,-,NA,NA,LOS ANGELES,LOS ANGELES,-118.4765691,34.17145096
7208700,2016,2016-03-17,1942,2016-03-07,1855,34332,1764,1,5,7,1942,0,0,0,Q,0,16T25,CORBIN AV,NORDHOFF PL,232,S,N,A,-,N,NA,NA,NA,NA,NA,NA,NA,NA,NA,N,2,0,1,2,A,-,11,21954,A,N,G,B,D,A,H,-,C,D,0,Y,NA,NA,NA,Y,NA,N,60,1,0,0,0,1,0,0,0,0,-,-,NA,NA,LOS ANGELES,LOS ANGELES,-118.56230896,34.23484362
7208701,2016,2016-03-21,1942,2016-02-27,0145,40972,0926,6,5,7,1942,0,0,0,I,0,9T55,VANOWEN ST,KATHERINE AV,8,W,N,A,-,N,NA,NA,NA,NA,NA,NA,NA,NA,NA,Y,4,0,1,4,A,-,01,23152,A,N,D,E,A,A,H,-,C,D,0,NA,NA,NA,NA,Y,Y,D,22,0,0,1,0,0,0,0,0,0,-,-,NA,NA,LOS ANGELES,LOS ANGELES,-118.4432064,34.19393959
7208705,2016,2016-03-21,1942,2016-02-27,1330,40165,2111,6,5,7,1942,0,0,0,NA,0,15TL42,SATICOY ST,ROYER ST,590,W,N,A,-,N,NA,NA,NA,NA,NA,NA,NA,NA,NA,Y,3,0,1,3,A,-,01,23152,A,N,C,E,A,A,H,-,A,D,0,NA,NA,NA,NA,Y,Y,D,22,0,1,0,0,0,0,0,0,0,-,-,NA,NA,LOS ANGELES,LOS ANGELES,-118.62971817,34.20824086
7208714,2016,2016-08-15,1900,2016-03-03,1748,531921,0522,4,5,4,1971,0,0,0,NA,0,52T1PM,RT 164,BROADWAY,630,N,N,A,-,N,NA,NA,NA,NA,NA,NA,NA,NA,NA,N,4,0,1,2,A,-,03,22350,NA,N,C,C,A,A,H,-,C,A,0,NA,NA,NA,NA,Y,NA,D,22,0,0,1,0,0,0,0,0,0,-,-,NA,NA,LOS ANGELES,TEMPLE CITY,-118.0736,34.100705
7208829,2016,2016-03-17,1920,2016-02-12,1502,12609,NA,5,5,6,1920,0,0,0,NA,0,003,RIVES AV,4TH PL,50,S,N,A,-,N,NA,NA,NA,NA,NA,NA,NA,NA,NA,N,4,0,1,2,A,-,04,21703,NA,N,C,C,A,A,H,-,A,A,0,NA,NA,NA,NA,Y,NA,A,01,0,0,1,0,0,0,0,0,0,-,-,NA,NA,LOS ANGELES,DOWNEY,-118.14045912,33.94706475
7208830,2016,2016-05-04,1920,2016-02-06,1853,12699,NA,6,5,6,1920,0,0,0,NA,0,003,FIRESTONE BL,RIVES AV,360,E,N,A,-,N,NA,NA,NA,NA,NA,NA,NA,NA,NA,N,4,0,1,2,A,-,08,22107,NA,N,D,C,A,A,H,-,C,D,0,NA,NA,NA,NA,Y,NA,A,01,0,0,1,0,0,0,0,0,0,-,-,NA,NA,LOS ANGELES,DOWNEY,-118.14111692,33.94434212
7208831,2016,2016-03-17,1920,2016-02-10,1041,12476,NA,3,5,6,1920,0,0,0,NA,0,005,CHEROKEE DR,BROOKSHIRE AV,5,E,N,A,-,N,NA,NA,NA,NA,NA,NA,NA,NA,NA,Y,2,0,2,2,A,-,10,21950,A,N,G,B,B,A,H,-,A,A,0,Y,NA,NA,NA,Y,NA,A,07,1,0,1,0,1,0,0,0,0,-,-,NA,NA,LOS ANGELES,DOWNEY,-118.1248861,33.94578267
7208832,2016,2016-03-15,1920,2016-02-08,1603,12323,NA,1,5,6,1920,0,0,0,NA,0,001,IMPERIAL HWY,WOODRUFF AV,100,W,N,A,-,N,NA,NA,NA,NA,NA,NA,NA,NA,NA,Y,4,0,1,2,A,-,03,22350,NA,N,C,C,A,A,H,-,A,A,0,NA,NA,NA,NA,Y,NA,A,01,0,0,1,0,0,0,0,0,0,-,-,NA,NA,LOS ANGELES,DOWNEY,-118.11719834,33.91686772
7208833,2016,2016-03-17,1920,2016-02-05,2142,11859,1920,5,5,6,1920,0,0,0,NA,0,005,DOWNEY AV,FIRESTONE BL,0,NA,Y,A,-,N,NA,NA,NA,NA,NA,NA,NA,NA,NA,Y,4,0,1,2,A,-,09,21801,A,N,D,C,A,A,H,-,C,A,0,NA,NA,NA,NA,Y,Y,A,01,0,0,1,0,0,0,0,0,0,-,-,NA,NA,LOS ANGELES,DOWNEY,-118.13318004,33.94007006
7208834,2016,2016-03-21,1920,2016-02-06,1757,11033,NA,6,5,6,1920,0,0,0,NA,0,005,LAKEWOOD BL,FIRESTONE BL,0,NA,Y,A,-,N,NA,NA,NA,NA,NA,NA,NA,NA,NA,Y,3,0,4,3,A,-,09,21801,A,N,D,C,A,A,H,-,C,A,0,NA,NA,NA,NA,Y,NA,A,07,0,2,2,0,0,0,0,0,0,-,-,NA,NA,LOS ANGELES,DOWNEY,-118.12402003,33.93553004
7208835,2016,2016-03-17,1920,2016-02-07,1405,12476,NA,7,5,6,1920,0,0,0,NA,0,005,FIRESTONE BL,LA REINA AV,75,E,N,A,-,N,NA,NA,NA,NA,NA,NA,NA,NA,NA,N,4,0,1,3,A,-,03,22350,NA,N,C,C,A,A,H,-,A,A,0,NA,NA,NA,NA,Y,NA,A,01,0,0,1,0,0,0,0,0,0,-,-,NA,NA,LOS ANGELES,DOWNEY,-118.13473039,33.9409252
7208837,2016,2016-03-15,1942,2016-02-26,1550,31573,2002,5,5,7,1942,0,0,0,NA,0,34MQ09,WESTERN AV,CLINTON ST,0,NA,Y,A,-,N,NA,NA,NA,NA,NA,NA,NA,NA,NA,Y,4,0,1,2,A,-,09,21802,A,F,B,C,A,A,H,-,A,A,0,NA,NA,NA,NA,Y,NA,A,01,0,0,1,0,0,0,0,0,0,-,-,NA,NA,LOS ANGELES,LOS ANGELES,-118.30914002,34.08165005
7208838,2016,2016-03-15,1942,2016-02-24,1230,38118,2029,3,5,7,1942,0,0,0,NA,0,20TL58,WILSHIRE BL,VERMONT AV,50,E,N,A,-,N,NA,NA,NA,NA,NA,NA,NA,NA,NA,N,4,0,1,2,A,-,08,22107,NA,F,B,C,A,A,H,-,A,D,0,NA,NA,NA,NA,Y,NA,-,99,0,0,1,0,0,0,0,0,0,-,-,NA,NA,LOS ANGELES,LOS ANGELES,-118.29151526,34.06180217
7208839,2016,2016-03-15,1942,2016-02-23,1005,3859,2062,2,5,7,1942,0,0,0,NA,0,6TL7,OLYMPIC BL,GRAMERCY DR,0,NA,Y,A,-,N,NA,NA,NA,NA,NA,NA,NA,NA,NA,Y,2,0,2,2,A,-,09,21802,A,N,D,D,A,A,H,-,A,A,0,NA,NA,NA,NA,Y,NA,A,01,1,0,1,0,0,0,0,0,0,-,-,NA,NA,LOS ANGELES,LOS ANGELES,-118.31219008,34.0526501
7208840,2016,2016-03-15,1942,2016-02-19,2150,39058,1493,5,5,7,1942,0,0,0,N,0,14TL47,VISTA DEL MAR,NAPOLEON ST,4100,S,N,A,-,N,NA,NA,NA,NA,NA,NA,NA,NA,NA,Y,4,0,1,2,A,-,08,22101,D,N,D,C,A,A,H,-,C,D,0,NA,NA,NA,NA,Y,NA,A,01,0,0,1,0,0,0,0,0,0,-,-,NA,NA,LOS ANGELES,LOS ANGELES,-118.44062433,33.94174695
7208841,2016,2016-03-15,1942,2016-02-25,0810,26740,0636,4,5,7,1942,0,0,0,F,0,8MQ73,FRANKLIN,HIGHLAND,100,E,N,A,-,N,NA,NA,NA,NA,NA,NA,NA,NA,NA,N,4,0,1,2,A,-,11,21955,NA,N,G,B,D,-,H,-,A,D,0,Y,NA,NA,NA,Y,NA,N,60,0,0,1,0,1,0,0,0,0,-,-,NA,NA,LOS ANGELES,LOS ANGELES,-118.33834,34.10416
7208842,2016,2017-03-16,1942,2016-02-26,1730,41348,0132,5,5,7,1942,0,0,0,A,0,1A12,1ST ST,GRAND AV,0,NA,Y,A,-,N,NA,NA,NA,NA,NA,NA,NA,NA,NA,Y,4,0,1,4,A,-,03,22350,NA,F,C,C,A,A,H,-,B,D,0,NA,NA,NA,NA,Y,NA,-,99,0,0,1,0,0,0,0,0,0,-,-,NA,NA,LOS ANGELES,LOS ANGELES,-118.29014006,33.74332001
7208843,2016,2017-05-01,1942,2016-02-17,1345,39889,0256,3,5,7,1942,0,0,0,B,0,4T4,WILSHIRE BL,BONNIE BRAE ST,0,NA,Y,B,-,N,NA,NA,NA,NA,NA,NA,NA,NA,NA,N,1,1,0,2,A,-,12,21453,A,N,D,G,A,A,H,-,A,A,0,NA,Y,NA,NA,Y,NA,L,04,0,0,0,0,0,1,0,0,0,-,-,NA,NA,LOS ANGELES,LOS ANGELES,-118.27363002,34.05692006
7208844,2016,2016-03-15,1942,2016-02-17,2004,42220,1162,3,5,7,1942,0,0,0,K,0,11A51,SUNSET BL,SILVER LAKE BL,0,NA,Y,C,-,N,NA,NA,NA,NA,NA,NA,NA,NA,NA,N,4,0,2,2,A,-,09,21802,A,F,B,C,A,B,H,-,C,A,0,NA,NA,NA,NA,Y,NA,-,99,0,0,2,0,0,0,0,0,0,-,-,NA,NA,LOS ANGELES,LOS ANGELES,-118.2733201,34.0829201
7208845,2016,2016-03-15,1942,2016-02-01,0850,37968,1171,1,5,7,1942,0,0,0,K,0,2A47,MYRA AV,SUNSET BL,0,NA,N,A,G,N,NA,NA,NA,NA,NA,NA,NA,NA,NA,N,2,0,1,2,D,-,00,NA,NA,N,G,B,D,A,H,-,A,D,0,Y,NA,NA,NA,Y,NA,-,-,1,0,0,0,1,0,0,0,0,-,-,NA,NA,LOS ANGELES,LOS ANGELES,-118.2818501,34.0938101
7208846,2016,2016-03-15,1942,2016-02-23,1500,39889,1371,2,5,7,1942,0,0,0,M,0,4TL6,54TH ST,S BROADWAY,120,E,N,A,-,N,NA,NA,NA,NA,NA,NA,NA,NA,NA,Y,3,0,1,2,A,-,01,23152,A,N,C,C,A,A,H,-,A,D,0,NA,NA,NA,NA,Y,Y,A,01,0,1,0,0,0,0,0,0,0,-,-,NA,NA,LOS ANGELES,LOS ANGELES,-118.27792489,33.99331
7208847,2016,2016-03-15,1942,2016-02-26,1920,40643,0291,5,5,7,1942,0,0,0,B,0,4T43,HOOVER ST,VENICE BL,110,S,N,A,-,N,NA,NA,NA,NA,NA,NA,NA,NA,NA,N,3,0,1,2,A,-,17,22517,NA,N,H,G,A,A,H,-,C,A,0,NA,Y,NA,NA,Y,NA,A,01,0,1,0,0,0,0,1,0,0,-,-,NA,NA,LOS ANGELES,LOS ANGELES,-118.28414397,34.04349836
7208848,2016,2016-03-17,1942,2016-02-11,2030,41019,0216,4,5,7,1942,0,0,0,B,0,4T43,ALVARADO ST,MONTROSE ST,0,NA,Y,A,-,N,NA,NA,NA,NA,NA,NA,NA,NA,NA,Y,3,0,2,2,A,-,09,21802,A,N,D,C,A,A,H,-,C,A,0,NA,NA,NA,NA,Y,NA,A,01,0,1,1,0,0,0,0,0,0,-,-,NA,NA,LOS ANGELES,LOS ANGELES,-118.26422007,34.07641004
7208849,2016,2016-03-15,1942,2016-02-17,1915,41019,0201,3,5,7,1942,0,0,0,B,0,4T43,MELROSE AV,VERMONT AV,5,W,N,C,-,N,NA,NA,NA,NA,NA,NA,NA,NA,NA,N,4,0,1,2,A,-,10,21950,A,N,G,B,B,B,H,-,C,A,0,Y,NA,NA,NA,Y,NA,A,01,0,0,1,0,1,0,0,0,0,-,-,NA,NA,LOS ANGELES,LOS ANGELES,-118.29172646,34.08358061
7208850,2016,2016-03-17,1942,2016-02-26,1150,39761,0421,5,5,7,1942,0,0,0,D,0,4TL43,N BROADWAY,AVENUE,85,W,N,A,-,N,NA,NA,NA,NA,NA,NA,NA,NA,NA,N,4,0,1,2,A,-,09,21804,A,N,D,C,A,A,H,-,A,D,0,NA,NA,NA,NA,Y,NA,A,01,0,0,1,0,0,0,0,0,0,-,-,NA,NA,LOS ANGELES,LOS ANGELES,NA,NA