CASE_ID,ACCIDENT_YEAR,PROC_DATE,JURIS,COLLISION_DATE,COLLISION_TIME,OFFICER_ID,REPORTING_DISTRICT,DAY_OF_WEEK,CHP_SHIFT,POPULATION,CNTY_CITY_LOC,SPECIAL_COND,BEAT_TYPE,CHP_BEAT_TYPE,CITY_DIVISION_LAPD,CHP_BEAT_CLASS,BEAT_NUMBER,PRIMARY_RD,SECONDARY_RD,DISTANCE,DIRECTION,INTERSECTION,WEATHER_1,WEATHER_2,STATE_HWY_IND,CALTRANS_COUNTY,CALTRANS_DISTRICT,STATE_ROUTE,ROUTE_SUFFIX,POSTMILE_PREFIX,POSTMILE,LOCATION_TYPE,RAMP_INTERSECTION,SIDE_OF_HWY,TOW_AWAY,COLLISION_SEVERITY,NUMBER_KILLED,NUMBER_INJURED,PARTY_COUNT,PRIMARY_COLL_FACTOR,PCF_CODE_OF_VIOL,PCF_VIOL_CATEGORY,PCF_VIOLATION,PCF_VIOL_SUBSECTION,HIT_AND_RUN,TYPE_OF_COLLISION,MVIW,PED_ACTION,ROAD_SURFACE,ROAD_COND_1,ROAD_COND_2,LIGHTING,CONTROL_DEVICE,CHP_ROAD_TYPE,PEDESTRIAN_ACCIDENT,BICYCLE_ACCIDENT,MOTORCYCLE_ACCIDENT,TRUCK_ACCIDENT,NOT_PRIVATE_PROPERTY,ALCOHOL_INVOLVED,STWD_VEHTYPE_AT_FAULT,CHP_VEHTYPE_AT_FAULT,COUNT_SEVERE_INJ,COUNT_VISIBLE_INJ,COUNT_COMPLAINT_PAIN,COUNT_PED_KILLED,COUNT_PED_INJURED,COUNT_BICYCLIST_KILLED,COUNT_BICYCLIST_INJURED,COUNT_MC_KILLED,COUNT_MC_INJURED,PRIMARY_RAMP,SECONDARY_RAMP,LATITUDE,LONGITUDE,COUNTY,CITY,POINT_X,POINT_Y
8002499,2016,2016-04-14,1942,2016-03-17,1730,34458,0238,4,5,7,1942,0,0,0,B,0,2T28,DOUGLAS ST,CORTEZ ST,125,S,N,A,-,N,NA,NA,NA,NA,NA,NA,NA,NA,NA,Y,4,0,1,2,A,-,05,21650,NA,N,-,C,A,A,H,-,A,D,0,NA,NA,NA,NA,Y,NA,-,-,0,0,1,0,0,0,0,0,0,-,-,NA,NA,LOS ANGELES,LOS ANGELES,-118.25732755,34.06621919
8002500,2016,2016-03-29,1942,2016-03-19,1555,334458,0215,6,5,7,1942,0,0,0,B,0,4T4,SILVER LAKE BL,LONDON ST,139,S,N,A,-,N,NA,NA,NA,NA,NA,NA,NA,NA,NA,N,4,0,1,2,A,-,09,21453,B,N,-,-,A,A,H,-,A,A,0,NA,NA,NA,NA,Y,NA,A,01,0,0,1,0,0,0,0,0,0,-,-,NA,NA,LOS ANGELES,LOS ANGELES,-118.28046748,34.07760264
8002501,2016,2016-03-29,1942,2016-03-18,1515,39060,0235,5,5,7,1942,0,0,0,B,0,2T28,TEMPLE ST,ALVARADO ST,0,NA,Y,A,-,N,NA,NA,NA,NA,NA,NA,NA,NA,NA,N,3,0,1,2,A,-,05,21650,1,N,D,G,A,A,H,-,A,A,0,NA,Y,NA,NA,Y,NA,L,04,0,1,0,0,0,0,1,0,0,-,-,NA,NA,LOS ANGELES,LOS ANGELES,-118.26805011,34.07027005
8002502,2016,2016-03-29,1942,2016-03-18,1640,34458,0249,5,5,7,1942,0,0,0,B,0,4T4,WILSHIRE BL,BIXEL ST,0,NA,Y,A,-,N,NA,NA,NA,NA,NA,NA,NA,NA,NA,N,4,0,1,2,A,-,09,21801,A,N,D,C,A,A,H,-,A,D,0,NA,Y,NA,NA,Y,NA,A,01,0,0,1,0,0,0,1,0,0,-,-,NA,NA,LOS ANGELES,LOS ANGELES,-118.26331999,34.05233008
8002503,2016,2016-03-29,1942,2016-03-08,1855,42208,265,2,5,7,1942,0,0,0,NA,0,2A76,8TH ST,LAKE ST,50,E,N,A,-,N,NA,NA,NA,NA,NA,NA,NA,NA,NA,N,4,0,2,2,A,-,09,21804,A,N,B,C,A,A,H,-,C,D,0,NA,NA,NA,NA,Y,NA,-,NA,0,0,2,0,0,0,0,0,0,-,-,NA,NA,LOS ANGELES,LOS ANGELES,-118.27878467,34.05531541
8002504,2016,2016-03-29,1942,2016-03-14,2040,41931,0437,1,5,7,1942,0,0,0,D,0,4A9,DEL PASO,VALLEY BL,200,N,N,A,-,N,NA,NA,NA,NA,NA,NA,NA,NA,NA,Y,3,0,1,2,A,-,03,22350,NA,F,G,B,E,A,H,-,C,-,0,Y,NA,NA,NA,Y,NA,A,01,0,1,0,0,1,0,0,0,0,-,-,NA,NA,LOS ANGELES,LOS ANGELES,-118.18247226,34.0637184
8002505,2016,2016-03-29,1942,2016-03-03,1345,39951,0241,4,5,7,1942,0,0,0,B,0,2A39,W 6TH ST,S LAFAYETTE PARK PL,0,NA,Y,A,-,N,NA,NA,NA,NA,NA,NA,NA,NA,NA,N,4,0,1,2,A,-,10,21950,A,F,G,B,B,A,H,-,A,A,0,Y,NA,NA,NA,Y,NA,-,99,0,0,1,0,1,0,0,0,0,-,-,NA,NA,LOS ANGELES,LOS ANGELES,-118.28310008,34.06320005
8002506,2016,2016-03-29,1942,2016-03-06,2250,38233,0249,7,5,7,1942,0,0,0,B,0,2T15W3,W 3RD ST,LUCAS AV,92,W,N,A,-,N,NA,NA,NA,NA,NA,NA,NA,NA,NA,N,3,0,1,2,A,-,11,21955,NA,F,G,B,C,A,H,-,C,A,0,Y,NA,NA,NA,Y,Y,N,60,0,1,0,0,1,0,0,0,0,-,-,NA,NA,LOS ANGELES,LOS ANGELES,-118.2618905,34.05841389
8002507,2016,2016-03-29,1942,2016-03-17,1140,41631,1364,4,5,7,1942,0,0,0,M,0,1X92,HONDURAS ST,VERNON AV,4,N,N,A,-,N,NA,NA,NA,NA,NA,NA,NA,NA,NA,N,4,0,1,2,A,-,12,22450,A,F,C,G,A,A,H,-,A,A,0,NA,Y,NA,NA,Y,NA,-,99,0,0,1,0,0,0,1,0,0,-,-,NA,NA,LOS ANGELES,LOS ANGELES,-118.24411,34.00392
8002508,2016,2016-03-29,1942,2016-03-17,0715,31476,1341,4,5,7,1942,0,0,0,M,0,13T55,HOPE ST,37TH ST,0,NA,Y,A,-,N,NA,NA,NA,NA,NA,NA,NA,NA,NA,Y,3,0,1,2,A,-,12,21453,A,F,D,C,A,A,H,-,A,A,0,NA,NA,NA,NA,Y,NA,A,07,0,1,0,0,0,0,0,0,0,-,-,NA,NA,LOS ANGELES,LOS ANGELES,-118.27940003,34.01705009
8002552,2016,2016-04-05,1901,2016-02-14,0041,281,25,7,5,5,1901,0,0,0,NA,0,003,COMMONWEALTH AV,LA PALOMA AV,0,NA,Y,A,-,N,NA,NA,NA,NA,NA,NA,NA,NA,NA,Y,4,0,1,2,A,-,12,22450,A,N,D,C,A,A,H,-,C,A,0,NA,NA,NA,NA,Y,NA,A,08,0,0,1,0,0,0,0,0,0,-,-,NA,NA,LOS ANGELES,ALHAMBRA,-118.15306002,34.08781003
8002651,2016,2016-03-30,1901,2016-02-18,2233,277,10,4,5,5,1901,0,0,0,NA,0,004,ATLANTIC BL,SHORB ST,0,NA,Y,A,-,N,NA,NA,NA,NA,NA,NA,NA,NA,NA,N,4,0,2,2,A,-,09,21801,A,N,D,C,A,A,H,-,C,A,0,NA,NA,NA,NA,Y,NA,A,07,0,0,2,0,0,0,0,0,0,-,-,NA,NA,LOS ANGELES,ALHAMBRA,-118.13452007,34.07942006
8002655,2016,2016-03-30,1901,2016-02-13,1639,274,24,6,5,5,1901,0,0,0,NA,0,003,MAIN ST,ATLANTIC BL,203,W,N,A,-,N,NA,NA,NA,NA,NA,NA,NA,NA,NA,N,3,0,1,3,A,-,08,22107,NA,N,D,G,A,A,H,-,A,D,0,NA,Y,NA,NA,Y,NA,A,01,0,1,0,0,0,0,1,0,0,-,-,NA,NA,LOS ANGELES,ALHAMBRA,-118.13530894,34.09156
8002663,2016,2016-04-20,1901,2016-02-14,0712,275,16,7,5,5,1901,0,0,0,NA,0,002,VALLEY BL,CABRILLO AV,55,E,N,A,-,N,NA,NA,NA,NA,NA,NA,NA,NA,NA,Y,4,0,1,1,A,-,01,23152,A,N,E,I,A,A,H,-,A,A,0,NA,NA,NA,NA,Y,Y,A,01,0,0,1,0,0,0,0,0,0,-,-,NA,NA,LOS ANGELES,ALHAMBRA,-118.15812367,34.07643419
8002664,2016,2016-04-05,1942,2016-02-25,1620,06669,1495,4,5,7,1942,0,0,0,N,0,5M39,W 96TH ST,VICKSBURG AV,0,NA,Y,A,-,N,NA,NA,NA,NA,NA,NA,NA,NA,NA,Y,4,0,1,2,A,-,12,21453,A,N,D,C,A,A,H,-,A,A,0,NA,NA,NA,NA,Y,NA,A,01,0,0,1,0,0,0,0,0,0,-,-,NA,NA,LOS ANGELES,LOS ANGELES,-118.39392009,33.94885003
8002667,2016,2016-03-30,1901,2016-02-26,1959,277,2,5,5,5,1901,0,0,0,NA,0,003,HUNTINGTON DR,BIRCH ST,167,S,N,A,-,N,NA,NA,NA,NA,NA,NA,NA,NA,NA,Y,4,0,1,3,A,-,08,22107,NA,N,B,E,A,A,H,-,C,D,0,NA,NA,NA,NA,Y,NA,A,01,0,0,1,0,0,0,0,0,0,-,-,NA,NA,LOS ANGELES,ALHAMBRA,-118.15556967,34.09704066
8002671,2016,2016-03-30,1901,2016-02-21,2050,282,15,7,5,5,1901,0,0,0,NA,0,002,NEW AV,GLENDON AV,51,N,N,A,-,N,NA,NA,NA,NA,NA,NA,NA,NA,NA,N,3,0,2,2,A,-,03,22350,NA,N,B,C,A,A,H,-,C,D,0,NA,NA,NA,NA,Y,NA,A,01,0,1,1,0,0,0,0,0,0,-,-,NA,NA,LOS ANGELES,ALHAMBRA,-118.10841133,34.07442984
8002675,2016,2016-03-30,1901,2016-02-26,1959,285,28,5,5,5,1901,0,0,0,NA,0,003,W COMMONWEALTH AV,N MARGUERITE DR,0,NA,Y,A,-,N,NA,NA,NA,NA,NA,NA,NA,NA,NA,Y,4,0,2,3,A,-,09,21801,A,N,H,C,A,A,H,-,C,D,0,NA,NA,NA,NA,Y,NA,A,08,0,0,2,0,0,0,0,0,0,-,-,NA,NA,LOS ANGELES,ALHAMBRA,-118.13827004,34.08741008
8002679,2016,2016-03-30,1901,2016-02-28,2121,183,NA,7,5,5,1901,0,0,0,NA,0,18-4,ATLANTIC BL,FRONT ST,0,NA,Y,A,-,N,NA,NA,NA,NA,NA,NA,NA,NA,NA,Y,3,0,4,3,A,-,12,21453,A,N,D,C,A,A,H,-,C,A,0,NA,NA,NA,NA,Y,NA,A,01,0,1,3,0,0,0,0,0,0,-,-,NA,NA,LOS ANGELES,ALHAMBRA,-118.13456013,34.0842801
8002683,2016,2016-03-30,1901,2016-02-27,1225,2578,24,6,5,5,1901,0,0,0,NA,0,003,MARGUERITE DR,MAIN,0,NA,Y,A,-,N,NA,NA,NA,NA,NA,NA,NA,NA,NA,Y,3,0,1,2,A,-,09,21802,A,N,D,C,A,A,H,-,A,A,0,NA,NA,NA,NA,Y,NA,A,01,0,1,0,0,0,0,0,0,0,-,-,NA,NA,LOS ANGELES,ALHAMBRA,-118.13835013,34.09154005
8002716,2016,2016-03-30,1901,2016-02-06,1245,654,06,6,5,5,1901,0,0,0,NA,0,001,7TH ST,MISSION RD,6,N,N,A,-,N,NA,NA,NA,NA,NA,NA,NA,NA,NA,N,4,0,1,2,A,-,17,21200,A,N,A,G,A,A,H,-,A,A,0,NA,Y,NA,NA,Y,NA,L,04,0,0,1,0,0,0,1,0,0,-,-,NA,NA,LOS ANGELES,ALHAMBRA,-118.13061983,34.08641427
8002861,2016,2016-03-30,1901,2016-03-12,1226,239,6,6,5,5,1901,0,0,0,NA,0,001,COMMONWEALTH AV,5TH ST,0,NA,Y,A,-,N,NA,NA,NA,NA,NA,NA,NA,NA,NA,Y,3,0,1,2,A,-,09,21802,A,N,D,C,A,A,H,-,A,A,0,NA,NA,NA,NA,Y,NA,A,01,0,1,0,0,0,0,0,0,0,-,-,NA,NA,LOS ANGELES,ALHAMBRA,-118.13007004,34.08963005
8002862,2016,2016-03-30,1901,2016-03-06,1705,276,18,7,5,5,1901,0,0,0,NA,0,002,ATLANTIC BL,VALLEY BL,7,S,N,A,-,N,NA,NA,NA,NA,NA,NA,NA,NA,NA,N,4,0,1,2,A,-,11,21950,B,N,A,B,B,A,H,-,A,A,0,Y,NA,NA,NA,Y,NA,N,60,0,0,1,0,1,0,0,0,0,-,-,NA,NA,LOS ANGELES,ALHAMBRA,-118.13452,34.07794081
8002863,2016,2016-03-30,1901,2016-03-08,0104,NI284,23,2,5,5,1901,0,0,0,NA,0,003,MAIN ST,RAYMOND,9,W,N,A,-,N,NA,NA,NA,NA,NA,NA,NA,NA,NA,Y,3,0,1,1,A,-,01,23152,A,N,-,I,A,A,H,-,C,A,0,NA,NA,NA,NA,Y,Y,A,07,0,1,0,0,0,0,0,0,0,-,-,NA,NA,LOS ANGELES,ALHAMBRA,-118.14504938,34.09149661
8002864,2016,2016-03-30,1901,2016-03-10,1522,261,23,4,5,5,1901,0,0,0,NA,0,003,PALM AV,MAIN ST,20,N,N,A,-,N,NA,NA,NA,NA,NA,NA,NA,NA,NA,N,4,0,1,2,A,-,09,21804,A,N,D,C,A,A,H,-,A,D,0,NA,NA,NA,NA,Y,NA,A,07,0,0,1,0,0,0,0,0,0,-,-,NA,NA,LOS ANGELES,ALHAMBRA,-118.14673614,34.09227094
8002865,2016,2016-03-30,1901,2016-03-15,1132,180,24,2,5,5,1901,0,0,0,NA,0,003,ALLEY,SOUTH LARCH ST,44,S,N,A,-,N,NA,NA,NA,NA,NA,NA,NA,NA,NA,N,4,0,1,1,B,-,22,NA,NA,N,-,-,A,A,H,-,A,D,0,NA,NA,Y,NA,Y,NA,C,02,0,0,1,0,0,0,0,0,1,-,-,NA,NA,LOS ANGELES,ALHAMBRA,NA,NA
8002866,2016,2016-03-30,1901,2016-03-16,1732,191,24,3,5,5,1901,0,0,0,NA,0,003,MAIN ST,MARENGO,0,NA,Y,A,-,N,NA,NA,NA,NA,NA,NA,NA,NA,NA,Y,4,0,1,2,A,-,12,21453,A,N,D,C,A,A,H,-,A,A,0,NA,NA,NA,NA,Y,NA,A,08,0,0,1,0,0,0,0,0,0,-,-,NA,NA,LOS ANGELES,ALHAMBRA,-118.14202009,34.09151008
8002867,2016,2016-03-30,1901,2016-03-17,2237,272,14,4,5,5,1901,0,0,0,NA,0,002,CHAPEL AV,GLENDON WY,0,NA,Y,A,-,N,NA,NA,NA,NA,NA,NA,NA,NA,NA,N,3,0,1,2,A,-,10,21950,A,N,G,B,B,A,H,-,C,D,0,Y,NA,NA,NA,Y,NA,A,01,0,1,0,0,1,0,0,0,0,-,-,NA,NA,LOS ANGELES,ALHAMBRA,-118.11968,34.07409006
8002868,2016,2016-03-30,1901,2016-03-17,1118,239,8,4,5,5,1901,0,0,0,NA,0,001,MISSION RD,HIDALGO AV,0,NA,Y,A,-,N,NA,NA,NA,NA,NA,NA,NA,NA,NA,Y,3,0,2,2,A,-,09,21801,A,N,D,C,A,A,H,-,A,A,0,NA,NA,NA,NA,Y,NA,A,07,0,1,1,0,0,0,0,0,0,-,-,NA,NA,LOS ANGELES,ALHAMBRA,-118.11592005,34.09270004
8002936,2016,2016-04-01,1928,2016-03-20,1030,389,519,7,5,5,1928,0,0,0,NA,0,503,135TH ST,CHADRON AV,0,NA,Y,A,-,N,NA,NA,NA,NA,NA,NA,NA,NA,NA,Y,4,0,1,2,A,-,09,21801,A,N,D,C,A,A,H,-,A,D,0,NA,NA,Y,NA,Y,NA,A,01,0,0,1,0,0,0,0,0,1,-,-,33.90918,-118.32873,LOS ANGELES,HAWTHORNE,-118.32868005,33.90920004
8002937,2016,2016-04-01,1928,2016-03-18,1441,324,503,5,5,5,1928,0,0,0,NA,0,520,ROSECRANS AV,YUKON AV,0,NA,Y,A,-,N,NA,NA,NA,NA,NA,NA,NA,NA,NA,Y,3,0,1,2,A,-,12,21453,A,N,D,C,A,A,H,-,A,A,0,NA,NA,NA,NA,Y,NA,A,01,0,1,0,0,0,0,0,0,0,-,-,33.90188,-118.3352,LOS ANGELES,HAWTHORNE,-118.33523002,33.9019301
8002938,2016,2016-04-01,1928,2016-03-16,2225,314,517,3,5,5,1928,0,0,0,NA,0,503,CHADRON AV,EL SEGUNDO BL,0,NA,Y,A,-,N,NA,NA,NA,NA,NA,NA,NA,NA,NA,N,3,0,1,2,A,-,10,21950,A,N,H,B,B,A,H,-,C,A,0,Y,NA,NA,NA,Y,NA,A,01,0,1,0,0,1,0,0,0,0,-,-,NA,NA,LOS ANGELES,HAWTHORNE,-118.32975005,33.91643001
8002939,2016,2016-04-01,1928,2016-03-18,0818,394,H501,5,5,5,1928,0,0,0,NA,0,501,EL SEGUNDO BL,HAWTHORNE BL,110,E,N,A,-,N,NA,NA,NA,NA,NA,NA,NA,NA,NA,N,4,0,1,2,A,-,04,21703,NA,N,C,C,A,A,H,-,A,A,0,NA,NA,NA,NA,Y,NA,A,01,0,0,1,0,0,0,0,0,0,-,-,33.91642,-118.35255,LOS ANGELES,HAWTHORNE,-118.35233813,33.9164218
8002940,2016,2016-04-01,1928,2016-03-20,0032,381,509,7,5,5,1928,0,0,0,NA,0,502,EL SEGUNDO BL,DOTY AV,150,W,N,A,-,N,NA,NA,NA,NA,NA,NA,NA,NA,NA,Y,3,0,2,2,A,-,03,22350,NA,N,C,C,A,A,H,-,C,D,0,NA,NA,NA,NA,Y,NA,A,01,0,1,1,0,0,0,0,0,0,-,-,33.91643,-118.33955,LOS ANGELES,HAWTHORNE,-118.34005347,33.91642
8002941,2016,2016-04-01,1928,2016-03-18,2236,390,506,5,5,5,1928,0,0,0,NA,0,501,IMPERIAL HWY,INGLEWOOD AV,0,NA,Y,A,-,N,NA,NA,NA,NA,NA,NA,NA,NA,NA,Y,4,0,5,2,A,-,09,21801,A,N,D,C,A,A,H,-,C,A,0,NA,NA,NA,NA,Y,NA,A,01,0,0,5,0,0,0,0,0,0,-,-,33.930930000000004,-118.36132,LOS ANGELES,HAWTHORNE,-118.36135004,33.93093003
8002943,2016,2016-04-01,1900,2016-03-15,1220,523421,0642,2,5,6,1985,0,0,0,NA,0,64T1,SECO CANYON RD,PAMPLICO DR,0,NA,Y,A,-,N,NA,NA,NA,NA,NA,NA,NA,NA,NA,Y,3,0,3,2,A,-,09,21801,A,N,D,C,A,A,H,-,A,A,0,NA,NA,NA,NA,Y,NA,A,08,0,1,2,0,0,0,0,0,0,-,-,NA,NA,LOS ANGELES,SANTA CLARITA,-118.53519008,34.45084006
8002944,2016,2016-04-01,1900,2016-03-13,0050,506937,0647,7,5,6,1985,0,0,0,NA,0,62TIE,SOLEDAD CANYON RD,BOUQUET CANYON RD,400,E,N,A,-,N,NA,NA,NA,NA,NA,NA,NA,NA,NA,Y,2,0,1,1,A,-,01,23152,A,N,E,I,A,A,H,-,C,D,0,NA,NA,NA,NA,Y,Y,A,01,1,0,0,0,0,0,0,0,0,-,-,NA,NA,LOS ANGELES,SANTA CLARITA,-118.53980698,34.42234556
8002945,2016,2016-04-01,1900,2016-03-11,1410,542860,0643,5,5,6,1985,0,0,0,NA,0,61T1,SOLEDAD CANYON RD,COMMUTER WY,1320,W,N,C,-,N,NA,NA,NA,NA,NA,NA,NA,NA,NA,Y,4,0,1,1,A,-,03,22350,NA,N,E,I,A,B,H,-,A,D,0,NA,NA,NA,NA,Y,NA,A,01,0,0,1,0,0,0,0,0,0,-,-,NA,NA,LOS ANGELES,SANTA CLARITA,-118.5290268,34.41849208
8002946,2016,2017-04-21,1900,2016-03-09,1525,509580,0631,3,5,6,1985,0,0,0,NA,0,61T1,SAND CANYON RD,RT 14,0,NA,Y,A,-,Y,LA,7,14,-,-,33.592,R,4,N,Y,4,0,1,2,A,-,09,21801,A,N,D,C,A,A,H,-,A,A,0,NA,NA,NA,NA,Y,NA,A,01,0,0,1,0,0,0,0,0,0,-,NO,NA,NA,LOS ANGELES,SANTA CLARITA,-118.42101604,34.42631978
8002947,2016,2016-04-01,1900,2016-03-09,0755,509580,0628,3,5,6,1985,0,0,0,NA,0,62T1,CHERRY ST,APPLE ST,200,W,N,A,-,N,NA,NA,NA,NA,NA,NA,NA,NA,NA,N,3,0,1,2,D,-,00,NA,NA,M,G,B,E,A,H,-,A,D,0,Y,NA,NA,NA,Y,NA,-,-,0,1,0,0,1,0,0,0,0,-,-,NA,NA,LOS ANGELES,SANTA CLARITA,-118.54287933,34.37686373
8002948,2016,2016-04-01,1900,2016-03-09,0750,509580,0625,3,5,6,1985,0,0,0,NA,0,62T1,11TH ST,WALNUT ST,46,W,N,A,-,N,NA,NA,NA,NA,NA,NA,NA,NA,NA,N,4,0,2,2,A,-,09,21804,A,N,B,C,A,A,H,-,A,D,0,NA,NA,NA,NA,Y,NA,A,01,0,0,2,0,0,0,0,0,0,-,-,NA,NA,LOS ANGELES,SANTA CLARITA,-118.53164722,34.38161074
8002949,2016,2016-04-01,1900,2016-03-08,1510,530184,0627,2,5,6,1985,0,0,0,NA,0,62T1,NEWHALL AV,VALLE DEL ORO,528,E,N,A,-,N,NA,NA,NA,NA,NA,NA,NA,NA,NA,Y,4,0,2,2,A,-,09,21804,A,N,D,C,A,A,H,-,A,D,0,NA,NA,NA,NA,Y,NA,A,01,0,0,2,0,0,0,0,0,0,-,-,NA,NA,LOS ANGELES,SANTA CLARITA,-118.51333732,34.3698874
8002950,2016,2016-04-01,1900,2016-03-07,1415,530184,0625,1,5,6,1985,0,0,0,NA,0,62T1,ORCHARD VILLAGE RD,WILEY CANYON RD,300,S,N,B,C,N,NA,NA,NA,NA,NA,NA,NA,NA,NA,Y,3,0,1,2,A,-,17,21700,NA,N,C,C,A,B,H,-,A,D,0,NA,NA,NA,NA,Y,NA,A,01,0,1,0,0,0,0,0,0,0,-,-,NA,NA,LOS ANGELES,SANTA CLARITA,-118.54702541,34.38916224
8002951,2016,2016-04-01,1900,2016-03-13,1700,520084,0622,7,5,6,1985,0,0,0,NA,0,64T1,RAILROAD AV,OAK RIDGE DR,1153,N,N,B,-,N,NA,NA,NA,NA,NA,NA,NA,NA,NA,Y,3,0,2,1,C,-,18,NA,NA,N,E,I,A,A,H,-,A,D,0,NA,NA,NA,NA,Y,NA,-,-,0,1,1,0,0,0,0,0,0,-,-,NA,NA,LOS ANGELES,SANTA CLARITA,-118.53921815,34.40364465
8002952,2016,2016-04-01,1900,2016-03-06,0039,525856,0635,7,5,6,1985,0,0,0,NA,0,61T1E,SOLEDAD CANYON RD,SHADOW PINES BL,0,NA,Y,B,C,N,NA,NA,NA,NA,NA,NA,NA,NA,NA,Y,2,0,1,1,A,-,01,23152,A,N,E,I,A,B,H,-,C,D,0,NA,NA,NA,NA,Y,Y,A,01,1,0,0,0,0,0,0,0,0,-,-,NA,NA,LOS ANGELES,SANTA CLARITA,-118.39216002,34.43510006
8002961,2016,2016-03-28,1925,2016-02-25,0749,14089,119,4,5,6,1925,0,0,0,NA,0,005,HONOLULU AV,HONOLULU PL,0,NA,Y,A,-,N,NA,NA,NA,NA,NA,NA,NA,NA,NA,Y,4,0,1,2,A,-,09,21801,A,N,D,C,A,A,H,-,A,D,0,NA,NA,NA,NA,Y,NA,D,22,0,0,1,0,0,0,0,0,0,-,-,NA,NA,LOS ANGELES,GLENDALE,-118.25002008,34.22131005
8002973,2016,2016-03-28,1925,2016-02-18,1500,19980,NA,4,5,6,1925,0,0,0,NA,0,002,LOS FELIZ RD,W LOS FELIZ RD 311,0,NA,Y,A,-,N,NA,NA,NA,NA,NA,NA,NA,NA,NA,N,4,0,1,2,D,-,00,NA,NA,N,G,B,F,A,H,-,A,D,0,Y,NA,NA,NA,Y,NA,-,-,0,0,1,0,1,0,0,0,0,-,-,NA,NA,LOS ANGELES,GLENDALE,-118.258553,34.128618
8002981,2016,2016-03-25,1925,2016-03-04,1138,16835,198,5,5,6,1925,0,0,0,NA,0,001,SAN FERNANDO RD,ALLEN AV,0,NA,Y,A,-,N,NA,NA,NA,NA,NA,NA,NA,NA,NA,Y,4,0,1,2,A,-,12,21453,A,N,D,C,A,A,H,-,A,A,0,NA,NA,NA,NA,Y,NA,A,01,0,0,1,0,0,0,0,0,0,-,-,NA,NA,LOS ANGELES,GLENDALE,-118.29604011,34.1716101
8002985,2016,2016-03-25,1925,2016-03-10,1312,16835,204,4,5,6,1925,0,0,0,NA,0,001,HIGHLAND AV,SAN FERNANDO RD,113,N,N,A,-,N,NA,NA,NA,NA,NA,NA,NA,NA,NA,Y,4,0,1,2,A,-,09,21804,A,N,D,C,A,A,H,-,A,D,0,NA,NA,NA,NA,Y,NA,A,01,0,0,1,0,0,0,0,0,0,-,-,NA,NA,LOS ANGELES,GLENDALE,-118.27729873,34.15707105
8003041,2016,2016-03-24,1902,2016-03-11,0810,694,13,5,5,5,1902,0,0,0,NA,0,003,BALDWIN AV,CAMBRIDGE DR,0,NA,Y,A,-,N,NA,NA,NA,NA,NA,NA,NA,NA,NA,Y,4,0,2,2,A,-,09,21802,A,N,D,C,A,A,H,-,A,D,0,NA,NA,NA,NA,Y,NA,-,NA,0,0,2,0,0,0,0,0,0,-,-,NA,NA,LOS ANGELES,ARCADIA,-118.05023008,34.14666001
8003042,2016,2016-03-24,1925,2016-03-06,1526,24345,138,7,5,6,1925,0,0,0,NA,0,005,CANADA BL,OPECHEE WY,53,S,N,B,-,N,NA,NA,NA,NA,NA,NA,NA,NA,NA,N,3,0,2,3,A,-,03,22350,NA,N,C,C,A,A,H,-,A,A,0,NA,NA,NA,NA,Y,NA,A,07,0,1,1,0,0,0,0,0,0,-,-,NA,NA,LOS ANGELES,GLENDALE,-118.22903,34.18053466
8003045,2016,2016-03-24,1902,2016-03-16,0003,636,11,3,5,5,1902,0,0,0,NA,0,002,HUNTINGTON DR,2ND AV,0,NA,Y,A,-,N,NA,NA,NA,NA,NA,NA,NA,NA,NA,Y,2,0,2,2,A,-,03,22350,NA,N,C,C,A,A,H,-,C,A,0,NA,NA,Y,NA,Y,NA,C,02,2,0,0,0,0,0,0,0,2,-,-,NA,NA,LOS ANGELES,ARCADIA,-118.02489009,34.14013004
8003046,2016,2016-03-24,1925,2016-03-06,2335,25361,4,7,5,6,1925,0,0,0,NA,0,159,VERDUGO RD,MOUNTAIN ST,350,S,N,A,-,N,NA,NA,NA,NA,NA,NA,NA,NA,NA,N,3,0,1,2,A,-,21,22106,NA,N,E,I,A,A,-,-,-,D,0,NA,NA,Y,NA,Y,NA,A,01,0,1,0,0,0,0,0,0,1,-,-,NA,NA,LOS ANGELES,GLENDALE,-118.23288596,34.16435736
8003049,2016,2016-03-24,1902,2016-03-14,1952,710,26,1,5,5,1902,0,0,0,NA,0,004,BALDWIN AV,CAMINO REAL AV,0,NA,Y,B,-,N,NA,NA,NA,NA,NA,NA,NA,NA,NA,Y,4,0,1,2,A,-,08,22107,NA,N,D,C,A,A,H,-,C,A,0,NA,NA,Y,NA,Y,NA,A,07,0,0,1,0,0,0,0,0,1,-,-,NA,NA,LOS ANGELES,ARCADIA,-118.05518009,34.12239008
8003050,2016,2016-03-24,1925,2016-03-12,1443,19364,204,6,5,6,1925,0,0,0,NA,0,001,SAN FERNANDO RD,GRANGE ST,236,N,N,A,-,N,NA,NA,NA,NA,NA,NA,NA,NA,NA,Y,4,0,1,1,A,-,03,22350,NA,N,E,I,A,A,H,-,A,D,0,NA,NA,NA,NA,Y,NA,A,01,0,0,1,0,0,0,0,0,0,-,-,NA,NA,LOS ANGELES,GLENDALE,-118.27683784,34.15589634
8003054,2016,2016-03-24,1925,2016-03-01,1942,21753,145,2,5,6,1925,0,0,0,NA,0,004,E MOUNTAIN ST,ETHEL,0,NA,Y,A,-,N,NA,NA,NA,NA,NA,NA,NA,NA,NA,Y,4,0,3,2,A,-,08,22107,NA,N,A,C,A,A,H,-,C,A,0,NA,NA,NA,NA,Y,NA,A,01,0,0,3,0,0,0,0,0,0,-,-,NA,NA,LOS ANGELES,GLENDALE,-118.23378005,34.16610009