CASE_ID,ACCIDENT_YEAR,PROC_DATE,JURIS,COLLISION_DATE,COLLISION_TIME,OFFICER_ID,REPORTING_DISTRICT,DAY_OF_WEEK,CHP_SHIFT,POPULATION,CNTY_CITY_LOC,SPECIAL_COND,BEAT_TYPE,CHP_BEAT_TYPE,CITY_DIVISION_LAPD,CHP_BEAT_CLASS,BEAT_NUMBER,PRIMARY_RD,SECONDARY_RD,DISTANCE,DIRECTION,INTERSECTION,WEATHER_1,WEATHER_2,STATE_HWY_IND,CALTRANS_COUNTY,CALTRANS_DISTRICT,STATE_ROUTE,ROUTE_SUFFIX,POSTMILE_PREFIX,POSTMILE,LOCATION_TYPE,RAMP_INTERSECTION,SIDE_OF_HWY,TOW_AWAY,COLLISION_SEVERITY,NUMBER_KILLED,NUMBER_INJURED,PARTY_COUNT,PRIMARY_COLL_FACTOR,PCF_CODE_OF_VIOL,PCF_VIOL_CATEGORY,PCF_VIOLATION,PCF_VIOL_SUBSECTION,HIT_AND_RUN,TYPE_OF_COLLISION,MVIW,PED_ACTION,ROAD_SURFACE,ROAD_COND_1,ROAD_COND_2,LIGHTING,CONTROL_DEVICE,CHP_ROAD_TYPE,PEDESTRIAN_ACCIDENT,BICYCLE_ACCIDENT,MOTORCYCLE_ACCIDENT,TRUCK_ACCIDENT,NOT_PRIVATE_PROPERTY,ALCOHOL_INVOLVED,STWD_VEHTYPE_AT_FAULT,CHP_VEHTYPE_AT_FAULT,COUNT_SEVERE_INJ,COUNT_VISIBLE_INJ,COUNT_COMPLAINT_PAIN,COUNT_PED_KILLED,COUNT_PED_INJURED,COUNT_BICYCLIST_KILLED,COUNT_BICYCLIST_INJURED,COUNT_MC_KILLED,COUNT_MC_INJURED,PRIMARY_RAMP,SECONDARY_RAMP,LATITUDE,LONGITUDE,COUNTY,CITY,POINT_X,POINT_Y
8003724,2016,2016-03-30,1942,2016-03-13,1615,40452,0726,7,5,7,1942,0,0,0,G,0,14T54,BEVERLY BL,FORMOSA AV,45,W,N,A,-,N,NA,NA,NA,NA,NA,NA,NA,NA,NA,Y,3,0,2,2,A,-,03,22350,NA,N,C,C,A,A,H,-,A,A,0,NA,NA,NA,NA,Y,NA,A,07,0,1,1,0,0,0,0,0,0,-,-,NA,NA,LOS ANGELES,LOS ANGELES,-118.34637832,34.07617
8003728,2016,2016-03-30,1942,2016-03-14,2020,40235,0713,1,5,7,1942,0,0,0,G,0,7A21,BEVERLY BL,GENESEE AV,0,NA,Y,A,-,N,NA,NA,NA,NA,NA,NA,NA,NA,NA,N,4,0,1,2,A,-,09,21801,A,N,G,B,B,A,H,-,C,A,0,Y,NA,NA,NA,Y,NA,A,01,0,0,1,0,1,0,0,0,0,-,-,NA,NA,LOS ANGELES,LOS ANGELES,-118.3583701,34.07613008
8003732,2016,2016-03-30,1942,2016-03-13,2020,39061,0706,7,5,7,1942,0,0,0,G,0,7T23,HIGHLAND AV,WARING AV,90,S,N,A,-,N,NA,NA,NA,NA,NA,NA,NA,NA,NA,N,4,0,1,2,A,-,07,21658,A,N,B,C,A,A,H,-,C,D,0,NA,NA,Y,NA,Y,NA,A,01,0,0,1,0,0,0,0,0,1,-,-,NA,NA,LOS ANGELES,LOS ANGELES,-118.33859,34.08501316
8003736,2016,2016-03-30,1942,2016-03-15,1017,42222,0762,2,5,7,1942,0,0,0,G,0,7A33,FAIRFAX AV,AIRDROME ST,200,S,N,A,-,N,NA,NA,NA,NA,NA,NA,NA,NA,NA,Y,2,0,1,1,A,-,03,22350,NA,N,E,I,A,A,H,-,A,D,0,NA,NA,NA,NA,Y,NA,A,01,1,0,0,0,0,0,0,0,0,-,-,NA,NA,LOS ANGELES,LOS ANGELES,-118.36832917,34.0450957
8003740,2016,2016-03-30,1942,2016-03-15,2350,39061,0727,2,5,7,1942,0,0,0,G,0,20T59,LA BREA AV,3RD ST,0,NA,Y,A,-,N,NA,NA,NA,NA,NA,NA,NA,NA,NA,Y,4,0,1,2,A,-,09,21801,A,N,B,C,A,A,H,-,C,A,0,NA,NA,NA,NA,Y,NA,A,01,0,0,1,0,0,0,0,0,0,-,-,NA,NA,LOS ANGELES,LOS ANGELES,-118.34403009,34.06891008
8003743,2016,2016-03-29,1942,2016-03-07,1615,38118,2081,1,5,7,1942,0,0,0,NA,0,20TL88,VENICE BL,SAINT ANDREWS PL,11,W,N,A,-,N,NA,NA,NA,NA,NA,NA,NA,NA,NA,Y,3,0,4,2,A,-,09,21801,A,N,D,C,A,A,H,-,A,D,0,NA,NA,NA,NA,Y,NA,A,01,0,4,0,0,0,0,0,0,0,-,-,NA,NA,LOS ANGELES,LOS ANGELES,-118.31163624,34.04356975
8003744,2016,2016-03-30,1942,2016-03-06,0715,34959,2022,7,5,7,1942,0,0,0,NA,0,20T55,WESTERN AV,6TH ST,0,NA,Y,B,-,N,NA,NA,NA,NA,NA,NA,NA,NA,NA,Y,4,0,1,2,A,-,12,21453,A,N,D,C,A,B,H,-,A,A,0,NA,NA,NA,NA,Y,NA,A,07,0,0,1,0,0,0,0,0,0,-,-,NA,NA,LOS ANGELES,LOS ANGELES,-118.30911,34.06352
8003747,2016,2016-03-30,1942,2016-03-18,1440,39010,0236,5,5,7,1942,0,0,0,B,0,4T4,ALVARADO ST,TEMPLE ST,200,S,N,A,-,N,NA,NA,NA,NA,NA,NA,NA,NA,NA,N,4,0,1,3,A,-,03,22350,NA,F,C,C,A,A,H,-,A,A,0,NA,NA,NA,NA,Y,NA,-,99,0,0,1,0,0,0,0,0,0,-,-,NA,NA,LOS ANGELES,LOS ANGELES,-118.26835983,34.06978588
8003748,2016,2016-03-30,1942,2016-03-18,0035,39651,0881,5,5,7,1942,0,0,0,H,0,8T35,OLYMPIC BL,BARRINGTON AV,0,NA,Y,A,-,N,NA,NA,NA,NA,NA,NA,NA,NA,NA,N,3,0,1,2,A,-,12,21453,A,N,D,C,A,A,H,-,C,A,0,NA,NA,NA,NA,Y,NA,A,01,0,1,0,0,0,0,0,0,0,-,-,NA,NA,LOS ANGELES,LOS ANGELES,-118.44785014,34.03423007
8003751,2016,2016-03-29,1942,2016-03-19,2330,35024,0134,6,5,7,1942,0,0,0,A,0,1A29,BROADWAY,4TH ST,18,S,N,A,-,N,NA,NA,NA,NA,NA,NA,NA,NA,NA,N,4,0,1,3,A,-,01,23153,A,F,C,C,A,A,H,-,C,A,0,NA,NA,NA,NA,Y,Y,A,01,0,0,1,0,0,0,0,0,0,-,-,NA,NA,LOS ANGELES,LOS ANGELES,-118.24942,34.049464
8003752,2016,2016-03-30,1942,2016-03-01,1600,37715,0881,2,5,7,1942,0,0,0,H,0,8TL26W,OLYMPIC BL,GRANVILLE ST,0,W,N,A,-,N,NA,NA,NA,NA,NA,NA,NA,NA,NA,Y,4,0,1,4,A,-,07,21658,A,F,C,C,A,A,H,-,A,D,0,NA,NA,NA,NA,Y,NA,-,99,0,0,1,0,0,0,0,0,0,-,-,NA,NA,LOS ANGELES,LOS ANGELES,-118.44983001,34.0331801
8003755,2016,2016-03-29,1942,2016-03-10,0645,41054,2002,4,5,7,1942,0,0,0,NA,0,7TL23,MELROSE AV,WESTERN AV,0,NA,Y,A,-,N,NA,NA,NA,NA,NA,NA,NA,NA,NA,Y,4,0,1,2,A,-,09,21801,A,N,D,C,A,A,H,-,A,A,0,NA,NA,NA,NA,Y,NA,A,01,0,0,1,0,0,0,0,0,0,-,-,NA,NA,LOS ANGELES,LOS ANGELES,-118.30913011,34.0835101
8003756,2016,2016-03-30,1942,2016-03-16,1220,41376,0738,3,5,7,1942,0,0,0,G,0,7TL38,FAIRFAX BL,3RD ST,15,N,N,A,-,N,NA,NA,NA,NA,NA,NA,NA,NA,NA,N,4,0,2,2,A,-,03,22350,NA,F,C,C,A,A,H,-,A,D,0,NA,NA,NA,NA,Y,NA,-,99,0,0,2,0,0,0,0,0,0,-,-,NA,NA,LOS ANGELES,LOS ANGELES,-118.36143953,34.07159114
8003760,2016,2016-03-30,1942,2016-03-13,1105,39779,0706,7,5,7,1942,0,0,0,G,0,20T55,HIGHLAND AV,MELROSE AV,0,NA,Y,A,-,N,NA,NA,NA,NA,NA,NA,NA,NA,NA,Y,3,0,2,2,A,-,09,21801,A,N,D,C,A,A,H,-,A,D,0,NA,NA,NA,NA,Y,NA,A,01,0,2,0,0,0,0,0,0,0,-,-,NA,NA,LOS ANGELES,LOS ANGELES,-118.33858013,34.08347002
8003765,2016,2016-03-29,1942,2016-03-17,1010,36553,0887,4,5,7,1942,0,0,0,H,0,14TL47,BEVERWIL DR,BEVERLYWOOD ST,171,N,N,A,-,N,NA,NA,NA,NA,NA,NA,NA,NA,NA,Y,3,0,1,2,A,-,03,22350,NA,N,C,E,A,A,H,-,A,D,0,NA,NA,NA,NA,Y,NA,A,01,0,1,0,0,0,0,0,0,0,-,-,NA,NA,LOS ANGELES,LOS ANGELES,-118.3991,34.03982
8003766,2016,2016-03-29,1942,2016-03-01,1515,41376,0719,2,5,7,1942,0,0,0,G,0,7TL38,MELROSE AV,VINE ST,85,W,N,A,-,N,NA,NA,NA,NA,NA,NA,NA,NA,NA,N,4,0,2,4,A,-,03,22350,NA,N,C,C,A,A,H,-,A,D,0,NA,NA,NA,NA,Y,NA,A,01,0,0,2,0,0,0,0,0,0,-,-,NA,NA,LOS ANGELES,LOS ANGELES,-118.32689005,34.083493
8003769,2016,2016-03-29,1942,2016-03-10,0145,34768,0201,4,5,7,1942,0,0,0,B,0,2A5,EDGEMONT ST,LILLY CREST AV,0,NA,Y,A,-,N,NA,NA,NA,NA,NA,NA,NA,NA,NA,N,2,0,1,2,A,-,10,21950,A,F,G,B,B,A,H,-,C,A,0,Y,NA,NA,NA,Y,Y,-,99,1,0,0,0,1,0,0,0,0,-,-,NA,NA,LOS ANGELES,LOS ANGELES,-118.29605001,34.08801012
8003770,2016,2016-03-29,1942,2016-03-16,2000,37575,0773,3,5,7,1942,0,0,0,G,0,6T7,VENICE BL,HAUSER AV,0,NA,Y,A,-,N,NA,NA,NA,NA,NA,NA,NA,NA,NA,Y,3,0,2,2,A,-,12,21453,A,N,D,C,A,A,H,-,C,A,0,NA,NA,NA,NA,Y,NA,A,01,0,1,1,0,0,0,0,0,0,-,-,NA,NA,LOS ANGELES,LOS ANGELES,-118.35861009,34.04398011
8003773,2016,2016-03-29,1942,2016-03-11,1710,42185,0236,5,5,7,1942,0,0,0,B,0,2A68,UNION AV,BEVERLY BL,0,NA,Y,A,-,N,NA,NA,NA,NA,NA,NA,NA,NA,NA,Y,4,0,1,2,A,-,08,22107,NA,F,B,C,A,A,H,-,B,A,0,NA,NA,NA,NA,Y,NA,A,08,0,0,1,0,0,0,0,0,0,-,-,NA,NA,LOS ANGELES,LOS ANGELES,-118.26587003,34.06466004
8003777,2016,2016-03-29,1942,2016-03-11,1625,40099,0159,5,5,7,1942,0,0,0,A,0,13T22,ALAMEDA ST,5TH ST,125,S,N,A,-,N,NA,NA,NA,NA,NA,NA,NA,NA,NA,N,3,0,1,1,C,-,18,NA,NA,N,H,-,A,B,H,-,A,D,0,NA,NA,Y,NA,Y,NA,-,-,0,1,0,0,0,0,0,0,1,-,-,NA,NA,LOS ANGELES,LOS ANGELES,-118.238256,34.041078
8003781,2016,2016-04-05,1942,2016-03-20,2100,39651,0701,7,5,7,1942,0,0,0,G,0,14TL47,MELROSE AV,HARPER AV,180,W,N,A,-,N,NA,NA,NA,NA,NA,NA,NA,NA,NA,Y,3,0,1,2,A,-,21,22106,NA,N,B,C,A,A,H,-,C,D,0,NA,NA,Y,NA,Y,NA,A,01,0,1,0,0,0,0,0,0,1,-,-,NA,NA,LOS ANGELES,LOS ANGELES,-118.36969335,34.0837
8003785,2016,2016-03-29,1942,2016-03-10,1300,42017,0645,4,5,7,1942,0,0,0,F,0,6A45,HIGHLAND AV,SELMA AV,0,NA,Y,B,-,N,NA,NA,NA,NA,NA,NA,NA,NA,NA,N,4,0,1,2,A,-,09,21801,A,F,D,C,A,A,-,-,A,A,0,NA,NA,NA,NA,Y,NA,-,99,0,0,1,0,0,0,0,0,0,-,-,NA,NA,LOS ANGELES,LOS ANGELES,-118.3386801,34.09970007
8003789,2016,2016-03-29,1942,2016-03-12,1210,37966,0636,6,5,7,1942,0,0,0,F,0,6TL2,CAHUENGA BL,HOLLYWOOD BL,340,N,N,A,-,N,NA,NA,NA,NA,NA,NA,NA,NA,NA,N,3,0,1,2,A,-,11,21955,NA,F,G,B,D,A,H,-,A,D,0,Y,NA,NA,NA,Y,NA,N,60,0,1,0,0,1,0,0,0,0,-,-,NA,NA,LOS ANGELES,LOS ANGELES,-118.329532,34.1025423
8003790,2016,2016-03-29,1942,2016-03-11,1850,25495,0715,5,5,7,1942,0,0,0,G,0,7T23,ROSEWOOD AV,LA BREA AV,0,NA,Y,A,-,N,NA,NA,NA,NA,NA,NA,NA,NA,NA,N,4,0,1,2,A,-,09,21802,A,N,D,C,A,A,H,-,C,A,0,NA,NA,NA,NA,Y,NA,A,01,0,0,1,0,0,0,0,0,0,-,-,NA,NA,LOS ANGELES,LOS ANGELES,-118.34406012,34.08025011
8003794,2016,2016-03-29,1942,2016-03-11,1940,39058,0705,5,5,7,1942,0,0,0,G,0,20T59,FORMOSA AV,WARING AV,24,N,N,A,-,N,NA,NA,NA,NA,NA,NA,NA,NA,NA,N,4,0,1,2,A,-,03,22350,NA,N,C,C,A,A,H,-,C,A,0,NA,NA,NA,NA,Y,NA,A,07,0,0,1,0,0,0,0,0,0,-,-,NA,NA,LOS ANGELES,LOS ANGELES,-118.34624817,34.08532581
8003797,2016,2016-03-29,1942,2016-03-15,1600,42126,0195,2,5,7,1942,0,0,0,A,0,1A85,LOS ANGELES ST,15TH ST,0,NA,Y,A,-,N,NA,NA,NA,NA,NA,NA,NA,NA,NA,Y,4,0,2,3,A,-,12,22450,A,N,A,C,A,A,H,-,A,A,0,NA,NA,NA,NA,Y,NA,A,01,0,0,2,0,0,0,0,0,0,-,-,NA,NA,LOS ANGELES,LOS ANGELES,-118.26098,34.03373
8003798,2016,2016-03-29,1942,2016-03-04,1515,31255,0782,5,5,7,1942,0,0,0,G,0,6TL2,WASHINGTON BL,THURMAN AV,50,E,N,A,-,N,NA,NA,NA,NA,NA,NA,NA,NA,NA,N,3,0,1,2,A,-,08,22107,A,N,H,I,A,A,H,-,A,D,0,NA,NA,Y,NA,Y,NA,A,01,0,1,0,0,0,0,0,0,1,-,-,NA,NA,LOS ANGELES,LOS ANGELES,-118.36702193,34.03567479
8003801,2016,2016-03-29,1942,2016-03-09,2006,42127,0176,3,5,7,1942,0,0,0,A,0,1A29,WALL ST,8TH ST,275,S,N,A,-,N,NA,NA,NA,NA,NA,NA,NA,NA,NA,N,4,0,1,2,B,-,22,NA,NA,N,G,B,F,A,H,-,C,D,0,Y,NA,NA,NA,Y,NA,A,07,0,0,1,0,1,0,0,0,0,-,-,NA,NA,LOS ANGELES,LOS ANGELES,-118.25101954,34.03955976
8003802,2016,2016-03-29,1942,2016-03-06,1315,41376,0702,7,5,7,1942,0,0,0,G,0,7T38,VISTA ST,MELROSE AV,0,NA,Y,A,-,N,NA,NA,NA,NA,NA,NA,NA,NA,NA,N,3,0,2,2,A,-,09,21802,A,N,D,C,A,A,H,-,A,A,0,NA,NA,NA,NA,Y,NA,A,01,0,1,1,0,0,0,0,0,0,-,-,NA,NA,LOS ANGELES,LOS ANGELES,-118.35227011,34.08362002
8003805,2016,2016-04-05,1942,2016-03-09,1055,38050,0111,3,5,7,1942,0,0,0,A,0,1TL11,LOS ANGELES ST,ARCADIA ST,0,NA,Y,A,-,N,NA,NA,NA,NA,NA,NA,NA,NA,NA,Y,3,0,4,3,A,-,12,21453,A,N,D,C,A,A,H,-,A,A,0,NA,NA,NA,NA,Y,NA,A,01,0,1,3,0,0,0,0,0,0,-,-,NA,NA,LOS ANGELES,LOS ANGELES,-118.23919005,34.05528011
8003806,2016,2016-03-29,1942,2016-03-17,2030,41376,0782,4,5,7,1942,0,0,0,G,0,7TL38,VENICE BL,LA CIENEGA BL,0,NA,Y,A,-,N,NA,NA,NA,NA,NA,NA,NA,NA,NA,Y,4,0,1,2,A,-,09,21453,C,N,D,C,A,A,H,-,C,A,0,NA,NA,Y,NA,Y,NA,A,01,0,0,1,0,0,0,0,0,1,-,-,NA,NA,LOS ANGELES,LOS ANGELES,-118.37789008,34.03517004
8003809,2016,2016-03-29,1942,2016-03-12,1430,39889,0152,6,5,7,1942,0,0,0,A,0,4TL6,GRAND AV,5TH ST,81,N,N,A,-,N,NA,NA,NA,NA,NA,NA,NA,NA,NA,N,3,0,1,2,A,-,07,21658,A,N,B,G,A,A,C,-,A,A,0,NA,Y,NA,NA,Y,NA,L,04,0,1,0,0,0,0,1,0,0,-,-,NA,NA,LOS ANGELES,LOS ANGELES,-118.29016,33.73991215
8003810,2016,2016-03-29,1942,2016-03-09,1315,38380,0726,3,5,7,1942,0,0,0,G,0,7TL52,DETROIT ST,3RD ST,0,N,N,A,-,N,NA,NA,NA,NA,NA,NA,NA,NA,NA,N,3,0,1,2,A,-,17,22517,NA,N,E,G,A,A,H,-,A,D,0,NA,Y,NA,NA,Y,NA,A,01,0,1,0,0,0,0,1,0,0,-,-,NA,NA,LOS ANGELES,LOS ANGELES,-118.34514009,34.06890007
8003813,2016,2016-03-30,1942,2016-03-11,1040,41027,0133,5,5,7,1942,0,0,0,A,0,1A1,HILL ST,2ND ST,20,N,N,A,-,N,NA,NA,NA,NA,NA,NA,NA,NA,NA,N,3,0,1,2,A,-,06,21951,NA,N,G,B,F,A,H,-,A,D,0,Y,NA,NA,NA,Y,NA,A,01,0,1,0,0,1,0,0,0,0,-,-,NA,NA,LOS ANGELES,LOS ANGELES,-118.24772081,34.05315409
8003814,2016,2016-03-29,1942,2016-03-21,0745,40164,0643,1,5,7,1942,0,0,0,F,0,7TL23,FULLER AV,HOLLYWOOD BL,0,NA,N,B,-,N,NA,NA,NA,NA,NA,NA,NA,NA,NA,N,3,0,1,2,A,-,09,21804,A,N,A,C,A,A,H,-,A,D,0,NA,NA,NA,NA,Y,NA,A,07,0,1,0,0,0,0,0,0,0,-,-,NA,NA,LOS ANGELES,LOS ANGELES,-118.34895002,34.10162009
8003817,2016,2016-03-29,1942,2016-03-10,0755,38050,0182,4,5,7,1942,0,0,0,A,0,1TL11,OLYMPIC BL,FIGUEROA ST,0,NA,Y,A,-,N,NA,NA,NA,NA,NA,NA,NA,NA,NA,Y,4,0,1,2,A,-,09,21801,A,N,-,C,A,A,H,-,A,-,0,NA,NA,NA,NA,Y,NA,A,01,0,0,1,0,0,0,0,0,0,-,-,NA,NA,LOS ANGELES,LOS ANGELES,-118.26398007,34.04497003
8003818,2016,2016-03-29,1942,2016-03-17,1655,40452,0643,4,5,7,1942,0,0,0,F,0,14T52,SUNSET BL,VISTA ST,0,NA,Y,A,-,N,NA,NA,NA,NA,NA,NA,NA,NA,NA,Y,4,0,1,2,A,-,00,21655,A,N,B,C,A,A,H,-,A,D,0,NA,NA,Y,NA,Y,NA,C,02,0,0,1,0,0,0,0,0,1,-,-,NA,NA,LOS ANGELES,LOS ANGELES,-118.35174009,34.09801002
8003821,2016,2016-03-29,1942,2016-03-09,1700,42150,NA,3,5,7,1942,0,0,0,NA,0,1A85,7TH ST,LOS ANGELES ST,150,NA,N,A,-,N,NA,NA,NA,NA,NA,NA,NA,NA,NA,N,4,0,1,2,A,-,21,22106,NA,N,B,C,A,A,H,-,A,-,0,NA,NA,NA,NA,Y,NA,A,01,0,0,1,0,0,0,0,0,0,-,-,NA,NA,LOS ANGELES,LOS ANGELES,-118.25041003,34.04323002
8003822,2016,2016-03-29,1942,2016-03-14,2220,36602,1489,1,5,7,1942,0,0,0,N,0,20T59,LA CIENEGA BL,CENTURY BL,725,N,N,A,-,N,NA,NA,NA,NA,NA,NA,NA,NA,NA,Y,4,0,1,2,A,-,03,22350,NA,F,C,C,A,A,H,-,C,D,0,NA,NA,NA,NA,Y,NA,-,99,0,0,1,0,0,0,0,0,0,-,-,NA,NA,LOS ANGELES,LOS ANGELES,-118.37007,33.94739837
8003826,2015,2016-03-29,1942,2015-03-14,1425,37550,1436,6,5,7,1942,0,0,0,N,0,14T52,WASHINGTON PL,MCLAUGHLIN AV,0,NA,Y,A,-,N,NA,NA,NA,NA,NA,NA,NA,NA,NA,Y,4,0,3,3,A,-,12,21453,A,F,D,C,A,A,H,-,A,A,0,NA,NA,NA,NA,Y,NA,-,99,0,0,3,0,0,0,0,0,0,-,-,NA,NA,LOS ANGELES,LOS ANGELES,-118.42128013,34.00445004
8003830,2016,2017-02-10,1942,2016-03-13,1255,40452,0861,7,5,7,1942,0,0,0,H,0,14T54,PACIFIC COAST HWY,SUNSET BL,145,NA,N,A,-,Y,LA,7,1,-,-,39.3,H,-,N,N,3,0,1,2,A,-,08,22107,NA,N,H,G,A,A,H,-,A,A,0,NA,Y,NA,NA,Y,NA,A,01,0,1,0,0,0,0,1,0,0,-,-,NA,NA,LOS ANGELES,LOS ANGELES,-118.5552262,34.03857422
8003833,2016,2016-04-13,1942,2016-03-09,1750,26924,0111,3,5,7,1942,0,0,0,A,0,11T22,CESAR E CHAVEZ AV,FIGUEROA ST,0,E,N,A,-,N,NA,NA,NA,NA,NA,NA,NA,NA,NA,N,3,0,1,2,A,-,07,21658,A,N,B,G,A,A,H,-,B,D,0,NA,Y,NA,NA,Y,NA,-,-,0,1,0,0,0,0,1,0,0,-,-,NA,NA,LOS ANGELES,LOS ANGELES,-118.24631004,34.0626601
8003834,2016,2016-03-29,1942,2016-03-11,1725,41376,0779,5,5,7,1942,0,0,0,G,0,7T38,ARLINGTON AV,17TH ST,20,S,N,A,-,N,NA,NA,NA,NA,NA,NA,NA,NA,NA,Y,4,0,1,2,A,-,03,22350,NA,N,C,D,A,A,H,-,A,D,0,NA,NA,NA,NA,Y,NA,A,07,0,0,1,0,0,0,0,0,0,-,-,NA,NA,LOS ANGELES,LOS ANGELES,-118.317734,34.041756
8003837,2016,2016-03-29,1942,2016-03-11,1320,41969,1FB2,5,5,7,1942,0,0,0,NA,0,0156,7TH ST,SAN PEDRO,0,NA,Y,C,-,N,NA,NA,NA,NA,NA,NA,NA,NA,NA,N,3,0,1,2,A,-,12,21453,A,N,G,G,A,B,-,-,A,A,0,NA,Y,NA,NA,Y,NA,L,04,0,1,0,0,0,0,1,0,0,-,-,NA,NA,LOS ANGELES,LOS ANGELES,-118.24678007,34.04070008
8003838,2016,2016-03-29,1942,2016-03-11,0002,42172,0705,5,5,7,1942,0,0,0,G,0,7A53,LA BREA AV,N MELROSE ALY,100,N,N,A,-,N,NA,NA,NA,NA,NA,NA,NA,NA,NA,N,4,0,1,2,A,-,00,21480,A,N,A,C,A,A,H,-,C,D,0,NA,NA,Y,NA,Y,NA,A,01,0,0,1,0,0,0,0,0,1,-,-,NA,NA,LOS ANGELES,LOS ANGELES,-118.34407,34.08372427
8003918,2016,2016-03-30,1942,2016-03-16,1705,38118,2062,3,5,7,1942,0,0,0,NA,0,20TL58,WILTON PL,SAN MARINO ST,40,S,N,A,-,N,NA,NA,NA,NA,NA,NA,NA,NA,NA,N,4,0,1,2,A,-,03,22350,NA,N,C,C,A,A,H,-,A,D,0,NA,NA,NA,NA,Y,NA,D,22,0,0,1,0,0,0,0,0,0,-,-,NA,NA,LOS ANGELES,LOS ANGELES,-118.31426739,34.05430032
8003923,2016,2016-04-15,1942,2016-03-01,1250,36599,0963,2,5,7,1942,0,0,0,I,0,9TL54,KESTER AV,MORRISON ST,53,S,N,A,-,N,NA,NA,NA,NA,NA,NA,NA,NA,NA,Y,3,0,2,4,A,-,03,22350,NA,N,B,E,A,A,H,-,A,A,0,NA,NA,NA,Y,Y,NA,A,01,0,1,1,0,0,0,0,0,0,-,-,NA,NA,LOS ANGELES,LOS ANGELES,-118.45744,34.16016462
8003924,2016,2017-02-11,1942,2016-02-29,1700,41316,2185,1,5,7,1942,0,0,0,NA,0,21T65,TOPANGA CANYON BL,VENTURA BL,50,S,N,A,-,Y,LA,7,27,-,-,12.27,H,-,S,Y,2,0,1,3,A,-,05,21650,NA,N,E,E,A,A,H,-,A,A,0,NA,NA,NA,NA,Y,NA,A,01,1,0,0,0,0,0,0,0,0,-,-,NA,NA,LOS ANGELES,LOS ANGELES,-118.60593785,34.16836821
8003927,2016,2016-04-06,1942,2016-03-16,0550,30452,0935,3,5,7,1942,0,0,0,I,0,9TL53,VAN NUYS BL,VICTORY BL,179,S,N,A,-,N,NA,NA,NA,NA,NA,NA,NA,NA,NA,Y,4,0,1,2,A,-,08,22107,NA,N,C,E,A,-,A,-,C,D,0,NA,NA,NA,NA,Y,NA,A,01,0,0,1,0,0,0,0,0,0,-,-,NA,NA,LOS ANGELES,LOS ANGELES,-118.44873123,34.18617907
8003931,2016,2016-04-06,1942,2016-03-14,1345,39194,0911,1,5,7,1942,0,0,0,I,0,19TL78,SHERMAN WY,SEPULVEDA BL,700,E,N,A,-,N,NA,NA,NA,NA,NA,NA,NA,NA,NA,Y,4,0,1,5,A,-,08,22107,NA,N,B,E,A,A,H,-,A,D,0,NA,NA,NA,NA,Y,NA,D,22,0,0,1,0,0,0,0,0,0,-,-,NA,NA,LOS ANGELES,LOS ANGELES,-118.46388911,34.20125
8003935,2016,2016-04-06,1942,2016-03-14,1910,36336,0909,1,5,7,1942,0,0,0,I,0,16T28,WOODMAN AV,WOODMAN PL,0,NA,Y,A,-,N,NA,NA,NA,NA,NA,NA,NA,NA,NA,Y,3,0,2,2,A,-,09,21801,A,N,D,C,A,A,H,-,B,A,0,NA,NA,NA,NA,Y,NA,A,01,0,1,1,0,0,0,0,0,0,-,-,NA,NA,LOS ANGELES,LOS ANGELES,-118.43126012,34.20716003
8003943,2016,2016-04-08,1942,2016-03-12,1050,41397,0914,6,5,7,1942,0,0,0,I,0,21T67,VANOWEN ST,CEDROS ST,600,W,N,A,-,N,NA,NA,NA,NA,NA,NA,NA,NA,NA,Y,4,0,3,3,A,-,04,21703,NA,N,C,C,A,A,H,-,A,D,0,NA,NA,NA,NA,Y,NA,D,22,0,0,3,0,0,0,0,0,0,-,-,NA,NA,LOS ANGELES,LOS ANGELES,-118.45510047,34.19393543
8003947,2016,2016-04-07,1942,2016-03-12,0755,38857,1033,6,5,7,1942,0,0,0,J,0,15TL45,VICTORY BL,WILBUR AV,0,NA,Y,A,-,N,NA,NA,NA,NA,NA,NA,NA,NA,NA,Y,4,0,3,3,A,-,12,21453,A,N,D,C,A,A,H,-,A,A,0,NA,NA,NA,NA,Y,NA,D,22,0,0,3,0,0,0,0,0,0,-,-,NA,NA,LOS ANGELES,LOS ANGELES,-118.54474004,34.18658011
8003962,2016,2016-04-07,1942,2016-02-26,0350,42119,2157,5,5,7,1942,0,0,0,NA,0,21A57,DE SOTO AV,VANOWEN ST,30,N,N,A,-,N,NA,NA,NA,NA,NA,NA,NA,NA,NA,Y,3,0,1,5,A,-,03,22350,NA,N,B,E,A,A,H,-,C,D,0,NA,NA,NA,NA,Y,NA,A,01,0,1,0,0,0,0,0,0,0,-,-,NA,NA,LOS ANGELES,LOS ANGELES,-118.58842,34.1938723
8003967,2016,2016-04-15,1962,2016-03-24,0745,116,1962,4,5,4,1962,0,0,0,NA,0,022,MISSION RD,RAMONA ST,22,E,N,A,-,N,NA,NA,NA,NA,NA,NA,NA,NA,NA,N,4,0,1,2,A,-,03,22350,NA,N,B,C,A,A,H,-,A,A,0,NA,NA,NA,Y,Y,NA,G,27,0,0,1,0,0,0,0,0,0,-,-,NA,NA,LOS ANGELES,SAN GABRIEL,-118.10772239,34.09607181
8003983,2016,2016-04-08,1942,2016-03-17,2010,35471,1756,4,5,7,1942,0,0,0,Q,0,9T57,DEVONSHIRE ST,WHITE OAK AV,32,W,N,A,-,N,NA,NA,NA,NA,NA,NA,NA,NA,NA,N,3,0,1,2,A,-,09,21801,A,N,G,B,B,A,H,-,C,A,0,Y,NA,NA,NA,Y,NA,D,22,0,1,0,0,1,0,0,0,0,-,-,NA,NA,LOS ANGELES,LOS ANGELES,-118.5198957,34.25763163