CASE_ID,ACCIDENT_YEAR,PROC_DATE,JURIS,COLLISION_DATE,COLLISION_TIME,OFFICER_ID,REPORTING_DISTRICT,DAY_OF_WEEK,CHP_SHIFT,POPULATION,CNTY_CITY_LOC,SPECIAL_COND,BEAT_TYPE,CHP_BEAT_TYPE,CITY_DIVISION_LAPD,CHP_BEAT_CLASS,BEAT_NUMBER,PRIMARY_RD,SECONDARY_RD,DISTANCE,DIRECTION,INTERSECTION,WEATHER_1,WEATHER_2,STATE_HWY_IND,CALTRANS_COUNTY,CALTRANS_DISTRICT,STATE_ROUTE,ROUTE_SUFFIX,POSTMILE_PREFIX,POSTMILE,LOCATION_TYPE,RAMP_INTERSECTION,SIDE_OF_HWY,TOW_AWAY,COLLISION_SEVERITY,NUMBER_KILLED,NUMBER_INJURED,PARTY_COUNT,PRIMARY_COLL_FACTOR,PCF_CODE_OF_VIOL,PCF_VIOL_CATEGORY,PCF_VIOLATION,PCF_VIOL_SUBSECTION,HIT_AND_RUN,TYPE_OF_COLLISION,MVIW,PED_ACTION,ROAD_SURFACE,ROAD_COND_1,ROAD_COND_2,LIGHTING,CONTROL_DEVICE,CHP_ROAD_TYPE,PEDESTRIAN_ACCIDENT,BICYCLE_ACCIDENT,MOTORCYCLE_ACCIDENT,TRUCK_ACCIDENT,NOT_PRIVATE_PROPERTY,ALCOHOL_INVOLVED,STWD_VEHTYPE_AT_FAULT,CHP_VEHTYPE_AT_FAULT,COUNT_SEVERE_INJ,COUNT_VISIBLE_INJ,COUNT_COMPLAINT_PAIN,COUNT_PED_KILLED,COUNT_PED_INJURED,COUNT_BICYCLIST_KILLED,COUNT_BICYCLIST_INJURED,COUNT_MC_KILLED,COUNT_MC_INJURED,PRIMARY_RAMP,SECONDARY_RAMP,LATITUDE,LONGITUDE,COUNTY,CITY,POINT_X,POINT_Y
8008513,2017,2017-10-16,1942,2017-09-10,1250,40275,0265,7,5,7,1942,0,0,0,B,0,2A75,W 8TH ST,S ALVARADO ST,0,NA,Y,A,-,N,NA,NA,NA,NA,NA,NA,NA,NA,NA,Y,3,0,1,2,A,-,05,21651,A,N,A,C,A,A,H,-,A,A,0,NA,NA,NA,NA,Y,NA,A,08,0,1,0,0,0,0,0,0,0,-,-,NA,NA,LOS ANGELES,LOS ANGELES,-118.27784001,34.05489011
8008514,2019,2019-08-20,1900,2019-07-26,0600,630201,1120,5,5,6,1992,0,0,0,NA,0,111T1,60TH ST WEST,AVENUE G,0,NA,Y,A,-,N,NA,NA,NA,NA,NA,NA,NA,NA,NA,Y,3,0,1,2,A,-,09,21802,A,N,D,C,A,A,H,-,B,D,0,NA,NA,NA,Y,Y,NA,F,27,0,1,0,0,0,0,0,0,0,-,-,NA,NA,LOS ANGELES,LANCASTER,-118.23722839355467,34.7330207824707
8008516,2020,2020-12-01,1942,2020-09-11,1115,33869,0806,5,5,7,1942,0,0,0,H,0,8A1,BEL AIR RD,CUESTA WY,0,NA,Y,A,-,N,NA,NA,NA,NA,NA,NA,NA,NA,NA,Y,4,0,1,2,A,-,03,22350,NA,N,A,C,A,A,H,-,A,D,0,NA,NA,NA,NA,Y,NA,D,22,0,0,1,0,0,0,0,0,0,-,-,NA,NA,LOS ANGELES,LOS ANGELES,-118.4411163330078,34.08597183227539
8008521,2017,2017-11-20,1975,2017-09-25,0653,353,NA,1,5,6,1975,0,0,0,NA,0,002,CITRUS AV,WORKMAN AV,0,NA,Y,A,-,N,NA,NA,NA,NA,NA,NA,NA,NA,NA,Y,3,0,2,3,A,-,12,21453,A,N,D,C,A,A,H,-,A,B,0,NA,NA,NA,Y,Y,NA,-,NA,0,2,0,0,0,0,0,0,0,-,-,NA,NA,LOS ANGELES,WEST COVINA,-117.89017009,34.07534011
8008529,2017,2017-12-22,1942,2017-10-12,1820,41921,1862,4,5,7,1942,0,0,0,R,0,25TL24,BROADWAY,119TH ST,0,NA,Y,A,-,N,NA,NA,NA,NA,NA,NA,NA,NA,NA,Y,4,0,2,2,A,-,12,22450,A,N,D,D,A,A,H,-,B,A,0,NA,NA,NA,NA,Y,NA,A,01,0,0,2,0,0,0,0,0,0,-,-,NA,NA,LOS ANGELES,LOS ANGELES,-118.27827,33.92466
8008533,2017,2018-01-10,1942,2017-11-21,0030,39081,0835,2,5,7,1942,0,0,0,H,0,8A53,SEPULVEDA BL,SANTA MONICA BL,60,S,N,A,-,N,NA,NA,NA,NA,NA,NA,NA,NA,NA,N,3,0,1,2,A,-,11,21956,A,N,G,B,E,A,H,-,C,D,0,Y,NA,NA,NA,Y,NA,N,60,0,1,0,0,1,0,0,0,0,-,-,NA,NA,LOS ANGELES,LOS ANGELES,-118.44417564,34.04750575
8008549,2017,2017-12-28,1942,2017-12-08,0630,41274,1614,5,5,7,1942,0,0,0,P,0,16A35,VAN NUYS BL,FOOTHILL BL,0,NA,Y,A,-,N,NA,NA,NA,NA,NA,NA,NA,NA,NA,Y,4,0,2,3,A,-,09,21801,A,N,D,C,A,A,H,-,B,A,0,NA,NA,NA,NA,Y,NA,D,22,0,0,2,0,0,0,0,0,0,-,-,NA,NA,LOS ANGELES,LOS ANGELES,-118.40188012,34.28085004
8008557,2017,2018-01-04,1924,2017-08-22,1055,105794,3,2,5,5,1924,0,0,0,NA,0,002,EL SEGUNDO BL,HALLDALE AV,320,W,N,A,-,N,NA,NA,NA,NA,NA,NA,NA,NA,NA,N,4,0,1,2,A,-,08,22102,NA,N,D,C,A,A,H,-,A,D,0,NA,NA,NA,Y,Y,NA,J,48,0,0,1,0,0,0,0,0,0,-,-,33.91642,-118.30339,LOS ANGELES,GARDENA,-118.3034327,33.91644
8008558,2020,2020-12-19,1942,2020-10-02,0725,44435,0514,5,5,7,1942,0,0,0,E,0,5A25,ANAHEIM ST,WILMINGTON BL,0,NA,Y,A,-,N,NA,NA,NA,NA,NA,NA,NA,NA,NA,Y,4,0,3,3,A,-,09,21801,NA,N,A,C,A,A,H,-,A,A,0,NA,NA,NA,NA,Y,NA,A,07,0,0,3,0,0,0,0,0,0,-,-,NA,NA,LOS ANGELES,LOS ANGELES,-118.274169921875,33.77933120727539
8008565,2016,2016-04-18,1942,2016-03-30,0150,25907,0948,3,5,7,1942,0,0,0,I,0,21T65,BURBANK BL,ALLOTT AV,23,W,N,A,-,N,NA,NA,NA,NA,NA,NA,NA,NA,NA,Y,3,0,2,9,C,-,18,NA,NA,N,C,E,A,A,H,-,C,D,0,NA,NA,NA,NA,Y,NA,-,-,0,1,1,0,0,0,0,0,0,-,-,NA,NA,LOS ANGELES,LOS ANGELES,-118.42806590000001,34.17213
8008566,2016,2016-04-18,1900,2016-04-01,0909,526680,1623,5,5,5,1977,0,0,0,NA,0,168T,228TH ST,ATMORE AV,27,W,N,A,-,N,NA,NA,NA,NA,NA,NA,NA,NA,NA,Y,4,0,1,2,A,-,03,22350,NA,N,C,C,A,A,H,-,A,D,0,NA,NA,NA,NA,Y,NA,A,01,0,0,1,0,0,0,0,0,0,-,-,NA,NA,LOS ANGELES,CARSON,-118.28219872,33.81891058
8008567,2016,2016-04-18,1942,2016-03-25,1150,39397,0328,5,5,7,1942,0,0,0,C,0,12T41,FIGUEROA ST,28TH ST,0,NA,Y,A,-,N,NA,NA,NA,NA,NA,NA,NA,NA,NA,Y,3,0,1,2,A,-,09,21801,A,N,D,C,A,A,H,-,A,A,0,NA,NA,NA,NA,Y,NA,J,48,0,1,0,0,0,0,0,0,0,-,-,NA,NA,LOS ANGELES,LOS ANGELES,-118.27736011,34.02609005
8008568,2016,2016-04-18,1942,2016-03-29,1550,40869,1215,2,5,7,1942,0,0,0,L,0,12TL73,54TH ST,NORMANDIE AV,0,NA,Y,A,-,N,NA,NA,NA,NA,NA,NA,NA,NA,NA,Y,4,0,4,2,A,-,12,21453,A,N,D,C,A,A,H,-,A,A,0,NA,NA,NA,NA,Y,NA,J,48,0,0,4,0,0,0,0,0,0,-,-,NA,NA,LOS ANGELES,LOS ANGELES,-118.30021008,33.993230080000004
8008569,2016,2016-04-18,1942,2016-04-03,1450,34959,0884,7,5,7,1942,0,0,0,H,0,20T55,PICO BL,CAMDEN AV,91,W,N,A,-,N,NA,NA,NA,NA,NA,NA,NA,NA,NA,Y,4,0,1,3,A,-,03,22350,NA,N,C,C,A,A,H,-,A,D,0,NA,NA,NA,NA,Y,NA,A,07,0,0,1,0,0,0,0,0,0,-,-,NA,NA,LOS ANGELES,LOS ANGELES,-118.43358086,34.03772695
8008571,2016,2016-04-18,1942,2016-03-29,2205,31745,0361,2,5,7,1942,0,0,0,C,0,18T23,STEVELY AV,COLISEUM ST,155,S,N,A,-,N,NA,NA,NA,NA,NA,NA,NA,NA,NA,N,3,0,1,2,A,-,13,22515,A,N,G,B,E,A,H,-,D,A,0,Y,NA,NA,NA,Y,NA,J,48,0,1,0,0,1,0,0,0,0,-,-,NA,NA,LOS ANGELES,LOS ANGELES,-118.35364183,34.01786493
8008590,2016,2016-05-25,1942,2016-05-06,1545,36633,0971,5,5,7,1942,0,0,0,I,0,10A99,KESTER,MOORPARK,0,NA,Y,B,-,N,NA,NA,NA,NA,NA,NA,NA,NA,NA,N,4,0,1,2,A,-,09,21804,A,N,D,C,A,A,H,-,A,A,0,NA,NA,NA,NA,Y,NA,A,01,0,0,1,0,0,0,0,0,0,-,-,NA,NA,LOS ANGELES,LOS ANGELES,-118.45745013,34.15381004
8008600,2015,2016-05-24,1900,2015-05-27,2055,NA,NA,3,5,5,1915,0,0,0,NA,0,NA,WILMINGTON AV,EL SEGUNDO BL,27,S,N,A,-,N,NA,NA,NA,NA,NA,NA,NA,NA,NA,N,4,0,1,1,C,-,18,NA,NA,N,E,I,A,A,H,-,C,A,0,NA,NA,NA,NA,Y,NA,-,-,0,0,1,0,0,0,0,0,0,-,-,33.91597,-118.23899,LOS ANGELES,COMPTON,-118.23915,33.91619
8008602,2016,2016-05-26,1942,2016-05-13,2045,35471,0955,5,5,7,1942,0,0,0,I,0,19TL75,CHANDLER ST,HAZELTINE AV,83,W,N,B,-,N,NA,NA,NA,NA,NA,NA,NA,NA,NA,Y,4,0,1,2,A,-,04,21703,NA,N,C,C,A,A,H,-,C,A,0,NA,NA,NA,NA,Y,NA,A,01,0,0,1,0,0,0,0,0,0,-,-,NA,NA,LOS ANGELES,LOS ANGELES,-118.44026389,34.16854881
8008606,2016,2016-05-25,1942,2016-05-06,0920,41233,1063,5,5,7,1942,0,0,0,J,0,10EL1,WHITE OAK,MARGATE,0,S,N,B,-,N,NA,NA,NA,NA,NA,NA,NA,NA,NA,Y,4,0,1,2,A,-,08,22107,NA,N,D,C,A,A,H,-,A,A,0,NA,NA,NA,NA,Y,NA,A,01,0,0,1,0,0,0,0,0,0,-,-,NA,NA,LOS ANGELES,LOS ANGELES,-118.51854009,34.16860003
8008607,2016,2016-08-29,1942,2016-04-03,1125,39521,1846,7,5,7,1942,0,0,0,R,0,18A49,IMPERIAL HWY,CENTRAL,28,E,N,A,-,N,NA,NA,NA,NA,NA,NA,NA,NA,NA,N,3,0,1,2,A,-,11,21956,A,N,G,B,E,A,H,-,A,A,0,Y,NA,NA,NA,Y,NA,-,NA,0,1,0,0,1,0,0,0,0,-,-,NA,NA,LOS ANGELES,LOS ANGELES,-118.25413788,33.92947
8008614,2016,2016-05-25,1900,2016-05-08,1829,532436,2814,7,5,5,1915,0,0,0,NA,0,283T1,ROSECRANS AV,TAMARIND AV,23,W,N,A,-,N,NA,NA,NA,NA,NA,NA,NA,NA,NA,N,3,0,1,2,A,-,09,21804,A,N,D,G,A,A,H,-,A,D,0,NA,Y,NA,NA,Y,NA,L,04,0,1,0,0,0,0,1,0,0,-,-,NA,NA,LOS ANGELES,COMPTON,-118.22266551,33.90341622
8008623,2016,2016-05-25,1947,2016-04-26,2115,1407,NA,2,5,5,1947,0,0,0,NA,0,00E,N VAIL AV,W WHITTIER BL,70,S,N,A,-,N,NA,NA,NA,NA,NA,NA,NA,NA,NA,N,4,0,1,2,A,-,09,21804,A,N,D,G,A,A,H,-,C,D,0,NA,Y,NA,NA,Y,NA,L,04,0,0,1,0,0,0,1,0,0,-,-,34.01239,-118.11924,LOS ANGELES,MONTEBELLO,-118.11925,34.01245
8008639,2016,2016-05-25,1947,2016-04-08,2500,1405,NA,5,5,5,1947,0,0,0,NA,0,00D,S MONTEBELLO BL,W OLYMPIC BL,0,NA,Y,B,C,N,NA,NA,NA,NA,NA,NA,NA,NA,NA,N,4,0,1,2,A,-,12,21453,A,N,D,C,A,B,H,-,C,A,0,NA,NA,NA,NA,Y,NA,-,-,0,0,1,0,0,0,0,0,0,-,-,34.00643,-118.10918,LOS ANGELES,MONTEBELLO,-118.10921013,34.00641009
8008660,2016,2016-04-21,1925,2016-03-31,1729,20886,282,4,5,6,1925,0,0,0,NA,0,003,S GLENDALE AV,GLENDALE AV 1232,3,E,N,A,-,N,NA,NA,NA,NA,NA,NA,NA,NA,NA,N,4,0,1,2,A,-,10,21952,NA,N,G,B,-,A,-,-,A,D,0,Y,NA,NA,NA,Y,NA,A,01,0,0,1,0,1,0,0,0,0,-,-,NA,NA,LOS ANGELES,GLENDALE,NA,NA
8008665,2015,2016-04-20,1942,2015-09-08,0800,38437,1313,2,5,7,1942,0,0,0,M,0,NEWTO,21ST ST,CENTRAL AV,0,NA,Y,A,-,N,NA,NA,NA,NA,NA,NA,NA,NA,NA,N,4,0,1,2,D,-,00,NA,NA,F,H,G,A,A,H,-,B,A,0,NA,Y,NA,NA,Y,NA,-,-,0,0,1,0,0,0,1,0,0,-,-,NA,NA,LOS ANGELES,LOS ANGELES,-118.2524201,34.02244005
8008684,2017,2017-04-03,1942,2017-03-12,0415,40305,2038,7,5,7,1942,0,0,0,NA,0,20A45,VERMONT AV,WILSHIRE BL,220,N,N,A,-,N,NA,NA,NA,NA,NA,NA,NA,NA,NA,N,4,0,1,2,A,-,04,21703,NA,F,C,C,A,A,H,-,C,D,0,NA,NA,NA,NA,Y,NA,-,99,0,0,1,0,0,0,0,0,0,-,-,NA,NA,LOS ANGELES,LOS ANGELES,-118.29166806,34.06240325
8008686,2017,2018-03-15,1963,2017-12-14,0913,00282,1963,4,5,3,1963,0,0,0,NA,0,002,CALIFORNIA BL,SANTA ANITA AV,198,W,N,A,-,N,NA,NA,NA,NA,NA,NA,NA,NA,NA,N,4,0,1,2,A,-,03,22350,NA,N,C,C,A,A,H,-,A,A,0,NA,NA,NA,NA,Y,NA,A,01,0,0,1,0,0,0,0,0,0,-,-,NA,NA,LOS ANGELES,SAN MARINO,-118.09943282,34.13588438
8008700,2017,2017-04-03,1942,2017-03-11,1520,41021,1864,6,5,7,1942,0,0,0,R,0,NA,CENTRAL AV,119TH ST,50,N,N,A,-,N,NA,NA,NA,NA,NA,NA,NA,NA,NA,N,4,0,2,2,A,-,04,21703,NA,N,C,D,A,A,H,-,A,D,0,NA,NA,NA,NA,Y,NA,A,01,0,0,2,0,0,0,0,0,0,-,-,NA,NA,LOS ANGELES,LOS ANGELES,-118.25433,33.92507712
8008701,2017,2017-04-03,1947,2017-02-15,0840,1411,NA,3,5,5,1947,0,0,0,NA,0,00E,WASHINGTON BL,MAPLE AV,0,NA,Y,B,-,N,NA,NA,NA,NA,NA,NA,NA,NA,NA,Y,3,0,1,2,A,-,07,21658,A,N,D,C,A,A,H,-,A,A,0,NA,NA,NA,NA,Y,NA,A,01,0,1,0,0,0,0,0,0,0,-,-,NA,NA,LOS ANGELES,MONTEBELLO,-118.12372008,33.99693009
8008711,2017,2017-04-03,1942,2017-03-01,2105,41729,1806,3,5,7,1942,0,0,0,R,0,3T3,90TH ST,MCKINLEY AV,25,E,N,A,-,N,NA,NA,NA,NA,NA,NA,NA,NA,NA,N,3,0,1,2,A,-,03,22350,NA,N,E,I,A,A,H,-,C,A,0,NA,NA,NA,NA,Y,NA,A,01,0,1,0,0,0,0,0,0,0,-,-,NA,NA,LOS ANGELES,LOS ANGELES,-118.26073772,33.95471
8008716,2017,2017-04-03,1942,2017-03-04,1812,33523,1015,6,5,7,1942,0,0,0,J,0,19X74,RESEDA BL,SATICOY ST,0,NA,Y,A,-,N,NA,NA,NA,NA,NA,NA,NA,NA,NA,N,3,0,2,2,A,-,12,21453,A,N,B,C,A,A,H,-,C,A,0,NA,NA,NA,NA,Y,NA,-,-,0,1,1,0,0,0,0,0,0,-,-,NA,NA,LOS ANGELES,LOS ANGELES,-118.5360501,34.20841001
8008731,2015,2016-05-02,1924,2015-08-08,0924,88826,G26,6,5,5,1924,0,0,0,NA,0,8L6M,NORMANDIE AV,145TH ST,62,N,N,A,-,N,NA,NA,NA,NA,NA,NA,NA,NA,NA,Y,2,0,1,1,A,-,03,22350,NA,N,H,I,A,A,H,-,A,D,0,NA,NA,NA,NA,Y,NA,-,NA,1,0,0,0,0,0,0,0,0,-,-,NA,NA,LOS ANGELES,GARDENA,-118.30044,33.90055004
8008863,2017,2017-07-19,1942,2017-06-30,1330,41316,1557,5,5,7,1942,0,0,0,O,0,21TL62,CAHUENGA BL,BLIX ST,0,NA,Y,A,-,N,NA,NA,NA,NA,NA,NA,NA,NA,NA,N,4,0,1,2,A,-,05,21650,1,N,B,G,A,A,H,-,A,D,0,NA,Y,NA,NA,Y,NA,L,04,0,0,1,0,0,0,1,0,0,-,-,NA,NA,LOS ANGELES,LOS ANGELES,-118.36155002,34.15667007
8008871,2017,2017-07-25,1942,2017-06-30,0555,33504,1512,5,5,7,1942,0,0,0,O,0,19TL77,FULTON AV,SHERMAN WAY,0,NA,Y,A,-,N,NA,NA,NA,NA,NA,NA,NA,NA,NA,N,4,0,1,2,A,-,12,21453,A,N,D,C,A,A,H,-,A,A,0,NA,NA,NA,NA,Y,NA,-,-,0,0,1,0,0,0,0,0,0,-,-,NA,NA,LOS ANGELES,LOS ANGELES,-118.42254001,34.20120004
8008875,2017,2017-07-19,1942,2017-06-09,1445,37072,1049,5,5,7,1942,0,0,0,J,0,10X98,VICTORY,PETIT,0,NA,Y,A,-,N,NA,NA,NA,NA,NA,NA,NA,NA,NA,N,4,0,1,3,A,-,09,21801,NA,N,D,C,A,A,H,-,A,D,0,NA,NA,NA,NA,Y,NA,A,01,0,0,1,0,0,0,0,0,0,-,-,NA,NA,LOS ANGELES,LOS ANGELES,-118.49716013,34.18661006
8008897,2015,2016-05-31,1942,2015-12-18,1615,38996,0915,5,5,7,1942,0,0,0,I,0,16TL28,VAN NUYS BL,HARTLAND ST,37,N,N,A,-,N,NA,NA,NA,NA,NA,NA,NA,NA,NA,N,3,0,1,2,A,-,17,21663,NA,N,D,C,A,A,H,-,A,D,0,NA,Y,NA,NA,Y,NA,A,08,0,1,0,0,0,0,1,0,0,-,-,NA,NA,LOS ANGELES,LOS ANGELES,-118.44875,34.19524149
8008909,2016,2016-05-31,1942,2016-04-28,1050,42189,1496,4,5,7,1942,0,0,0,N,0,14A67,AIRPORT BL,68TH ST,0,NA,Y,A,-,N,NA,NA,NA,NA,NA,NA,NA,NA,NA,N,4,0,1,2,A,-,08,22107,NA,N,D,C,A,A,H,-,A,A,0,NA,NA,NA,NA,Y,NA,A,01,0,0,1,0,0,0,0,0,0,-,-,NA,NA,LOS ANGELES,LOS ANGELES,NA,NA
8008913,2016,2016-05-31,1942,2016-04-28,1830,40997,1488,4,5,7,1942,0,0,0,N,0,14A46,W MANCHESTER BL,BELLANCA AV,100,E,N,A,-,N,NA,NA,NA,NA,NA,NA,NA,NA,NA,N,4,0,1,2,D,-,00,NA,NA,N,H,G,A,A,H,-,A,D,0,NA,Y,NA,NA,Y,NA,-,-,0,0,1,0,0,0,1,0,0,-,-,NA,NA,LOS ANGELES,LOS ANGELES,-118.38022087,33.95995874
8008922,2016,2016-06-09,1910,2016-03-25,1303,03494,NA,5,5,4,1910,0,0,0,NA,0,006,SUNSET BL,BEDFORD DR,0,NA,Y,A,-,N,NA,NA,NA,NA,NA,NA,NA,NA,NA,Y,3,0,1,2,A,-,03,22350,NA,N,D,C,A,A,H,-,A,D,0,NA,NA,Y,NA,Y,NA,C,02,0,1,0,0,0,0,0,0,0,-,-,NA,NA,LOS ANGELES,BEVERLY HILLS,-118.41707004,34.07851004
8008926,2016,2016-06-09,1910,2016-03-01,1941,04170,NA,2,5,4,1910,0,0,0,NA,0,004,N CANON DR,ELEVADO AV,0,NA,Y,A,-,N,NA,NA,NA,NA,NA,NA,NA,NA,NA,Y,3,0,1,2,A,-,09,21800,A,N,D,C,A,A,H,-,C,D,0,NA,NA,NA,NA,Y,NA,A,01,0,1,0,0,0,0,0,0,0,-,-,34.07814,-118.40811,LOS ANGELES,BEVERLY HILLS,-118.40811008,34.0781801
8008928,2016,2016-05-31,1976,2016-04-20,1419,337,1964,3,5,3,1964,0,0,0,NA,0,001,BLOOMFIELD AV,TELEGRAPH RD,0,NA,Y,A,-,N,NA,NA,NA,NA,NA,NA,NA,NA,NA,Y,3,0,2,2,A,-,09,21801,A,N,D,C,A,A,H,-,A,A,0,NA,NA,NA,NA,Y,NA,A,01,0,1,1,0,0,0,0,0,0,-,-,NA,NA,LOS ANGELES,SANTA FE SPRINGS,-118.06407009,33.94180009
8008930,2016,2016-06-09,1910,2016-03-23,1316,02230,NA,3,5,4,1910,0,0,0,NA,0,007,BURTON WY,N PALM DR,0,NA,Y,A,-,N,NA,NA,NA,NA,NA,NA,NA,NA,NA,Y,4,0,2,2,A,-,08,22100,B,N,B,C,A,A,H,-,A,A,0,NA,NA,NA,NA,Y,NA,A,01,0,0,2,0,0,0,0,0,0,-,-,NA,NA,LOS ANGELES,BEVERLY HILLS,-118.39226012,34.07236005
8008935,2016,2016-06-08,1910,2016-01-12,2048,04555,NA,2,5,4,1910,0,0,0,NA,0,005,OLYMPIC BL,EL CAMINO DR,0,NA,Y,A,-,N,NA,NA,NA,NA,NA,NA,NA,NA,NA,NA,4,0,1,2,A,-,07,21658,A,N,C,C,A,A,H,-,C,D,0,NA,NA,NA,NA,Y,NA,A,01,0,0,1,0,0,0,0,0,0,-,-,38.61,-121.42387,LOS ANGELES,BEVERLY HILLS,-118.40021001,34.0596801
8008945,2016,2016-06-09,1972,2016-04-06,1322,18874,NA,3,5,6,1972,0,0,0,NA,0,NA,CRENSHAW BL,PACIFIC COAST HWY,110,S,N,B,-,N,NA,NA,NA,NA,NA,NA,NA,NA,NA,N,4,0,1,2,A,-,07,21658,A,N,B,C,A,A,H,-,A,A,0,NA,NA,NA,NA,Y,NA,-,NA,0,0,1,0,0,0,0,0,0,-,-,NA,NA,LOS ANGELES,TORRANCE,-118.33348061,33.79192069
8008955,2016,2016-06-08,1910,2016-01-17,0024,04145,NA,7,5,4,1910,0,0,0,NA,0,007,BEVERLY BL,N OAKHURST DR,0,NA,Y,A,-,N,NA,NA,NA,NA,NA,NA,NA,NA,NA,Y,4,0,2,2,A,-,12,22450,A,F,D,C,A,A,H,-,C,A,0,NA,NA,NA,NA,Y,NA,A,01,0,0,2,0,0,0,0,0,0,-,-,34.07715,-118.39096,LOS ANGELES,BEVERLY HILLS,-118.39098,34.07716008
8008963,2015,2016-04-06,1926,2015-03-25,0817,8104,NA,3,5,5,1926,0,0,0,NA,0,002,GLENDORA AV,MAUNA LOA,0,NA,Y,A,-,N,NA,NA,NA,NA,NA,NA,NA,NA,NA,Y,4,0,1,2,A,-,12,21453,A,N,D,C,A,A,H,-,A,-,0,NA,NA,NA,NA,Y,NA,D,22,0,0,1,0,0,0,0,0,0,-,-,NA,NA,LOS ANGELES,GLENDORA,-117.86387,34.12509011
8008964,2015,2016-04-06,1926,2015-02-11,0810,7570,NA,3,5,5,1926,0,0,0,NA,0,002,BARRANCA,ARMSTEAD,44,S,N,A,-,N,NA,NA,NA,NA,NA,NA,NA,NA,NA,Y,4,0,2,2,A,-,01,23152,E,N,C,C,A,A,H,-,A,A,0,NA,NA,NA,NA,Y,NA,D,22,0,0,2,0,0,0,0,0,0,-,-,NA,NA,LOS ANGELES,GLENDORA,-117.88140236,34.1179894
8008968,2015,2016-04-06,1926,2015-02-26,1120,0800,NA,4,5,5,1926,0,0,0,NA,0,001,GRAND,LEESIDE,0,NA,Y,A,-,N,NA,NA,NA,NA,NA,NA,NA,NA,NA,Y,4,0,1,2,A,-,09,21802,A,N,D,C,A,A,H,-,A,D,0,NA,NA,NA,NA,Y,NA,D,22,0,0,1,0,0,0,0,0,0,-,-,NA,NA,LOS ANGELES,GLENDORA,-117.8727201,34.1309201
8008974,2015,2016-06-03,1926,2015-04-12,0940,5541,NA,7,5,5,1926,0,0,0,NA,0,003,RT 66,LORAINE,25,E,N,A,-,N,NA,NA,NA,NA,NA,NA,NA,NA,NA,N,4,0,1,2,A,-,03,22350,NA,N,C,C,A,A,H,-,A,A,0,NA,NA,NA,NA,Y,NA,A,01,0,0,1,0,0,0,0,0,0,-,-,NA,NA,LOS ANGELES,GLENDORA,-117.84630759,34.12886
8008981,2015,2016-04-06,1926,2015-05-01,1618,8104,NA,5,5,5,1926,0,0,0,NA,0,001,FOOTHILL BL,GRAND AV,195,E,N,A,-,N,NA,NA,NA,NA,NA,NA,NA,NA,NA,Y,4,0,1,2,A,-,03,22350,NA,N,D,C,A,A,H,-,A,A,0,NA,NA,NA,NA,Y,NA,A,08,0,0,1,0,0,0,0,0,0,-,-,NA,NA,LOS ANGELES,GLENDORA,-117.87204718,34.13603432
8008983,2015,2016-04-13,1926,2015-03-27,2212,2742,NA,5,5,5,1926,0,0,0,NA,0,002,RT 66,GRAND,91,W,N,A,-,N,NA,NA,NA,NA,NA,NA,NA,NA,NA,N,4,0,1,2,A,-,03,22350,NA,N,C,C,A,A,H,-,C,A,0,NA,NA,NA,NA,Y,NA,A,01,0,0,1,0,0,0,0,0,0,-,-,NA,NA,LOS ANGELES,GLENDORA,-117.87301998,34.12882
8008987,2015,2016-06-03,1926,2015-05-27,0946,8104,NA,3,5,5,1926,0,0,0,NA,0,003,RT 66,COMPROMISE LINE,792,W,N,B,-,N,NA,NA,NA,NA,NA,NA,NA,NA,NA,Y,3,0,6,3,A,-,08,22107,NA,N,F,C,A,A,H,-,A,D,0,NA,NA,NA,NA,Y,NA,D,22,0,1,5,0,0,0,0,0,0,-,-,NA,NA,LOS ANGELES,GLENDORA,-117.83573792,34.12911092
8008988,2015,2016-04-06,1926,2015-04-16,1947,7570,NA,4,5,5,1926,0,0,0,NA,0,002,BARRANCA,GLADSTONE,0,NA,Y,A,-,N,NA,NA,NA,NA,NA,NA,NA,NA,NA,N,3,0,1,2,A,-,11,21950,B,N,G,B,B,A,H,-,C,A,0,Y,NA,NA,NA,Y,NA,N,60,0,1,0,0,1,0,0,0,0,-,-,NA,NA,LOS ANGELES,GLENDORA,-117.88146003,34.11407005
8008995,2015,2016-06-03,1926,2015-06-22,1144,3114,NA,1,5,5,1926,0,0,0,NA,0,002,WEST ARROW HWY,GLENDORA,258,W,N,A,-,N,NA,NA,NA,NA,NA,NA,NA,NA,NA,N,3,0,1,2,B,-,22,NA,NA,N,G,B,F,A,H,-,A,A,0,Y,NA,NA,NA,Y,NA,D,22,0,1,0,0,1,0,0,0,0,-,-,NA,NA,LOS ANGELES,GLENDORA,-117.86465026,34.10668
8008996,2015,2016-04-06,1926,2015-05-11,1451,7897,NA,1,5,5,1926,0,0,0,NA,0,004,SUNFLOWER AV,GLADSTONE ST,0,NA,Y,A,-,N,NA,NA,NA,NA,NA,NA,NA,NA,NA,Y,3,0,2,2,D,-,00,NA,NA,N,D,C,A,A,H,-,A,A,0,NA,NA,NA,NA,Y,NA,-,-,0,1,1,0,0,0,0,0,0,-,-,NA,NA,LOS ANGELES,GLENDORA,-117.84637003,34.11393011
8009005,2015,2016-06-03,1926,2015-05-20,0553,7897,NA,3,5,5,1926,0,0,0,NA,0,002,GRAND AV,RT 66,28,S,N,A,-,N,NA,NA,NA,NA,NA,NA,NA,NA,NA,N,4,0,2,2,A,-,03,22350,NA,N,C,C,A,A,H,-,B,A,0,NA,NA,NA,NA,Y,NA,A,08,0,0,2,0,0,0,0,0,0,-,-,NA,NA,LOS ANGELES,GLENDORA,-117.87272,34.12874324