CASE_ID,ACCIDENT_YEAR,PROC_DATE,JURIS,COLLISION_DATE,COLLISION_TIME,OFFICER_ID,REPORTING_DISTRICT,DAY_OF_WEEK,CHP_SHIFT,POPULATION,CNTY_CITY_LOC,SPECIAL_COND,BEAT_TYPE,CHP_BEAT_TYPE,CITY_DIVISION_LAPD,CHP_BEAT_CLASS,BEAT_NUMBER,PRIMARY_RD,SECONDARY_RD,DISTANCE,DIRECTION,INTERSECTION,WEATHER_1,WEATHER_2,STATE_HWY_IND,CALTRANS_COUNTY,CALTRANS_DISTRICT,STATE_ROUTE,ROUTE_SUFFIX,POSTMILE_PREFIX,POSTMILE,LOCATION_TYPE,RAMP_INTERSECTION,SIDE_OF_HWY,TOW_AWAY,COLLISION_SEVERITY,NUMBER_KILLED,NUMBER_INJURED,PARTY_COUNT,PRIMARY_COLL_FACTOR,PCF_CODE_OF_VIOL,PCF_VIOL_CATEGORY,PCF_VIOLATION,PCF_VIOL_SUBSECTION,HIT_AND_RUN,TYPE_OF_COLLISION,MVIW,PED_ACTION,ROAD_SURFACE,ROAD_COND_1,ROAD_COND_2,LIGHTING,CONTROL_DEVICE,CHP_ROAD_TYPE,PEDESTRIAN_ACCIDENT,BICYCLE_ACCIDENT,MOTORCYCLE_ACCIDENT,TRUCK_ACCIDENT,NOT_PRIVATE_PROPERTY,ALCOHOL_INVOLVED,STWD_VEHTYPE_AT_FAULT,CHP_VEHTYPE_AT_FAULT,COUNT_SEVERE_INJ,COUNT_VISIBLE_INJ,COUNT_COMPLAINT_PAIN,COUNT_PED_KILLED,COUNT_PED_INJURED,COUNT_BICYCLIST_KILLED,COUNT_BICYCLIST_INJURED,COUNT_MC_KILLED,COUNT_MC_INJURED,PRIMARY_RAMP,SECONDARY_RAMP,LATITUDE,LONGITUDE,COUNTY,CITY,POINT_X,POINT_Y
8011900,2016,2016-04-14,1920,2016-03-01,1601,12323,NA,2,5,6,1920,0,0,0,NA,0,003,TELEGRAPH RD,LOWMAN AV,3,E,N,A,-,N,NA,NA,NA,NA,NA,NA,NA,NA,NA,Y,4,0,2,2,A,-,09,21801,A,N,D,C,A,A,H,-,A,D,0,NA,NA,NA,NA,Y,NA,D,22,0,0,2,0,0,0,0,0,0,-,-,NA,NA,LOS ANGELES,DOWNEY,-118.11705412,33.96848339
8011901,2016,2016-04-12,1900,2016-03-29,1230,510509,1121,2,5,6,1992,0,0,0,NA,0,111T1,18TH ST WEST,AVENUE H,39,S,N,G,-,N,NA,NA,NA,NA,NA,NA,NA,NA,NA,Y,4,0,1,1,A,-,03,22350,A,N,E,I,A,A,H,-,A,D,0,NA,NA,NA,NA,Y,NA,A,01,0,0,1,0,0,0,0,0,0,-,-,NA,NA,LOS ANGELES,LANCASTER,-118.16255,34.71857306
8011904,2016,2016-04-14,1920,2016-02-29,1642,12323,NA,1,5,6,1920,0,0,0,NA,0,006,LAKEWOOD BL,STEWART AND GRAY RD,20,S,N,A,-,N,NA,NA,NA,NA,NA,NA,NA,NA,NA,Y,4,0,3,2,A,-,09,21801,A,N,D,C,A,A,H,-,A,A,0,NA,NA,NA,NA,Y,NA,A,01,0,0,3,0,0,0,0,0,0,-,-,NA,NA,LOS ANGELES,DOWNEY,-118.12952457,33.92809334
8011923,2016,2016-04-12,1920,2016-03-03,1502,10705,NA,4,5,6,1920,0,0,0,NA,0,002,OLD RIVER SCHOOL RD,ARNETT ST,0,NA,Y,A,-,N,NA,NA,NA,NA,NA,NA,NA,NA,NA,N,3,0,1,2,A,-,05,21650,NA,N,D,G,A,A,H,-,A,A,0,NA,Y,NA,NA,Y,NA,L,04,0,1,0,0,0,0,1,0,0,-,-,NA,NA,LOS ANGELES,DOWNEY,-118.15013006,33.94568006
8011927,2016,2016-08-15,1920,2016-03-04,1859,11992,NA,5,5,6,1920,0,0,0,NA,0,006,IMPERIAL HWY,DOWNEY AV,0,NA,Y,A,-,N,NA,NA,NA,NA,NA,NA,NA,NA,NA,N,4,0,1,2,A,-,05,21650,NA,N,D,G,A,A,H,-,C,A,0,NA,Y,NA,NA,Y,NA,L,04,0,0,1,0,0,0,1,0,0,-,-,NA,NA,LOS ANGELES,DOWNEY,-118.14688009,33.92131006
8011943,2016,2016-04-12,1920,2016-03-01,1013,19354,NA,2,5,6,1920,0,0,0,NA,0,005,FIRESTONE BL,MYRTLE AV,0,NA,Y,A,-,N,NA,NA,NA,NA,NA,NA,NA,NA,NA,N,4,0,1,3,A,-,03,22350,NA,N,C,C,A,A,D,-,A,A,0,NA,NA,NA,NA,Y,NA,A,01,0,0,1,0,0,0,0,0,0,-,-,NA,NA,LOS ANGELES,DOWNEY,-118.13662002,33.94201011
8011946,2016,2016-04-12,1920,2016-02-26,2228,11859,1920,5,5,6,1920,0,0,0,NA,0,003,FIRESTONE BL,RIVES AV,418,W,N,A,-,N,NA,NA,NA,NA,NA,NA,NA,NA,NA,Y,3,0,1,2,A,-,01,23152,A,N,C,C,A,A,H,-,C,D,0,NA,NA,Y,NA,Y,Y,C,02,0,1,0,0,0,0,0,0,1,-,-,NA,NA,LOS ANGELES,DOWNEY,-118.14326633,33.94550018
8011947,2016,2016-08-15,1920,2016-03-05,0644,10216,NA,6,5,6,1920,0,0,0,NA,0,006,DOWNEY AV,IMPERIAL HWY,45,N,N,B,-,N,NA,NA,NA,NA,NA,NA,NA,NA,NA,Y,4,0,1,2,A,-,03,22350,NA,N,C,C,A,A,H,-,A,A,0,NA,NA,NA,NA,Y,NA,-,NA,0,0,1,0,0,0,0,0,0,-,-,NA,NA,LOS ANGELES,DOWNEY,-118.14681008,33.92141876
8011950,2016,2016-04-12,1920,2016-02-27,1606,11992,NA,6,5,6,1920,0,0,0,NA,0,006,BROOKSHIRE AV,IMPERIAL HWY,100,N,N,A,-,N,NA,NA,NA,NA,NA,NA,NA,NA,NA,N,3,0,1,1,A,-,08,22107,NA,N,F,A,A,A,H,-,A,D,0,NA,Y,NA,NA,Y,NA,L,04,0,1,0,0,0,0,1,0,0,-,-,NA,NA,LOS ANGELES,DOWNEY,-118.14367808,33.92007846
8011951,2016,2016-04-12,1920,2016-03-11,1604,12609,NA,5,5,6,1920,0,0,0,NA,0,004,FLORENCE AV,WOODRUFF AV,0,NA,Y,A,-,N,NA,NA,NA,NA,NA,NA,NA,NA,NA,Y,4,0,3,3,A,-,09,21801,A,N,D,C,A,A,H,-,A,A,0,NA,NA,NA,NA,Y,NA,A,01,0,0,3,0,0,0,0,0,0,-,-,NA,NA,LOS ANGELES,DOWNEY,-118.11037013,33.94404008
8011954,2016,2016-04-12,1920,2016-02-26,1749,11859,1920,5,5,6,1920,0,0,0,NA,0,005,FLORENCE AV,BROOKSHIRE AV,0,NA,Y,A,-,N,NA,NA,NA,NA,NA,NA,NA,NA,NA,Y,3,0,4,2,A,-,12,21453,A,N,A,C,A,A,H,-,C,A,0,NA,NA,NA,NA,Y,NA,A,01,0,3,1,0,0,0,0,0,0,-,-,NA,NA,LOS ANGELES,DOWNEY,-118.12184,33.94984007
8011955,2016,2016-04-12,1920,2016-03-05,0839,12609,NA,6,5,6,1920,0,0,0,NA,0,001,FIRESTONE BL,WOODRUFF AV,580,E,N,A,-,N,NA,NA,NA,NA,NA,NA,NA,NA,NA,N,4,0,1,2,A,-,03,22350,NA,N,B,C,A,A,H,-,A,A,0,NA,NA,NA,NA,Y,NA,A,01,0,0,1,0,0,0,0,0,0,-,-,NA,NA,LOS ANGELES,DOWNEY,-118.11622017,33.93163126
8011958,2016,2016-04-12,1920,2016-02-29,0715,10216,NA,1,5,6,1920,0,0,0,NA,0,004,TELEGRAPH RD,TRUE AV,0,NA,Y,B,-,N,NA,NA,NA,NA,NA,NA,NA,NA,NA,Y,3,0,2,2,A,-,09,21801,A,N,D,C,A,A,H,-,A,A,0,NA,NA,NA,NA,Y,NA,A,01,0,2,0,0,0,0,0,0,0,-,-,NA,NA,LOS ANGELES,DOWNEY,-118.09683012,33.95155006
8011959,2016,2016-04-15,1920,2016-03-07,0944,12609,NA,1,5,6,1920,0,0,0,NA,0,NA,FIRESTONE BL,LA REINA AV,0,NA,Y,A,-,N,NA,NA,NA,NA,NA,NA,NA,NA,NA,N,3,0,1,2,A,-,12,21453,A,N,D,D,A,B,H,-,A,A,0,NA,NA,NA,NA,Y,NA,-,-,0,1,0,0,0,0,0,0,0,-,-,NA,NA,LOS ANGELES,DOWNEY,-118.13490006,33.94107003
8011962,2016,2016-04-12,1920,2016-02-29,1535,10216,NA,1,5,6,1920,0,0,0,NA,0,003,GAINFORD ST,TECUM RD,65,W,N,A,-,N,NA,NA,NA,NA,NA,NA,NA,NA,NA,Y,4,0,1,2,A,-,03,22350,NA,N,D,E,A,A,H,-,A,D,0,NA,NA,NA,NA,Y,NA,-,NA,0,0,1,0,0,0,0,0,0,-,-,NA,NA,LOS ANGELES,DOWNEY,-118.13877466,33.96124996
8011963,2016,2016-04-12,1920,2016-03-13,0819,12476,NA,7,5,6,1920,0,0,0,NA,0,005,FLORENCE AV,BROOKSHIRE AV,0,NA,Y,A,-,N,NA,NA,NA,NA,NA,NA,NA,NA,NA,Y,3,0,2,2,A,-,09,21801,A,N,D,C,A,A,H,-,A,A,0,NA,NA,NA,NA,Y,NA,A,01,0,1,1,0,0,0,0,0,0,-,-,NA,NA,LOS ANGELES,DOWNEY,-118.12184,33.94984007
8011966,2016,2016-04-12,1920,2016-02-25,1851,11859,1920,4,5,6,1920,0,0,0,NA,0,003,OLD RIVER SCHOOL RD,IRWINGROVE DR,0,NA,Y,A,-,N,NA,NA,NA,NA,NA,NA,NA,NA,NA,Y,4,0,2,2,A,-,09,21801,A,N,D,C,A,A,H,-,C,D,0,NA,NA,NA,NA,Y,NA,A,01,0,0,2,0,0,0,0,0,0,-,-,NA,NA,LOS ANGELES,DOWNEY,-118.14160009,33.95736005
8011967,2016,2016-04-12,1920,2016-03-14,1300,19354,NA,1,5,6,1920,0,0,0,NA,0,004,TELEGRAPH RD,TRUE AV,500,E,N,A,-,N,NA,NA,NA,NA,NA,NA,NA,NA,NA,N,4,0,1,2,A,-,03,22350,NA,N,C,C,A,A,H,-,A,D,0,NA,NA,NA,NA,Y,NA,A,01,0,0,1,0,0,0,0,0,0,-,-,NA,NA,LOS ANGELES,DOWNEY,-118.09683,33.95155
8011970,2016,2016-04-12,1920,2016-02-24,1001,12476,NA,3,5,6,1920,0,0,0,NA,0,005,LAKEWOOD BL,CHEROKEE DR,350,N,N,A,-,N,NA,NA,NA,NA,NA,NA,NA,NA,NA,Y,3,0,3,3,A,-,03,22350,NA,N,C,C,A,A,H,-,A,D,0,NA,NA,NA,NA,Y,NA,A,07,0,1,2,0,0,0,0,0,0,-,-,NA,NA,LOS ANGELES,DOWNEY,-118.11907152,33.94407673
8011971,2016,2016-04-18,1920,2016-03-08,1006,12476,NA,2,5,6,1920,0,0,0,NA,0,006,IOWA ST,DOLAN AV,0,NA,Y,A,-,N,NA,NA,NA,NA,NA,NA,NA,NA,NA,N,4,0,1,2,A,-,11,21954,A,N,G,B,B,A,H,-,A,A,0,Y,NA,NA,NA,Y,NA,N,60,0,0,1,0,1,0,0,0,0,-,-,NA,NA,LOS ANGELES,DOWNEY,-118.13307001,33.93696003
8011972,2016,2016-04-12,1920,2016-03-01,0752,10705,NA,2,5,6,1920,0,0,0,NA,0,005,BROOKSHIRE AV,3RD ST,0,NA,Y,B,-,N,NA,NA,NA,NA,NA,NA,NA,NA,NA,N,3,0,1,2,A,-,11,21453,D,N,G,B,B,A,H,-,A,A,0,Y,NA,NA,NA,Y,NA,N,60,0,1,0,0,1,0,0,0,0,-,-,NA,NA,LOS ANGELES,DOWNEY,-118.12833013,33.93990012
8011974,2016,2016-04-12,1920,2016-02-29,0252,12699,NA,1,5,6,1920,0,0,0,NA,0,005,LA REINA AV,7TH ST,200,N,N,A,-,N,NA,NA,NA,NA,NA,NA,NA,NA,NA,Y,4,0,1,2,A,-,08,22107,NA,N,A,E,A,A,H,-,C,D,0,NA,NA,NA,NA,Y,NA,A,01,0,0,1,0,0,0,0,0,0,-,-,NA,NA,LOS ANGELES,DOWNEY,-118.13018863,33.9472937
8011975,2016,2016-04-12,1920,2016-03-10,1430,19354,NA,4,5,6,1920,0,0,0,NA,0,003,FLORENCE AV,POMERING RD,0,NA,Y,A,-,N,NA,NA,NA,NA,NA,NA,NA,NA,NA,Y,4,0,1,2,A,-,09,21801,A,N,D,C,A,A,H,-,A,A,0,NA,NA,NA,NA,Y,NA,A,01,0,0,1,0,0,0,0,0,0,-,-,NA,NA,LOS ANGELES,DOWNEY,-118.13873004,33.95793008
8011978,2016,2016-04-12,1920,2016-02-26,1340,11992,NA,5,5,6,1920,0,0,0,NA,0,001,WOODRUFF AV,EVEREST ST,15,N,N,A,-,N,NA,NA,NA,NA,NA,NA,NA,NA,NA,Y,4,0,2,2,D,-,00,NA,NA,N,B,C,A,A,H,-,A,A,0,NA,NA,NA,NA,Y,NA,-,-,0,0,2,0,0,0,0,0,0,-,-,NA,NA,LOS ANGELES,DOWNEY,-118.1167,33.91954113
8011979,2016,2016-04-12,1920,2016-03-12,0658,10216,NA,6,5,6,1920,0,0,0,NA,0,003,FLORENCE AV,TECUM RD,150,W,N,A,-,N,NA,NA,NA,NA,NA,NA,NA,NA,NA,N,4,0,4,2,A,-,09,21801,A,N,D,C,A,A,H,-,A,D,0,NA,NA,NA,NA,Y,NA,-,NA,0,0,4,0,0,0,0,0,0,-,-,NA,NA,LOS ANGELES,DOWNEY,-118.14093555,33.95904843
8011980,2016,2016-04-12,1920,2016-03-07,0957,19354,NA,1,5,6,1920,0,0,0,NA,0,003,FLORENCE AV,PARAMOUNT BL,230,W,N,A,-,N,NA,NA,NA,NA,NA,NA,NA,NA,NA,Y,4,0,1,2,A,-,09,21801,A,N,D,C,A,A,H,-,A,D,0,NA,NA,NA,NA,Y,NA,A,01,0,0,1,0,0,0,0,0,0,-,-,NA,NA,LOS ANGELES,DOWNEY,-118.1306956,33.95387878
8011982,2016,2016-04-12,1920,2016-02-23,0821,12476,NA,2,5,6,1920,0,0,0,NA,0,006,GLYNN AV,DONOVAN ST,140,N,N,A,-,N,NA,NA,NA,NA,NA,NA,NA,NA,NA,N,4,0,1,2,A,-,08,22107,NA,N,B,E,A,A,H,-,A,D,0,NA,NA,NA,NA,Y,NA,A,01,0,0,1,0,0,0,0,0,0,-,-,NA,NA,LOS ANGELES,DOWNEY,-118.14268141,33.92506317
8011983,2016,2016-04-12,1920,2016-03-12,1252,12609,NA,6,5,6,1920,0,0,0,NA,0,003,FIRESTONE BL,FIRESTONE PL,0,NA,Y,A,-,N,NA,NA,NA,NA,NA,NA,NA,NA,NA,Y,4,0,1,2,A,-,09,21801,A,N,D,C,A,A,H,-,A,A,0,NA,NA,NA,NA,Y,NA,A,01,0,0,1,0,0,0,0,0,0,-,-,NA,NA,LOS ANGELES,DOWNEY,-118.14688004,33.94727002
8011986,2016,2016-04-12,1920,2016-02-26,0950,12609,NA,5,5,6,1920,0,0,0,NA,0,005,LA REINA AV,2ND ST,0,NA,Y,A,-,N,NA,NA,NA,NA,NA,NA,NA,NA,NA,Y,4,0,1,2,A,-,09,21802,A,N,D,C,A,A,H,-,A,A,0,NA,NA,NA,NA,Y,NA,A,01,0,0,1,0,0,0,0,0,0,-,-,NA,NA,LOS ANGELES,DOWNEY,-118.13422004,33.94193002
8011988,2016,2016-04-12,1920,2016-03-01,1934,12323,NA,2,5,6,1920,0,0,0,NA,0,004,FLORENCE AV,WOODRUFF AV,20,E,N,A,-,N,NA,NA,NA,NA,NA,NA,NA,NA,NA,Y,4,0,2,3,A,-,03,22350,NA,F,C,C,A,A,H,-,C,A,0,NA,NA,NA,NA,Y,NA,A,01,0,0,2,0,0,0,0,0,0,-,-,NA,NA,LOS ANGELES,DOWNEY,-118.11031417,33.94401097
8011990,2016,2016-04-12,1920,2016-02-26,1535,12609,NA,5,5,6,1920,0,0,0,NA,0,001,FIRESTONE BL,ARNETT ST,0,NA,Y,A,-,N,NA,NA,NA,NA,NA,NA,NA,NA,NA,N,3,0,2,2,A,-,03,22350,NA,N,C,C,A,A,H,-,A,A,0,NA,NA,NA,NA,Y,NA,A,01,0,1,1,0,0,0,0,0,0,-,-,NA,NA,LOS ANGELES,DOWNEY,-118.15177006,33.94719004
8011992,2016,2016-04-12,1920,2016-03-02,1414,12476,NA,3,5,6,1920,0,0,0,NA,0,001,STEWART AND GRAY RD,WOODRUFF AV,80,E,N,A,-,N,NA,NA,NA,NA,NA,NA,NA,NA,NA,Y,4,0,2,2,A,-,08,22107,NA,N,B,C,A,A,H,-,A,D,0,NA,NA,NA,NA,Y,NA,A,07,0,0,2,0,0,0,0,0,0,-,-,NA,NA,LOS ANGELES,DOWNEY,-118.11647291,33.92795547
8011996,2016,2016-04-12,1920,2016-03-02,2047,12323,NA,3,5,6,1920,0,0,0,NA,0,001,STEWART AND GRAY RD,REGENTVIEW AV,10,S,N,A,-,N,NA,NA,NA,NA,NA,NA,NA,NA,NA,Y,4,0,2,2,A,-,04,21703,NA,N,C,C,A,A,H,-,C,D,0,NA,NA,NA,NA,Y,NA,A,08,0,0,2,0,0,0,0,0,0,-,-,NA,NA,LOS ANGELES,DOWNEY,-118.11315054,33.92901982
8012000,2016,2016-04-12,1920,2016-03-03,2122,11348,NA,4,5,6,1920,0,0,0,NA,0,002,STEWART AND GRAY RD,PARAMOUNT BL,68,W,N,A,-,N,NA,NA,NA,NA,NA,NA,NA,NA,NA,N,4,0,1,2,A,-,09,21801,A,N,D,C,A,A,H,-,C,D,0,NA,NA,NA,NA,Y,NA,A,01,0,0,1,0,0,0,0,0,0,-,-,NA,NA,LOS ANGELES,DOWNEY,-118.14396972,33.93489881
8012010,2016,2016-04-06,1956,2016-03-25,0824,1192,66,5,5,5,1956,0,0,0,NA,0,004,MANHATTAN BEACH BL,DOW AV,150,W,N,A,-,N,NA,NA,NA,NA,NA,NA,NA,NA,NA,Y,4,0,1,2,A,-,08,22107,NA,N,B,C,A,A,H,-,A,D,0,NA,NA,NA,NA,Y,NA,D,22,0,0,1,0,0,0,0,0,0,-,-,NA,NA,LOS ANGELES,REDONDO BEACH,-118.36699326,33.88743406
8012014,2016,2016-04-06,1902,2016-03-21,1525,699,5,1,5,5,1902,0,0,0,NA,0,001,ORANGE GROVE AV,RODEO RD,0,NA,Y,A,-,N,NA,NA,NA,NA,NA,NA,NA,NA,NA,Y,4,0,2,2,A,-,09,21802,A,N,D,C,A,A,H,-,A,A,0,NA,NA,NA,NA,Y,NA,A,01,0,0,2,0,0,0,0,0,0,-,-,NA,NA,LOS ANGELES,ARCADIA,-118.03733007,34.15729004
8012018,2016,2016-04-06,1902,2016-03-22,0958,699,26,2,5,5,1902,0,0,0,NA,0,004,DUARTE RD,BALDWIN AV,448,W,N,A,-,N,NA,NA,NA,NA,NA,NA,NA,NA,NA,Y,4,0,3,3,A,-,03,22350,NA,N,C,C,A,A,H,-,A,D,0,NA,NA,NA,NA,Y,NA,A,01,0,0,3,0,0,0,0,0,0,-,-,NA,NA,LOS ANGELES,ARCADIA,-118.05638202,34.12584563
8012047,2016,2016-04-06,1955,2016-03-26,0210,41883,0028,6,5,6,1955,0,0,0,NA,0,002,GAREY AV,BONITA AV,0,NA,Y,A,-,N,NA,NA,NA,NA,NA,NA,NA,NA,NA,Y,4,0,1,2,A,-,01,23153,A,N,D,C,A,A,H,-,C,A,0,NA,NA,NA,NA,Y,Y,D,22,0,0,1,0,0,0,0,0,0,-,-,NA,NA,LOS ANGELES,POMONA,-117.74857013,34.09625001
8012078,2016,2016-04-11,1900,2016-01-25,1145,528504,0333,1,5,4,1939,0,0,0,NA,0,35T1,REDONDO BEACH BL,GREVILLEA AV,140,E,N,A,-,N,NA,NA,NA,NA,NA,NA,NA,NA,NA,N,4,0,2,2,A,-,03,22350,NA,N,C,C,A,A,H,-,A,A,0,NA,NA,NA,NA,Y,NA,A,01,0,0,2,0,0,0,0,0,0,-,-,NA,NA,LOS ANGELES,LAWNDALE,-118.35448532,33.87301886
8012084,2016,2016-04-05,1942,2016-03-22,1000,33599,1257,2,5,7,1942,0,0,0,L,0,18TL23,76TH ST,HOOVER ST,150,E,N,A,-,N,NA,NA,NA,NA,NA,NA,NA,NA,NA,N,4,0,1,4,A,-,03,22350,NA,F,B,C,A,A,H,-,A,D,0,NA,NA,NA,NA,Y,NA,A,01,0,0,1,0,0,0,0,0,0,-,-,NA,NA,LOS ANGELES,LOS ANGELES,-118.28662624,33.9707513
8012124,2016,2016-04-05,1902,2016-03-23,2113,732,34,3,5,5,1902,0,0,0,NA,0,005,HOLLY AV,LONGDEN AV,0,NA,Y,A,-,N,NA,NA,NA,NA,NA,NA,NA,NA,NA,Y,4,0,1,2,A,-,01,23152,E,N,D,C,A,A,H,-,C,D,0,NA,NA,NA,NA,Y,NA,A,01,0,0,1,0,0,0,0,0,0,-,-,NA,NA,LOS ANGELES,ARCADIA,-118.04562,34.11513008
8012132,2016,2016-04-14,1956,2016-03-24,0814,1236,22,4,5,5,1956,0,0,0,NA,0,002,N PROSPECT AV,EMERALD ST,0,NA,Y,A,-,N,NA,NA,NA,NA,NA,NA,NA,NA,NA,N,4,0,1,2,A,-,09,21801,A,F,D,G,A,A,H,-,A,A,0,NA,Y,NA,NA,Y,NA,A,01,0,0,1,0,0,0,1,0,0,-,-,NA,NA,LOS ANGELES,REDONDO BEACH,-118.37658008,33.84261001
8012136,2016,2016-04-05,1956,2016-03-24,1958,1234,65,4,5,5,1956,0,0,0,NA,0,005,INGLEWOOD AV,MANHATTAN BEACH BL,0,NA,Y,A,-,N,NA,NA,NA,NA,NA,NA,NA,NA,NA,Y,3,0,1,1,A,-,01,23152,A,N,E,I,A,A,H,-,C,A,0,NA,NA,NA,NA,Y,Y,A,01,0,1,0,0,0,0,0,0,0,-,-,NA,NA,LOS ANGELES,REDONDO BEACH,-118.36134013,33.88743002
8012144,2016,2016-04-05,1926,2016-03-16,1533,8104,NA,3,5,5,1926,0,0,0,NA,0,001,ROUTE 66,GLENDORA AV,512,E,N,A,-,N,NA,NA,NA,NA,NA,NA,NA,NA,NA,Y,4,0,2,2,A,-,09,21801,A,N,D,C,A,A,H,-,A,-,0,NA,NA,NA,NA,Y,NA,A,01,0,0,2,0,0,0,0,0,0,-,-,NA,NA,LOS ANGELES,GLENDORA,-117.86212223,34.12881
8012181,2015,2017-08-31,1934,2015-09-08,0749,756,WESTC,2,5,1,1934,0,0,0,NA,0,001,ARROW HWY,AZUSA CANYON RD,320,W,N,A,-,N,NA,NA,NA,NA,NA,NA,NA,NA,NA,Y,4,0,1,2,A,-,03,22350,NA,N,C,C,A,A,H,-,A,D,0,NA,NA,NA,NA,Y,NA,-,NA,0,0,1,0,0,0,0,0,0,-,-,NA,NA,LOS ANGELES,IRWINDALE,-117.94403465,34.10699713
8012185,2016,2016-04-05,1955,2016-03-23,1832,42120,0083,3,5,6,1955,0,0,0,NA,0,005,RIO RANCHO RD,RANCHO VALLEY DR,132,E,N,A,-,N,NA,NA,NA,NA,NA,NA,NA,NA,NA,Y,4,0,1,2,A,-,09,21804,A,N,D,C,A,A,H,-,A,A,0,NA,NA,Y,NA,Y,NA,A,01,0,0,1,0,0,0,0,0,1,-,-,NA,NA,LOS ANGELES,POMONA,-117.756141,34.03328
8012189,2016,2016-04-05,1955,2016-03-23,2018,42251,0030,3,5,6,1955,0,0,0,NA,0,002,TOWNE AV,HARRISON AV,0,NA,Y,A,-,N,NA,NA,NA,NA,NA,NA,NA,NA,NA,Y,3,0,2,2,A,-,09,21801,A,N,D,C,A,A,H,-,C,-,0,NA,NA,NA,NA,Y,NA,A,01,0,1,1,0,0,0,0,0,0,-,-,NA,NA,LOS ANGELES,POMONA,-117.73674009,34.09884002
8012193,2016,2016-04-05,1955,2016-03-08,2300,42193,0099,2,5,6,1955,0,0,0,NA,0,003,LORANNE AV,HOLT AV,50,S,N,A,-,N,NA,NA,NA,NA,NA,NA,NA,NA,NA,N,4,0,1,2,A,-,11,21954,A,N,G,B,D,A,H,-,C,D,0,Y,NA,NA,NA,Y,NA,N,60,0,0,1,0,1,0,0,0,0,-,-,NA,NA,LOS ANGELES,POMONA,-117.73064563,34.062723
8012199,2014,2016-04-13,1926,2014-02-14,1943,2742,NA,5,5,5,1926,0,0,0,NA,0,002,GLADSTONE,GLENDORA,0,NA,Y,A,-,N,NA,NA,NA,NA,NA,NA,NA,NA,NA,N,3,0,1,2,A,-,09,21801,A,N,A,C,A,A,H,-,C,A,0,NA,NA,NA,NA,Y,NA,A,01,0,1,0,0,0,0,0,0,0,-,-,NA,NA,LOS ANGELES,GLENDORA,-117.86382003,34.11396002
8012203,2015,2016-04-06,1900,2015-12-07,0805,530056,0333,1,5,4,1939,0,0,0,NA,0,35T1,HAWTHORNE BL,MANHATTAN BEACH BL,4,S,N,A,-,N,NA,NA,NA,NA,NA,NA,NA,NA,NA,N,3,0,1,2,A,-,09,21804,A,N,H,G,A,A,H,-,A,A,0,NA,Y,NA,NA,Y,NA,A,07,0,1,0,0,0,0,1,0,0,-,-,NA,NA,LOS ANGELES,LAWNDALE,-118.35273,33.88742903
8012207,2015,2016-04-06,1900,2015-12-16,1545,526299,0331,3,5,4,1939,0,0,0,NA,0,35D,145TH ST,HAWTHORNE BL,0,NA,Y,B,-,N,NA,NA,NA,NA,NA,NA,NA,NA,NA,N,3,0,1,2,A,-,11,21950,B,N,G,B,D,A,H,-,A,A,0,Y,NA,NA,NA,Y,NA,N,60,0,1,0,0,1,0,0,0,0,-,-,NA,NA,LOS ANGELES,LAWNDALE,-118.35275008,33.90011001
8012211,2015,2016-04-06,1900,2015-12-28,0032,532054,0334,1,5,4,1939,0,0,0,NA,0,35T1,HAWTHORNE BL,162ND ST,0,NA,Y,A,-,N,NA,NA,NA,NA,NA,NA,NA,NA,NA,N,4,0,1,2,A,-,12,21453,A,N,D,C,A,A,H,-,C,A,0,NA,NA,Y,NA,Y,NA,-,99,0,0,1,0,0,0,0,0,1,-,-,NA,NA,LOS ANGELES,LAWNDALE,-118.35272001,33.88354007
8012213,2015,2016-04-11,1905,2015-09-25,1315,745,1934,5,5,4,1905,0,0,0,NA,0,NA,VINCENT,ARROW HWY,0,NA,Y,A,-,N,NA,NA,NA,NA,NA,NA,NA,NA,NA,Y,4,0,1,2,A,-,09,21801,B,N,D,C,A,A,H,-,A,A,0,NA,NA,NA,NA,Y,NA,A,01,0,0,1,0,0,0,0,0,0,-,-,NA,NA,LOS ANGELES,AZUSA,-117.92538008,34.10694009
8012215,2015,2016-07-26,1934,2015-09-25,0144,742,1934,5,5,1,1934,0,0,0,NA,0,NA,ARROW HWY,IRWINDALE AV,0,NA,Y,A,-,N,NA,NA,NA,NA,NA,NA,NA,NA,NA,Y,3,0,2,2,A,-,01,23153,A,N,D,C,A,A,H,-,C,A,0,NA,NA,NA,NA,Y,Y,A,01,0,1,1,0,0,0,0,0,0,-,-,NA,NA,LOS ANGELES,IRWINDALE,-117.93430014,34.10704001
8012221,2016,2016-04-11,1955,2016-03-09,0641,40437,0097,3,5,6,1955,0,0,0,NA,0,004,1ST ST,SAN LORENZO ST,350,W,N,A,-,N,NA,NA,NA,NA,NA,NA,NA,NA,NA,Y,4,0,2,3,A,-,09,21801,A,N,A,E,A,A,H,-,A,D,0,NA,NA,NA,Y,Y,NA,F,26,0,0,2,0,0,0,0,0,0,-,-,NA,NA,LOS ANGELES,POMONA,-117.72660207,34.05929009
8012229,2016,2016-04-11,1955,2016-03-16,1633,40624,0049,3,5,6,1955,0,0,0,NA,0,001,HOLT AV,LAS BRISAS CIR,50,E,N,A,-,N,NA,NA,NA,NA,NA,NA,NA,NA,NA,Y,3,0,1,3,A,-,08,22107,NA,N,C,E,A,A,H,-,A,D,0,NA,NA,NA,NA,Y,NA,D,22,0,1,0,0,0,0,0,0,0,-,-,NA,NA,LOS ANGELES,POMONA,-117.76765567,34.06193888