CASE_ID,ACCIDENT_YEAR,PROC_DATE,JURIS,COLLISION_DATE,COLLISION_TIME,OFFICER_ID,REPORTING_DISTRICT,DAY_OF_WEEK,CHP_SHIFT,POPULATION,CNTY_CITY_LOC,SPECIAL_COND,BEAT_TYPE,CHP_BEAT_TYPE,CITY_DIVISION_LAPD,CHP_BEAT_CLASS,BEAT_NUMBER,PRIMARY_RD,SECONDARY_RD,DISTANCE,DIRECTION,INTERSECTION,WEATHER_1,WEATHER_2,STATE_HWY_IND,CALTRANS_COUNTY,CALTRANS_DISTRICT,STATE_ROUTE,ROUTE_SUFFIX,POSTMILE_PREFIX,POSTMILE,LOCATION_TYPE,RAMP_INTERSECTION,SIDE_OF_HWY,TOW_AWAY,COLLISION_SEVERITY,NUMBER_KILLED,NUMBER_INJURED,PARTY_COUNT,PRIMARY_COLL_FACTOR,PCF_CODE_OF_VIOL,PCF_VIOL_CATEGORY,PCF_VIOLATION,PCF_VIOL_SUBSECTION,HIT_AND_RUN,TYPE_OF_COLLISION,MVIW,PED_ACTION,ROAD_SURFACE,ROAD_COND_1,ROAD_COND_2,LIGHTING,CONTROL_DEVICE,CHP_ROAD_TYPE,PEDESTRIAN_ACCIDENT,BICYCLE_ACCIDENT,MOTORCYCLE_ACCIDENT,TRUCK_ACCIDENT,NOT_PRIVATE_PROPERTY,ALCOHOL_INVOLVED,STWD_VEHTYPE_AT_FAULT,CHP_VEHTYPE_AT_FAULT,COUNT_SEVERE_INJ,COUNT_VISIBLE_INJ,COUNT_COMPLAINT_PAIN,COUNT_PED_KILLED,COUNT_PED_INJURED,COUNT_BICYCLIST_KILLED,COUNT_BICYCLIST_INJURED,COUNT_MC_KILLED,COUNT_MC_INJURED,PRIMARY_RAMP,SECONDARY_RAMP,LATITUDE,LONGITUDE,COUNTY,CITY,POINT_X,POINT_Y
8015022,2016,2016-04-11,1900,2016-03-17,2040,529688,2241,4,5,3,1989,0,0,0,NA,0,224T1,LOST HILLS RD,MALIBU HILLS RD,0,NA,Y,A,-,N,NA,NA,NA,NA,NA,NA,NA,NA,NA,Y,3,0,2,2,A,-,09,21802,A,N,D,C,A,A,H,-,C,A,0,NA,NA,NA,NA,Y,NA,A,01,0,1,1,0,0,0,0,0,0,-,-,34.814,-118.4227,LOS ANGELES,CALABASAS,-118.70753008,34.13713009
8015028,2016,2016-04-11,1976,2016-03-29,1417,383,BELLF,2,5,5,1976,0,0,0,NA,0,003,MAR VISTA ST,COLLEGE AV,180,W,N,A,-,N,NA,NA,NA,NA,NA,NA,NA,NA,NA,N,4,0,1,2,A,-,04,21703,NA,N,C,C,A,A,H,-,A,A,0,NA,NA,NA,NA,Y,NA,A,01,0,0,1,0,0,0,0,0,0,-,-,NA,NA,LOS ANGELES,WHITTIER,-118.02797014,33.97330006
8015029,2016,2016-04-11,1976,2016-03-24,1440,351,1976,4,5,5,1976,0,0,0,NA,0,003,LAMBERT RD,GUNN AV,500,W,N,A,-,N,NA,NA,NA,NA,NA,NA,NA,NA,NA,N,4,0,3,2,A,-,03,22350,NA,N,C,C,A,A,H,-,A,D,0,NA,NA,NA,NA,Y,NA,A,07,0,0,3,0,0,0,0,0,0,-,-,NA,NA,LOS ANGELES,WHITTIER,-118.0259512,33.94988012
8015043,2016,2016-04-08,1900,2016-02-21,1440,464239,0467,7,5,4,1936,0,0,0,NA,0,46K2,SANTA GERTRUDES AV,IMPERIAL HWY,50,N,N,A,-,N,NA,NA,NA,NA,NA,NA,NA,NA,NA,N,4,0,1,2,A,-,03,22350,NA,N,C,C,A,A,H,-,A,D,0,NA,NA,NA,NA,Y,NA,A,01,0,0,1,0,0,0,0,0,0,-,-,NA,NA,LOS ANGELES,LA MIRADA,-117.99436,33.91741709
8015044,2016,2016-04-08,1900,2016-02-27,1640,533002,2227,6,5,3,1994,0,0,0,NA,0,222T2,THOUSAND OAKS BL,KANAN RD,50,W,N,A,-,N,NA,NA,NA,NA,NA,NA,NA,NA,NA,N,4,0,1,2,A,-,08,22107,NA,N,B,C,A,A,H,-,A,A,0,NA,NA,NA,NA,Y,NA,A,01,0,0,1,0,0,0,0,0,0,-,-,34.15402,-118.75739,LOS ANGELES,AGOURA HILLS,-118.75733508,34.15400688
8015053,2016,2016-04-14,1942,2016-03-12,1020,41994,1792,6,5,7,1942,0,0,0,Q,0,17A23,CORBIN AV,ROSCOE BL,300,N,N,A,-,N,NA,NA,NA,NA,NA,NA,NA,NA,NA,Y,4,0,1,2,A,-,03,22350,NA,N,B,E,A,A,H,-,A,D,0,NA,NA,NA,Y,Y,NA,A,01,0,0,1,0,0,0,0,0,0,-,-,NA,NA,LOS ANGELES,LOS ANGELES,-118.56228024,34.22117289
8015054,2016,2016-04-20,1942,2016-03-19,0240,35471,1788,6,5,7,1942,0,0,0,Q,0,9TL57,PARTHENIA ST,BALBOA BL,437,E,N,A,-,N,NA,NA,NA,NA,NA,NA,NA,NA,NA,Y,4,0,1,2,A,-,-,NA,NA,N,-,C,A,A,H,-,C,-,0,NA,NA,NA,NA,Y,NA,A,01,0,0,1,0,0,0,0,0,0,-,-,NA,NA,LOS ANGELES,LOS ANGELES,-118.50113711,34.22849099
8015055,2016,2017-02-11,1942,2016-03-16,1325,34674,1728,3,5,7,1942,0,0,0,Q,0,35EL17,RESEDA BL,RT 118,0,NA,Y,A,-,Y,LA,7,118,-,R,5.656,R,4,E,Y,4,0,1,2,A,-,12,21453,A,N,D,C,A,A,H,-,A,A,0,NA,NA,NA,NA,Y,NA,-,-,0,0,1,0,0,0,0,0,0,-,-,NA,NA,LOS ANGELES,LOS ANGELES,-118.53878492,34.27454597
8015056,2016,2016-04-14,1942,2016-03-22,1750,40567,1781,2,5,7,1942,0,0,0,Q,0,35QL44,DESOTO AV,NORDHOFF ST,0,NA,Y,A,-,N,NA,NA,NA,NA,NA,NA,NA,NA,NA,Y,4,0,2,4,A,-,12,21453,A,N,D,C,A,A,H,-,A,A,0,NA,NA,NA,NA,Y,NA,D,22,0,0,2,0,0,0,0,0,0,-,-,NA,NA,LOS ANGELES,LOS ANGELES,-118.58855001,34.23548003
8015057,2016,2016-04-14,1942,2016-03-22,1845,39575,1788,2,5,7,1942,0,0,0,Q,0,35E11,PARTHENIA ST,BALBOA BL,0,NA,Y,A,-,N,NA,NA,NA,NA,NA,NA,NA,NA,NA,Y,4,0,2,4,A,-,09,21801,A,N,D,C,A,A,H,-,A,A,0,NA,NA,NA,NA,Y,NA,A,01,0,0,2,0,0,0,0,0,0,-,-,NA,NA,LOS ANGELES,LOS ANGELES,-118.5025801,34.22851012
8015058,2016,2016-04-14,1942,2016-03-24,1745,3935,1751,4,5,7,1942,0,0,0,Q,0,21TL62,TOPANGA CANYON BL,CRAGGYVIEW ST,40,S,N,A,-,N,NA,NA,NA,NA,NA,NA,NA,NA,NA,N,4,0,1,3,A,-,03,22350,NA,N,C,C,A,A,H,-,A,D,0,NA,NA,NA,NA,Y,Y,D,22,0,0,1,0,0,0,0,0,0,-,-,NA,NA,LOS ANGELES,LOS ANGELES,-118.60606094,34.25531027
8015059,2016,2016-04-14,1942,2016-03-17,1330,41994,1785,4,5,7,1942,0,0,0,Q,0,17A23,PATHERNIA ST,ORION AV,0,NA,Y,A,-,N,NA,NA,NA,NA,NA,NA,NA,NA,NA,N,4,0,1,2,A,-,10,21950,A,N,G,B,B,A,H,-,A,A,0,Y,NA,NA,NA,Y,NA,D,22,0,0,1,0,1,0,0,0,0,-,-,NA,NA,LOS ANGELES,LOS ANGELES,-118.47202,34.2283
8015060,2016,2016-04-14,1942,2016-03-18,1500,38714,926,5,5,7,1942,0,0,0,NA,0,10A83,HAZELTINE AV,VANOWEN ST,35,S,N,A,-,N,NA,NA,NA,NA,NA,NA,NA,NA,NA,N,4,0,1,2,A,-,09,21804,A,N,D,C,A,A,H,-,A,D,0,NA,NA,NA,NA,Y,NA,D,22,0,0,1,0,0,0,0,0,0,-,-,NA,NA,LOS ANGELES,LOS ANGELES,-118.43998095,34.193844
8015061,2016,2016-04-14,1942,2016-03-18,1730,37954,0931,5,5,7,1942,0,0,0,I,0,19A1,SEPULVEDA BL,ERWIN ST,246,S,N,A,-,N,NA,NA,NA,NA,NA,NA,NA,NA,NA,Y,4,0,1,3,A,-,05,21650,NA,N,C,E,A,A,H,-,A,D,0,NA,NA,NA,NA,Y,NA,A,01,0,0,1,0,0,0,0,0,0,-,-,NA,NA,LOS ANGELES,LOS ANGELES,-118.46618,34.1823453
8015062,2016,2016-04-14,1942,2016-03-23,2145,38885,1033,3,5,7,1942,0,0,0,J,0,10A3,RESEDA BL,KITTRIDGE,200,S,N,A,-,N,NA,NA,NA,NA,NA,NA,NA,NA,NA,N,4,0,1,2,A,-,08,22107,NA,M,B,C,A,A,H,-,C,D,0,NA,NA,NA,NA,Y,NA,D,22,0,0,1,0,0,0,0,0,0,-,-,NA,NA,LOS ANGELES,LOS ANGELES,-118.53603,34.18991137
8015135,2016,2016-04-12,1923,2016-03-16,1543,467,310,3,5,3,1923,0,0,0,NA,0,3M3,NASH ST,MARIPOSA AV,530,S,N,A,-,N,NA,NA,NA,NA,NA,NA,NA,NA,NA,Y,4,0,2,2,A,-,03,22350,NA,N,C,C,A,A,H,-,A,A,0,NA,NA,NA,NA,Y,NA,D,22,0,0,2,0,0,0,0,0,0,-,-,NA,NA,LOS ANGELES,EL SEGUNDO,-118.38739828,33.92214633
8015137,2016,2016-04-14,1900,2016-03-19,0035,514205,1626,6,5,5,1977,0,0,0,NA,0,169,SEPULVEDA BL,WILMINGTON AV,1000,E,N,A,-,N,NA,NA,NA,NA,NA,NA,NA,NA,NA,Y,4,0,1,2,A,-,03,22350,NA,N,C,C,A,A,H,-,D,D,0,NA,NA,NA,Y,Y,NA,A,01,0,0,1,0,0,0,0,0,0,-,-,NA,NA,LOS ANGELES,CARSON,-118.25205945,33.8082886
8015153,2016,2016-04-12,1942,2016-03-24,0035,35330,1446,4,5,7,1942,0,0,0,N,0,14A13,INGLEWOOD BL,PACIFIC AV,0,NA,Y,A,-,N,NA,NA,NA,NA,NA,NA,NA,NA,NA,Y,3,0,1,3,A,-,01,23152,A,N,B,E,A,A,H,-,C,D,0,NA,NA,NA,NA,Y,Y,D,22,0,1,0,0,0,0,0,0,0,-,-,NA,NA,LOS ANGELES,LOS ANGELES,-118.42817007,34.00522008
8015161,2016,2016-04-13,1942,2016-03-20,1545,39065,2074,7,5,7,1942,0,0,0,NA,0,7TL38,NORMANDIE AV,VENICE BL,0,NA,Y,A,-,N,NA,NA,NA,NA,NA,NA,NA,NA,NA,N,4,0,1,2,A,-,09,21801,A,N,D,C,A,A,H,-,A,A,0,NA,NA,NA,Y,Y,NA,F,26,0,0,1,0,0,0,0,0,0,-,-,NA,NA,LOS ANGELES,LOS ANGELES,-118.30102009,34.04367004
8015165,2016,2016-04-13,1942,2016-03-20,2315,40024,2099,7,5,7,1942,0,0,0,NA,0,8TL35,HOOVER ST,WASHINGTON AV,100,N,N,B,-,N,NA,NA,NA,NA,NA,NA,NA,NA,NA,N,4,0,3,2,A,-,03,22350,NA,N,C,C,A,A,H,-,C,D,0,NA,NA,NA,NA,Y,NA,A,08,0,0,3,0,0,0,0,0,0,-,-,NA,NA,LOS ANGELES,LOS ANGELES,-118.28412366,34.04012424
8015169,2016,2016-04-12,1942,2016-03-28,0940,41054,2031,1,5,7,1942,0,0,0,NA,0,7TL23,BRONSON AV,WILSHIRE BL,0,NA,Y,A,-,N,NA,NA,NA,NA,NA,NA,NA,NA,NA,Y,4,0,1,2,A,-,09,21801,A,N,D,C,A,A,H,-,A,A,0,NA,NA,NA,NA,Y,NA,D,22,0,0,1,0,0,0,0,0,0,-,-,NA,NA,LOS ANGELES,LOS ANGELES,-118.31791007,34.06170004
8015189,2016,2016-04-12,1900,2016-03-24,1645,543275,0454,4,5,6,1949,0,0,0,NA,0,4371,IMPERIAL HWY,NORWALK BL,146,E,N,A,-,N,NA,NA,NA,NA,NA,NA,NA,NA,NA,Y,4,0,2,3,A,-,04,21703,NA,N,C,D,A,A,H,-,A,A,0,NA,NA,NA,NA,Y,NA,D,22,0,0,2,0,0,0,0,0,0,-,-,NA,NA,LOS ANGELES,NORWALK,-118.07221988,33.91719552
8015197,2016,2016-04-12,1900,2016-03-15,0715,520746,0453,2,5,6,1949,0,0,0,NA,0,43T1D,FLALLON AV,BRIMLEY ST,293,S,N,A,-,N,NA,NA,NA,NA,NA,NA,NA,NA,NA,Y,3,0,1,2,A,-,08,22107,NA,N,C,E,A,A,H,-,A,D,0,NA,NA,NA,NA,Y,NA,A,01,0,1,0,0,0,0,0,0,0,-,-,NA,NA,LOS ANGELES,NORWALK,-118.08508235,33.90575661
8015210,2016,2016-04-14,1931,2016-03-15,1920,5302,1931,2,5,5,1931,0,0,0,NA,0,003,GAGE AV,STAFFORD AV,0,NA,Y,A,-,N,NA,NA,NA,NA,NA,NA,NA,NA,NA,N,4,0,1,2,A,-,10,21950,A,N,G,B,B,A,H,-,C,A,0,Y,NA,NA,NA,Y,NA,A,01,0,0,1,0,1,0,0,0,0,-,-,NA,NA,LOS ANGELES,HUNTINGTON PARK,-118.22139013,33.9816401
8015287,2016,2016-04-14,1976,2016-03-31,0759,428,NA,4,5,5,1976,0,0,0,NA,0,003,COLIMA RD,YOUNGWOOD DR,6,N,N,A,-,N,NA,NA,NA,NA,NA,NA,NA,NA,NA,N,4,0,1,5,A,-,03,22350,NA,N,C,C,A,A,H,-,A,A,0,NA,NA,NA,NA,Y,NA,A,01,0,0,1,0,0,0,0,0,0,-,-,NA,NA,LOS ANGELES,WHITTIER,-118.00247054,33.95504444
8015288,2016,2016-04-14,1942,2016-03-19,1035,39678,0392,6,5,7,1942,0,0,0,C,0,3A55,48TH ST,5TH AV,0,NA,Y,A,-,N,NA,NA,NA,NA,NA,NA,NA,NA,NA,Y,4,0,3,2,A,-,12,22450,A,N,D,C,A,A,-,-,A,D,0,NA,NA,NA,NA,Y,NA,A,01,0,0,3,0,0,0,0,0,0,-,-,NA,NA,LOS ANGELES,LOS ANGELES,-118.32253009,34
8015291,2016,2016-04-14,1976,2016-03-25,1805,428,NA,5,5,5,1976,0,0,0,NA,0,NA,COLIMA RD,MURPHY RANCH FIELD,418,N,N,A,-,N,NA,NA,NA,NA,NA,NA,NA,NA,NA,Y,3,0,1,1,A,-,08,22107,NA,N,E,I,A,A,H,-,A,D,0,NA,NA,NA,NA,Y,NA,A,01,0,1,0,0,0,0,0,0,0,-,-,NA,NA,LOS ANGELES,WHITTIER,-117.99922625,33.96615066
8015292,2016,2016-04-15,1942,2016-03-19,1620,40851,0392,6,5,7,1942,0,0,0,C,0,3A54,ARLINGTON AV,36TH ST,16,N,N,A,-,N,NA,NA,NA,NA,NA,NA,NA,NA,NA,Y,3,0,1,2,A,-,09,21801,A,N,D,C,A,A,-,-,A,D,0,NA,NA,Y,NA,Y,NA,A,01,0,1,0,0,0,0,0,0,1,-,-,NA,NA,LOS ANGELES,LOS ANGELES,-118.317653,34.022894
8015295,2016,2016-04-14,1976,2016-03-22,2014,376,1976,2,5,5,1976,0,0,0,NA,0,004,COLIMA RD,JANINE DR,0,NA,Y,A,-,N,NA,NA,NA,NA,NA,NA,NA,NA,NA,Y,4,0,1,2,A,-,09,21801,A,N,D,C,A,A,H,-,C,A,0,NA,NA,NA,NA,Y,NA,A,01,0,0,1,0,0,0,0,0,0,-,-,NA,NA,LOS ANGELES,WHITTIER,-118.0055401,33.95034004
8015296,2016,2016-04-14,1942,2016-03-18,1800,40251,0378,5,5,7,1942,0,0,0,C,0,3A58,MARTIN LUTHER KING BL,HOOVER ST,100,W,N,A,-,N,NA,NA,NA,NA,NA,NA,NA,NA,NA,Y,3,0,2,3,A,-,03,22350,NA,F,C,C,A,A,H,-,A,D,0,NA,NA,NA,NA,Y,NA,-,99,0,2,0,0,0,0,0,0,0,-,-,NA,NA,LOS ANGELES,LOS ANGELES,-118.28757871,34.01106314
8015299,2016,2016-04-14,1976,2016-03-12,1840,429,NA,6,5,5,1976,0,0,0,NA,0,003,MAR VISTA ST,FOREST AV,50,W,N,A,-,N,NA,NA,NA,NA,NA,NA,NA,NA,NA,Y,3,0,2,2,A,-,03,22350,NA,N,C,C,A,A,H,-,D,D,0,NA,NA,NA,NA,Y,NA,A,01,0,2,0,0,0,0,0,0,0,-,-,NA,NA,LOS ANGELES,WHITTIER,-118.02641533,33.97244799
8015300,2016,2016-04-14,1942,2016-03-22,0700,31814,0376,2,5,7,1942,0,0,0,C,0,3TL5,WESTERN AV,MLK,10,W,N,A,-,N,NA,NA,NA,NA,NA,NA,NA,NA,NA,Y,4,0,1,2,A,-,00,21450,NA,N,D,C,A,A,H,-,A,A,0,NA,NA,NA,NA,Y,NA,A,08,0,0,1,0,0,0,0,0,0,-,-,NA,NA,LOS ANGELES,LOS ANGELES,-118.30893,34.01085
8015303,2016,2016-04-14,1976,2016-03-12,0027,00386,NA,6,5,5,1976,0,0,0,NA,0,003,MAR VISTA ST,ELDEN AV,33,W,N,A,-,N,NA,NA,NA,NA,NA,NA,NA,NA,NA,Y,4,0,1,3,A,-,01,23152,A,N,C,E,A,A,H,-,C,D,0,NA,NA,NA,NA,Y,Y,A,01,0,0,1,0,0,0,0,0,0,-,-,NA,NA,LOS ANGELES,WHITTIER,-118.02103112,33.96944923
8015304,2016,2016-04-14,1942,2016-03-21,1240,39397,0363,1,5,7,1942,0,0,0,C,0,3T5,MARTIN LUTHER KING JR BL,BUCKINGHAM RD,300,E,N,A,-,N,NA,NA,NA,NA,NA,NA,NA,NA,NA,N,4,0,1,2,A,-,08,22102,NA,F,D,C,A,A,H,-,A,D,0,NA,NA,NA,NA,Y,NA,-,99,0,0,1,0,0,0,0,0,0,-,-,NA,NA,LOS ANGELES,LOS ANGELES,-118.34100671,34.01427133
8015308,2016,2016-04-15,1942,2016-03-17,2015,42203,0378,4,5,7,1942,0,0,0,C,0,3A63,VERMONT,38TH ST,20,N,N,A,-,N,NA,NA,NA,NA,NA,NA,NA,NA,NA,N,4,0,1,2,A,-,01,23152,A,N,C,C,A,A,H,-,C,A,0,NA,NA,NA,NA,Y,Y,A,01,0,0,1,0,0,0,0,0,0,-,-,NA,NA,LOS ANGELES,LOS ANGELES,-118.291541,34.016913
8015312,2016,2016-04-14,1942,2016-03-26,1040,41982,LAPD,6,5,7,1942,0,0,0,NA,0,5A25,GULF AV,ANAHEIM ST,0,NA,Y,A,-,N,NA,NA,NA,NA,NA,NA,NA,NA,NA,Y,4,0,1,3,A,-,12,22450,A,F,A,C,A,A,H,-,A,A,0,NA,NA,NA,NA,Y,NA,A,01,0,0,1,0,0,0,0,0,0,-,-,NA,NA,LOS ANGELES,LOS ANGELES,-118.27290002,33.779410060000004
8015316,2016,2016-04-14,1942,2016-03-25,2140,41970,0563,5,5,7,1942,0,0,0,E,0,5X26,ALMA ST,12TH ST,69,S,N,A,-,N,NA,NA,NA,NA,NA,NA,NA,NA,NA,Y,4,0,1,3,A,-,03,22350,NA,F,B,C,A,A,H,-,C,D,0,NA,NA,NA,NA,Y,Y,-,99,0,0,1,0,0,0,0,0,0,-,-,NA,NA,LOS ANGELES,LOS ANGELES,-118.29901208,33.73319076
8015320,2016,2016-04-14,1942,2016-03-14,0745,37807,558,1,5,7,1942,0,0,0,NA,0,5TL21,PACIFIC AV,SEPULVEDA ST,0,NA,Y,C,-,N,NA,NA,NA,NA,NA,NA,NA,NA,NA,Y,4,0,1,2,A,-,08,21460,5,N,D,C,A,B,H,-,A,A,0,NA,NA,Y,NA,Y,NA,A,01,0,0,1,0,0,0,0,0,1,-,-,NA,NA,LOS ANGELES,LOS ANGELES,-118.28788006,33.7451201
8015328,2016,2016-04-15,1942,2016-03-28,1900,41636,0376,1,5,7,1942,0,0,0,C,0,12A49,DENKER AV,LEIGHTON AV,21,N,N,A,-,N,NA,NA,NA,NA,NA,NA,NA,NA,NA,Y,3,0,1,3,A,-,09,21802,A,F,B,C,A,A,H,-,A,A,0,NA,NA,NA,NA,Y,Y,-,99,0,1,0,0,0,0,0,0,0,-,-,NA,NA,LOS ANGELES,LOS ANGELES,-118.30454937,34.01286759
8015332,2016,2016-04-14,1942,2016-03-29,1445,41604,0317,2,5,7,1942,0,0,0,C,0,SOW,BUDLONG,ADAMS BL,200,N,N,A,-,N,NA,NA,NA,NA,NA,NA,NA,NA,NA,N,3,0,2,3,A,-,08,22107,NA,N,C,C,A,A,H,-,A,D,0,NA,NA,NA,NA,Y,NA,A,01,0,1,1,0,0,0,0,0,0,-,-,NA,NA,LOS ANGELES,LOS ANGELES,-118.29642919,34.03330846
8015336,2016,2016-04-15,1942,2016-03-28,1320,41300,0315,1,5,7,1942,0,0,0,C,0,3A31,WESTERN AV,ADAMS BL,30,S,N,A,-,N,NA,NA,NA,NA,NA,NA,NA,NA,NA,N,4,0,1,2,A,-,07,21658,A,F,B,C,A,A,H,-,A,B,0,NA,NA,NA,NA,Y,Y,-,99,0,0,1,0,0,0,0,0,0,-,-,NA,NA,LOS ANGELES,LOS ANGELES,-118.30897836,34.03261773
8015340,2016,2016-04-15,1942,2016-03-29,0945,41865,0392,2,5,7,1942,0,0,0,C,0,3A99,VERNON AV,CRENSHAW BL,0,NA,Y,A,-,N,NA,NA,NA,NA,NA,NA,NA,NA,NA,N,4,0,1,2,A,-,09,21801,A,F,B,C,A,A,H,-,A,A,0,NA,NA,NA,NA,Y,NA,-,99,0,0,1,0,0,0,0,0,0,-,-,NA,NA,LOS ANGELES,LOS ANGELES,-118.33196008,34.00361009
8015344,2016,2016-04-14,1942,2016-03-28,1000,31814,0312,1,5,7,1942,0,0,0,C,0,3TL5,JEFFERSON BL,REDONDO AV,5,N,N,A,-,N,NA,NA,NA,NA,NA,NA,NA,NA,NA,N,4,0,1,2,A,-,10,21950,A,N,G,B,B,A,H,-,A,A,0,Y,NA,NA,NA,Y,NA,A,01,0,0,1,0,1,0,0,0,0,-,-,NA,NA,LOS ANGELES,LOS ANGELES,-118.35906,34.02549
8015348,2016,2016-04-15,1942,2016-03-27,2010,40971,0363,7,5,7,1942,0,0,0,C,0,3TL5,MARTIN LUTHER KING BL,BUCKINGHAM RD,112,W,N,A,-,N,NA,NA,NA,NA,NA,NA,NA,NA,NA,N,4,0,2,2,A,-,09,21804,A,F,B,C,A,A,H,-,C,D,0,NA,NA,NA,NA,Y,NA,A,01,0,0,2,0,0,0,0,0,0,-,-,NA,NA,LOS ANGELES,LOS ANGELES,-118.3420211,34.01499868
8015352,2016,2016-04-15,1942,2016-03-25,0700,33599,0326,5,5,7,1942,0,0,0,C,0,3TL5,ADAMS BL,HALLDALE AV,60,E,N,A,-,N,NA,NA,NA,NA,NA,NA,NA,NA,NA,N,3,0,2,3,A,-,03,22350,A,F,C,C,A,A,H,-,A,D,0,NA,NA,NA,NA,Y,NA,A,01,0,1,1,0,0,0,0,0,0,-,-,NA,NA,LOS ANGELES,LOS ANGELES,-118.30259235,34.03273
8015356,2016,2016-04-14,1942,2016-03-25,1315,27259,0336,5,5,7,1942,0,0,0,C,0,12T41,ARLINGTON AV,JEFFERSON BL,6,S,N,A,-,N,NA,NA,NA,NA,NA,NA,NA,NA,NA,N,3,0,1,2,A,-,11,21953,NA,N,G,B,B,A,H,-,A,A,0,Y,NA,NA,NA,Y,NA,-,NA,0,1,0,0,1,0,0,0,0,-,-,NA,NA,LOS ANGELES,LOS ANGELES,-118.31766,34.02551354
8015360,2016,2016-04-14,1942,2016-03-20,2225,40237,0313,7,5,7,1942,0,0,0,C,0,18T23,ADAMS BL,CRENSHAW BL,25,W,N,A,-,N,NA,NA,NA,NA,NA,NA,NA,NA,NA,N,4,0,1,2,A,-,03,22350,NA,N,-,C,A,A,H,-,C,A,0,NA,NA,NA,NA,Y,NA,A,01,0,0,1,0,0,0,0,0,0,-,-,NA,NA,LOS ANGELES,LOS ANGELES,-118.33509236,34.03258
8015393,2016,2016-04-12,1955,2016-03-19,1508,42194,0010,6,5,6,1955,0,0,0,NA,0,003,GAREY AV,ALVARDO ST,0,NA,Y,A,-,N,NA,NA,NA,NA,NA,NA,NA,NA,NA,Y,4,0,1,2,A,-,09,21801,A,N,D,C,A,A,H,-,A,A,0,NA,NA,NA,NA,Y,NA,A,01,0,0,1,0,0,0,0,0,0,-,-,NA,NA,LOS ANGELES,POMONA,-117.75208007,34.06768005
8015443,2016,2016-04-14,1942,2016-03-23,0800,38471,1689,3,5,7,1942,0,0,0,P,0,19TL75,SAN FERNANDO RD,PENROSE ST,0,NA,Y,A,-,N,NA,NA,NA,NA,NA,NA,NA,NA,NA,N,4,0,1,2,A,-,21,22106,NA,N,A,C,A,A,H,-,A,A,0,NA,NA,NA,NA,Y,Y,A,07,0,0,1,0,0,0,0,0,0,-,-,NA,NA,LOS ANGELES,LOS ANGELES,-118.37739007,34.22480007
8015447,2016,2016-04-13,1942,2016-03-25,1550,31557,1641,5,5,7,1942,0,0,0,P,0,35M41,RINCON AV,CARL ST,0,NA,Y,A,-,N,NA,NA,NA,NA,NA,NA,NA,NA,NA,N,4,0,1,2,A,-,09,21802,A,N,D,C,A,A,H,-,A,A,0,NA,NA,NA,NA,Y,NA,D,22,0,0,1,0,0,0,0,0,0,-,-,NA,NA,LOS ANGELES,LOS ANGELES,-118.42973004,34.25788008
8015451,2016,2016-04-13,1942,2016-03-31,2135,31652,1753,4,5,7,1942,0,0,0,Q,0,19T73,LASSEN ST,WINNETKA AV,195,W,N,A,-,N,NA,NA,NA,NA,NA,NA,NA,NA,NA,N,3,0,2,2,A,-,01,23152,A,N,B,E,A,-,-,-,C,D,0,NA,NA,NA,NA,Y,NA,D,22,0,1,1,0,0,0,0,0,0,-,-,NA,NA,LOS ANGELES,LOS ANGELES,-118.57186418,34.24999
8015452,2016,2016-04-15,1942,2016-02-28,2025,39876,1346,7,5,7,1942,0,0,0,M,0,4T43,HOOPER AV,VERNON AV,38,S,N,A,-,N,NA,NA,NA,NA,NA,NA,NA,NA,NA,N,4,0,3,3,A,-,03,22350,NA,F,C,C,A,A,H,-,C,A,0,NA,NA,NA,NA,Y,NA,-,99,0,0,3,0,0,0,0,0,0,-,-,NA,NA,LOS ANGELES,LOS ANGELES,-118.25214229,34.0037858
8015455,2016,2016-04-15,1942,2016-03-21,1750,39603,0914,1,5,7,1942,0,0,0,I,0,9A23,KESTER AV,VOSE ST,6,N,N,A,-,N,NA,NA,NA,NA,NA,NA,NA,NA,NA,Y,4,0,1,2,A,-,09,21801,A,N,D,C,A,A,H,-,A,D,0,NA,NA,NA,NA,Y,NA,D,22,0,0,1,0,0,0,0,0,0,-,-,NA,NA,LOS ANGELES,LOS ANGELES,-118.45746,34.19846646
8015464,2016,2017-02-11,1942,2016-03-26,2045,40325,0401,6,5,7,1942,0,0,0,D,0,1T11,RT 110,AVE 43,0,NA,Y,A,-,Y,LA,7,110,-,-,27.063,R,1,N,Y,4,0,1,2,A,-,01,23152,A,F,C,C,A,A,H,-,A,A,0,NA,NA,NA,NA,Y,Y,D,22,0,0,1,0,0,0,0,0,0,-,-,NA,NA,LOS ANGELES,LOS ANGELES,-118.20626087,34.09241988
8015467,2016,2016-04-18,1942,2016-03-28,1920,41354,LA,1,5,7,1942,0,0,0,NA,0,7X52,CRENSHAW BL,WASHINGTON BL,0,NA,Y,A,-,N,NA,NA,NA,NA,NA,NA,NA,NA,NA,N,4,0,1,2,A,-,03,22350,NA,N,C,C,A,A,H,-,B,A,0,NA,NA,NA,NA,Y,NA,A,01,0,0,1,0,0,0,0,0,0,-,-,NA,NA,LOS ANGELES,LOS ANGELES,-118.33107005,34.03986003