CASE_ID,ACCIDENT_YEAR,PROC_DATE,JURIS,COLLISION_DATE,COLLISION_TIME,OFFICER_ID,REPORTING_DISTRICT,DAY_OF_WEEK,CHP_SHIFT,POPULATION,CNTY_CITY_LOC,SPECIAL_COND,BEAT_TYPE,CHP_BEAT_TYPE,CITY_DIVISION_LAPD,CHP_BEAT_CLASS,BEAT_NUMBER,PRIMARY_RD,SECONDARY_RD,DISTANCE,DIRECTION,INTERSECTION,WEATHER_1,WEATHER_2,STATE_HWY_IND,CALTRANS_COUNTY,CALTRANS_DISTRICT,STATE_ROUTE,ROUTE_SUFFIX,POSTMILE_PREFIX,POSTMILE,LOCATION_TYPE,RAMP_INTERSECTION,SIDE_OF_HWY,TOW_AWAY,COLLISION_SEVERITY,NUMBER_KILLED,NUMBER_INJURED,PARTY_COUNT,PRIMARY_COLL_FACTOR,PCF_CODE_OF_VIOL,PCF_VIOL_CATEGORY,PCF_VIOLATION,PCF_VIOL_SUBSECTION,HIT_AND_RUN,TYPE_OF_COLLISION,MVIW,PED_ACTION,ROAD_SURFACE,ROAD_COND_1,ROAD_COND_2,LIGHTING,CONTROL_DEVICE,CHP_ROAD_TYPE,PEDESTRIAN_ACCIDENT,BICYCLE_ACCIDENT,MOTORCYCLE_ACCIDENT,TRUCK_ACCIDENT,NOT_PRIVATE_PROPERTY,ALCOHOL_INVOLVED,STWD_VEHTYPE_AT_FAULT,CHP_VEHTYPE_AT_FAULT,COUNT_SEVERE_INJ,COUNT_VISIBLE_INJ,COUNT_COMPLAINT_PAIN,COUNT_PED_KILLED,COUNT_PED_INJURED,COUNT_BICYCLIST_KILLED,COUNT_BICYCLIST_INJURED,COUNT_MC_KILLED,COUNT_MC_INJURED,PRIMARY_RAMP,SECONDARY_RAMP,LATITUDE,LONGITUDE,COUNTY,CITY,POINT_X,POINT_Y
8015468,2016,2016-04-18,1942,2016-03-25,1205,38124,0441,5,5,7,1942,0,0,0,D,0,4TLY3,CESAR E CHAVEZ AV,N MISSION RD,0,E,N,A,-,N,NA,NA,NA,NA,NA,NA,NA,NA,NA,Y,4,0,1,4,A,-,07,21658,A,F,B,C,A,A,H,-,A,A,0,NA,NA,NA,NA,Y,NA,D,22,0,0,1,0,0,0,0,0,0,-,-,NA,NA,LOS ANGELES,LOS ANGELES,-118.22577007,34.05434007
8015475,2016,2016-05-18,1942,2016-04-01,1233,31387,737,5,5,7,1942,0,0,0,NA,0,6TL7,ORANGE DR,6TH ST,0,NA,Y,A,-,N,NA,NA,NA,NA,NA,NA,NA,NA,NA,Y,2,0,1,2,A,-,09,21802,A,N,D,C,A,A,H,-,A,A,0,NA,NA,Y,Y,Y,NA,F,26,1,0,0,0,0,0,0,0,1,-,-,NA,NA,LOS ANGELES,LOS ANGELES,-118.34187,34.06492003
8015476,2016,2016-04-18,1942,2016-03-23,0730,42037,0195,3,5,7,1942,0,0,0,A,0,1A61W2,BROADWAY,VENICE BL,0,NA,Y,A,-,N,NA,NA,NA,NA,NA,NA,NA,NA,NA,N,4,0,2,2,A,-,21,22106,NA,F,C,C,A,A,H,-,A,A,0,NA,NA,NA,NA,Y,NA,-,99,0,0,2,0,0,0,0,0,0,-,-,NA,NA,LOS ANGELES,LOS ANGELES,-118.26357007,34.03418005
8015479,2016,2016-04-18,1942,2016-04-04,1840,36589,0759,1,5,7,1942,0,0,0,G,0,6TL7,CRENSHAW BL,COUNTRY CLUB DR,18,S,N,A,-,N,NA,NA,NA,NA,NA,NA,NA,NA,NA,Y,3,0,3,2,A,-,01,23152,A,F,D,C,A,A,H,-,A,A,0,NA,NA,NA,NA,Y,Y,D,22,0,1,2,0,0,0,0,0,0,-,-,NA,NA,LOS ANGELES,LOS ANGELES,-118.32389426,34.05303495
8015484,2016,2016-04-19,1965,2016-03-21,1430,3192,0B4B,1,5,5,1965,0,0,0,NA,0,B004,11TH ST,ALTA AV,237,N,N,A,-,N,NA,NA,NA,NA,NA,NA,NA,NA,NA,N,3,0,1,2,A,-,01,23152,A,M,B,E,A,A,H,-,A,D,0,NA,NA,NA,NA,Y,Y,A,01,0,1,0,0,0,0,0,0,0,-,-,NA,NA,LOS ANGELES,SANTA MONICA,-118.50064499,34.03212559
8015492,2016,2016-05-18,1942,2016-04-03,1500,40671,0625,7,5,7,1942,0,0,0,F,0,6X28,N HIGHLAND AV,FRANKLIN AV,600,N,N,A,-,N,NA,NA,NA,NA,NA,NA,NA,NA,NA,N,4,0,8,2,A,-,03,22350,NA,F,C,C,A,A,H,-,A,D,0,NA,NA,NA,NA,Y,NA,-,99,0,0,8,0,0,0,0,0,0,-,-,NA,NA,LOS ANGELES,LOS ANGELES,-118.33750545,34.1055031
8015495,2016,2016-04-18,1942,2016-03-23,1425,41262,0355,3,5,7,1942,0,0,0,C,0,3A55,ARLINGTON AV,ESPOSITION BL,100,N,N,A,-,N,NA,NA,NA,NA,NA,NA,NA,NA,NA,Y,3,0,1,2,A,-,09,21801,A,N,D,C,A,A,-,-,A,A,0,NA,NA,Y,NA,Y,Y,C,02,0,1,0,0,0,0,0,0,1,-,-,NA,NA,LOS ANGELES,LOS ANGELES,-118.317675,34.019136
8015496,2016,2016-04-15,1942,2016-04-04,0955,34959,0808,1,5,7,1942,0,0,0,H,0,20TL55,BENEDICT CANYON DR,CIELO DR,528,N,N,A,-,N,NA,NA,NA,NA,NA,NA,NA,NA,NA,Y,4,0,1,3,A,-,09,21801,A,N,D,C,A,A,H,-,A,D,0,NA,NA,NA,NA,Y,NA,D,22,0,0,1,0,0,0,0,0,0,-,-,NA,NA,LOS ANGELES,LOS ANGELES,-118.43012722,34.09614167
8015499,2016,2016-04-18,1942,2016-03-23,0010,37618,0508,3,5,7,1942,0,0,0,E,0,3TL5,WESTERN AV,238TH ST,0,N,N,A,-,N,NA,NA,NA,NA,NA,NA,NA,NA,NA,Y,4,0,1,4,A,-,03,22350,NA,F,A,E,A,A,H,-,C,A,0,NA,NA,NA,NA,Y,NA,A,01,0,0,1,0,0,0,0,0,0,-,-,NA,NA,LOS ANGELES,LOS ANGELES,-118.30805,33.80876
8015503,2016,2016-05-06,1942,2016-03-16,1830,41663,0398,3,5,7,1942,0,0,0,C,0,3A32,VERNON AV,HOOVER ST,0,NA,Y,A,-,N,NA,NA,NA,NA,NA,NA,NA,NA,NA,N,2,0,1,2,A,-,03,22350,NA,N,G,-,A,A,H,-,A,D,0,NA,NA,Y,NA,Y,NA,O,05,1,0,0,0,0,0,0,0,1,-,-,NA,NA,LOS ANGELES,LOS ANGELES,-118.28717,34.00372005
8015518,2016,2016-04-18,1942,2016-03-01,1300,39194,1608,2,5,7,1942,0,0,0,P,0,19TL78,FOOTHILL BL,ESKO AV,720,S,N,A,-,N,NA,NA,NA,NA,NA,NA,NA,NA,NA,N,4,0,1,1,C,-,18,NA,NA,N,F,I,A,A,H,-,A,D,0,NA,NA,NA,Y,Y,NA,-,-,0,0,1,0,0,0,0,0,0,-,-,NA,NA,LOS ANGELES,LOS ANGELES,-118.34783,34.27275
8015519,2016,2016-04-13,1942,2016-03-31,1455,39335,1919,4,5,7,1942,0,0,0,NA,0,9T56,FOOTHILL BL,ARROYO ST,94,N,N,A,-,N,NA,NA,NA,NA,NA,NA,NA,NA,NA,Y,3,0,2,3,A,-,03,22350,NA,F,B,C,A,A,H,-,A,D,0,NA,NA,NA,NA,Y,NA,A,01,0,1,1,0,0,0,0,0,0,-,-,NA,NA,LOS ANGELES,LOS ANGELES,-118.4146285,34.29297112
8015524,2016,2016-04-18,1942,2016-03-23,2055,39970,0514,3,5,7,1942,0,0,0,E,0,5A25,WILMINGTON BL,LOMITA BL,10,S,N,A,-,N,NA,NA,NA,NA,NA,NA,NA,NA,NA,Y,3,0,2,4,A,-,01,23152,A,N,A,C,A,A,H,-,C,A,0,NA,NA,NA,NA,Y,Y,A,01,0,1,1,0,0,0,0,0,0,-,-,NA,NA,LOS ANGELES,LOS ANGELES,-118.27536834,33.79855261
8015528,2016,2016-05-23,1942,2016-04-04,1115,27259,0362,1,5,7,1942,0,0,0,C,0,12TL41,W MARTIN LUTHER KING BL,COLISEUM ST,0,NA,Y,A,-,N,NA,NA,NA,NA,NA,NA,NA,NA,NA,Y,3,0,5,3,A,-,05,21650,NA,F,D,C,A,A,H,-,A,A,0,NA,NA,NA,NA,Y,NA,A,07,0,1,4,0,0,0,0,0,0,-,-,NA,NA,LOS ANGELES,LOS ANGELES,-118.3459701,34.0174801
8015560,2016,2016-04-15,1942,2016-03-18,1845,41056,0395,5,5,7,1942,0,0,0,C,0,3T5,MARTIN LUTHER KING BL,DENKER AV,116,E,N,A,-,N,NA,NA,NA,NA,NA,NA,NA,NA,NA,N,4,0,1,2,A,-,09,21804,A,N,D,C,A,A,H,-,A,A,0,NA,NA,NA,NA,Y,NA,A,01,0,0,1,0,0,0,0,0,0,-,-,NA,NA,LOS ANGELES,LOS ANGELES,-118.30416797,34.01085
8015582,2016,2017-02-11,1976,2016-03-14,1447,375,NA,1,5,5,1976,0,0,0,NA,0,NA,WHITTIER BL,OCEANVIEW AV,255,E,N,A,-,Y,LA,7,72,-,-,2.7,H,-,N,Y,4,0,2,3,A,-,03,22350,NA,N,C,C,A,A,H,-,A,D,0,NA,NA,NA,NA,Y,NA,D,22,0,0,2,0,0,0,0,0,0,-,-,NA,NA,LOS ANGELES,WHITTIER,-118.01894687,33.95542506
8015586,2016,2016-04-15,1976,2016-03-17,1533,230,NA,4,5,5,1976,0,0,0,NA,0,001,TURNBULL CANYON RD,BEVERLY HILLS DR,160,E,N,A,-,N,NA,NA,NA,NA,NA,NA,NA,NA,NA,Y,2,0,1,2,A,-,03,22350,NA,N,C,E,A,A,H,-,A,D,0,NA,NA,Y,NA,Y,NA,C,02,1,0,0,0,0,0,0,0,1,-,-,NA,NA,LOS ANGELES,WHITTIER,-118.02722149,33.98825682
8015590,2016,2016-04-15,1976,2016-03-17,2044,590,NA,4,5,5,1976,0,0,0,NA,0,NA,LEFFINGWELL RD,SANTA GERTRUDES AV,0,NA,Y,A,-,N,NA,NA,NA,NA,NA,NA,NA,NA,NA,Y,4,0,1,3,A,-,09,21801,A,N,D,C,A,A,H,-,C,A,0,NA,NA,NA,NA,Y,NA,A,01,0,0,1,0,0,0,0,0,0,-,-,NA,NA,LOS ANGELES,WHITTIER,-117.99323001,33.93119008
8015602,2016,2016-04-08,1941,2016-03-22,1400,5555,NA,2,5,7,1941,0,0,0,NA,0,NA,ARTESIA BL,ATLANTIC AV,78,W,N,A,-,N,NA,NA,NA,NA,NA,NA,NA,NA,NA,Y,4,0,2,4,A,-,03,22350,NA,N,B,C,A,A,H,-,A,A,0,NA,NA,NA,NA,Y,NA,A,NA,0,0,2,0,0,0,0,0,0,-,-,NA,NA,LOS ANGELES,LONG BEACH,-118.18643644,33.87438
8015613,2016,2016-04-08,1941,2016-03-23,1803,6260,663,3,5,7,1941,0,0,0,NA,0,017,SPRING ST,MCNAB AV,0,NA,Y,A,-,N,NA,NA,NA,NA,NA,NA,NA,NA,NA,N,3,0,1,2,A,-,12,22450,A,N,D,G,A,A,H,-,A,D,0,NA,Y,NA,NA,Y,NA,L,NA,0,1,0,0,0,0,1,0,0,-,-,NA,NA,LOS ANGELES,LONG BEACH,-118.11211001,33.81068007
8015614,2016,2016-04-08,1941,2016-03-23,1707,5326,NA,3,5,7,1941,0,0,0,NA,0,NA,STUDEBAKER,ATHERTON,0,NA,Y,A,-,N,NA,NA,NA,NA,NA,NA,NA,NA,NA,Y,3,0,1,2,D,-,00,NA,NA,N,D,C,A,A,H,-,A,A,0,NA,NA,NA,NA,Y,NA,-,-,0,1,0,0,0,0,0,0,0,-,-,NA,NA,LOS ANGELES,LONG BEACH,-118.09960007,33.78849001
8015615,2016,2016-04-08,1941,2016-03-23,1330,5129,NA,3,5,7,1941,0,0,0,NA,0,NA,STUDEBAKER,ROSEBAY ST,25,N,N,A,-,N,NA,NA,NA,NA,NA,NA,NA,NA,NA,Y,4,0,1,3,A,-,03,22350,NA,N,C,C,A,A,H,-,A,A,0,NA,NA,NA,NA,Y,NA,A,NA,0,0,1,0,0,0,0,0,0,-,-,NA,NA,LOS ANGELES,LONG BEACH,-118.0994,33.81398855
8015692,2016,2016-04-06,1941,2016-03-17,1759,5356,NA,4,5,7,1941,0,0,0,NA,0,NA,WARDLOW,MAGNOLIA,0,NA,Y,A,-,N,NA,NA,NA,NA,NA,NA,NA,NA,NA,N,4,0,1,2,A,-,09,21801,A,N,D,C,A,A,H,-,A,A,0,NA,NA,NA,NA,Y,NA,A,NA,0,0,1,0,0,0,0,0,0,-,-,NA,NA,LOS ANGELES,LONG BEACH,-118.19805004,33.81917002
8015693,2016,2016-04-06,1941,2016-03-20,1004,5998,NA,7,5,7,1941,0,0,0,NA,0,NA,LONG BEACH BL,47TH ST,265,S,N,A,-,N,NA,NA,NA,NA,NA,NA,NA,NA,NA,Y,4,0,1,2,A,-,03,22350,NA,M,C,C,A,A,H,-,A,D,0,NA,NA,NA,NA,Y,NA,A,NA,0,0,1,0,0,0,0,0,0,-,-,NA,NA,LOS ANGELES,LONG BEACH,-118.19233094,33.8426262
8015694,2016,2016-04-07,1941,2016-03-23,0044,10761,NA,3,5,7,1941,0,0,0,NA,0,NA,LINDEN AV,HULLETT ST,163,N,N,A,-,N,NA,NA,NA,NA,NA,NA,NA,NA,NA,Y,4,0,2,4,-,-,-,NA,NA,N,A,C,A,A,H,-,C,D,0,NA,NA,NA,NA,Y,NA,-,-,0,0,2,0,0,0,0,0,0,-,-,NA,NA,LOS ANGELES,LONG BEACH,-118.18601552,33.86134697
8015695,2016,2016-04-06,1941,2016-03-21,2032,5795,NA,1,5,7,1941,0,0,0,NA,0,NA,MARTIN LUTHER KING AV,ANAHEIM ST,0,NA,Y,A,-,N,NA,NA,NA,NA,NA,NA,NA,NA,NA,N,4,0,1,2,A,-,12,21453,A,M,D,G,A,A,H,-,C,A,0,NA,Y,NA,NA,Y,Y,L,NA,0,0,1,0,0,0,1,0,0,-,-,NA,NA,LOS ANGELES,LONG BEACH,-118.1806801,33.78261003
8015696,2016,2016-04-06,1941,2016-03-22,1615,5615,NA,2,5,7,1941,0,0,0,NA,0,NA,CLARK AV,28TH ST,0,NA,Y,A,-,N,NA,NA,NA,NA,NA,NA,NA,NA,NA,N,3,0,1,2,A,-,12,22450,A,N,D,G,A,A,H,-,A,A,0,NA,Y,NA,NA,Y,NA,L,NA,0,1,0,0,0,0,1,0,0,-,-,NA,NA,LOS ANGELES,LONG BEACH,-118.13398001,33.80675009
8015697,2016,2016-04-06,1941,2016-03-22,1801,5462,NA,2,5,7,1941,0,0,0,NA,0,NA,BELLFLOWER BL,CONANT ST,180,S,N,A,-,N,NA,NA,NA,NA,NA,NA,NA,NA,NA,N,3,0,1,3,A,-,03,22350,NA,N,C,C,A,A,H,-,A,D,0,NA,NA,NA,NA,Y,NA,A,NA,0,1,0,0,0,0,0,0,0,-,-,NA,NA,LOS ANGELES,LONG BEACH,-118.12544377,33.82456644
8015698,2016,2016-04-06,1941,2016-03-22,1832,5615,NA,2,5,7,1941,0,0,0,NA,0,NA,CARSON ST,CLARK AV,513,W,N,A,-,N,NA,NA,NA,NA,NA,NA,NA,NA,NA,N,3,0,1,2,A,-,12,21453,A,N,G,B,C,A,H,-,B,A,0,Y,NA,NA,NA,Y,NA,A,NA,0,1,0,0,1,0,0,0,0,-,-,NA,NA,LOS ANGELES,LONG BEACH,-118.13555544,33.83239
8015699,2016,2016-04-06,1941,2016-03-22,1837,10785,NA,2,5,7,1941,0,0,0,NA,0,NA,4TH ST,NEWPORT AV,0,NA,Y,A,-,N,NA,NA,NA,NA,NA,NA,NA,NA,NA,Y,4,0,1,2,A,-,07,21658,A,N,B,C,A,A,H,-,A,D,0,NA,NA,NA,NA,Y,NA,A,NA,0,0,1,0,0,0,0,0,0,-,-,NA,NA,LOS ANGELES,LONG BEACH,-118.15136003,33.77169003
8015700,2016,2016-04-06,1941,2016-03-23,0726,10763,NA,3,5,7,1941,0,0,0,NA,0,NA,SPRING ST,SANTA FE,164,W,N,A,-,N,NA,NA,NA,NA,NA,NA,NA,NA,NA,N,3,0,1,3,A,-,03,22350,NA,N,C,C,A,A,H,-,A,A,0,NA,NA,NA,NA,Y,NA,A,NA,0,1,0,0,0,0,0,0,0,-,-,NA,NA,LOS ANGELES,LONG BEACH,-118.21604873,33.81166735
8015701,2016,2016-04-06,1941,2016-03-23,1520,5380,NA,3,5,7,1941,0,0,0,NA,0,NA,BELLFLOWER,23RD,0,NA,Y,A,-,N,NA,NA,NA,NA,NA,NA,NA,NA,NA,Y,3,0,1,4,A,-,12,21453,A,N,D,C,A,A,H,-,A,A,0,NA,NA,NA,NA,Y,NA,A,NA,0,1,0,0,0,0,0,0,0,-,-,NA,NA,LOS ANGELES,LONG BEACH,-118.12557,33.79902002
8015703,2016,2016-04-06,1941,2016-03-24,1917,5620,NA,4,5,7,1941,0,0,0,NA,0,NA,LONG BEACH BL,NEECE ST,11,S,N,A,-,N,NA,NA,NA,NA,NA,NA,NA,NA,NA,Y,2,0,3,2,A,-,09,21801,A,N,A,C,A,A,H,-,B,A,0,NA,NA,NA,NA,Y,NA,A,NA,2,0,1,0,0,0,0,0,0,-,-,NA,NA,LOS ANGELES,LONG BEACH,-118.20205122,33.87196074
8015704,2016,2016-04-06,1941,2016-03-24,2032,5690,NA,4,5,7,1941,0,0,0,NA,0,NA,CHERRY AV,32ND ST,20,S,N,A,-,N,NA,NA,NA,NA,NA,NA,NA,NA,NA,N,3,0,1,2,A,-,03,22350,NA,F,C,C,A,A,H,-,D,D,0,NA,NA,NA,NA,Y,NA,A,NA,0,1,0,0,0,0,0,0,0,-,-,NA,NA,LOS ANGELES,LONG BEACH,-118.167631,33.815158
8015705,2016,2016-04-15,1941,2016-03-26,0224,10544,NA,6,5,7,1941,0,0,0,NA,0,NA,15TH ST,GUNDRY AV,0,NA,Y,A,-,N,NA,NA,NA,NA,NA,NA,NA,NA,NA,Y,4,0,1,2,A,-,03,22350,NA,F,D,C,A,A,H,-,C,A,0,NA,NA,NA,NA,Y,Y,-,-,0,0,1,0,0,0,0,0,0,-,-,NA,NA,LOS ANGELES,LONG BEACH,-118.17417002,33.78625009
8015706,2016,2016-04-06,1956,2016-03-22,1727,1224,01,2,5,5,1956,0,0,0,NA,0,003,AVENIDA DEL NORTE,S ELENA AV,146,W,N,A,-,N,NA,NA,NA,NA,NA,NA,NA,NA,NA,N,4,0,1,2,A,-,09,21804,A,N,G,B,D,A,H,-,A,D,0,Y,NA,NA,NA,Y,NA,-,NA,0,0,1,0,1,0,0,0,0,-,-,NA,NA,LOS ANGELES,REDONDO BEACH,-118.38597449,33.81807931
8015708,2016,2016-04-06,1905,2016-03-17,1827,1156,222,4,5,4,1905,0,0,0,NA,0,003,N SOLDANO AV,EAST 4TH ST,273,S,N,A,-,N,NA,NA,NA,NA,NA,NA,NA,NA,NA,N,4,0,2,2,A,-,21,22106,NA,N,B,C,A,A,H,-,A,D,0,NA,NA,NA,NA,Y,NA,A,01,0,0,2,0,0,0,0,0,0,-,-,34.12627,-117.90357,LOS ANGELES,AZUSA,-117.90375,34.12727159
8015709,2016,2016-04-06,1905,2016-03-23,1046,1142,443,3,5,4,1905,0,0,0,NA,0,001,ARROW HWY,CERRITOS AV,0,NA,Y,A,-,N,NA,NA,NA,NA,NA,NA,NA,NA,NA,Y,3,0,2,2,A,-,09,21801,A,N,D,C,A,A,H,-,A,A,0,NA,NA,NA,NA,Y,NA,A,01,0,2,0,0,0,0,0,0,0,-,-,NA,NA,LOS ANGELES,AZUSA,-117.89896003,34.10677003
8015710,2016,2016-04-06,1905,2016-03-25,0325,1125,323,5,5,4,1905,0,0,0,NA,0,053,E ALOSTA AV,FOOTHILL BL,3,S,N,A,-,N,NA,NA,NA,NA,NA,NA,NA,NA,NA,Y,3,0,1,1,A,-,01,23152,A,N,A,I,A,A,H,-,C,A,0,NA,NA,NA,NA,Y,Y,A,01,0,1,0,0,0,0,0,0,0,-,-,34.133539999999996,-117.89769,LOS ANGELES,AZUSA,-117.89862,34.13344
8015711,2016,2016-04-06,1905,2016-03-24,1545,1142,138,4,5,4,1905,0,0,0,NA,0,001,IRWINDALE AV,MCKINLEY ST,0,NA,Y,A,-,N,NA,NA,NA,NA,NA,NA,NA,NA,NA,N,3,0,1,2,A,-,10,21950,A,F,G,B,B,A,H,-,A,A,0,Y,NA,NA,NA,Y,NA,A,01,0,1,0,0,1,0,0,0,0,-,-,34.11973,-117.93394,LOS ANGELES,AZUSA,-117.93393005,34.11970002
8015715,2016,2016-04-06,1905,2016-03-26,1350,1142,241,6,5,4,1905,0,0,0,NA,0,001,MASON ST,NOBLE AV,490,W,N,A,-,N,NA,NA,NA,NA,NA,NA,NA,NA,NA,Y,3,0,1,2,A,-,01,23152,A,M,A,E,A,A,H,-,A,D,0,NA,NA,NA,NA,Y,Y,A,01,0,1,0,0,0,0,0,0,0,-,-,34.1176,-117.90615,LOS ANGELES,AZUSA,-117.90606507,34.11758878
8015716,2016,2016-04-06,1905,2016-03-28,1544,2019,226,1,5,4,1905,0,0,0,NA,0,063,ALOSTA AV,BARRANCA AV,195,NA,N,B,-,N,NA,NA,NA,NA,NA,NA,NA,NA,NA,N,4,0,2,2,A,-,03,22350,NA,N,C,C,A,A,H,-,A,D,0,NA,NA,NA,NA,Y,NA,A,07,0,0,2,0,0,0,0,0,0,-,-,NA,NA,LOS ANGELES,AZUSA,-117.88135008,34.1287901
8015719,2016,2016-04-06,1948,2016-03-25,1148,400,1948,5,5,5,1948,0,0,0,NA,0,004,EAST NEWMARK AV,GARFIELD AV,4,E,N,A,-,N,NA,NA,NA,NA,NA,NA,NA,NA,NA,N,3,0,1,2,A,-,08,22100,A,N,D,G,A,A,H,-,A,A,0,NA,Y,NA,NA,Y,NA,-,NA,0,1,0,0,0,0,1,0,0,-,-,NA,NA,LOS ANGELES,MONTEREY PARK,-118.12280682,34.05979016
8015720,2016,2016-04-06,1948,2016-03-24,1719,445,1948,4,5,5,1948,0,0,0,NA,0,004,GARFIELD AV,GRAVES AV,0,NA,Y,A,-,N,NA,NA,NA,NA,NA,NA,NA,NA,NA,Y,3,0,4,2,A,-,09,21801,A,N,D,C,A,A,H,-,A,A,0,NA,NA,NA,NA,Y,NA,-,NA,0,1,3,0,0,0,0,0,0,-,-,NA,NA,LOS ANGELES,MONTEREY PARK,-118.12584001,34.05519005
8015721,2016,2016-04-06,1948,2016-03-22,1429,400,1948,2,5,5,1948,0,0,0,NA,0,001,ATLANTIC BL,EL PORTAL PL,12,S,N,A,-,N,NA,NA,NA,NA,NA,NA,NA,NA,NA,Y,4,0,1,2,A,-,12,21453,A,N,D,C,A,A,H,-,A,A,0,NA,NA,NA,NA,Y,NA,-,NA,0,0,1,0,0,0,0,0,0,-,-,NA,NA,LOS ANGELES,MONTEREY PARK,-118.13620802,34.05400071
8015722,2016,2016-04-20,1948,2016-03-22,1537,400,1948,2,5,5,1948,0,0,0,NA,0,001,GARVEY AV,FREMONT AV,325,E,N,A,-,N,NA,NA,NA,NA,NA,NA,NA,NA,NA,Y,4,0,2,2,A,-,09,21802,A,N,D,C,A,A,H,-,A,D,0,NA,NA,NA,NA,Y,NA,-,NA,0,0,2,0,0,0,0,0,0,-,-,NA,NA,LOS ANGELES,MONTEREY PARK,-118.14403285,34.06011107
8015724,2016,2016-04-15,1922,2016-03-06,1240,661,NA,7,5,6,1922,0,0,0,NA,0,004,VALLEY BL,MOUNTAIN VIEW RD,0,NA,Y,A,G,N,NA,NA,NA,NA,NA,NA,NA,NA,NA,Y,4,0,1,2,A,-,-,NA,NA,N,D,D,A,A,H,-,A,A,0,NA,NA,NA,NA,Y,NA,-,-,0,0,1,0,0,0,0,0,0,-,-,NA,NA,LOS ANGELES,EL MONTE,-118.02081006,34.06382007
8015725,2016,2016-04-06,1922,2016-03-10,1549,569,NA,4,5,6,1922,0,0,0,NA,0,004,VALLEY BL,GARVEY AV,0,NA,Y,A,-,N,NA,NA,NA,NA,NA,NA,NA,NA,NA,N,3,0,1,2,A,-,08,22107,NA,N,B,G,A,A,H,-,A,D,0,NA,Y,NA,NA,Y,NA,-,NA,0,1,0,0,0,0,1,0,0,-,-,NA,NA,LOS ANGELES,EL MONTE,-118.01939005,34.06289001
8015726,2016,2016-04-07,1922,2016-03-15,1845,570,1922,2,5,6,1922,0,0,0,NA,0,002,PECK,ASHER,100,N,N,A,-,N,NA,NA,NA,NA,NA,NA,NA,NA,NA,N,4,0,1,2,A,-,03,22350,NA,N,C,C,A,A,H,-,A,D,0,NA,NA,NA,NA,Y,NA,A,01,0,0,1,0,0,0,0,0,0,-,-,NA,NA,LOS ANGELES,EL MONTE,-118.02933523,34.06765477
8015727,2016,2016-04-07,1922,2016-03-15,2037,604,NA,2,5,6,1922,0,0,0,NA,0,NA,SANTA ANITA,VALLEY,0,NA,Y,A,-,N,NA,NA,NA,NA,NA,NA,NA,NA,NA,N,3,0,1,2,A,-,05,21650,1,F,D,G,A,A,H,-,B,D,0,NA,Y,NA,NA,Y,Y,L,04,0,1,0,0,0,0,1,0,0,-,-,NA,NA,LOS ANGELES,EL MONTE,-118.04132004,34.0758401
8015728,2016,2016-04-07,1922,2016-03-13,2146,668,NA,7,5,6,1922,0,0,0,NA,0,004,VALLEY BL,GARVEY AV,0,NA,Y,A,-,N,NA,NA,NA,NA,NA,NA,NA,NA,NA,Y,4,0,1,2,A,-,12,21453,A,F,D,C,A,A,H,-,C,A,0,NA,NA,NA,NA,Y,Y,A,01,0,0,1,0,0,0,0,0,0,-,-,NA,NA,LOS ANGELES,EL MONTE,-118.01939005,34.06289001
8015729,2016,2016-04-07,1922,2016-03-14,1025,582,NA,1,5,6,1922,0,0,0,NA,0,004,MAXSON,MAGNOLIA,300,S,N,B,-,N,NA,NA,NA,NA,NA,NA,NA,NA,NA,Y,4,0,2,2,A,-,08,22107,NA,N,B,C,A,A,H,-,A,D,0,NA,NA,NA,NA,Y,NA,A,01,0,0,2,0,0,0,0,0,0,-,-,NA,NA,LOS ANGELES,EL MONTE,-118.0196553,34.05661384
8015730,2016,2016-04-07,1922,2016-03-16,1245,576,NA,3,5,6,1922,0,0,0,NA,0,NA,BRYANT RD,TYLER AV,0,NA,Y,A,-,N,NA,NA,NA,NA,NA,NA,NA,NA,NA,N,4,0,1,2,A,-,05,21650,1,N,D,G,A,A,H,-,A,A,0,NA,Y,NA,NA,Y,NA,L,04,0,0,1,0,0,0,1,0,0,-,-,NA,NA,LOS ANGELES,EL MONTE,-118.03207007,34.08103012
8015731,2016,2016-04-26,1922,2016-03-18,1712,635,NA,5,5,6,1922,0,0,0,NA,0,NA,VALLEY BL,GIBSON RD,150,E,N,A,-,N,NA,NA,NA,NA,NA,NA,NA,NA,NA,Y,4,0,1,3,A,-,03,22350,NA,N,C,C,A,A,H,-,A,D,0,NA,NA,NA,NA,Y,NA,A,01,0,0,1,0,0,0,0,0,0,-,-,NA,NA,LOS ANGELES,EL MONTE,-118.05026788,34.07797616
8015732,2016,2016-04-07,1922,2016-03-17,1623,576,NA,4,5,6,1922,0,0,0,NA,0,NA,KLINGERMAN ST,PECK RD,150,W,N,A,-,N,NA,NA,NA,NA,NA,NA,NA,NA,NA,N,3,0,1,2,A,-,09,21804,A,N,D,G,A,A,H,-,A,A,0,NA,Y,NA,NA,Y,NA,L,04,0,1,0,0,0,0,1,0,0,-,-,NA,NA,LOS ANGELES,EL MONTE,-118.0310741,34.05599441
8015733,2016,2016-04-07,1922,2016-03-21,1819,640,NA,1,5,6,1922,0,0,0,NA,0,001,PECK RD,CELINE ST,200,N,N,A,-,N,NA,NA,NA,NA,NA,NA,NA,NA,NA,Y,3,0,1,3,A,-,08,22107,NA,N,C,E,A,A,H,-,A,D,0,NA,NA,NA,NA,Y,NA,A,01,0,1,0,0,0,0,0,0,0,-,-,NA,NA,LOS ANGELES,EL MONTE,-118.01080435,34.09864885