CASE_ID,ACCIDENT_YEAR,PROC_DATE,JURIS,COLLISION_DATE,COLLISION_TIME,OFFICER_ID,REPORTING_DISTRICT,DAY_OF_WEEK,CHP_SHIFT,POPULATION,CNTY_CITY_LOC,SPECIAL_COND,BEAT_TYPE,CHP_BEAT_TYPE,CITY_DIVISION_LAPD,CHP_BEAT_CLASS,BEAT_NUMBER,PRIMARY_RD,SECONDARY_RD,DISTANCE,DIRECTION,INTERSECTION,WEATHER_1,WEATHER_2,STATE_HWY_IND,CALTRANS_COUNTY,CALTRANS_DISTRICT,STATE_ROUTE,ROUTE_SUFFIX,POSTMILE_PREFIX,POSTMILE,LOCATION_TYPE,RAMP_INTERSECTION,SIDE_OF_HWY,TOW_AWAY,COLLISION_SEVERITY,NUMBER_KILLED,NUMBER_INJURED,PARTY_COUNT,PRIMARY_COLL_FACTOR,PCF_CODE_OF_VIOL,PCF_VIOL_CATEGORY,PCF_VIOLATION,PCF_VIOL_SUBSECTION,HIT_AND_RUN,TYPE_OF_COLLISION,MVIW,PED_ACTION,ROAD_SURFACE,ROAD_COND_1,ROAD_COND_2,LIGHTING,CONTROL_DEVICE,CHP_ROAD_TYPE,PEDESTRIAN_ACCIDENT,BICYCLE_ACCIDENT,MOTORCYCLE_ACCIDENT,TRUCK_ACCIDENT,NOT_PRIVATE_PROPERTY,ALCOHOL_INVOLVED,STWD_VEHTYPE_AT_FAULT,CHP_VEHTYPE_AT_FAULT,COUNT_SEVERE_INJ,COUNT_VISIBLE_INJ,COUNT_COMPLAINT_PAIN,COUNT_PED_KILLED,COUNT_PED_INJURED,COUNT_BICYCLIST_KILLED,COUNT_BICYCLIST_INJURED,COUNT_MC_KILLED,COUNT_MC_INJURED,PRIMARY_RAMP,SECONDARY_RAMP,LATITUDE,LONGITUDE,COUNTY,CITY,POINT_X,POINT_Y
8016311,2016,2016-04-18,1942,2016-04-01,1000,38273,1754,5,5,7,1942,0,0,0,Q,0,21TL67,RESEDA BL,DEVONSHIRE ST,450,S,N,A,-,N,NA,NA,NA,NA,NA,NA,NA,NA,NA,N,4,0,1,2,A,-,08,22107,NA,M,D,G,A,A,H,-,A,D,0,NA,Y,NA,NA,Y,NA,-,99,0,0,1,0,0,0,1,0,0,-,-,NA,NA,LOS ANGELES,LOS ANGELES,-118.53609,34.25602559
8016318,2016,2016-04-15,1955,2016-03-19,1807,41138,0077,6,5,6,1955,0,0,0,NA,0,005,MISSION BL,HUMANE WY,0,NA,Y,A,-,N,NA,NA,NA,NA,NA,NA,NA,NA,NA,Y,4,0,2,2,A,-,01,23152,A,F,D,C,A,A,H,-,A,A,0,NA,NA,NA,NA,Y,Y,D,22,0,0,2,0,0,0,0,0,0,-,-,NA,NA,LOS ANGELES,POMONA,-117.78962007,34.052280090000004
8016319,2016,2016-04-21,1942,2016-03-30,1820,42044,1001,3,5,7,1942,0,0,0,J,0,10X18,BALBOA BL,STAGG ST,0,NA,Y,A,-,N,NA,NA,NA,NA,NA,NA,NA,NA,NA,N,3,0,1,2,A,-,10,21950,A,N,G,B,B,A,H,-,B,A,0,Y,NA,NA,NA,Y,NA,D,22,0,1,0,0,1,0,0,0,0,-,-,NA,NA,LOS ANGELES,LOS ANGELES,-118.50136007,34.2120501
8016324,2016,2016-04-13,1942,2016-03-29,2000,41397,1025,2,5,7,1942,0,0,0,J,0,21T65,ETIWANDA AV,VANOWEN ST,27,S,N,A,-,N,NA,NA,NA,NA,NA,NA,NA,NA,NA,N,4,0,1,2,A,-,10,21950,A,N,G,B,B,A,H,-,C,A,0,Y,NA,NA,NA,Y,NA,A,01,0,0,1,0,1,0,0,0,0,-,-,NA,NA,LOS ANGELES,LOS ANGELES,-118.53167815,34.19379595
8016328,2016,2016-04-13,1942,2016-03-27,2355,41128,1798,7,5,7,1942,0,0,0,Q,0,17A95,WOODLEY AV,WOODLEY AV 8942,0,NA,-,A,-,N,NA,NA,NA,NA,NA,NA,NA,NA,NA,Y,4,0,1,4,A,-,01,23152,A,N,C,E,A,A,H,-,C,D,0,NA,NA,NA,NA,Y,Y,A,01,0,0,1,0,0,0,0,0,0,-,-,NA,NA,LOS ANGELES,LOS ANGELES,-118.485076,34.233339
8016329,2016,2016-04-15,1900,2016-04-04,1120,223258,0532,1,5,5,1959,0,0,0,NA,0,53AAMS,SAN GABRIEL BL,GARVEY AV,270,N,N,A,-,N,NA,NA,NA,NA,NA,NA,NA,NA,NA,N,4,0,1,2,A,-,07,21658,A,N,D,C,A,A,H,-,A,D,0,NA,NA,NA,NA,Y,NA,A,01,0,0,1,0,0,0,0,0,0,-,-,NA,NA,LOS ANGELES,ROSEMEAD,-118.09052,34.06338029
8016331,2016,2016-08-12,1942,2016-03-30,1215,38480,1063,3,5,7,1942,0,0,0,J,0,1063,PHILIPRIMM ST,WILBUR AV,0,NA,Y,A,-,N,NA,NA,NA,NA,NA,NA,NA,NA,NA,N,4,0,2,2,A,-,09,21801,A,N,B,C,A,A,H,-,A,D,0,NA,NA,NA,NA,Y,NA,A,01,0,0,2,0,0,0,0,0,0,-,-,NA,NA,LOS ANGELES,LOS ANGELES,-118.54470009,34.17303012
8016332,2016,2016-04-13,1942,2016-03-28,1145,41763,NA,1,5,7,1942,0,0,0,NA,0,17A95,LINDLEY AV,KINZIE ST,60,S,N,A,-,N,NA,NA,NA,NA,NA,NA,NA,NA,NA,Y,4,0,1,3,A,-,08,22102,NA,N,D,C,A,A,H,-,C,D,0,NA,NA,NA,NA,Y,NA,A,01,0,0,1,0,0,0,0,0,0,-,-,NA,NA,LOS ANGELES,LOS ANGELES,-118.52734274,34.24802543
8016333,2016,2016-04-15,1900,2016-04-06,1045,525140,0524,3,5,4,1971,0,0,0,NA,0,52T14U,LOWER AZUSA RD,GLICKMAN AV,0,NA,Y,A,-,N,NA,NA,NA,NA,NA,NA,NA,NA,NA,N,4,0,1,2,A,-,05,21650,1,N,H,G,A,A,H,-,A,A,0,NA,Y,NA,NA,Y,NA,L,04,0,0,1,0,0,0,1,0,0,-,-,NA,NA,LOS ANGELES,TEMPLE CITY,-118.04451011,34.09134001
8016336,2016,2016-04-13,1942,2016-03-26,2325,37162,1715,6,5,7,1942,0,0,0,Q,0,17A35,SESNON BL,CASCADE CANYON DR,0,NA,Y,A,-,N,NA,NA,NA,NA,NA,NA,NA,NA,NA,Y,4,0,1,2,A,-,12,22450,A,N,D,C,A,A,H,-,C,D,0,NA,NA,NA,NA,Y,NA,A,01,0,0,1,0,0,0,0,0,0,-,-,NA,NA,LOS ANGELES,LOS ANGELES,-118.52424011,34.29994008
8016340,2016,2016-04-14,1942,2016-03-23,0815,35592,1723,3,5,7,1942,0,0,0,Q,0,17A23,PLUMMER ST,OWENSMOUTH AV,800,E,N,A,-,N,NA,NA,NA,NA,NA,NA,NA,NA,NA,Y,4,0,1,2,A,-,17,21663,NA,N,D,E,A,A,H,-,A,D,0,NA,NA,NA,NA,Y,NA,A,01,0,0,1,0,0,0,0,0,0,-,-,NA,NA,LOS ANGELES,LOS ANGELES,-118.59951735,34.24273
8016344,2016,2016-04-14,1942,2016-03-24,1600,35175,1727,4,5,7,1942,0,0,0,Q,0,17X82,TAMPA AV,CHATSWORTH ST,25,N,N,A,-,N,NA,NA,NA,NA,NA,NA,NA,NA,NA,Y,4,0,1,3,A,-,09,21801,A,N,B,C,A,A,H,-,A,A,0,NA,NA,NA,NA,Y,NA,A,01,0,0,1,0,0,0,0,0,0,-,-,NA,NA,LOS ANGELES,LOS ANGELES,-118.55528,34.26632858
8016371,2016,2016-04-13,1942,2016-03-15,0750,33361,1794,2,5,7,1942,0,0,0,Q,0,17A95,ROSCOE BL,ROSCOE BL 18350,0,NA,-,A,-,N,NA,NA,NA,NA,NA,NA,NA,NA,NA,N,3,0,2,2,A,-,09,21804,A,N,B,C,A,A,H,-,A,A,0,NA,NA,NA,NA,Y,NA,A,07,0,1,1,0,0,0,0,0,0,-,-,NA,NA,LOS ANGELES,LOS ANGELES,NA,NA
8016374,2016,2016-04-14,1942,2016-04-04,1215,38613,1088,1,5,7,1942,0,0,0,J,0,15T44,BALBOA BL,VENTURA BL,10,N,N,A,-,N,NA,NA,NA,NA,NA,NA,NA,NA,NA,N,4,0,1,2,A,-,07,21658,A,F,B,C,A,A,H,-,A,-,0,NA,NA,NA,NA,Y,NA,-,99,0,0,1,0,0,0,0,0,0,-,-,NA,NA,LOS ANGELES,LOS ANGELES,-118.50110459,34.15928706
8016375,2016,2016-04-13,1942,2016-03-25,1550,40636,1088,5,5,7,1942,0,0,0,J,0,10A17,VENTURA BL,PETIT AV,150,E,N,A,-,N,NA,NA,NA,NA,NA,NA,NA,NA,NA,N,4,0,1,2,A,-,04,21703,NA,N,C,C,A,A,H,-,A,A,0,NA,NA,NA,NA,Y,NA,A,01,0,0,1,0,0,0,0,0,0,-,-,NA,NA,LOS ANGELES,LOS ANGELES,-118.4955922,34.15801031
8016376,2016,2016-04-13,1942,2016-03-21,1845,40547,1772,1,5,7,1942,0,0,0,Q,0,17X66,OAKDALE AV,CITRONIA,0,NA,Y,A,-,N,NA,NA,NA,NA,NA,NA,NA,NA,NA,Y,3,0,1,2,A,-,05,21651,A,N,A,C,A,A,H,-,A,D,0,NA,NA,NA,NA,Y,NA,A,01,0,1,0,0,0,0,0,0,0,-,-,NA,NA,LOS ANGELES,LOS ANGELES,-118.56688007,34.2453501
8016378,2016,2016-04-14,1942,2016-04-05,0255,37304,1596,2,5,7,1942,0,0,0,O,0,9T53,VENTURA BL,VINELAND AV,50,E,N,A,-,N,NA,NA,NA,NA,NA,NA,NA,NA,NA,Y,3,0,1,1,A,-,01,23152,A,N,E,I,A,A,H,-,C,D,0,NA,NA,Y,NA,Y,Y,C,02,0,1,0,0,0,0,0,0,1,-,-,NA,NA,LOS ANGELES,LOS ANGELES,-118.37006052,34.14039204
8016379,2016,2016-08-12,1942,2016-03-27,1940,41293,1001,7,5,7,1942,0,0,0,J,0,10A3,TAMPA AV,ROSCOE BL,0,NA,-,A,-,N,NA,NA,NA,NA,NA,NA,NA,NA,NA,Y,4,0,2,2,A,-,09,21801,A,N,A,C,A,A,H,-,C,A,0,NA,NA,NA,NA,Y,NA,A,01,0,0,2,0,0,0,0,0,0,-,-,NA,NA,LOS ANGELES,LOS ANGELES,-118.55351004,34.22048007
8016380,2016,2016-04-13,1955,2016-03-29,1555,30060,0074,2,5,6,1955,0,0,0,NA,0,005,VILLAGE LOOP RD,PHILLIPS RANCH RD,0,NA,Y,A,-,N,NA,NA,NA,NA,NA,NA,NA,NA,NA,Y,4,0,1,2,A,-,12,21453,A,N,D,C,A,A,H,-,A,A,0,NA,NA,NA,NA,Y,NA,A,01,0,0,1,0,0,0,0,0,0,-,-,NA,NA,LOS ANGELES,POMONA,-117.77229002,34.02887002
8016382,2016,2016-04-19,1942,2016-04-04,1330,33779,1063,1,5,7,1942,0,0,0,J,0,15T44,CLARK ST,RESEDA BL,250,E,N,A,-,N,NA,NA,NA,NA,NA,NA,NA,NA,NA,N,4,0,1,2,A,-,08,22102,NA,N,D,C,A,A,H,-,A,A,0,NA,NA,NA,NA,Y,NA,A,07,0,0,1,0,0,0,0,0,0,-,-,NA,NA,LOS ANGELES,LOS ANGELES,-118.536,34.17037
8016383,2016,2016-04-13,1942,2016-03-28,1750,39301,1028,1,5,7,1942,0,0,0,J,0,10X28,FORBES AV,SHERMAN WY,0,NA,Y,A,-,N,NA,NA,NA,NA,NA,NA,NA,NA,NA,N,3,0,1,2,A,-,09,21804,A,N,G,G,A,A,H,-,A,D,0,NA,Y,NA,NA,Y,NA,L,04,0,1,0,0,0,0,1,0,0,-,-,NA,NA,LOS ANGELES,LOS ANGELES,-118.49895011,34.20122005
8016384,2016,2016-04-13,1955,2016-03-31,1631,40632,0043,4,5,6,1955,0,0,0,NA,0,001,FAIRPLEX DR,AVALON AV,0,NA,Y,A,-,N,NA,NA,NA,NA,NA,NA,NA,NA,NA,Y,3,0,1,1,A,-,12,21453,A,N,A,I,A,A,H,-,A,A,0,NA,NA,NA,NA,Y,NA,A,01,0,1,0,0,0,0,0,0,0,-,-,NA,NA,LOS ANGELES,POMONA,-117.78771002,34.06703006
8016386,2016,2016-04-14,1942,2016-04-02,1440,34436,1079,6,5,7,1942,0,0,0,J,0,15TL42,VENTURA BL,SHERMAN OAKS AV,115,W,N,A,-,N,NA,NA,NA,NA,NA,NA,NA,NA,NA,N,3,0,1,2,A,-,08,22100,A,N,B,C,A,A,H,-,A,D,0,NA,NA,NA,NA,Y,NA,A,01,0,1,0,0,0,0,0,0,0,-,-,NA,NA,LOS ANGELES,LOS ANGELES,-118.46933203,34.15433201
8016387,2016,2016-04-13,1942,2016-03-26,1555,36599,1028,6,5,7,1942,0,0,0,J,0,9TL54,FORBES AV,VANOWEN ST,5,S,N,A,-,N,NA,NA,NA,NA,NA,NA,NA,NA,NA,N,3,0,1,2,A,-,05,21650,1,N,D,G,A,A,H,-,A,A,0,NA,Y,NA,NA,Y,NA,L,04,0,1,0,0,0,0,1,0,0,-,-,NA,NA,LOS ANGELES,LOS ANGELES,-118.49895,34.19388629
8016390,2016,2016-04-15,1942,2016-04-04,1850,40290,1001,1,5,7,1942,0,0,0,J,0,2T65,TAMPA AV,STRATHERN ST,0,NA,Y,A,-,N,NA,NA,NA,NA,NA,NA,NA,NA,NA,N,3,0,2,2,A,-,09,21801,A,N,D,C,A,A,H,-,C,A,0,NA,NA,NA,NA,Y,NA,A,01,0,2,0,0,0,0,0,0,0,-,-,NA,NA,LOS ANGELES,LOS ANGELES,-118.55352003,34.21564001
8016391,2016,2016-04-13,1942,2016-03-13,2020,40337,1061,7,5,7,1942,0,0,0,J,0,16TL23,VENTURA BL,CORBIN AV,815,E,N,A,-,N,NA,NA,NA,NA,NA,NA,NA,NA,NA,Y,3,0,3,2,A,-,07,21658,A,N,C,C,A,A,H,-,C,D,0,NA,NA,NA,NA,Y,NA,A,01,0,2,1,0,0,0,0,0,0,-,-,NA,NA,LOS ANGELES,LOS ANGELES,-118.55955095,34.17278393
8016394,2016,2016-04-14,1942,2016-04-02,1540,40193,1779,6,5,7,1942,0,0,0,Q,0,17TL14,LASSEN ST,AQUEDUCT AV,0,NA,Y,A,-,N,NA,NA,NA,NA,NA,NA,NA,NA,NA,Y,3,0,3,2,A,-,03,22350,NA,N,D,C,A,A,H,-,A,D,0,NA,NA,NA,NA,Y,NA,A,01,0,1,2,0,0,0,0,0,0,-,-,NA,NA,LOS ANGELES,LOS ANGELES,-118.47402013,34.25008004
8016395,2016,2016-04-13,1942,2016-03-31,0714,39410,1039,4,5,7,1942,0,0,0,J,0,9T73W2,VANOWEN ST,GLORIA AV,0,NA,Y,A,-,N,NA,NA,NA,NA,NA,NA,NA,NA,NA,Y,3,0,1,2,A,-,10,21950,A,N,G,B,B,A,H,-,A,A,0,Y,NA,NA,NA,Y,NA,A,01,0,1,0,0,1,0,0,0,0,-,-,NA,NA,LOS ANGELES,LOS ANGELES,-118.47930013,34.19391001
8016399,2016,2016-04-13,1942,2016-03-31,1030,38273,1077,4,5,7,1942,0,0,0,J,0,21TL67,VENTURA BL,BALBOA BL,10,E,N,A,-,N,NA,NA,NA,NA,NA,NA,NA,NA,NA,N,4,0,1,2,A,-,10,21950,A,N,G,B,B,A,H,-,A,A,0,Y,NA,NA,NA,Y,NA,A,01,0,0,1,0,1,0,0,0,0,-,-,NA,NA,LOS ANGELES,LOS ANGELES,-118.5010782,34.15925266
8016406,2016,2016-04-13,1955,2016-03-12,1143,41971,0016,6,5,6,1955,0,0,0,NA,0,003,INDIAN HILL BL,HOOVER AV,40,S,N,A,-,N,NA,NA,NA,NA,NA,NA,NA,NA,NA,N,4,0,2,2,A,-,03,22350,NA,N,C,C,A,A,H,-,A,D,0,NA,NA,NA,NA,Y,NA,A,01,0,0,2,0,0,0,0,0,0,-,-,NA,NA,LOS ANGELES,POMONA,-117.71924114,34.07335037
8016457,2016,2016-04-13,1900,2016-02-27,2154,523692,1622,6,5,5,1977,0,0,0,NA,0,167T1,ALAMEDA ST,MADISON ST,0,NA,Y,A,-,N,NA,NA,NA,NA,NA,NA,NA,NA,NA,Y,4,0,1,1,A,-,03,22350,NA,N,H,A,A,A,H,-,C,D,0,NA,NA,Y,NA,Y,NA,C,02,0,0,1,0,0,0,0,0,1,-,-,NA,NA,LOS ANGELES,CARSON,-118.2247901,33.83478005
8016473,2016,2016-04-14,1900,2016-02-14,2320,516853,1432,7,5,4,1937,0,0,0,NA,0,143T2,GLENDORA AV,TEMPLE AV,0,NA,Y,A,-,N,NA,NA,NA,NA,NA,NA,NA,NA,NA,Y,2,0,3,2,A,-,12,21453,A,N,D,C,A,A,H,-,C,A,0,NA,NA,NA,NA,Y,NA,A,01,1,1,1,0,0,0,0,0,0,-,-,34.02813,-117.95077,LOS ANGELES,LA PUENTE,-117.95080006,34.02808003
8016477,2016,2016-04-14,1900,2016-02-29,1610,531276,1434,1,5,4,1937,0,0,0,NA,0,143T1,VALLEY BL,HOFGAARDEN ST,883,W,N,A,-,N,NA,NA,NA,NA,NA,NA,NA,NA,NA,N,2,0,1,2,A,-,11,21956,A,N,G,B,E,A,H,-,A,D,0,Y,NA,NA,NA,Y,NA,N,60,1,0,0,0,1,0,0,0,0,-,-,NA,NA,LOS ANGELES,LA PUENTE,-117.94662504,34.01530964
8016508,2016,2016-04-13,1900,2016-03-17,1530,406363,1414,4,5,1,1932,0,0,0,NA,0,141T5,PROCTOR AV,9TH AV,900,W,N,A,-,N,NA,NA,NA,NA,NA,NA,NA,NA,NA,Y,4,0,1,2,A,-,09,21801,A,N,D,C,A,A,H,-,A,D,0,NA,NA,NA,NA,Y,NA,A,07,0,0,1,0,0,0,0,0,0,-,-,34.02839,-117.9725,LOS ANGELES,INDUSTRY,-117.97293111,34.02874523
8016512,2016,2016-08-26,1900,2016-03-19,0930,270471,1410,6,5,1,1932,0,0,0,NA,0,141T3D,PELLISSIER PL,RT 605,1070,E,N,A,-,N,NA,NA,NA,NA,NA,NA,NA,NA,NA,N,3,0,1,1,A,-,03,22350,NA,N,E,I,A,A,H,-,A,D,0,NA,NA,NA,NA,Y,NA,A,07,0,1,0,0,0,0,0,0,0,-,-,NA,NA,LOS ANGELES,INDUSTRY,-118.033233,34.029198
8016516,2016,2016-04-13,1900,2016-03-21,0815,232758,1414,1,5,1,1932,0,0,0,NA,0,141T2,VALLEY BL,HACIENDA BL,26,E,N,B,-,N,NA,NA,NA,NA,NA,NA,NA,NA,NA,Y,4,0,2,2,A,-,04,21703,NA,N,C,C,A,A,H,-,A,A,0,NA,NA,NA,NA,Y,NA,A,01,0,0,2,0,0,0,0,0,0,-,-,NA,NA,LOS ANGELES,INDUSTRY,-117.95816855,34.01976037
8016520,2016,2016-04-13,1900,2016-03-22,1810,451502,1432,2,5,4,1937,0,0,0,NA,0,143T1P,AMAR RD,MOLINAR AV,66,W,N,A,-,N,NA,NA,NA,NA,NA,NA,NA,NA,NA,N,4,0,3,2,A,-,03,22350,NA,N,C,C,A,A,H,-,A,A,0,NA,NA,NA,NA,Y,NA,A,01,0,0,3,0,0,0,0,0,0,-,-,34.03676,-117.94445,LOS ANGELES,LA PUENTE,-117.94477666,34.03686434
8016524,2016,2016-04-13,1900,2016-03-24,1810,406363,1418,4,5,1,1932,0,0,0,NA,0,141T5,AZUSA AV,RAILROAD ST,48,S,N,A,-,N,NA,NA,NA,NA,NA,NA,NA,NA,NA,Y,4,0,1,2,A,-,03,22350,NA,N,C,C,A,A,H,-,A,A,0,NA,NA,NA,NA,Y,NA,A,01,0,0,1,0,0,0,0,0,0,-,-,NA,NA,LOS ANGELES,INDUSTRY,-117.93040696,34.00375917
8016528,2016,2016-04-13,1900,2016-03-05,0856,442430,1450,6,5,2,1999,0,0,0,NA,0,145K4,DOROTHEA RD,AVOCADO CREST RD,1000,W,N,A,-,N,NA,NA,NA,NA,NA,NA,NA,NA,NA,Y,3,0,1,2,A,-,03,22350,NA,N,A,G,A,A,B,H,A,D,0,NA,Y,NA,NA,Y,NA,L,04,0,1,0,0,0,0,1,0,0,-,-,33.95598,-117.9304,LOS ANGELES,LA HABRA HEIGHTS,-117.94163607,33.95518636
8016536,2016,2016-04-12,1900,2016-03-28,1545,534558,0532,1,5,5,1959,0,0,0,NA,0,53PM,JACKSON AV,EMERSON PL,6,S,N,A,-,N,NA,NA,NA,NA,NA,NA,NA,NA,NA,N,4,0,1,2,A,-,05,21650,1,N,D,G,A,A,H,-,A,A,0,NA,Y,NA,NA,Y,NA,L,04,0,0,1,0,0,0,1,0,0,-,-,NA,NA,LOS ANGELES,ROSEMEAD,-118.1037496,34.06621355
8016569,2016,2016-04-14,1900,2016-03-10,1450,528678,1514,4,5,5,1954,0,0,0,NA,0,151T1D,PASSONS BL,ALMO ST,2,E,N,A,-,N,NA,NA,NA,NA,NA,NA,NA,NA,NA,N,4,0,1,2,A,-,12,22450,A,M,D,C,A,A,H,-,A,-,0,NA,NA,NA,NA,Y,NA,A,01,0,0,1,0,0,0,0,0,0,-,-,NA,NA,LOS ANGELES,PICO RIVERA,-118.07947696,33.99612486
8016582,2016,2016-04-13,1900,2016-03-25,2045,499039,1511,5,5,5,1954,0,0,0,NA,0,151T3,BEVERLY BL,ABBEYWOOD AV,245,E,N,A,-,N,NA,NA,NA,NA,NA,NA,NA,NA,NA,N,4,0,3,2,A,-,04,21703,NA,M,C,C,A,A,H,-,C,D,0,NA,NA,NA,NA,Y,NA,A,01,0,0,3,0,0,0,0,0,0,-,-,NA,NA,LOS ANGELES,PICO RIVERA,-118.06612037,34.00583506
8016722,2016,2016-04-12,1942,2016-03-26,1440,40119,1517,6,5,7,1942,0,0,0,O,0,21TL64,BAKMAN AV,VANOWEN ST,228,S,N,A,-,N,NA,NA,NA,NA,NA,NA,NA,NA,NA,N,2,0,1,2,A,-,09,21804,A,N,B,G,A,A,H,-,A,D,0,NA,Y,NA,NA,Y,NA,L,04,1,0,0,0,0,0,1,0,0,-,-,NA,NA,LOS ANGELES,LOS ANGELES,-118.37794703,34.19332468
8016726,2016,2016-04-12,1942,2016-03-20,1710,39335,1668,7,5,7,1942,0,0,0,P,0,9TL56,TUJUNGA CANYON,LA TUNA CANYON,65,S,N,A,-,N,NA,NA,NA,NA,NA,NA,NA,NA,NA,Y,3,0,2,2,A,-,08,22107,NA,N,D,C,A,A,H,-,A,D,0,NA,NA,NA,NA,Y,NA,A,01,0,1,1,0,0,0,0,0,0,-,-,NA,NA,LOS ANGELES,LOS ANGELES,-118.27029,34.23402
8016730,2016,2016-04-15,1942,2016-03-24,2230,39819,1589,4,5,7,1942,0,0,0,O,0,15A21,STRATHERN ST,NAGLE AV,15,E,N,A,-,N,NA,NA,NA,NA,NA,NA,NA,NA,NA,N,4,0,2,2,A,-,03,22350,NA,F,C,C,A,A,H,-,C,A,0,NA,NA,NA,NA,Y,NA,A,01,0,0,2,0,0,0,0,0,0,-,-,NA,NA,LOS ANGELES,LOS ANGELES,-118.42268048,34.2158905
8016731,2016,2017-02-10,1900,2016-03-28,0925,516682,531,1,5,5,1959,0,0,0,NA,0,53AAM,RT 164,VALLEY BL,0,NA,Y,B,-,Y,LA,7,164,-,-,6.21,H,-,S,Y,3,0,1,2,D,-,00,NA,NA,N,B,C,A,A,H,-,A,A,0,NA,NA,Y,NA,Y,NA,-,-,0,1,0,0,0,0,0,0,1,-,-,NA,NA,LOS ANGELES,ROSEMEAD,-118.07326824,34.08073659
8016734,2016,2016-04-15,1942,2016-03-25,0945,40383,1521,5,5,7,1942,0,0,0,O,0,21T65,SHERMAN WY,FULTON AV,0,NA,Y,A,-,N,NA,NA,NA,NA,NA,NA,NA,NA,NA,N,4,0,1,2,A,-,12,21453,A,N,A,C,A,A,H,-,A,A,0,NA,NA,Y,NA,Y,NA,-,-,0,0,1,0,0,0,0,0,1,-,-,NA,NA,LOS ANGELES,LOS ANGELES,-118.42254001,34.20120004
8016735,2016,2017-02-10,1942,2016-03-21,1630,39335,1952,1,5,7,1942,0,0,0,NA,0,9TL56,DEVONSHIRE ST,BLUCHER AV,206,E,N,A,-,Y,LA,7,405,-,-,46.286,R,4,S,Y,2,0,1,1,A,-,05,21460,NA,N,A,I,A,A,H,-,A,D,0,NA,NA,NA,NA,Y,NA,A,01,1,0,0,0,0,0,0,0,0,-,-,NA,NA,LOS ANGELES,LOS ANGELES,-118.47236208,34.25781631
8016738,2016,2016-04-14,1942,2016-03-15,1610,31934,0923,2,5,7,1942,0,0,0,I,0,17A35,VICTORY BL,NOBLE AV,250,E,N,A,-,N,NA,NA,NA,NA,NA,NA,NA,NA,NA,N,4,0,3,2,A,-,09,21801,A,N,D,C,A,A,H,-,A,D,0,NA,NA,NA,NA,Y,NA,A,01,0,0,3,0,0,0,0,0,0,-,-,NA,NA,LOS ANGELES,LOS ANGELES,-118.46102483,34.18665102
8016739,2016,2016-08-15,1900,2016-03-05,2210,532437,524,6,5,4,1971,0,0,0,NA,0,52T1EM,RT 164,PENTLAND ST,0,NA,Y,C,-,N,NA,NA,NA,NA,NA,NA,NA,NA,NA,Y,4,0,3,2,A,-,03,22350,NA,N,C,C,A,B,H,-,C,A,0,NA,NA,NA,NA,Y,NA,A,01,0,0,3,0,0,0,0,0,0,-,-,NA,NA,LOS ANGELES,TEMPLE CITY,-118.073292,34.093389
8016742,2016,2016-04-12,1942,2016-03-29,2240,27792,1505,2,5,7,1942,0,0,0,O,0,19TL35,BECK AV,SATICOY ST,30,S,N,B,-,N,NA,NA,NA,NA,NA,NA,NA,NA,NA,Y,4,0,2,2,A,-,04,21703,NA,F,C,C,A,A,H,-,C,A,0,NA,NA,NA,NA,Y,NA,A,01,0,0,2,0,0,0,0,0,0,-,-,NA,NA,LOS ANGELES,LOS ANGELES,-118.38343,34.20838772
8016743,2016,2017-02-09,1900,2016-03-24,1800,524061,560,4,5,3,1968,0,0,0,NA,0,55T1PM,GARVEY AV,RT 164,15,S,N,A,-,Y,LA,7,164,-,-,4.8,H,-,N,N,4,0,1,2,A,-,04,21703,NA,N,C,C,A,A,H,-,A,A,0,NA,NA,NA,NA,Y,NA,A,08,0,0,1,0,0,0,0,0,0,-,-,NA,NA,LOS ANGELES,SOUTH EL MONTE,-118.06524115,34.06258434
8016746,2016,2016-04-12,1942,2016-03-29,0715,30452,2139,2,5,7,1942,0,0,0,NA,0,9TL53,VALERIO ST,OAKDALE AV,0,NA,Y,A,-,N,NA,NA,NA,NA,NA,NA,NA,NA,NA,N,2,0,1,2,A,-,10,21950,A,F,G,B,B,A,H,-,A,A,0,Y,NA,NA,NA,Y,NA,-,99,1,0,0,0,1,0,0,0,0,-,-,NA,NA,LOS ANGELES,LOS ANGELES,-118.56710006,34.20471002
8016758,2016,2016-04-18,1942,2016-03-20,2040,41056,1232,7,5,7,1942,0,0,0,L,0,12T41,60TH ST,10TH AV,23,W,N,A,-,N,NA,NA,NA,NA,NA,NA,NA,NA,NA,N,3,0,1,2,A,-,05,21650,NA,M,D,G,A,A,H,-,C,-,0,NA,Y,NA,NA,Y,NA,L,04,0,1,0,0,0,0,1,0,0,-,-,NA,NA,LOS ANGELES,LOS ANGELES,-118.32866569,33.98541806
8016760,2016,2016-04-12,1942,2016-03-26,2045,36542,1656,6,5,7,1942,0,0,0,P,0,9T53W3,SUNLAND BL,FENWICK ST,0,NA,Y,A,-,N,NA,NA,NA,NA,NA,NA,NA,NA,NA,Y,4,0,1,1,A,-,03,22350,NA,N,E,I,A,A,H,-,C,A,0,NA,NA,NA,NA,Y,NA,A,07,0,0,1,0,0,0,0,0,0,-,-,NA,NA,LOS ANGELES,LOS ANGELES,-118.32816004,34.25976004