CASE_ID,ACCIDENT_YEAR,PROC_DATE,JURIS,COLLISION_DATE,COLLISION_TIME,OFFICER_ID,REPORTING_DISTRICT,DAY_OF_WEEK,CHP_SHIFT,POPULATION,CNTY_CITY_LOC,SPECIAL_COND,BEAT_TYPE,CHP_BEAT_TYPE,CITY_DIVISION_LAPD,CHP_BEAT_CLASS,BEAT_NUMBER,PRIMARY_RD,SECONDARY_RD,DISTANCE,DIRECTION,INTERSECTION,WEATHER_1,WEATHER_2,STATE_HWY_IND,CALTRANS_COUNTY,CALTRANS_DISTRICT,STATE_ROUTE,ROUTE_SUFFIX,POSTMILE_PREFIX,POSTMILE,LOCATION_TYPE,RAMP_INTERSECTION,SIDE_OF_HWY,TOW_AWAY,COLLISION_SEVERITY,NUMBER_KILLED,NUMBER_INJURED,PARTY_COUNT,PRIMARY_COLL_FACTOR,PCF_CODE_OF_VIOL,PCF_VIOL_CATEGORY,PCF_VIOLATION,PCF_VIOL_SUBSECTION,HIT_AND_RUN,TYPE_OF_COLLISION,MVIW,PED_ACTION,ROAD_SURFACE,ROAD_COND_1,ROAD_COND_2,LIGHTING,CONTROL_DEVICE,CHP_ROAD_TYPE,PEDESTRIAN_ACCIDENT,BICYCLE_ACCIDENT,MOTORCYCLE_ACCIDENT,TRUCK_ACCIDENT,NOT_PRIVATE_PROPERTY,ALCOHOL_INVOLVED,STWD_VEHTYPE_AT_FAULT,CHP_VEHTYPE_AT_FAULT,COUNT_SEVERE_INJ,COUNT_VISIBLE_INJ,COUNT_COMPLAINT_PAIN,COUNT_PED_KILLED,COUNT_PED_INJURED,COUNT_BICYCLIST_KILLED,COUNT_BICYCLIST_INJURED,COUNT_MC_KILLED,COUNT_MC_INJURED,PRIMARY_RAMP,SECONDARY_RAMP,LATITUDE,LONGITUDE,COUNTY,CITY,POINT_X,POINT_Y
8018990,2016,2016-05-03,1900,2016-04-14,2026,510509,1130,4,5,6,1992,0,0,0,NA,0,112T1,SIERRA HWY,AVENUE G,0,NA,Y,G,-,N,NA,NA,NA,NA,NA,NA,NA,NA,NA,Y,4,0,1,2,A,-,09,21804,A,N,B,C,A,A,H,-,D,D,0,NA,NA,NA,NA,Y,NA,D,22,0,0,1,0,0,0,0,0,0,-,-,NA,NA,LOS ANGELES,LANCASTER,-118.14223004,34.73338
8018992,2016,2016-04-28,1942,2016-04-09,2230,41587,0646,6,5,7,1942,0,0,0,F,0,6FB28,MORNINGSIDE CT,VINE ST,0,NA,Y,A,-,N,NA,NA,NA,NA,NA,NA,NA,NA,NA,N,4,0,1,2,A,-,10,21952,NA,N,G,B,F,A,H,-,C,D,0,Y,NA,NA,NA,Y,NA,A,01,0,0,1,0,1,0,0,0,0,-,-,NA,NA,LOS ANGELES,LOS ANGELES,NA,NA
8018994,2016,2016-05-03,1900,2016-04-07,1133,540658,1131,4,5,6,1992,0,0,0,NA,0,112T2,DIVISION ST,AVENUE H-8,23,S,N,A,-,N,NA,NA,NA,NA,NA,NA,NA,NA,NA,N,4,0,1,2,A,-,08,22102,NA,N,D,C,A,A,H,-,A,D,0,NA,NA,NA,NA,Y,NA,A,01,0,0,1,0,0,0,0,0,0,-,-,NA,NA,LOS ANGELES,LANCASTER,-118.1305387,34.71114694
8018995,2016,2016-04-28,1942,2016-04-09,1040,34959,0819,6,5,7,1942,0,0,0,H,0,20TL55,SUNSET BL,BEVERLY GLEN BL,206,E,N,C,-,N,NA,NA,NA,NA,NA,NA,NA,NA,NA,Y,3,0,2,2,A,-,05,21460,A,N,D,C,A,B,H,-,A,D,0,NA,NA,NA,NA,Y,NA,A,01,0,1,1,0,0,0,0,0,0,-,-,NA,NA,LOS ANGELES,LOS ANGELES,-118.43514717,34.08135133
8018999,2016,2016-04-28,1942,2016-04-07,1520,38118,818,4,5,7,1942,0,0,0,NA,0,20TL58,HILGARD AV,COMSTOCK AV,13,N,N,C,-,N,NA,NA,NA,NA,NA,NA,NA,NA,NA,Y,4,0,2,3,A,-,03,22350,NA,N,C,C,A,B,-,-,A,D,0,NA,NA,NA,NA,Y,NA,A,01,0,0,2,0,0,0,0,0,0,-,-,NA,NA,LOS ANGELES,LOS ANGELES,-118.43868145,34.07643436
8019001,2016,2016-05-03,1900,2016-04-19,2110,489533,0456,2,5,6,1949,0,0,0,NA,0,457,NORWALK BL,ALONDRA BL,0,NA,Y,A,-,N,NA,NA,NA,NA,NA,NA,NA,NA,NA,Y,4,0,2,2,A,-,12,21453,A,N,D,C,A,A,H,-,C,A,0,NA,NA,NA,NA,Y,NA,A,01,0,0,2,0,0,0,0,0,0,-,-,NA,NA,LOS ANGELES,NORWALK,-118.07285003,33.88774002
8019003,2016,2016-04-28,1942,2016-04-15,2100,25495,0773,5,5,7,1942,0,0,0,G,0,7T23,HAUSER BL,VENICE BL,150,N,N,A,-,N,NA,NA,NA,NA,NA,NA,NA,NA,NA,N,4,0,2,3,A,-,03,22350,NA,N,C,C,A,A,H,-,C,D,0,NA,NA,NA,NA,Y,NA,A,07,0,0,2,0,0,0,0,0,0,-,-,NA,NA,LOS ANGELES,LOS ANGELES,-118.35846845,34.04437412
8019008,2016,2016-04-28,1942,2016-04-14,0550,39930,0668,4,5,7,1942,0,0,0,F,0,6T7,WILTON PL,SUNSET BL,0,NA,Y,A,-,N,NA,NA,NA,NA,NA,NA,NA,NA,NA,N,4,0,1,2,A,-,10,21950,A,N,G,B,B,A,H,-,A,A,0,Y,NA,NA,NA,Y,NA,A,08,0,0,1,0,1,0,0,0,0,-,-,NA,NA,LOS ANGELES,LOS ANGELES,-118.31360013,34.09808009
8019011,2016,2016-04-28,1942,2016-04-15,2230,40157,0774,5,5,7,1942,0,0,0,G,0,14TL47,LA BREA AV,PICKFORD ST,95,S,N,A,-,N,NA,NA,NA,NA,NA,NA,NA,NA,NA,N,4,0,4,2,A,-,03,22350,NA,N,B,C,A,A,H,-,C,D,0,NA,NA,NA,NA,Y,NA,A,08,0,0,4,0,0,0,0,0,0,-,-,NA,NA,LOS ANGELES,LOS ANGELES,-118.34684671,34.04214219
8019012,2016,2016-04-28,1942,2016-04-14,2005,39299,0647,4,5,7,1942,0,0,0,F,0,20T59,VINE ST,SUNSET BL,255,N,N,A,-,N,NA,NA,NA,NA,NA,NA,NA,NA,NA,N,3,0,1,2,A,-,11,21954,A,N,G,B,D,A,H,-,C,D,0,Y,NA,NA,NA,Y,NA,N,60,0,1,0,0,1,0,0,0,0,-,-,NA,NA,LOS ANGELES,LOS ANGELES,-118.32664998,34.09870917
8019015,2016,2016-05-02,1909,2016-04-16,0236,577,1909,6,5,4,1909,0,0,0,NA,0,NORTH,FLORENCE AV,AJAX AV,5,E,N,A,-,N,NA,NA,NA,NA,NA,NA,NA,NA,NA,N,4,0,1,2,A,-,-,NA,NA,N,C,C,A,A,H,-,C,A,0,NA,NA,NA,NA,Y,NA,A,01,0,0,1,0,0,0,0,0,0,-,-,NA,NA,LOS ANGELES,BELL GARDENS,-118.16327361,33.96763879
8019016,2016,2016-04-28,1942,2016-04-07,0655,42017,0625,4,5,7,1942,0,0,0,F,0,6A45,CAHUENGA BL,PILGRIMAGE BRIDGE,480,S,N,B,-,N,NA,NA,NA,NA,NA,NA,NA,NA,NA,Y,4,0,1,1,A,-,08,22107,NA,N,E,I,A,A,H,-,A,D,0,NA,NA,NA,NA,Y,NA,A,01,0,0,1,0,0,0,0,0,0,-,-,NA,NA,LOS ANGELES,LOS ANGELES,-118.33265,34.1111
8019019,2016,2016-04-28,1909,2016-04-04,1745,541,1909,1,5,4,1909,0,0,0,NA,0,NORTH,EASTERN AV,WATCHER ST,11,N,N,A,-,N,NA,NA,NA,NA,NA,NA,NA,NA,NA,N,3,0,1,2,D,-,00,NA,NA,N,D,G,A,-,H,-,A,A,0,NA,Y,NA,NA,Y,NA,-,-,0,1,0,0,0,0,1,0,0,-,-,NA,NA,LOS ANGELES,BELL GARDENS,-118.16330562,33.97840994
8019020,2016,2016-04-28,1942,2016-04-07,2355,42286,0666,4,5,7,1942,0,0,0,F,0,6A79,SUNSET BL,IVAR,0,NA,Y,B,C,N,NA,NA,NA,NA,NA,NA,NA,NA,NA,N,4,0,1,3,A,-,12,21453,A,N,D,C,A,B,H,-,C,A,0,NA,NA,NA,NA,Y,NA,-,NA,0,0,1,0,0,0,0,0,0,-,-,NA,NA,LOS ANGELES,LOS ANGELES,-118.3288,34.09800009
8019024,2016,2016-04-28,1942,2016-04-10,1140,34959,0657,7,5,7,1942,0,0,0,F,0,20TL55,WILTON PL,ROMAINE ST,0,NA,Y,B,-,N,NA,NA,NA,NA,NA,NA,NA,NA,NA,N,3,0,1,2,A,-,09,21804,A,N,H,G,A,A,H,-,A,A,0,NA,Y,NA,NA,Y,NA,L,04,0,1,0,0,0,0,1,0,0,-,-,NA,NA,LOS ANGELES,LOS ANGELES,-118.31357002,34.08848001
8019028,2016,2016-04-29,1942,2016-04-13,1400,38717,1401,3,5,7,1942,0,0,0,N,0,14A1,OCEAN PARK BL,WESTGATE AV,10,E,N,A,-,N,NA,NA,NA,NA,NA,NA,NA,NA,NA,N,3,0,2,3,A,-,09,21801,A,N,D,C,A,A,H,-,A,D,0,NA,NA,Y,NA,Y,NA,-,-,0,1,1,0,0,0,0,0,1,-,-,NA,NA,LOS ANGELES,LOS ANGELES,-118.44460472,34.02535759
8019032,2016,2016-04-28,1942,2016-04-10,0305,41355,625,7,5,7,1942,0,0,0,NA,0,6A77,CAHUENGA TR,PILGRIMAGE,66,S,N,A,-,N,NA,NA,NA,NA,NA,NA,NA,NA,NA,Y,2,0,1,1,A,-,01,23152,A,N,A,I,A,A,H,-,C,D,0,NA,NA,NA,NA,Y,Y,A,01,1,0,0,0,0,0,0,0,0,-,-,NA,NA,LOS ANGELES,LOS ANGELES,-118.3329976,34.11198225
8019035,2016,2016-04-28,1909,2016-04-06,1448,560,1909,3,5,4,1909,0,0,0,NA,0,SOUTH,LIVE OAK ST,EASTERN AV,0,NA,Y,A,-,N,NA,NA,NA,NA,NA,NA,NA,NA,NA,N,3,0,1,2,A,-,10,21950,A,F,G,B,B,A,H,-,A,A,0,Y,NA,NA,NA,Y,NA,A,NA,0,1,0,0,1,0,0,0,0,-,-,NA,NA,LOS ANGELES,BELL GARDENS,-118.16512012,33.96576005
8019036,2016,2016-04-28,1942,2016-04-12,1835,42075,0663,2,5,7,1942,0,0,0,F,0,6A48,SYCAMORE AV,LEXINGTON AV,0,NA,Y,A,-,N,NA,NA,NA,NA,NA,NA,NA,NA,NA,N,3,0,1,2,-,-,-,NA,NA,N,G,B,B,A,H,-,A,D,0,Y,NA,NA,NA,Y,NA,-,-,0,1,0,0,1,0,0,0,0,-,-,NA,NA,LOS ANGELES,LOS ANGELES,-118.34282007,34.09258011
8019040,2016,2016-04-28,1942,2016-04-06,0750,3999,0677,3,5,7,1942,0,0,0,F,0,6TL7,MELROSE AV,WINDSOR BL,20,E,N,A,-,N,NA,NA,NA,NA,NA,NA,NA,NA,NA,N,3,0,1,2,A,-,03,22350,NA,N,C,C,A,A,H,-,A,A,0,NA,NA,NA,NA,Y,NA,A,01,0,1,0,0,0,0,0,0,0,-,-,NA,NA,LOS ANGELES,LOS ANGELES,-118.31948408,34.08351
8019125,2014,2016-04-22,9590,2014-06-24,2350,20708,NA,2,3,7,1942,0,1,1,NA,2,010,RT 110,RT 5,10,N,N,A,-,Y,LA,7,110,-,-,25.488,R,3,N,Y,3,0,1,1,A,-,08,22107,NA,N,E,I,A,A,H,-,D,D,1,NA,NA,Y,NA,Y,NA,C,02,0,1,0,0,0,0,0,0,1,TR,-,34.07089,-118.23117,LOS ANGELES,LOS ANGELES,-118.2268416,34.07951051
8019263,2016,2016-04-15,1942,2016-03-28,0950,41704,0343,1,5,7,1942,0,0,0,C,0,18T23,LA BREA AV,EXPOSITION BL,0,NA,Y,C,-,N,NA,NA,NA,NA,NA,NA,NA,NA,NA,N,4,0,1,2,A,-,09,21802,A,F,B,C,A,B,H,-,A,A,0,NA,NA,NA,NA,Y,NA,-,99,0,0,1,0,0,0,0,0,0,-,-,NA,NA,LOS ANGELES,LOS ANGELES,-118.3552201,34.02466012
8019298,2015,2016-04-18,1942,2015-11-24,0700,39397,0551,2,5,7,1942,0,0,0,E,0,3TL5,WESTERN AV,WEYMOUTH AV,0,NA,Y,A,-,N,NA,NA,NA,NA,NA,NA,NA,NA,NA,Y,4,0,1,2,A,-,09,21801,A,N,D,C,A,A,H,-,A,A,0,NA,NA,NA,NA,Y,NA,A,01,0,0,1,0,0,0,0,0,0,-,-,NA,NA,LOS ANGELES,LOS ANGELES,-118.31021007,33.74207008
8019306,2015,2016-04-15,1942,2015-11-22,1100,36659,0555,7,5,7,1942,0,0,0,E,0,5A85,UPLAND AV,MEYLER ST,6,E,N,A,-,N,NA,NA,NA,NA,NA,NA,NA,NA,NA,N,3,0,1,2,A,-,02,21654,A,N,G,B,B,A,H,-,A,A,0,Y,NA,NA,NA,Y,NA,N,60,0,1,0,0,1,0,0,0,0,-,-,NA,NA,LOS ANGELES,LOS ANGELES,-118.29670044,33.75003196
8019310,2015,2017-02-01,1942,2015-12-12,1420,39762,0516,6,5,7,1942,0,0,0,E,0,12T73,ISLAND AV,SOUTH PACIFIC COAST HWY,20,N,N,A,-,Y,LA,7,1,-,-,10.744,I,6,S,N,4,0,3,2,A,-,03,22350,NA,N,C,C,A,A,H,-,A,D,0,NA,NA,NA,NA,Y,NA,A,01,0,0,3,0,0,0,0,0,0,-,-,NA,NA,LOS ANGELES,LOS ANGELES,-118.26700716,33.79091258
8019316,2016,2016-04-15,1942,2016-02-12,1615,39762,351,5,5,7,1942,0,0,0,NA,0,3TL57,RODEO RD,LA BREA AV,300,E,N,A,-,N,NA,NA,NA,NA,NA,NA,NA,NA,NA,N,4,0,1,3,A,-,09,21804,A,F,D,C,A,A,H,-,A,A,0,NA,NA,NA,NA,Y,NA,A,01,0,0,1,0,0,0,0,0,0,-,-,NA,NA,LOS ANGELES,LOS ANGELES,-118.35462187,34.0215221
8019363,2016,2016-04-15,1942,2016-04-04,1620,40452,0891,1,5,7,1942,0,0,0,H,0,14TL52,PICO BL,BUNDY DR,0,NA,Y,A,-,N,NA,NA,NA,NA,NA,NA,NA,NA,NA,Y,4,0,5,3,A,-,03,22350,NA,N,C,C,A,A,H,-,A,A,0,NA,NA,NA,NA,Y,NA,A,01,0,0,5,0,0,0,0,0,0,-,-,NA,NA,LOS ANGELES,LOS ANGELES,-118.45020013,34.02937001
8019367,2016,2016-04-15,1942,2016-04-04,1445,40452,0858,1,5,7,1942,0,0,0,H,0,14TL52,ROBERTSON BL,AIRDROME ST,145,S,N,A,-,N,NA,NA,NA,NA,NA,NA,NA,NA,NA,Y,4,0,1,2,A,-,08,22107,NA,N,B,C,A,A,H,-,A,D,0,NA,NA,NA,NA,Y,NA,A,01,0,0,1,0,0,0,0,0,0,-,-,NA,NA,LOS ANGELES,LOS ANGELES,-118.38565377,34.04843853
8019371,2016,2016-04-15,1942,2016-04-05,1740,40452,08781,2,5,7,1942,0,0,0,H,0,14TL52,MISSOURI AV,BARRINGTON AV,0,NA,Y,A,-,N,NA,NA,NA,NA,NA,NA,NA,NA,NA,Y,3,0,5,2,A,-,09,21802,A,N,D,C,A,A,H,-,A,D,0,NA,NA,NA,NA,Y,NA,A,01,0,1,4,0,0,0,0,0,0,-,-,NA,NA,LOS ANGELES,LOS ANGELES,-118.45160012,34.03857008
8019375,2016,2016-04-15,1942,2016-04-05,1415,38013,0881,2,5,7,1942,0,0,0,H,0,8TL28,OLYMPIC BL,CENTINELA AV,0,NA,Y,A,-,N,NA,NA,NA,NA,NA,NA,NA,NA,NA,Y,4,0,1,2,A,-,09,21801,A,N,D,C,A,A,H,-,A,D,0,NA,NA,NA,NA,Y,NA,A,01,0,0,1,0,0,0,0,0,0,-,-,NA,NA,LOS ANGELES,LOS ANGELES,-118.45929004,34.03133002
8019379,2016,2016-04-15,1942,2016-04-05,1450,39065,0884,2,5,7,1942,0,0,0,H,0,8T26,SEPULVEDA BL,PICO BL,30,S,N,A,-,N,NA,NA,NA,NA,NA,NA,NA,NA,NA,N,4,0,1,2,A,-,21,22106,NA,N,C,C,A,A,H,-,A,A,0,NA,NA,NA,NA,Y,NA,A,07,0,0,1,0,0,0,0,0,0,-,-,NA,NA,LOS ANGELES,LOS ANGELES,-118.4350712,34.03692385
8019383,2016,2016-04-15,1942,2016-04-05,1545,37715,0835,2,5,7,1942,0,0,0,H,0,8T26-W,OLYMPIC BL,WESTWOOD BL,25,W,N,A,-,N,NA,NA,NA,NA,NA,NA,NA,NA,NA,N,4,0,1,2,A,-,07,21658,A,N,H,A,A,A,H,-,A,D,0,NA,NA,NA,NA,Y,NA,A,01,0,0,1,0,0,0,0,0,0,-,-,NA,NA,LOS ANGELES,LOS ANGELES,-118.43180616,34.04385914
8019384,2016,2016-04-15,1931,2016-04-06,1508,5304,1931,3,5,5,1931,0,0,0,NA,0,004,FLORENCE AV,CEDAR ST,65,W,N,A,-,N,NA,NA,NA,NA,NA,NA,NA,NA,NA,N,4,0,1,2,A,-,03,22350,NA,F,C,C,A,A,H,-,A,D,0,NA,NA,NA,NA,Y,Y,A,01,0,0,1,0,0,0,0,0,0,-,-,NA,NA,LOS ANGELES,HUNTINGTON PARK,-118.21363208,33.97299356
8019388,2016,2016-04-15,1931,2016-04-06,0805,5195,1931,3,5,5,1931,0,0,0,NA,0,004,STATE ST,SANTA ANA ST,30,N,N,A,-,N,NA,NA,NA,NA,NA,NA,NA,NA,NA,N,3,0,1,2,A,-,11,21954,A,N,G,B,D,A,H,-,A,D,0,Y,NA,NA,NA,Y,NA,N,60,0,1,0,0,1,0,0,0,0,-,-,NA,NA,LOS ANGELES,HUNTINGTON PARK,-118.21088948,33.9635918
8019392,2016,2016-04-15,1942,2016-04-01,1435,37966,0657,5,5,7,1942,0,0,0,F,0,6TL2,WILTON PL,SIERRA VISTA AV,45,N,N,A,-,N,NA,NA,NA,NA,NA,NA,NA,NA,NA,N,4,0,2,2,A,-,03,22350,NA,F,C,C,A,A,H,-,A,D,0,NA,NA,NA,NA,Y,NA,-,99,0,0,2,0,0,0,0,0,0,-,-,NA,NA,LOS ANGELES,LOS ANGELES,-118.31357851,34.08966341
8019401,2016,2016-04-19,1942,2016-03-13,1820,39762,0376,7,5,7,1942,0,0,0,C,0,3TL57,MARTIN LUTHER KING BL,HOBART BL,40,W,N,A,-,N,NA,NA,NA,NA,NA,NA,NA,NA,NA,N,3,0,1,1,A,-,03,22350,A,N,E,I,A,A,H,-,A,A,0,NA,NA,Y,NA,Y,NA,C,03,0,1,0,0,0,0,0,0,1,-,-,NA,NA,LOS ANGELES,LOS ANGELES,-118.30793173,34.01085
8019405,2016,2016-04-19,1942,2016-03-17,0615,40697,0361,4,5,7,1942,0,0,0,C,0,3TL5,LA BREA,RODEO RD,0,NA,Y,A,-,N,NA,NA,NA,NA,NA,NA,NA,NA,NA,Y,3,0,1,2,A,-,09,21801,A,N,D,C,A,A,H,-,A,A,0,NA,NA,NA,NA,Y,NA,A,01,0,1,0,0,0,0,0,0,0,-,-,NA,NA,LOS ANGELES,LOS ANGELES,-118.35561006,34.02153003
8019409,2016,2016-04-19,1942,2016-03-21,1500,39317,0327,1,5,7,1942,0,0,0,C,0,18T23,ADAMS BL,MONMOUTH AV,20,W,N,A,-,N,NA,NA,NA,NA,NA,NA,NA,NA,NA,N,4,0,3,4,A,-,03,22350,NA,N,C,C,A,A,H,-,A,A,0,NA,NA,NA,NA,Y,NA,A,01,0,0,3,0,0,0,0,0,0,-,-,NA,NA,LOS ANGELES,LOS ANGELES,-118.28502762,34.03216659
8019413,2016,2016-04-15,1942,2016-03-18,1550,35688,0394,5,5,7,1942,0,0,0,C,0,12T73,MARTIN LUTHER KING BL,4TH AV,0,NA,Y,A,-,N,NA,NA,NA,NA,NA,NA,NA,NA,NA,Y,3,0,6,2,A,-,12,21453,A,N,D,C,A,A,H,-,A,A,0,NA,NA,NA,NA,Y,NA,-,-,0,2,4,0,0,0,0,0,0,-,-,NA,NA,LOS ANGELES,LOS ANGELES,-118.32144012,34.01077003
8019417,2016,2016-04-15,1942,2016-03-26,0945,41954,0514,6,5,7,1942,0,0,0,E,0,5A15,PCH,FIGUEROA PL,200,W,N,A,-,N,NA,NA,NA,NA,NA,NA,NA,NA,NA,Y,4,0,2,2,A,-,03,22350,NA,N,C,C,A,A,H,-,A,D,0,NA,NA,NA,NA,Y,Y,A,01,0,0,2,0,0,0,0,0,0,-,-,NA,NA,LOS ANGELES,LOS ANGELES,-118.28354027,33.79072803
8019422,2016,2016-04-15,1942,2016-04-04,0300,39058,0645,1,5,7,1942,0,0,0,F,0,6T7,SUNSET BL,HIGHLAND AV,0,NA,Y,A,-,N,NA,NA,NA,NA,NA,NA,NA,NA,NA,Y,3,0,1,2,A,-,12,21453,A,N,D,C,A,A,H,-,C,A,0,NA,NA,NA,NA,Y,NA,A,01,0,1,0,0,0,0,0,0,0,-,-,NA,NA,LOS ANGELES,LOS ANGELES,-118.33866004,34.09797005
8019426,2016,2016-04-15,1942,2016-04-05,0810,40604,646,2,5,7,1942,0,0,0,NA,0,6A67,CASSIL PL,SUNSET,0,NA,Y,A,-,N,NA,NA,NA,NA,NA,NA,NA,NA,NA,N,3,0,2,2,A,-,09,21801,A,N,H,D,A,A,H,-,A,D,0,NA,NA,NA,NA,Y,NA,A,07,0,1,1,0,0,0,0,0,0,-,-,NA,NA,LOS ANGELES,LOS ANGELES,-118.33380008,34.09799012
8019427,2016,2016-04-15,1942,2016-04-01,0840,42205,1453,5,5,7,1942,0,0,0,N,0,14A45,MAXELLA AV,REDWOOD AV,0,NA,Y,A,-,N,NA,NA,NA,NA,NA,NA,NA,NA,NA,N,4,0,1,2,A,-,09,21453,B,F,D,G,A,A,H,-,A,A,0,NA,Y,NA,NA,Y,NA,-,99,0,0,1,0,0,0,1,0,0,-,-,NA,NA,LOS ANGELES,LOS ANGELES,-118.43789009,33.9884201
8019430,2016,2016-04-15,1942,2016-04-03,0520,42286,0647,7,5,7,1942,0,0,0,F,0,6A79,HOLLYWOOD BL,ARGYLE AV,5,W,N,A,-,N,NA,NA,NA,NA,NA,NA,NA,NA,NA,N,4,0,1,2,A,-,11,21456,B,N,A,B,B,A,H,-,C,A,0,Y,NA,NA,NA,Y,NA,N,60,0,0,1,0,1,0,0,0,0,-,-,NA,NA,LOS ANGELES,LOS ANGELES,-118.32519648,34.10163954
8019434,2016,2016-04-15,1942,2016-04-02,1600,36016,0898,6,5,7,1942,0,0,0,H,0,14A49,ROBERTSON BL,NATIONAL BL,0,NA,Y,A,-,N,NA,NA,NA,NA,NA,NA,NA,NA,NA,Y,4,0,1,2,A,-,09,21801,A,N,A,C,A,A,H,-,A,A,0,NA,NA,NA,NA,Y,NA,A,07,0,0,1,0,0,0,0,0,0,-,-,NA,NA,LOS ANGELES,LOS ANGELES,-118.39092008,34.03124005
8019438,2016,2016-04-15,1942,2016-04-01,1430,40610,0835,5,5,7,1942,0,0,0,H,0,14X16,SEPULVEDA BL,MISSISSIPPI AV,0,NA,Y,A,-,N,NA,NA,NA,NA,NA,NA,NA,NA,NA,N,4,0,1,2,A,-,03,22350,A,N,B,E,A,A,H,-,A,D,0,NA,NA,NA,NA,Y,NA,A,01,0,0,1,0,0,0,0,0,0,-,-,NA,NA,LOS ANGELES,LOS ANGELES,-118.43911005,34.04161005
8019455,2016,2016-04-18,1976,2016-01-31,1430,509,NA,7,5,5,1976,0,0,0,NA,0,NA,PENN ST,COLLEGE AV,0,NA,Y,A,-,N,NA,NA,NA,NA,NA,NA,NA,NA,NA,N,4,0,1,2,A,-,09,21802,A,N,D,C,A,B,H,-,A,A,0,NA,NA,NA,NA,Y,NA,A,01,0,0,1,0,0,0,0,0,0,-,-,NA,NA,LOS ANGELES,WHITTIER,-118.02748011,33.97539011
8019465,2016,2017-02-11,1976,2016-03-23,1259,233,NA,3,5,5,1976,0,0,0,NA,0,NA,WHITTIER BL,COLIMA RD,145,E,N,A,-,Y,LA,7,72,-,-,1.82,H,-,S,N,4,0,1,1,A,-,09,21804,A,N,E,I,A,A,H,-,A,D,0,NA,NA,NA,NA,Y,NA,A,07,0,0,1,0,0,0,0,0,0,-,-,NA,NA,LOS ANGELES,WHITTIER,-118.00601581,33.94857759
8019484,2016,2016-04-19,1900,2016-03-16,2114,523207,2318,3,5,5,1919,0,0,0,NA,0,230T,NORWALK BL,PARK ST,43,S,N,A,-,N,NA,NA,NA,NA,NA,NA,NA,NA,NA,Y,4,0,1,3,A,-,03,22350,NA,N,B,C,A,A,H,-,C,A,0,NA,NA,NA,NA,Y,NA,D,22,0,0,1,0,0,0,0,0,0,-,-,NA,NA,LOS ANGELES,CERRITOS,-118.07267547,33.87807215
8019511,2016,2016-04-20,1942,2016-03-12,1410,42132,1835,6,5,7,1942,0,0,0,R,0,18A97,CENTRAL,107TH ST,0,NA,Y,A,-,N,NA,NA,NA,NA,NA,NA,NA,NA,NA,N,2,0,1,2,A,-,12,22450,A,N,B,J,A,A,H,-,A,-,0,NA,NA,Y,NA,Y,NA,C,03,1,0,0,0,0,0,0,0,1,-,-,NA,NA,LOS ANGELES,LOS ANGELES,-118.25418009,33.93924002
8019515,2016,2016-04-21,1942,2016-04-07,2300,37724,1864,4,5,7,1942,0,0,0,R,0,18T23,118TH ST,CENTRAL AV,120,E,N,A,-,N,NA,NA,NA,NA,NA,NA,NA,NA,NA,Y,4,0,1,2,A,-,01,23152,A,N,B,E,A,A,H,-,C,D,0,NA,NA,NA,Y,Y,Y,A,01,0,0,1,0,0,0,0,0,0,-,-,NA,NA,LOS ANGELES,LOS ANGELES,-118.25392534,33.9263616
8019525,2016,2016-08-29,1962,2016-04-03,1739,120,1962,7,5,4,1962,0,0,0,NA,0,025,VALLEY BL,SAN GABRIEL BL,0,NA,Y,A,-,N,NA,NA,NA,NA,NA,NA,NA,NA,NA,Y,3,0,1,2,A,-,09,21800,D,N,D,C,A,A,H,-,A,B,0,NA,NA,NA,NA,Y,NA,A,01,0,1,0,0,0,0,0,0,0,-,-,NA,NA,LOS ANGELES,SAN GABRIEL,-118.09075,34.0801601
8019529,2016,2016-04-20,1962,2016-04-07,1315,094,1962,4,5,4,1962,0,0,0,NA,0,025,MAIN ST,CALIFORNIA,62,W,N,B,C,N,NA,NA,NA,NA,NA,NA,NA,NA,NA,N,3,0,1,2,A,-,06,21751,NA,N,G,B,E,B,H,-,A,D,0,Y,NA,NA,NA,Y,NA,D,22,0,1,0,0,1,0,0,0,0,-,-,NA,NA,LOS ANGELES,SAN GABRIEL,-118.09297893,34.09665893
8019530,2016,2016-04-20,1942,2016-04-06,2240,39624,0765,3,5,7,1942,0,0,0,G,0,8T35,PICO BL,WEST BL,88,W,N,A,-,N,NA,NA,NA,NA,NA,NA,NA,NA,NA,N,4,0,1,3,A,-,03,22350,A,N,C,C,A,A,H,-,C,D,0,NA,NA,NA,NA,Y,NA,A,01,0,0,1,0,0,0,0,0,0,-,-,NA,NA,LOS ANGELES,LOS ANGELES,-118.33404686,34.04853513
8019544,2016,2016-04-25,1900,2016-04-06,0415,522303,2603,3,5,6,1950,0,0,0,NA,0,264A,OLIVE DR,FENNEL DR,66,E,N,A,-,N,NA,NA,NA,NA,NA,NA,NA,NA,NA,Y,4,0,1,2,A,-,03,22350,NA,N,C,C,A,A,H,-,C,D,0,NA,NA,NA,NA,Y,NA,D,22,0,0,1,0,0,0,0,0,0,-,-,NA,NA,LOS ANGELES,PALMDALE,-118.07964101,34.55498599