CASE_ID,ACCIDENT_YEAR,PROC_DATE,JURIS,COLLISION_DATE,COLLISION_TIME,OFFICER_ID,REPORTING_DISTRICT,DAY_OF_WEEK,CHP_SHIFT,POPULATION,CNTY_CITY_LOC,SPECIAL_COND,BEAT_TYPE,CHP_BEAT_TYPE,CITY_DIVISION_LAPD,CHP_BEAT_CLASS,BEAT_NUMBER,PRIMARY_RD,SECONDARY_RD,DISTANCE,DIRECTION,INTERSECTION,WEATHER_1,WEATHER_2,STATE_HWY_IND,CALTRANS_COUNTY,CALTRANS_DISTRICT,STATE_ROUTE,ROUTE_SUFFIX,POSTMILE_PREFIX,POSTMILE,LOCATION_TYPE,RAMP_INTERSECTION,SIDE_OF_HWY,TOW_AWAY,COLLISION_SEVERITY,NUMBER_KILLED,NUMBER_INJURED,PARTY_COUNT,PRIMARY_COLL_FACTOR,PCF_CODE_OF_VIOL,PCF_VIOL_CATEGORY,PCF_VIOLATION,PCF_VIOL_SUBSECTION,HIT_AND_RUN,TYPE_OF_COLLISION,MVIW,PED_ACTION,ROAD_SURFACE,ROAD_COND_1,ROAD_COND_2,LIGHTING,CONTROL_DEVICE,CHP_ROAD_TYPE,PEDESTRIAN_ACCIDENT,BICYCLE_ACCIDENT,MOTORCYCLE_ACCIDENT,TRUCK_ACCIDENT,NOT_PRIVATE_PROPERTY,ALCOHOL_INVOLVED,STWD_VEHTYPE_AT_FAULT,CHP_VEHTYPE_AT_FAULT,COUNT_SEVERE_INJ,COUNT_VISIBLE_INJ,COUNT_COMPLAINT_PAIN,COUNT_PED_KILLED,COUNT_PED_INJURED,COUNT_BICYCLIST_KILLED,COUNT_BICYCLIST_INJURED,COUNT_MC_KILLED,COUNT_MC_INJURED,PRIMARY_RAMP,SECONDARY_RAMP,LATITUDE,LONGITUDE,COUNTY,CITY,POINT_X,POINT_Y
8020391,2016,2016-04-13,1942,2016-04-03,1455,40119,1555,7,5,7,1942,0,0,0,O,0,21TL64,MAGNOLIA BL,VINELAND AV,300,W,N,A,-,N,NA,NA,NA,NA,NA,NA,NA,NA,NA,N,4,0,2,2,A,-,03,22350,NA,N,C,C,A,A,H,-,A,A,0,NA,NA,NA,NA,Y,NA,A,01,0,0,2,0,0,0,0,0,0,-,-,NA,NA,LOS ANGELES,LOS ANGELES,-118.37144967,34.16488
8020392,2016,2016-04-18,1942,2016-04-01,1450,38326,1993,5,5,7,1942,0,0,0,NA,0,9T58,ROSCOE BL,BRIMFIELD AV,30,E,N,A,-,N,NA,NA,NA,NA,NA,NA,NA,NA,NA,N,4,0,2,2,A,-,07,21658,A,N,B,C,A,A,H,-,A,D,0,NA,NA,NA,NA,Y,NA,-,-,0,0,2,0,0,0,0,0,0,-,-,NA,NA,LOS ANGELES,LOS ANGELES,-118.45875094,34.22147
8020393,2016,2016-04-13,1942,2016-04-04,1505,39335,0952,1,5,7,1942,0,0,0,I,0,9TL56,BURBANK BL,NOBLE AV,0,NA,Y,A,-,N,NA,NA,NA,NA,NA,NA,NA,NA,NA,Y,4,0,1,2,A,-,04,21703,NA,N,C,C,A,A,H,-,A,A,0,NA,NA,NA,NA,Y,NA,A,01,0,0,1,0,0,0,0,0,0,-,-,NA,NA,LOS ANGELES,LOS ANGELES,-118.46184,34.17211001
8020394,2016,2016-04-18,1942,2016-04-01,1325,40119,0963,5,5,7,1942,0,0,0,I,0,21TL64,HOUSTON ST,KESTER AV,0,NA,Y,A,-,N,NA,NA,NA,NA,NA,NA,NA,NA,NA,Y,4,0,2,2,A,-,09,21802,A,N,D,C,A,A,H,-,A,D,0,NA,NA,NA,NA,Y,NA,A,01,0,0,2,0,0,0,0,0,0,-,-,NA,NA,LOS ANGELES,LOS ANGELES,-118.45744001,34.15943007
8020395,2016,2016-04-13,1942,2016-04-02,2145,31652,0963,6,5,7,1942,0,0,0,I,0,19T73,MAGNOLIA BL,LEMONA AV,0,NA,Y,A,-,N,NA,NA,NA,NA,NA,NA,NA,NA,NA,Y,3,0,2,2,A,-,09,21801,A,N,A,C,A,A,H,-,C,D,0,NA,NA,NA,NA,Y,NA,A,01,0,1,1,0,0,0,0,0,0,-,-,NA,NA,LOS ANGELES,LOS ANGELES,-118.45964006,34.16485
8020396,2016,2016-04-13,1942,2016-04-02,1900,31652,0937,6,5,7,1942,0,0,0,I,0,19T73,MATILIJA AV,VICTORY BL,120,N,N,A,-,N,NA,NA,NA,NA,NA,NA,NA,NA,NA,Y,4,0,5,2,A,-,09,21804,A,N,D,C,A,A,H,-,A,D,0,NA,NA,NA,NA,Y,NA,A,07,0,0,5,0,0,0,0,0,0,-,-,NA,NA,LOS ANGELES,LOS ANGELES,-118.43345946,34.18699915
8020397,2016,2016-04-15,1942,2016-04-03,1730,40119,0985,7,5,7,1942,0,0,0,I,0,21TL64,VENTURA BL,HAZELTINE AV,75,E,N,A,-,N,NA,NA,NA,NA,NA,NA,NA,NA,NA,N,4,0,2,3,A,-,03,22350,NA,N,C,C,A,A,H,-,A,A,0,NA,NA,NA,NA,Y,NA,A,07,0,0,2,0,0,0,0,0,0,-,-,NA,NA,LOS ANGELES,LOS ANGELES,-118.43973772,34.14943823
8020398,2016,2016-04-13,1942,2016-04-02,1025,39217,0914,6,5,7,1942,0,0,0,I,0,9TL55,VESPER AV,VOSE ST,0,NA,Y,A,-,N,NA,NA,NA,NA,NA,NA,NA,NA,NA,N,4,0,2,3,A,-,10,21950,A,N,G,C,B,A,H,-,A,A,0,Y,NA,NA,NA,Y,NA,A,01,0,0,2,0,2,0,0,0,0,-,-,NA,NA,LOS ANGELES,LOS ANGELES,-118.45095011,34.19847002
8020399,2016,2016-04-13,1942,2016-04-02,1245,37080,0974,6,5,7,1942,0,0,0,I,0,19TL76,NATICK AV,HORTENSE AV,702,N,N,A,-,N,NA,NA,NA,NA,NA,NA,NA,NA,NA,Y,3,0,1,2,A,-,21,22106,NA,N,C,C,A,A,H,-,A,D,0,NA,NA,NA,NA,Y,NA,A,01,0,1,0,0,0,0,0,0,0,-,-,NA,NA,LOS ANGELES,LOS ANGELES,-118.45416585,34.15577716
8020400,2016,2017-02-11,1942,2016-04-04,1250,39335,1633,1,5,7,1942,0,0,0,P,0,9TL56,FOOTHILL BL,OSBORNE ST,670,W,N,A,-,Y,LA,7,210,-,R,8.012,R,4,E,Y,4,0,1,2,A,-,09,21801,A,N,D,C,A,A,H,-,A,A,0,NA,NA,NA,NA,Y,NA,A,01,0,0,1,0,0,0,0,0,0,-,-,NA,NA,LOS ANGELES,LOS ANGELES,-118.37804812,34.27435604
8020482,2016,2016-04-15,1928,2016-03-27,1314,378,526,7,5,5,1928,0,0,0,NA,0,501,RAMONA AV,IMPERIAL HWY,0,NA,Y,A,-,N,NA,NA,NA,NA,NA,NA,NA,NA,NA,Y,4,0,2,2,A,-,03,22350,NA,N,C,C,A,A,H,-,A,A,0,NA,NA,NA,NA,Y,NA,D,22,0,0,2,0,0,0,0,0,0,-,-,NA,NA,LOS ANGELES,HAWTHORNE,-118.35699003,33.93094005
8020484,2016,2016-08-29,1928,2016-04-04,0755,364,531,1,5,5,1928,0,0,0,NA,0,501,IMPERIAL HWY,GALE AV,0,NA,Y,A,-,N,NA,NA,NA,NA,NA,NA,NA,NA,NA,N,3,0,1,2,A,-,05,21650,1,N,G,G,A,A,H,-,A,A,0,NA,Y,NA,NA,Y,NA,L,04,0,1,0,0,0,0,1,0,0,-,-,33.930930000000004,-118.36015,LOS ANGELES,HAWTHORNE,-118.36021002,33.93095001
8020486,2016,2016-04-15,1928,2016-03-28,0951,292,501,1,5,5,1928,0,0,0,NA,0,501,HAWTHORNE BL,BROADWAY,259,S,N,B,-,N,NA,NA,NA,NA,NA,NA,NA,NA,NA,Y,4,0,2,3,A,-,03,22350,NA,N,C,C,A,A,H,-,A,D,0,NA,NA,NA,NA,Y,NA,M,50,0,0,2,0,0,0,0,0,0,-,-,33.92005,-118.35268,LOS ANGELES,HAWTHORNE,-118.35270701,33.91931
8020488,2016,2016-04-13,1902,2016-04-07,0734,694,35,4,5,5,1902,0,0,0,NA,0,005,BALDWIN AV,PALM DR,0,NA,Y,A,-,N,NA,NA,NA,NA,NA,NA,NA,NA,NA,Y,3,0,1,2,A,-,08,22107,NA,N,C,E,A,A,H,-,A,D,0,NA,NA,NA,NA,Y,NA,-,NA,0,1,0,0,0,0,0,0,0,-,-,NA,NA,LOS ANGELES,ARCADIA,-118.05302011,34.11128006
8020490,2016,2016-06-01,1928,2016-03-31,0656,394,502,4,5,5,1928,0,0,0,NA,0,501,RAMONA AV,120TH ST,46,S,N,A,-,N,NA,NA,NA,NA,NA,NA,NA,NA,NA,Y,4,0,1,2,A,-,12,21453,A,N,D,C,A,A,H,-,A,A,0,NA,NA,NA,NA,Y,NA,A,01,0,0,1,0,0,0,0,0,0,-,-,33.92364,-118.35707,LOS ANGELES,HAWTHORNE,-118.35697965,33.92353383
8020492,2016,2016-12-12,1902,2016-04-04,1442,699,13,1,5,5,1902,0,0,0,NA,0,003,BALDWIN AV,RT 210,153,S,N,-,-,N,NA,NA,NA,NA,NA,NA,NA,NA,NA,N,4,0,1,2,A,-,07,21658,A,N,-,-,A,-,-,-,-,-,0,NA,NA,NA,NA,Y,NA,A,01,0,0,1,0,0,0,0,0,0,-,-,NA,NA,LOS ANGELES,ARCADIA,-118.05033,34.14867
8020496,2016,2016-04-14,1902,2016-04-06,1621,694,35,3,5,5,1902,0,0,0,NA,0,005,BALDWIN AV,LIVE OAK AV,176,N,N,-,-,N,NA,NA,NA,NA,NA,NA,NA,NA,NA,Y,4,0,1,3,A,-,08,22107,NA,N,-,-,A,-,-,-,-,-,0,NA,NA,NA,NA,Y,NA,-,NA,0,0,1,0,0,0,0,0,0,-,-,NA,NA,LOS ANGELES,ARCADIA,-118.0517189,34.1047655
8020500,2016,2016-04-13,1902,2016-04-04,1316,699,23,1,5,5,1902,0,0,0,NA,0,002,SANTA ANITA AV,DUARTE RD,24,N,N,A,-,N,NA,NA,NA,NA,NA,NA,NA,NA,NA,N,4,0,2,3,A,-,04,21703,NA,N,C,C,A,A,H,-,A,A,0,NA,NA,NA,NA,Y,NA,A,08,0,0,2,0,0,0,0,0,0,-,-,NA,NA,LOS ANGELES,ARCADIA,-118.03130286,34.12955576
8020525,2016,2016-04-28,1955,2016-03-17,1537,40437,0090,4,5,6,1955,0,0,0,NA,0,004,MISSION BL,EAST END AV,0,NA,Y,A,-,N,NA,NA,NA,NA,NA,NA,NA,NA,NA,Y,4,0,1,2,A,-,09,21801,A,N,D,C,A,A,H,-,A,A,0,NA,NA,NA,NA,Y,NA,D,22,0,0,1,0,0,0,0,0,0,-,-,NA,NA,LOS ANGELES,POMONA,-117.72382002,34.05576004
8020529,2016,2016-04-15,1955,2016-03-12,1854,40513,0079,6,5,6,1955,0,0,0,NA,0,005,HAMILTON BL,12TH ST,0,NA,Y,A,-,N,NA,NA,NA,NA,NA,NA,NA,NA,NA,N,3,0,2,3,A,-,10,21950,A,N,G,B,B,A,H,-,C,A,0,Y,NA,NA,NA,Y,NA,A,01,0,2,0,0,2,0,0,0,0,-,-,NA,NA,LOS ANGELES,POMONA,-117.76289002,34.04841002
8020541,2016,2017-02-11,1955,2016-03-02,1831,41881,0046,3,5,6,1955,0,0,0,NA,0,001,DUDLEY ST,RT 10,80,S,N,A,-,Y,LA,7,10,-,-,44.014,R,4,E,N,3,0,1,2,A,-,11,21954,A,N,G,B,D,A,H,-,C,A,0,Y,NA,NA,NA,Y,NA,N,60,0,1,0,0,1,0,0,0,0,-,EF,NA,NA,LOS ANGELES,POMONA,-117.78130208,34.07282346
8020545,2016,2016-04-15,1955,2016-03-02,1824,41484,64,3,5,6,1955,0,0,0,NA,0,001,TEMPLE AV,VALLEY BL,150,W,N,A,-,N,NA,NA,NA,NA,NA,NA,NA,NA,NA,Y,4,0,2,5,A,-,01,23152,A,N,C,C,A,A,H,-,C,A,0,NA,NA,NA,NA,Y,Y,D,22,0,0,2,0,0,0,0,0,0,-,-,NA,NA,LOS ANGELES,POMONA,-117.81279131,34.04860473
8020551,2016,2016-04-13,1928,2016-04-02,2214,371,520,6,5,5,1928,0,0,0,NA,0,503,ROSECRANS AV,YUKON AV,8,E,N,B,-,N,NA,NA,NA,NA,NA,NA,NA,NA,NA,N,4,0,1,2,A,-,09,21801,A,N,D,C,A,A,H,-,C,A,0,NA,NA,NA,NA,Y,NA,A,01,0,0,1,0,0,0,0,0,0,-,-,33.90188,-118.3352,LOS ANGELES,HAWTHORNE,-118.33520369,33.90193
8020555,2016,2016-04-13,1928,2016-04-04,0707,364,526,1,5,5,1928,0,0,0,NA,0,501,116TH ST,TRURO AV,0,NA,Y,A,-,N,NA,NA,NA,NA,NA,NA,NA,NA,NA,Y,4,0,1,2,A,-,12,22450,NA,N,D,C,A,A,H,-,A,A,0,NA,NA,NA,NA,Y,NA,A,01,0,0,1,0,0,0,0,0,0,-,-,33.92921,-118.35801,LOS ANGELES,HAWTHORNE,-118.35811006,33.92911006
8020559,2016,2016-04-13,1928,2016-04-04,0719,392,501,1,5,5,1928,0,0,0,NA,0,0H1,EUCALYPTUS AV,EL SEGUNDO BL,670,N,N,A,-,N,NA,NA,NA,NA,NA,NA,NA,NA,NA,N,4,0,2,2,A,-,09,21804,A,N,D,C,A,A,H,-,A,D,0,NA,NA,NA,NA,Y,NA,A,01,0,0,2,0,0,0,0,0,0,-,-,33.9164,-118.35911,LOS ANGELES,HAWTHORNE,-118.35913634,33.91825765
8020577,2016,2016-04-13,1955,2016-03-02,1536,30297,0094,3,5,6,1955,0,0,0,NA,0,004,TOWNE AV,FERNLEAF AV,75,S,N,A,-,N,NA,NA,NA,NA,NA,NA,NA,NA,NA,N,3,0,1,2,A,-,08,22107,NA,N,C,G,A,A,H,-,A,D,0,NA,Y,NA,NA,Y,Y,L,04,0,1,0,0,0,0,1,0,0,-,-,NA,NA,LOS ANGELES,POMONA,-117.74097473,34.04556447
8020581,2016,2016-04-13,1955,2016-03-15,0736,41484,0044,2,5,6,1955,0,0,0,NA,0,001,FAIRPLEX DR,ARROYO AV,0,NA,Y,A,-,N,NA,NA,NA,NA,NA,NA,NA,NA,NA,Y,3,0,3,2,A,-,12,21453,A,N,D,C,A,A,H,-,A,A,0,NA,NA,NA,NA,Y,NA,A,07,0,1,2,0,0,0,0,0,0,-,-,NA,NA,LOS ANGELES,POMONA,-117.78754002,34.06459005
8020585,2016,2016-04-13,1955,2016-03-02,1737,40668,0049,3,5,6,1955,0,0,0,NA,0,001,HOLT AV,LEWIS ST,150,E,N,A,-,N,NA,NA,NA,NA,NA,NA,NA,NA,NA,Y,4,0,1,2,A,-,09,21804,A,N,D,G,A,A,H,-,B,A,0,NA,Y,NA,NA,Y,NA,A,01,0,0,1,0,0,0,1,0,0,-,-,NA,NA,LOS ANGELES,POMONA,-117.76904602,34.06190248
8020589,2016,2016-04-13,1955,2016-03-12,1829,40956,0100,6,5,6,1955,0,0,0,NA,0,003,SAN ANTONIO AV,HOLT AV,0,NA,Y,A,-,N,NA,NA,NA,NA,NA,NA,NA,NA,NA,Y,3,0,1,2,A,-,09,21801,A,N,D,C,A,A,H,-,C,A,0,NA,NA,NA,NA,Y,NA,A,07,0,1,0,0,0,0,0,0,0,-,-,NA,NA,LOS ANGELES,POMONA,-117.73664011,34.06271009
8020597,2016,2016-04-13,1955,2016-03-12,1910,42150,0099,6,5,6,1955,0,0,0,NA,0,003,HOLT AV,CLARK AV,0,NA,Y,A,-,N,NA,NA,NA,NA,NA,NA,NA,NA,NA,N,4,0,2,3,A,-,03,22350,NA,M,C,C,A,A,H,-,B,A,0,NA,NA,NA,NA,Y,NA,A,01,0,0,2,0,0,0,0,0,0,-,-,NA,NA,LOS ANGELES,POMONA,-117.72930005,34.06289004
8020601,2016,2016-04-13,1928,2016-03-22,1646,342,527,2,5,5,1928,0,0,0,NA,0,504,ROSECRANS AV,HINDRY AV,150,E,N,A,-,N,NA,NA,NA,NA,NA,NA,NA,NA,NA,N,4,0,3,3,A,-,03,22350,NA,N,C,C,A,A,H,-,A,D,0,NA,NA,NA,NA,Y,NA,A,01,0,0,3,0,0,0,0,0,0,-,-,33.90185,-118.37207,LOS ANGELES,HAWTHORNE,-118.37168668,33.90189275
8020605,2016,2016-04-13,1928,2016-03-22,1704,342,520,2,5,5,1928,0,0,0,NA,0,503,ROSECRANS AV,DOTY AV,150,W,N,A,-,N,NA,NA,NA,NA,NA,NA,NA,NA,NA,N,4,0,1,2,A,-,04,21703,NA,N,C,C,A,A,H,-,A,D,0,NA,NA,NA,NA,Y,NA,A,01,0,0,1,0,0,0,0,0,0,-,-,33.90187,-118.33965,LOS ANGELES,HAWTHORNE,-118.34004321,33.90192
8020609,2016,2016-04-13,1928,2016-03-24,0938,342,503,4,5,5,1928,0,0,0,NA,0,502,EL SEGUNDO BL,WASHINGTON AV,0,NA,Y,A,-,N,NA,NA,NA,NA,NA,NA,NA,NA,NA,N,4,0,1,2,A,-,12,21453,A,N,D,C,A,A,H,-,A,A,0,NA,NA,NA,NA,Y,NA,A,01,0,0,1,0,0,0,0,0,0,-,-,33.91642,-118.34955,LOS ANGELES,HAWTHORNE,-118.34957002,33.91642006
8020613,2016,2016-04-13,1928,2016-03-24,1814,376,521,4,5,5,1928,0,0,0,NA,0,503,MARINE AV,YUKON AV,0,NA,Y,A,-,N,NA,NA,NA,NA,NA,NA,NA,NA,NA,Y,4,0,1,3,A,-,09,21801,A,N,A,C,A,A,H,-,A,A,0,NA,NA,NA,NA,Y,NA,A,01,0,0,1,0,0,0,0,0,0,-,-,33.8946,-118.33522,LOS ANGELES,HAWTHORNE,-118.33521009,33.89479005
8020621,2016,2016-04-13,1928,2016-03-31,1818,371,503,4,5,5,1928,0,0,0,NA,0,502,YORK AV,BROADWAY,80,N,N,A,-,N,NA,NA,NA,NA,NA,NA,NA,NA,NA,N,4,0,1,2,A,-,01,23152,A,N,B,E,A,A,H,-,A,D,0,NA,NA,Y,NA,Y,Y,A,01,0,0,1,0,0,0,0,0,1,-,-,33.92006,-118.34501,LOS ANGELES,HAWTHORNE,-118.34501119,33.92027942
8020665,2016,2016-04-15,1942,2016-03-16,2110,41072,1395,3,5,7,1942,0,0,0,M,0,3TL5,FLORENCE AV,SAN PEDRO ST,5,E,N,A,-,N,NA,NA,NA,NA,NA,NA,NA,NA,NA,N,4,0,1,2,A,-,03,22350,NA,F,C,C,A,A,H,-,A,A,0,NA,NA,NA,NA,Y,NA,-,99,0,0,1,0,0,0,0,0,0,-,-,NA,NA,LOS ANGELES,LOS ANGELES,-118.26955354,33.97469026
8020721,2016,2017-02-18,1965,2016-04-06,1415,3158,0B2A,3,5,5,1965,0,0,0,NA,0,B002,LINCOLN BL,OZONE AV,0,NA,Y,A,-,Y,LA,7,1,-,-,33.331,I,5,N,Y,3,0,3,2,A,-,09,21802,A,N,D,C,A,A,H,-,A,A,0,NA,NA,NA,NA,Y,NA,A,01,0,1,2,0,0,0,0,0,0,-,-,NA,NA,LOS ANGELES,SANTA MONICA,-118.47047804,34.00269599
8020723,2016,2016-08-12,1965,2016-03-31,1600,3727,OB3D,4,5,5,1965,0,0,0,NA,0,003,20TH ST,DELAWARE AV,0,NA,Y,A,-,N,NA,NA,NA,NA,NA,NA,NA,NA,NA,Y,4,0,2,2,A,-,03,22350,NA,N,D,C,A,A,H,-,A,A,0,NA,NA,NA,NA,Y,NA,A,01,0,0,2,0,0,0,0,0,0,-,-,NA,NA,LOS ANGELES,SANTA MONICA,-118.47216013,34.02198003
8020724,2016,2016-04-15,1942,2016-03-13,0325,39062,1372,7,5,7,1942,0,0,0,M,0,1T11,SLAUSON AV,AVALON BL,35,W,N,A,-,N,NA,NA,NA,NA,NA,NA,NA,NA,NA,N,4,0,2,2,A,-,03,22350,NA,F,C,C,A,A,H,-,C,D,0,NA,NA,NA,NA,Y,NA,-,99,0,0,2,0,0,0,0,0,0,-,-,NA,NA,LOS ANGELES,LOS ANGELES,-118.26532522,33.98924844
8020725,2016,2016-04-18,1965,2016-04-07,1745,3143,0B2B,4,5,5,1965,0,0,0,NA,0,B002,OCEAN PARK BL,16TH ST,0,NA,Y,A,-,N,NA,NA,NA,NA,NA,NA,NA,NA,NA,Y,4,0,1,2,A,-,03,22350,NA,N,D,C,A,A,H,-,A,D,0,NA,NA,NA,NA,Y,NA,A,01,0,0,1,0,0,0,0,0,0,-,-,NA,NA,LOS ANGELES,SANTA MONICA,-118.46862,34.01144005
8020728,2016,2016-04-15,1942,2016-03-11,2120,38340,1352,5,5,7,1942,0,0,0,M,0,NA,MAIN ST,VERNON AV,0,NA,Y,A,-,N,NA,NA,NA,NA,NA,NA,NA,NA,NA,Y,3,0,3,2,A,-,01,23153,A,F,A,C,A,A,H,-,C,A,0,NA,NA,NA,NA,Y,Y,A,01,0,1,2,0,0,0,0,0,0,-,-,NA,NA,LOS ANGELES,LOS ANGELES,-118.27401008,34.0038301
8020729,2016,2016-04-18,1965,2016-04-03,0605,3598,0B3A,7,5,5,1965,0,0,0,NA,0,B003,OLYMPIC BL,20TH ST,18,S,N,A,-,N,NA,NA,NA,NA,NA,NA,NA,NA,NA,Y,3,0,2,2,A,-,12,21453,A,N,D,C,A,A,H,-,A,A,0,NA,NA,NA,NA,Y,NA,A,01,0,1,1,0,0,0,0,0,0,-,-,NA,NA,LOS ANGELES,SANTA MONICA,-118.47503044,34.02433389
8020733,2016,2016-08-29,1965,2016-04-02,1733,3856,0B1C,6,5,5,1965,0,0,0,NA,0,A001,PACIFIC COAST HWY,PACIFIC COAST HWY 1550,0,NA,N,A,-,N,NA,NA,NA,NA,NA,NA,NA,NA,NA,N,4,0,1,2,A,-,21,22106,NA,F,C,B,E,A,H,-,A,D,0,Y,NA,NA,NA,Y,NA,-,NA,0,0,1,0,1,0,0,0,0,-,-,NA,NA,LOS ANGELES,SANTA MONICA,-118.497079,34.012147
8020737,2016,2016-04-18,1965,2016-04-04,0720,3192,0B2C,1,5,5,1965,0,0,0,NA,0,012,HILL ST,23RD ST,182,W,N,A,-,N,NA,NA,NA,NA,NA,NA,NA,NA,NA,Y,3,0,1,2,A,-,01,23152,A,N,B,C,A,A,H,-,A,D,0,NA,NA,NA,NA,Y,Y,A,01,0,1,0,0,0,0,0,0,0,-,-,NA,NA,LOS ANGELES,SANTA MONICA,-118.4610737,34.01340507
8020741,2016,2016-04-14,1965,2016-04-02,0039,3765,0B4C,6,5,5,1965,0,0,0,NA,0,B004,4TH ST,GEORGINA AV,0,NA,Y,A,-,N,NA,NA,NA,NA,NA,NA,NA,NA,NA,Y,3,0,1,1,A,-,00,23123,A,N,A,I,A,A,H,-,C,D,0,NA,NA,NA,NA,Y,NA,A,01,0,1,0,0,0,0,0,0,0,-,-,NA,NA,LOS ANGELES,SANTA MONICA,-118.50961011,34.02820011
8020745,2016,2016-04-14,1965,2016-04-06,0925,3870,0B1G,3,5,5,1965,0,0,0,NA,0,B001,11TH ST,MICHIGAN AV,0,NA,Y,A,-,N,NA,NA,NA,NA,NA,NA,NA,NA,NA,N,3,0,1,2,D,-,00,NA,NA,N,D,G,A,A,H,-,A,A,0,NA,Y,NA,NA,Y,NA,-,-,0,1,0,0,0,0,1,0,0,-,-,NA,NA,LOS ANGELES,SANTA MONICA,-118.48195002,34.01611012
8020749,2016,2016-04-14,1965,2016-04-05,1953,3555,0B1F,2,5,5,1965,0,0,0,NA,0,001,MAIN ST,STRAND ST,89,N,N,A,-,N,NA,NA,NA,NA,NA,NA,NA,NA,NA,N,3,0,1,2,A,-,04,21703,NA,N,C,C,A,-,H,-,C,D,0,NA,NA,NA,NA,Y,NA,A,01,0,1,0,0,0,0,0,0,0,-,-,NA,NA,LOS ANGELES,SANTA MONICA,-118.48681759,34.0050676
8020753,2016,2016-04-14,1965,2016-04-03,1715,3747,0B4D,7,5,5,1965,0,0,0,NA,0,004,3RD ST,IDAHO AV,0,NA,Y,A,-,N,NA,NA,NA,NA,NA,NA,NA,NA,NA,N,3,0,1,2,A,-,12,22450,A,N,D,G,A,A,H,-,A,A,0,NA,Y,NA,NA,Y,NA,L,04,0,1,0,0,0,0,1,0,0,-,-,NA,NA,LOS ANGELES,SANTA MONICA,-118.50408,34.02244008
8020757,2016,2016-04-14,1965,2016-04-05,1350,3693,0B3F,2,5,5,1965,0,0,0,NA,0,B003,OLYMPIC BL,STEWART ST,48,E,N,A,-,N,NA,NA,NA,NA,NA,NA,NA,NA,NA,Y,4,0,1,2,A,-,03,22350,NA,N,C,C,A,A,H,-,A,A,0,NA,NA,NA,NA,Y,NA,A,01,0,0,1,0,0,0,0,0,0,-,-,NA,NA,LOS ANGELES,SANTA MONICA,-118.46522141,34.02986342
8020759,2016,2016-04-19,1965,2016-03-28,1137,3753,0B28,1,5,5,1965,0,0,0,NA,0,B002,PICO BL,10TH ST,0,NA,Y,A,-,N,NA,NA,NA,NA,NA,NA,NA,NA,NA,Y,4,0,1,2,A,-,03,22350,NA,N,C,D,A,A,H,-,A,D,0,NA,NA,NA,NA,Y,NA,A,01,0,0,1,0,0,0,0,0,0,-,-,NA,NA,LOS ANGELES,SANTA MONICA,-118.48114004,34.0132401
8020761,2016,2016-04-14,1965,2016-04-03,1305,3816,NA,7,5,5,1965,0,0,0,NA,0,NA,LINCOLN BL,PICO BL,0,NA,Y,A,-,N,NA,NA,NA,NA,NA,NA,NA,NA,NA,N,4,0,1,2,A,-,05,21202,A,N,D,G,A,A,H,-,A,A,0,NA,Y,NA,NA,Y,NA,L,04,0,0,1,0,0,0,1,0,0,-,-,NA,NA,LOS ANGELES,SANTA MONICA,-118.48295004,34.01231006
8020763,2016,2016-04-15,1965,2016-03-23,1930,3158,0B2C,3,5,5,1965,0,0,0,NA,0,B002,23RD ST,DEWEY ST,0,NA,Y,A,-,N,NA,NA,NA,NA,NA,NA,NA,NA,NA,N,3,0,1,2,D,-,00,NA,NA,F,D,G,A,A,H,-,C,A,0,NA,Y,NA,NA,Y,NA,-,-,0,1,0,0,0,0,1,0,0,-,-,NA,NA,LOS ANGELES,SANTA MONICA,-118.45700005,34.00963008
8020765,2016,2016-04-14,1942,2016-04-01,0505,37952,1112,5,5,7,1942,0,0,0,K,0,11T32,DELEVAN DR,WAWONA ST,2,E,N,A,-,N,NA,NA,NA,NA,NA,NA,NA,NA,NA,Y,4,0,1,2,A,-,03,22350,NA,F,A,E,A,A,H,-,C,D,0,NA,NA,NA,NA,Y,NA,A,01,0,0,1,0,0,0,0,0,0,-,-,NA,NA,LOS ANGELES,LOS ANGELES,-118.22776342,34.12668961
8020767,2016,2016-04-15,1965,2016-03-29,1858,3816,0B1I,2,5,5,1965,0,0,0,NA,0,B001,5TH ST,BROADWAY,43,N,N,A,G,N,NA,NA,NA,NA,NA,NA,NA,NA,NA,Y,3,0,2,3,A,-,08,22102,NA,N,D,C,A,A,H,-,A,A,0,NA,NA,Y,NA,Y,NA,A,01,0,1,1,0,0,0,0,0,1,-,-,NA,NA,LOS ANGELES,SANTA MONICA,-118.49275841,34.01595484
8020769,2016,2016-04-14,1942,2016-04-01,0740,40099,238,5,5,7,1942,0,0,0,NA,0,4TL4,EDGEWARE ST,ANGELINA ST,12,S,N,A,-,N,NA,NA,NA,NA,NA,NA,NA,NA,NA,N,4,0,1,2,A,-,10,21950,A,F,G,B,B,A,H,-,A,A,0,Y,NA,NA,NA,Y,NA,-,99,0,0,1,0,1,0,0,0,0,-,-,NA,NA,LOS ANGELES,LOS ANGELES,-118.255876,34.064794