CASE_ID,ACCIDENT_YEAR,PROC_DATE,JURIS,COLLISION_DATE,COLLISION_TIME,OFFICER_ID,REPORTING_DISTRICT,DAY_OF_WEEK,CHP_SHIFT,POPULATION,CNTY_CITY_LOC,SPECIAL_COND,BEAT_TYPE,CHP_BEAT_TYPE,CITY_DIVISION_LAPD,CHP_BEAT_CLASS,BEAT_NUMBER,PRIMARY_RD,SECONDARY_RD,DISTANCE,DIRECTION,INTERSECTION,WEATHER_1,WEATHER_2,STATE_HWY_IND,CALTRANS_COUNTY,CALTRANS_DISTRICT,STATE_ROUTE,ROUTE_SUFFIX,POSTMILE_PREFIX,POSTMILE,LOCATION_TYPE,RAMP_INTERSECTION,SIDE_OF_HWY,TOW_AWAY,COLLISION_SEVERITY,NUMBER_KILLED,NUMBER_INJURED,PARTY_COUNT,PRIMARY_COLL_FACTOR,PCF_CODE_OF_VIOL,PCF_VIOL_CATEGORY,PCF_VIOLATION,PCF_VIOL_SUBSECTION,HIT_AND_RUN,TYPE_OF_COLLISION,MVIW,PED_ACTION,ROAD_SURFACE,ROAD_COND_1,ROAD_COND_2,LIGHTING,CONTROL_DEVICE,CHP_ROAD_TYPE,PEDESTRIAN_ACCIDENT,BICYCLE_ACCIDENT,MOTORCYCLE_ACCIDENT,TRUCK_ACCIDENT,NOT_PRIVATE_PROPERTY,ALCOHOL_INVOLVED,STWD_VEHTYPE_AT_FAULT,CHP_VEHTYPE_AT_FAULT,COUNT_SEVERE_INJ,COUNT_VISIBLE_INJ,COUNT_COMPLAINT_PAIN,COUNT_PED_KILLED,COUNT_PED_INJURED,COUNT_BICYCLIST_KILLED,COUNT_BICYCLIST_INJURED,COUNT_MC_KILLED,COUNT_MC_INJURED,PRIMARY_RAMP,SECONDARY_RAMP,LATITUDE,LONGITUDE,COUNTY,CITY,POINT_X,POINT_Y
8023137,2016,2016-04-22,1942,2016-02-27,1615,39762,1803,6,5,7,1942,0,0,0,R,0,3T57,SAN PEDRO ST,87TH PL,62,S,N,A,-,N,NA,NA,NA,NA,NA,NA,NA,NA,NA,N,4,0,1,2,A,-,07,21658,A,F,G,B,E,A,H,-,A,A,0,Y,NA,NA,NA,Y,NA,-,99,0,0,1,0,1,0,0,0,0,-,-,NA,NA,LOS ANGELES,LOS ANGELES,-118.26951,33.95787996
8023158,2016,2016-04-26,1955,2016-01-05,0646,S008,NA,2,5,6,1955,0,0,0,NA,0,NA,KELLOGG DR,EUCALYPTUS LN,0,NA,N,B,C,N,NA,NA,NA,NA,NA,NA,NA,NA,NA,Y,4,0,1,2,A,-,03,22350,NA,N,E,J,A,B,F,-,A,D,0,NA,NA,NA,NA,Y,NA,A,01,0,0,1,0,0,0,0,0,0,-,-,34.03328,-117.49069,LOS ANGELES,POMONA,-117.81867004,34.05682007
8023429,2016,2016-04-25,1900,2016-03-13,1554,543244,1329,7,5,5,1935,0,0,0,NA,0,132W1,DANELAND ST,PEPPERWOOD AV,5,E,N,A,-,N,NA,NA,NA,NA,NA,NA,NA,NA,NA,N,4,0,1,2,A,-,10,21950,A,N,G,B,B,A,H,-,A,D,0,Y,NA,NA,NA,Y,NA,A,NA,0,0,1,0,1,0,0,0,0,-,-,NA,NA,LOS ANGELES,LAKEWOOD,-118.14124357,33.85308
8023489,2016,2016-04-25,1941,2016-03-26,1509,5955,NA,6,5,7,1941,0,0,0,NA,0,NA,WOODRUFF,MONLACO,38,N,N,A,-,N,NA,NA,NA,NA,NA,NA,NA,NA,NA,Y,4,0,1,2,A,-,08,22107,NA,N,D,C,A,A,H,-,A,D,0,NA,NA,NA,NA,Y,NA,D,NA,0,0,1,0,0,0,0,0,0,-,-,NA,NA,LOS ANGELES,LONG BEACH,-118.1167611,33.8224842
8023525,2016,2016-04-27,1942,2016-04-12,1230,36336,1547,2,5,7,1942,0,0,0,O,0,16TL28,LANKERSHIM BL,BURBANK BL,6,S,N,A,-,N,NA,NA,NA,NA,NA,NA,NA,NA,NA,N,3,0,1,2,A,-,05,21650,1,N,D,G,A,A,H,-,A,D,0,NA,Y,NA,NA,Y,NA,L,04,0,1,0,0,0,0,1,0,0,-,-,NA,NA,LOS ANGELES,LOS ANGELES,-118.37903049,34.17213557
8023529,2016,2016-04-27,1942,2016-04-12,1000,36320,1526,2,5,7,1942,0,0,0,O,0,15A7,LANKERSHIM BL,SYLVAN ST,300,S,N,A,-,N,NA,NA,NA,NA,NA,NA,NA,NA,NA,N,4,0,3,2,A,-,09,21804,A,N,B,C,A,A,H,-,A,D,0,NA,NA,NA,NA,Y,NA,A,01,0,0,3,0,0,0,0,0,0,-,-,NA,NA,LOS ANGELES,LOS ANGELES,-118.38629818,34.18420364
8023533,2016,2016-04-27,1942,2016-04-06,1605,39667,1785,3,5,7,1942,0,0,0,Q,0,17X22,NORDHOFF ST,LINDLEY AV,500,W,N,A,-,N,NA,NA,NA,NA,NA,NA,NA,NA,NA,N,4,0,1,3,A,-,03,22350,NA,N,C,C,A,A,H,-,A,A,0,NA,NA,NA,NA,Y,NA,D,22,0,0,1,0,0,0,0,0,0,-,-,NA,NA,LOS ANGELES,LOS ANGELES,-118.52898134,34.23550797
8023537,2016,2016-05-18,1942,2016-04-05,0820,34563,1797,2,5,7,1942,0,0,0,Q,0,17A67,ROSCOE BL,BALBOA PL,400,E,N,A,-,N,NA,NA,NA,NA,NA,NA,NA,NA,NA,Y,4,0,1,3,A,-,09,21801,A,N,D,C,A,A,H,-,A,D,0,NA,NA,NA,NA,Y,NA,D,22,0,0,1,0,0,0,0,0,0,-,-,NA,NA,LOS ANGELES,LOS ANGELES,-118.49985,34.22090964
8023541,2016,2016-04-27,1942,2016-04-12,0705,30452,1962,2,5,7,1942,0,0,0,NA,0,9TL53,SEPULVEDA BL,PLUMMER ST,0,NA,Y,A,-,N,NA,NA,NA,NA,NA,NA,NA,NA,NA,Y,4,0,2,3,A,-,12,21453,A,N,D,C,A,A,H,-,A,A,0,NA,NA,NA,NA,Y,NA,A,07,0,0,2,0,0,0,0,0,0,-,-,NA,NA,LOS ANGELES,LOS ANGELES,-118.46764003,34.24279004
8023545,2016,2016-05-02,1942,2016-04-13,1355,40193,1985,3,5,7,1942,0,0,0,NA,0,17TL14,ROSCOE BL,VAN NUYS BL,315,W,N,A,-,N,NA,NA,NA,NA,NA,NA,NA,NA,NA,N,4,0,1,2,A,-,07,21658,A,N,B,C,A,A,H,-,A,D,0,NA,NA,NA,NA,Y,NA,-,-,0,0,1,0,0,0,0,0,0,-,-,NA,NA,LOS ANGELES,LOS ANGELES,-118.44982014,34.22153
8023549,2016,2016-04-27,1942,2016-04-13,0655,39096,0901,3,5,7,1942,0,0,0,I,0,15TL47,SATICOY ST,ORION AV,0,NA,Y,A,-,N,NA,NA,NA,NA,NA,NA,NA,NA,NA,Y,4,0,2,3,A,-,09,21801,A,N,A,C,A,A,H,-,A,A,0,NA,NA,NA,NA,Y,NA,A,01,0,0,2,0,0,0,0,0,0,-,-,NA,NA,LOS ANGELES,LOS ANGELES,-118.47056009,34.20845006
8023557,2016,2016-04-27,1942,2016-04-13,1220,38995,1555,3,5,7,1942,0,0,0,O,0,17TL16,CAMARILLO ST,VINELAND AV,0,NA,Y,A,-,N,NA,NA,NA,NA,NA,NA,NA,NA,NA,Y,3,0,2,2,A,-,09,21801,A,N,D,C,A,A,H,-,A,A,0,NA,NA,NA,NA,Y,NA,A,07,0,1,1,0,0,0,0,0,0,-,-,NA,NA,LOS ANGELES,LOS ANGELES,-118.37046013,34.15766011
8023561,2016,2016-04-27,1942,2016-04-06,1630,32922,1761,3,5,7,1942,0,0,0,Q,0,17A1,TOPANGA CANYON BL,PLUMMER,500,N,N,A,-,N,NA,NA,NA,NA,NA,NA,NA,NA,NA,NA,4,0,1,3,A,-,09,21801,A,N,A,C,A,A,H,-,A,D,0,NA,NA,NA,NA,Y,NA,A,01,0,0,1,0,0,0,0,0,0,-,-,NA,NA,LOS ANGELES,LOS ANGELES,-118.60672675000001,34.24405081
8023570,2016,2016-04-25,1942,2016-04-11,2245,39830,1656,1,5,7,1942,0,0,0,P,0,16A59,FOOTHILL BL,MCVINE AV,0,NA,Y,A,-,N,NA,NA,NA,NA,NA,NA,NA,NA,NA,Y,4,0,4,2,A,-,07,21658,A,N,B,C,A,A,H,-,C,A,0,NA,NA,NA,NA,Y,NA,A,01,0,0,4,0,0,0,0,0,0,-,-,NA,NA,LOS ANGELES,LOS ANGELES,-118.31138011,34.25967006
8023574,2016,2016-04-25,1942,2016-04-14,2145,41396,1522,4,5,7,1942,0,0,0,O,0,16T25,SHERMAN WY,COLDWATER CANYON AV,0,NA,Y,A,-,N,NA,NA,NA,NA,NA,NA,NA,NA,NA,Y,3,0,2,2,A,-,12,21453,A,N,A,C,A,A,H,-,C,A,0,NA,NA,NA,NA,Y,NA,A,01,0,1,1,0,0,0,0,0,0,-,-,NA,NA,LOS ANGELES,LOS ANGELES,-118.41380014,34.20119004
8023640,2016,2016-04-26,1942,2016-04-05,1730,32922,1791,2,5,7,1942,0,0,0,Q,0,17X98,PARTHENIA ST,LURLINE AV,0,NA,Y,A,-,N,NA,NA,NA,NA,NA,NA,NA,NA,NA,N,4,0,1,2,A,-,09,21801,A,N,A,C,A,A,H,-,A,D,0,NA,NA,NA,NA,Y,NA,A,01,0,0,1,0,0,0,0,0,0,-,-,NA,NA,LOS ANGELES,LOS ANGELES,-118.58414011,34.2282001
8023644,2016,2016-04-26,1942,2016-04-05,1940,37541,1771,2,5,7,1942,0,0,0,Q,0,17A1,PLUMMER ST,DE SOTO AV,0,NA,Y,A,-,N,NA,NA,NA,NA,NA,NA,NA,NA,NA,N,4,0,1,2,A,-,12,21453,A,N,B,-,A,A,H,-,C,A,0,NA,NA,NA,NA,Y,NA,A,01,0,0,1,0,0,0,0,0,0,-,-,NA,NA,LOS ANGELES,LOS ANGELES,-118.58857009,34.24272011
8023648,2016,2016-04-25,1942,2016-04-13,0650,38996,1099,3,5,7,1942,0,0,0,J,0,16TL25,SEPULVEDA BL,SHERMAN OAKS AV,0,NA,Y,A,-,N,NA,NA,NA,NA,NA,NA,NA,NA,NA,Y,2,0,1,2,A,-,09,21802,A,N,A,C,A,A,H,-,A,A,0,NA,NA,Y,NA,Y,NA,A,01,1,0,0,0,0,0,0,0,1,-,-,NA,NA,LOS ANGELES,LOS ANGELES,-118.47174002,34.14685001
8023652,2016,2016-04-25,1942,2016-04-09,0950,32774,0914,6,5,7,1942,0,0,0,I,0,21TL65,KESTER AV,SHERMAN WAY,255,N,N,B,-,N,NA,NA,NA,NA,NA,NA,NA,NA,NA,N,4,0,1,2,A,-,09,21804,A,N,D,C,A,B,H,-,A,D,0,NA,NA,NA,NA,Y,NA,A,07,0,0,1,0,0,0,0,0,0,-,-,NA,NA,LOS ANGELES,LOS ANGELES,-118.45745292,34.20183916
8023656,2016,2016-04-25,1942,2016-04-13,1600,33779,0929,3,5,7,1942,0,0,0,I,0,15T44,VICTORY BL,ETHEL AV,0,NA,Y,A,-,N,NA,NA,NA,NA,NA,NA,NA,NA,NA,Y,4,0,4,2,A,-,09,21801,A,N,D,E,A,A,H,-,A,A,0,NA,NA,NA,NA,Y,NA,A,01,0,0,4,0,0,0,0,0,0,-,-,NA,NA,LOS ANGELES,LOS ANGELES,-118.41814006,34.18668
8023660,2016,2016-04-26,1942,2016-04-11,2155,41484,0919,1,5,7,1942,0,0,0,I,0,9A1,WOODMAN AV,SHERMAN WY,0,NA,Y,A,-,N,NA,NA,NA,NA,NA,NA,NA,NA,NA,Y,4,0,5,2,A,-,03,22350,NA,N,C,C,A,A,H,-,C,A,0,NA,NA,NA,NA,Y,NA,A,07,0,0,5,0,0,0,0,0,0,-,-,NA,NA,LOS ANGELES,LOS ANGELES,-118.43124006,34.20119003
8023664,2016,2016-04-26,1942,2016-04-14,0750,39217,0911,4,5,7,1942,0,0,0,I,0,9TL55,SHERMAN WY,ORION AV,200,E,N,A,-,N,NA,NA,NA,NA,NA,NA,NA,NA,NA,N,3,0,1,4,A,-,04,21703,NA,N,C,C,A,A,H,-,A,D,0,NA,NA,NA,NA,Y,NA,A,01,0,1,0,0,0,0,0,0,0,-,-,NA,NA,LOS ANGELES,LOS ANGELES,-118.46989974,34.20125
8023668,2016,2016-04-26,1942,2016-04-07,1150,39559,1778,4,5,7,1942,0,0,0,Q,0,17X36,PLUMMER ST,HASKELL AV,0,NA,Y,B,-,N,NA,NA,NA,NA,NA,NA,NA,NA,NA,N,4,0,1,2,A,-,08,22100,A,N,D,C,A,A,H,-,A,A,0,NA,NA,NA,NA,Y,NA,A,07,0,0,1,0,0,0,0,0,0,-,-,NA,NA,LOS ANGELES,LOS ANGELES,-118.47626001,34.24285004
8023672,2016,2016-04-25,1942,2016-04-14,1235,37353,1017,4,5,7,1942,0,0,0,J,0,19T72,SHERMAN WAY,LOUISE AV,0,NA,Y,A,-,N,NA,NA,NA,NA,NA,NA,NA,NA,NA,Y,4,0,3,3,A,-,12,21453,A,N,D,C,A,A,H,-,A,A,0,NA,NA,NA,NA,Y,NA,A,07,0,0,3,0,0,0,0,0,0,-,-,NA,NA,LOS ANGELES,LOS ANGELES,-118.50981004,34.20122008
8023676,2016,2016-04-25,1942,2016-04-14,1225,36336,1047,4,5,7,1942,0,0,0,J,0,16TL28,BURBANK BL,ALDEA AV,36,E,N,A,-,N,NA,NA,NA,NA,NA,NA,NA,NA,NA,Y,4,0,1,2,A,-,03,22350,NA,N,A,C,A,A,H,-,A,D,0,NA,NA,NA,NA,Y,NA,A,01,0,0,1,0,0,0,0,0,0,-,-,NA,NA,LOS ANGELES,LOS ANGELES,-118.50749119,34.17224
8023680,2016,2016-04-25,1942,2016-04-13,0650,38356,1009,3,5,7,1942,0,0,0,J,0,10TL39,ROSCOE BL,HASKELL AV,0,NA,Y,B,-,N,NA,NA,NA,NA,NA,NA,NA,NA,NA,Y,3,0,2,3,A,-,09,21801,A,N,D,C,A,A,H,-,A,A,0,NA,NA,NA,NA,Y,NA,A,01,0,1,1,0,0,0,0,0,0,-,-,NA,NA,LOS ANGELES,LOS ANGELES,-118.4764601,34.22135001
8023681,2016,2016-04-25,1942,2016-04-13,1545,35346,1543,3,5,7,1942,0,0,0,O,0,15T44,BURBANK BL,RHODES AV,0,NA,Y,A,-,N,NA,NA,NA,NA,NA,NA,NA,NA,NA,Y,3,0,2,2,A,-,09,21802,A,N,D,C,A,A,H,-,A,A,0,NA,NA,NA,NA,Y,NA,A,01,0,1,1,0,0,0,0,0,0,-,-,NA,NA,LOS ANGELES,LOS ANGELES,-118.40315014,34.17214003
8023685,2016,2016-04-25,1942,2016-04-14,0650,39410,1017,4,5,7,1942,0,0,0,J,0,21T65W,SHERMAN WY,LOUISE AV,0,NA,Y,A,-,N,NA,NA,NA,NA,NA,NA,NA,NA,NA,N,4,0,1,2,A,-,09,21801,A,N,D,C,A,A,H,-,A,A,0,NA,NA,NA,NA,Y,NA,A,01,0,0,1,0,0,0,0,0,0,-,-,NA,NA,LOS ANGELES,LOS ANGELES,-118.50981004,34.20122008
8023689,2016,2016-04-25,1942,2016-04-14,1540,33779,1794,4,5,7,1942,0,0,0,Q,0,15T44,RESEDA BL,PARTHENIA ST,130,N,N,A,-,N,NA,NA,NA,NA,NA,NA,NA,NA,NA,N,4,0,3,2,A,-,17,22109,NA,N,C,C,A,A,H,-,A,A,0,NA,NA,NA,NA,Y,NA,A,01,0,0,3,0,0,0,0,0,0,-,-,NA,NA,LOS ANGELES,LOS ANGELES,-118.53609,34.22860661
8023693,2016,2016-04-25,1942,2016-04-05,0745,31934,1781,2,5,7,1942,0,0,0,Q,0,17A23,MASON AV,PARTHENIA ST,0,NA,Y,A,-,N,NA,NA,NA,NA,NA,NA,NA,NA,NA,Y,3,0,1,2,A,-,09,21801,A,N,H,A,A,A,H,-,B,A,0,NA,NA,NA,NA,Y,NA,A,01,0,1,0,0,0,0,0,0,0,-,-,NA,NA,LOS ANGELES,LOS ANGELES,-118.57978014,34.22821005
8023697,2016,2016-04-25,1942,2016-04-13,1500,37676,1767,3,5,7,1942,0,0,0,Q,0,16T28,RESEDA BL,KINZIE ST,54,S,N,A,-,N,NA,NA,NA,NA,NA,NA,NA,NA,NA,Y,3,0,1,2,A,-,03,22350,NA,N,C,C,A,A,H,-,A,D,0,NA,NA,Y,NA,Y,NA,C,02,0,1,0,0,0,0,0,0,1,-,-,NA,NA,LOS ANGELES,LOS ANGELES,-118.53609,34.24807187
8023701,2016,2016-04-25,1942,2016-04-12,0630,40857,1539,2,5,7,1942,0,0,0,O,0,15A85,VINEYARD AV,HATTERAS ST,0,NA,Y,A,-,N,NA,NA,NA,NA,NA,NA,NA,NA,NA,N,3,0,1,2,A,-,10,21950,NA,N,G,B,B,A,H,-,A,A,0,Y,NA,NA,NA,Y,NA,A,01,0,1,0,0,1,0,0,0,0,-,-,NA,NA,LOS ANGELES,LOS ANGELES,NA,NA
8023705,2016,2016-04-25,1942,2016-04-13,2240,40290,1522,3,5,7,1942,0,0,0,O,0,15T45,COLDWATER CANYON,SHERMAN WAY,0,NA,Y,A,-,N,NA,NA,NA,NA,NA,NA,NA,NA,NA,Y,4,0,2,2,A,-,12,21453,A,N,D,C,A,A,H,-,C,A,0,NA,NA,NA,NA,Y,NA,A,01,0,0,2,0,0,0,0,0,0,-,-,NA,NA,LOS ANGELES,LOS ANGELES,-118.41380014,34.20119004
8023709,2016,2016-04-25,1942,2016-04-06,0745,39410,1531,3,5,7,1942,0,0,0,O,0,9T53W3,BURBANK BL,BELLAIRE AV,0,NA,Y,A,-,N,NA,NA,NA,NA,NA,NA,NA,NA,NA,Y,4,0,2,2,A,-,09,21801,A,N,A,C,A,A,H,-,A,A,0,NA,NA,NA,NA,Y,NA,A,01,0,0,2,0,0,0,0,0,0,-,-,NA,NA,LOS ANGELES,LOS ANGELES,-118.4094501,34.17213009
8023713,2016,2016-04-25,1942,2016-04-14,1350,35346,1983,4,5,7,1942,0,0,0,NA,0,15T44,PARTHENIA ST,MEMORY PARK AV,37,E,N,A,-,N,NA,NA,NA,NA,NA,NA,NA,NA,NA,N,2,0,2,2,A,-,11,21954,A,N,G,B,D,A,H,-,A,D,0,Y,NA,NA,NA,Y,NA,N,60,1,0,1,0,1,0,0,0,0,-,-,NA,NA,LOS ANGELES,LOS ANGELES,-118.46430284,34.22851119
8023717,2016,2016-04-26,1942,2016-04-13,1110,38273,0901,3,5,7,1942,0,0,0,I,0,21T67,SEPULVEDA BL,SATICOY ST,0,NA,Y,A,-,N,NA,NA,NA,NA,NA,NA,NA,NA,NA,Y,4,0,2,2,A,-,12,21453,A,N,D,C,A,A,H,-,A,A,0,NA,NA,NA,NA,Y,NA,-,-,0,0,2,0,0,0,0,0,0,-,-,NA,NA,LOS ANGELES,LOS ANGELES,-118.46621008,34.20845005
8023718,2016,2016-04-25,1942,2016-04-16,0840,30452,1779,6,5,7,1942,0,0,0,Q,0,9TL53,NORDHOFF ST,HASKELL AV,70,E,N,A,-,N,NA,NA,NA,NA,NA,NA,NA,NA,NA,Y,4,0,1,2,A,-,03,22350,NA,F,C,C,A,A,H,-,A,D,0,NA,NA,NA,NA,Y,NA,A,08,0,0,1,0,0,0,0,0,0,-,-,NA,NA,LOS ANGELES,LOS ANGELES,-118.47610881,34.23557
8023721,2016,2016-04-25,1942,2016-04-09,0720,32774,1981,6,5,7,1942,0,0,0,NA,0,21TL65,SEPULVEDA BL,CHASE ST,0,NA,Y,B,-,N,NA,NA,NA,NA,NA,NA,NA,NA,NA,Y,3,0,1,2,A,-,03,22350,NA,N,D,C,A,B,H,-,A,D,0,NA,NA,NA,NA,Y,NA,A,08,0,1,0,0,0,0,0,0,0,-,-,NA,NA,LOS ANGELES,LOS ANGELES,-118.46771006,34.22462009
8023725,2016,2016-04-25,1942,2016-04-13,1500,38326,1971,3,5,7,1942,0,0,0,NA,0,9T58,NORDHOFF ST,SEPULVEDA BL,150,E,N,A,-,N,NA,NA,NA,NA,NA,NA,NA,NA,NA,N,4,0,1,2,D,-,00,NA,NA,N,A,G,A,A,H,-,A,D,0,NA,Y,NA,NA,Y,NA,-,-,0,0,1,0,0,0,1,0,0,-,-,NA,NA,LOS ANGELES,LOS ANGELES,-118.46721461,34.23553
8023729,2016,2016-04-25,1942,2016-04-12,0815,30452,1995,2,5,7,1942,0,0,0,NA,0,9TL53,ARMINTA ST,WILLIS AV,530,E,N,A,-,N,NA,NA,NA,NA,NA,NA,NA,NA,NA,Y,4,0,2,2,A,-,05,21650,NA,N,B,C,A,A,H,-,A,D,0,NA,NA,NA,NA,Y,NA,A,01,0,0,2,0,0,0,0,0,0,-,-,NA,NA,LOS ANGELES,LOS ANGELES,-118.45358668,34.21347674
8023733,2016,2016-04-25,1942,2016-04-13,1630,31557,1983,3,5,7,1942,0,0,0,NA,0,35M41,SEPULVEDA BL,PARTHENIA ST,320,N,N,A,-,N,NA,NA,NA,NA,NA,NA,NA,NA,NA,N,4,0,2,2,A,-,09,21804,A,N,A,C,A,A,H,-,A,D,0,NA,NA,NA,NA,Y,NA,A,01,0,0,2,0,0,0,0,0,0,-,-,NA,NA,LOS ANGELES,LOS ANGELES,-118.46764291,34.22914763
8023737,2016,2017-02-28,1942,2016-04-14,1615,36336,1761,4,5,7,1942,0,0,0,Q,0,16TL28,TOPANGA CANYON BL,MARILLA ST,700,S,N,A,-,Y,LA,7,27,-,-,17.74,H,-,N,N,3,0,1,2,A,-,21,22106,NA,N,C,C,A,A,H,-,A,D,0,NA,NA,NA,NA,Y,NA,A,07,0,1,0,0,0,0,0,0,0,-,-,NA,NA,LOS ANGELES,LOS ANGELES,-118.60697915,34.24497391
8023753,2016,2016-04-25,1942,2016-04-14,2245,41198,2105,4,5,7,1942,0,0,0,NA,0,16T25,CANOGA AV,ROSCOE BL,450,S,N,A,-,N,NA,NA,NA,NA,NA,NA,NA,NA,NA,Y,4,0,1,2,A,-,01,23152,A,N,B,C,A,A,H,-,C,A,0,NA,NA,NA,NA,Y,Y,A,01,0,0,1,0,0,0,0,0,0,-,-,NA,NA,LOS ANGELES,LOS ANGELES,-118.59752,34.21856552
8023757,2016,2016-04-25,1942,2016-04-16,2335,37304,2156,6,5,7,1942,0,0,0,NA,0,9T53,CANOGA AV,VANOWEN ST,40,S,N,A,-,N,NA,NA,NA,NA,NA,NA,NA,NA,NA,Y,3,0,2,2,A,-,01,23152,A,N,A,C,A,A,H,-,C,A,0,NA,NA,NA,NA,Y,Y,A,01,0,1,1,0,0,0,0,0,0,-,-,NA,NA,LOS ANGELES,LOS ANGELES,-118.59748,34.19364027
8023763,2016,2016-05-24,1942,2016-04-03,0235,40325,1309,7,5,7,1942,0,0,0,M,0,1T11,MATEO ST,BAY ST,0,NA,Y,A,-,N,NA,NA,NA,NA,NA,NA,NA,NA,NA,N,4,0,2,2,A,-,09,21801,A,N,D,C,A,A,H,-,C,A,0,NA,NA,NA,NA,Y,NA,A,01,0,0,2,0,0,0,0,0,0,-,-,NA,NA,LOS ANGELES,LOS ANGELES,-118.23226013,34.03148009
8023764,2016,2016-05-06,1942,2016-03-11,1400,41214,LOSAN,5,5,7,1942,0,0,0,NA,0,1394,FLORENCE,SAN PEDRO,0,NA,Y,C,-,N,NA,NA,NA,NA,NA,NA,NA,NA,NA,Y,2,0,1,2,A,-,-,NA,NA,N,D,E,A,B,H,-,A,A,0,NA,NA,NA,NA,Y,NA,A,01,1,0,0,0,0,0,0,0,0,-,-,NA,NA,LOS ANGELES,LOS ANGELES,-118.26957001,33.97469008
8023767,2016,2016-05-02,1942,2016-03-29,0745,38124,1353,2,5,7,1942,0,0,0,M,0,4TL43,VERNON AV,AVALON BL,0,NA,Y,A,-,N,NA,NA,NA,NA,NA,NA,NA,NA,NA,Y,3,0,1,3,A,-,04,21703,NA,N,C,C,B,A,H,-,A,A,0,Y,NA,NA,NA,Y,NA,D,22,0,1,0,0,1,0,0,0,0,-,-,NA,NA,LOS ANGELES,LOS ANGELES,-118.26527004,34.00387009
8023768,2016,2016-05-09,1942,2016-02-29,0900,38124,1341,1,5,7,1942,0,0,0,M,0,4TL43,MLK BL,MAIN ST,0,NA,Y,A,-,N,NA,NA,NA,NA,NA,NA,NA,NA,NA,Y,3,0,4,3,A,-,12,21453,A,N,D,C,A,A,H,-,A,A,0,NA,NA,NA,NA,Y,NA,A,01,0,1,3,0,0,0,0,0,0,-,-,NA,NA,LOS ANGELES,LOS ANGELES,-118.27402008,34.01115003
8023771,2016,2016-05-02,1942,2016-03-28,1135,40275,1317,1,5,7,1942,0,0,0,M,0,11T25,CENTRAL AV,10TH ST,75,S,N,B,-,N,NA,NA,NA,NA,NA,NA,NA,NA,NA,N,4,0,1,2,A,-,03,22350,NA,N,C,C,A,A,H,-,A,D,0,NA,NA,NA,NA,Y,NA,D,22,0,0,1,0,0,0,0,0,0,-,-,NA,NA,LOS ANGELES,LOS ANGELES,-118.2445977,34.03130489
8023772,2016,2016-05-02,1942,2016-03-28,1120,31152,1317,1,5,7,1942,0,0,0,M,0,11TL25,10TH ST,CENTRAL AV,0,NA,Y,A,-,N,NA,NA,NA,NA,NA,NA,NA,NA,NA,N,3,0,3,2,A,-,09,21802,A,N,D,C,A,A,H,-,A,A,0,NA,NA,NA,NA,Y,NA,D,22,0,1,2,0,0,0,0,0,0,-,-,NA,NA,LOS ANGELES,LOS ANGELES,-118.2444901,34.03149012
8023792,2016,2016-04-27,1976,2016-03-13,1930,370,NA,7,5,5,1976,0,0,0,NA,0,002,GREENLEAF AV,MULBERRY DR,0,NA,Y,A,-,N,NA,NA,NA,NA,NA,NA,NA,NA,NA,Y,2,0,2,2,A,-,01,23152,A,N,D,C,A,A,H,-,C,A,0,NA,NA,NA,NA,Y,Y,A,01,2,0,0,0,0,0,0,0,0,-,-,NA,NA,LOS ANGELES,WHITTIER,-118.04681002,33.95613002
8023819,2016,2016-05-03,1942,2016-03-21,0240,39876,1343,1,5,7,1942,0,0,0,M,0,4T43,JEFFERSON BL,AVALON BL,0,NA,Y,A,-,N,NA,NA,NA,NA,NA,NA,NA,NA,NA,Y,4,0,3,2,A,-,12,21453,A,N,D,C,A,A,H,-,C,A,0,NA,NA,NA,NA,Y,NA,-,-,0,0,3,0,0,0,0,0,0,-,-,NA,NA,LOS ANGELES,LOS ANGELES,-118.2652701,34.01534008
8023831,2016,2016-04-29,1942,2016-04-12,1250,31476,0111,2,5,7,1942,0,0,0,A,0,13TL53,HILL ST,COLLEGE ST,711,N,N,A,-,N,NA,NA,NA,NA,NA,NA,NA,NA,NA,Y,4,0,1,2,A,-,09,21804,A,N,D,C,A,A,H,-,A,D,0,NA,NA,NA,NA,Y,NA,D,22,0,0,1,0,0,0,0,0,0,-,-,NA,NA,LOS ANGELES,LOS ANGELES,-118.23781144,34.06622712
8023834,2016,2016-04-28,1976,2016-04-08,1546,337,1976,5,5,5,1976,0,0,0,NA,0,001,BEVERLY BL,FLORAL DR,75,E,N,C,-,N,NA,NA,NA,NA,NA,NA,NA,NA,NA,N,4,0,1,2,A,-,03,22350,NA,N,C,C,A,B,H,-,A,A,0,NA,NA,NA,NA,Y,NA,D,22,0,0,1,0,0,0,0,0,0,-,-,NA,NA,LOS ANGELES,WHITTIER,-118.05056487,33.99158273
8023835,2016,2016-04-29,1942,2016-04-14,1248,31152,0142,4,5,7,1942,0,0,0,A,0,11TL25,3RD ST,FLOWER ST,150,E,N,A,-,N,NA,NA,NA,NA,NA,NA,NA,NA,NA,N,4,0,1,2,A,-,05,21650,NA,N,D,C,A,A,H,-,A,D,0,NA,Y,NA,NA,Y,NA,L,04,0,0,1,0,0,0,1,0,0,-,-,NA,NA,LOS ANGELES,LOS ANGELES,-118.25355,34.05434
8023841,2016,2016-04-27,1942,2016-03-26,0225,42089,1347,6,5,7,1942,0,0,0,M,0,13A63,EAST VERNON AV,HONDURAS,0,NA,Y,A,-,N,NA,NA,NA,NA,NA,NA,NA,NA,NA,Y,2,0,1,3,A,-,03,22350,NA,F,C,C,E,A,H,-,C,A,0,Y,NA,NA,NA,Y,NA,-,NA,1,0,0,0,1,0,0,0,0,-,-,NA,NA,LOS ANGELES,LOS ANGELES,-118.24411011,34.00392011