CASE_ID,ACCIDENT_YEAR,PROC_DATE,JURIS,COLLISION_DATE,COLLISION_TIME,OFFICER_ID,REPORTING_DISTRICT,DAY_OF_WEEK,CHP_SHIFT,POPULATION,CNTY_CITY_LOC,SPECIAL_COND,BEAT_TYPE,CHP_BEAT_TYPE,CITY_DIVISION_LAPD,CHP_BEAT_CLASS,BEAT_NUMBER,PRIMARY_RD,SECONDARY_RD,DISTANCE,DIRECTION,INTERSECTION,WEATHER_1,WEATHER_2,STATE_HWY_IND,CALTRANS_COUNTY,CALTRANS_DISTRICT,STATE_ROUTE,ROUTE_SUFFIX,POSTMILE_PREFIX,POSTMILE,LOCATION_TYPE,RAMP_INTERSECTION,SIDE_OF_HWY,TOW_AWAY,COLLISION_SEVERITY,NUMBER_KILLED,NUMBER_INJURED,PARTY_COUNT,PRIMARY_COLL_FACTOR,PCF_CODE_OF_VIOL,PCF_VIOL_CATEGORY,PCF_VIOLATION,PCF_VIOL_SUBSECTION,HIT_AND_RUN,TYPE_OF_COLLISION,MVIW,PED_ACTION,ROAD_SURFACE,ROAD_COND_1,ROAD_COND_2,LIGHTING,CONTROL_DEVICE,CHP_ROAD_TYPE,PEDESTRIAN_ACCIDENT,BICYCLE_ACCIDENT,MOTORCYCLE_ACCIDENT,TRUCK_ACCIDENT,NOT_PRIVATE_PROPERTY,ALCOHOL_INVOLVED,STWD_VEHTYPE_AT_FAULT,CHP_VEHTYPE_AT_FAULT,COUNT_SEVERE_INJ,COUNT_VISIBLE_INJ,COUNT_COMPLAINT_PAIN,COUNT_PED_KILLED,COUNT_PED_INJURED,COUNT_BICYCLIST_KILLED,COUNT_BICYCLIST_INJURED,COUNT_MC_KILLED,COUNT_MC_INJURED,PRIMARY_RAMP,SECONDARY_RAMP,LATITUDE,LONGITUDE,COUNTY,CITY,POINT_X,POINT_Y
8023842,2016,2016-04-27,1942,2016-03-26,1550,37810,1375,6,5,7,1942,0,0,0,M,0,13A75,HOOPER AV,57TH ST,0,NA,Y,A,-,N,NA,NA,NA,NA,NA,NA,NA,NA,NA,Y,4,0,1,2,A,-,09,21802,A,N,D,C,A,A,H,-,A,D,0,NA,NA,NA,NA,Y,NA,A,01,0,0,1,0,0,0,0,0,0,-,-,NA,NA,LOS ANGELES,LOS ANGELES,-118.25213002,33.9911101
8023845,2016,2016-04-29,1942,2016-03-27,1820,37705,0105,7,5,7,1942,0,0,0,A,0,13T22,BROADWAY,COTTAGE HOME ST,45,E,N,A,-,N,NA,NA,NA,NA,NA,NA,NA,NA,NA,N,4,0,2,2,A,-,21,22106,NA,N,D,C,A,A,H,-,A,D,0,NA,NA,NA,NA,Y,NA,A,07,0,0,2,0,0,0,0,0,0,-,-,NA,NA,LOS ANGELES,LOS ANGELES,-118.2352941,34.06735639
8023861,2016,2016-04-27,1942,2016-03-29,1637,38357,1364,2,5,7,1942,0,0,0,M,0,2T28,CENTRAL AV,46TH ST,65,S,N,A,-,N,NA,NA,NA,NA,NA,NA,NA,NA,NA,N,3,0,1,2,A,-,08,22107,NA,N,B,C,A,A,H,-,A,D,0,NA,NA,Y,NA,Y,NA,A,01,0,1,0,0,0,0,0,0,1,-,-,NA,NA,LOS ANGELES,LOS ANGELES,-118.25648287,34.00187184
8023865,2016,2018-09-21,1942,2016-03-30,1430,37825,1365,3,5,7,1942,0,0,0,M,0,13A85,CENTRAL AV,52ND ST,7,S,N,A,-,N,NA,NA,NA,NA,NA,NA,NA,NA,NA,N,4,0,3,3,A,-,09,21802,A,N,D,C,A,A,-,-,A,-,0,NA,NA,NA,NA,Y,NA,-,NA,0,0,3,0,0,0,0,0,0,-,-,NA,NA,LOS ANGELES,LOS ANGELES,-118.25647,33.9959408
8023869,2016,2016-04-29,1942,2016-03-24,1315,41867,1313,4,5,7,1942,0,0,0,M,0,13A13,SAN PEDRO,20TH ST,0,NA,Y,A,-,N,NA,NA,NA,NA,NA,NA,NA,NA,NA,N,4,0,1,2,A,-,-,NA,NA,N,C,C,A,A,H,-,A,A,0,NA,NA,NA,NA,Y,NA,-,NA,0,0,1,0,0,0,0,0,0,-,-,NA,NA,LOS ANGELES,LOS ANGELES,-118.25800009,34.02674012
8023873,2016,2016-04-29,1942,2016-03-24,1358,37825,1345,4,5,7,1942,0,0,0,M,0,13A27,CENTRAL AV,41ST ST,7,S,N,A,-,N,NA,NA,NA,NA,NA,NA,NA,NA,NA,N,3,0,3,2,-,-,-,NA,NA,N,D,C,A,A,H,-,A,A,0,NA,NA,NA,NA,Y,NA,-,-,0,1,2,0,0,0,0,0,0,-,-,NA,NA,LOS ANGELES,LOS ANGELES,-118.25651,34.0092208
8023877,2016,2016-04-27,1942,2016-03-28,1620,40421,1317,1,5,7,1942,0,0,0,M,0,13X28,WASHINGTON,TARLETON ST,30,E,N,A,-,N,NA,NA,NA,NA,NA,NA,NA,NA,NA,Y,4,0,1,2,B,-,22,NA,NA,N,C,E,A,A,H,-,A,D,0,NA,NA,NA,NA,Y,NA,A,01,0,0,1,0,0,0,0,0,0,-,-,NA,NA,LOS ANGELES,LOS ANGELES,-118.24511846,34.02137354
8023881,2016,2016-04-27,1942,2016-03-22,0740,42067,1321,2,5,7,1942,0,0,0,M,0,13A85,FIGUEROA ST,23RD ST,0,NA,Y,A,-,N,NA,NA,NA,NA,NA,NA,NA,NA,NA,N,4,0,2,2,A,-,09,21802,NA,N,B,C,A,A,H,-,A,A,0,NA,NA,NA,NA,Y,NA,A,01,0,0,2,0,0,0,0,0,0,-,-,NA,NA,LOS ANGELES,LOS ANGELES,-118.27436001,34.03079011
8023885,2016,2016-04-27,1942,2016-03-23,0935,37505,1341,3,5,7,1942,0,0,0,M,0,2TL15,39TH ST,HILL ST,0,NA,Y,A,-,N,NA,NA,NA,NA,NA,NA,NA,NA,NA,Y,3,0,2,2,A,-,09,21802,A,N,D,C,A,A,H,-,A,A,0,NA,NA,NA,NA,Y,NA,A,01,0,1,1,0,0,0,0,0,0,-,-,NA,NA,LOS ANGELES,LOS ANGELES,-118.27910006,34.01309008
8023889,2016,2016-04-27,1942,2016-03-21,1515,37611,1331,1,5,7,1942,0,0,0,M,0,13T22,GRAND AV,28TH ST,44,N,N,A,-,N,NA,NA,NA,NA,NA,NA,NA,NA,NA,N,3,0,2,2,A,-,11,21953,NA,N,G,B,D,A,H,-,A,D,0,Y,Y,NA,NA,Y,NA,N,60,0,2,0,0,1,0,1,0,0,-,-,NA,NA,LOS ANGELES,LOS ANGELES,-118.2733431,34.02480704
8023893,2016,2016-04-27,1942,2016-03-21,1905,34458,1313,1,5,7,1942,0,0,0,M,0,2T28,14TH ST,SAN PEDRO ST,2,E,N,A,-,N,NA,NA,NA,NA,NA,NA,NA,NA,NA,N,3,0,1,2,A,-,05,21650,NA,N,-,G,A,A,H,-,A,D,0,NA,Y,NA,NA,Y,NA,L,04,0,1,0,0,0,0,1,0,0,-,-,NA,NA,LOS ANGELES,LOS ANGELES,-118.25441424,34.03216734
8023897,2016,2016-04-27,1942,2016-03-26,0550,40514,1323,6,5,7,1942,0,0,0,M,0,1325,GRIFFITH,ADAMS,0,NA,Y,A,-,N,NA,NA,NA,NA,NA,NA,NA,NA,NA,N,4,0,1,2,A,-,03,22350,NA,N,A,B,B,A,H,-,C,A,0,Y,NA,NA,NA,Y,NA,-,NA,0,0,1,0,1,0,0,0,0,-,-,NA,NA,LOS ANGELES,LOS ANGELES,-118.25748001,34.01988005
8023901,2016,2016-04-29,1942,2016-03-31,1645,41053,1385,4,5,7,1942,0,0,0,M,0,13X42W,MAIN ST,46TH ST,0,NA,Y,A,-,N,NA,NA,NA,NA,NA,NA,NA,NA,NA,N,4,0,1,2,A,-,08,22107,NA,F,B,B,E,A,H,-,A,D,0,Y,NA,NA,NA,Y,NA,-,NA,0,0,1,0,1,0,0,0,0,-,-,NA,NA,LOS ANGELES,LOS ANGELES,-118.27400006,34.00201012
8023905,2016,2016-04-27,1942,2016-03-09,1845,40421,1309,3,5,7,1942,0,0,0,M,0,13X76,SANTA FE AV,11TH ST,0,NA,Y,A,-,N,NA,NA,NA,NA,NA,NA,NA,NA,NA,N,4,0,1,3,A,-,09,21804,A,N,D,C,A,A,H,-,C,D,0,NA,NA,NA,NA,Y,NA,A,07,0,0,1,0,0,0,0,0,0,-,-,NA,NA,LOS ANGELES,LOS ANGELES,-118.23009006,34.02303003
8023909,2016,2016-04-27,1942,2016-03-10,1830,33471,1363,4,5,7,1942,0,0,0,M,0,13XL4,AVALON BL,49TH ST,0,NA,Y,A,-,N,NA,NA,NA,NA,NA,NA,NA,NA,NA,Y,3,0,1,2,A,-,09,21801,A,N,A,C,A,A,H,-,C,A,0,NA,NA,NA,NA,Y,NA,-,NA,0,1,0,0,0,0,0,0,0,-,-,NA,NA,LOS ANGELES,LOS ANGELES,-118.26524006,33.99881005
8023913,2016,2016-04-27,1942,2016-03-04,1955,41169,1381,5,5,7,1942,0,0,0,M,0,12X55W,BROADWAY,60TH ST,0,NA,Y,A,-,N,NA,NA,NA,NA,NA,NA,NA,NA,NA,N,4,0,1,2,A,-,11,21953,NA,N,G,B,D,A,H,-,C,D,0,Y,NA,NA,NA,Y,NA,N,60,0,0,1,0,1,0,0,0,0,-,-,NA,NA,LOS ANGELES,LOS ANGELES,-118.2783,33.98509
8023917,2016,2016-04-27,1942,2016-03-30,0455,32973,1347,3,5,7,1942,0,0,0,M,0,11T32,ALAMEDA ST,41ST ST,9,E,N,A,-,N,NA,NA,NA,NA,NA,NA,NA,NA,NA,N,4,0,1,2,A,-,17,21451,A,N,D,G,A,A,H,-,C,A,0,NA,Y,NA,NA,Y,NA,A,01,0,0,1,0,0,0,1,0,0,-,-,NA,NA,LOS ANGELES,LOS ANGELES,-118.239466,34.007986
8023969,2016,2016-04-27,1941,2016-04-13,1845,5145,NA,3,5,7,1941,0,0,0,NA,0,NA,DELTA AV,34TH ST,0,NA,Y,A,-,N,NA,NA,NA,NA,NA,NA,NA,NA,NA,N,4,0,4,3,A,-,12,22450,A,N,D,C,A,A,H,-,A,D,0,NA,NA,NA,NA,Y,NA,A,NA,0,0,4,0,0,0,0,0,0,-,-,NA,NA,LOS ANGELES,LONG BEACH,-118.21112003,33.81888
8024032,2016,2017-02-18,1941,2016-04-01,1248,10778,NA,5,5,7,1941,0,0,0,NA,0,NA,PACIFIC COAST HWY,HAYES AV,150,W,N,A,-,Y,LA,7,1,-,-,7.99,H,-,S,N,4,0,1,2,A,-,06,21750,NA,N,B,G,A,A,H,-,A,D,0,NA,Y,NA,Y,Y,NA,G,NA,0,0,1,0,0,0,1,0,0,-,-,NA,NA,LOS ANGELES,LONG BEACH,-118.21919345,33.78981658
8024043,2016,2016-04-21,1942,2016-04-07,0925,39096,1977,4,5,7,1942,0,0,0,NA,0,15TL47,BEACHY AV,OSBORNE ST,0,NA,Y,A,-,N,NA,NA,NA,NA,NA,NA,NA,NA,NA,Y,3,0,2,3,A,-,09,21801,A,N,D,C,A,A,H,-,A,A,0,NA,NA,NA,NA,Y,NA,D,22,0,1,1,0,0,0,0,0,0,-,-,NA,NA,LOS ANGELES,LOS ANGELES,-118.42938,34.23967003
8024045,2016,2016-06-06,1942,2016-04-07,1510,37676,1035,4,5,7,1942,0,0,0,J,0,15T44,VICTORY BL,LINDLEY AV,0,NA,Y,C,-,N,NA,NA,NA,NA,NA,NA,NA,NA,NA,Y,3,0,3,3,A,-,09,21801,A,N,D,C,A,B,H,-,A,A,0,NA,NA,NA,Y,Y,NA,A,01,0,2,1,0,0,0,0,0,0,-,-,NA,NA,LOS ANGELES,LOS ANGELES,-118.52728001,34.18661005
8024059,2016,2016-05-06,1931,2016-03-31,0526,5261,1931,4,5,5,1931,0,0,0,NA,0,003,SANTA FE AV,FLORENCE AV,0,NA,Y,A,-,N,NA,NA,NA,NA,NA,NA,NA,NA,NA,N,2,0,1,2,A,-,09,21804,A,N,D,G,A,A,-,-,C,A,0,NA,Y,NA,Y,Y,NA,L,04,1,0,0,0,0,0,1,0,0,-,-,NA,NA,LOS ANGELES,HUNTINGTON PARK,-118.23029008,33.97473008
8024072,2016,2016-04-26,1942,2016-04-12,0700,40164,0749,2,5,7,1942,0,0,0,G,0,7T23,WILSHIRE BL,IRVING BL,52,W,N,A,-,N,NA,NA,NA,NA,NA,NA,NA,NA,NA,Y,3,0,2,3,A,-,01,23152,A,N,C,C,A,A,H,-,A,D,0,NA,NA,NA,Y,Y,NA,A,01,0,1,1,0,0,0,0,0,0,-,-,NA,NA,LOS ANGELES,LOS ANGELES,-118.31870133,34.06172272
8024073,2016,2016-05-04,1942,2016-04-07,1210,40690,1425,4,5,7,1942,0,0,0,N,0,14TL52,NATIONAL BL,SAWTELLE BL,185,W,N,B,-,N,NA,NA,NA,NA,NA,NA,NA,NA,NA,NA,4,0,1,2,A,-,03,22350,A,N,C,C,A,A,H,-,A,D,0,NA,NA,NA,Y,Y,NA,F,21,0,0,1,0,0,0,0,0,0,-,-,NA,NA,LOS ANGELES,LOS ANGELES,-118.431945,34.02599227
8024074,2016,2016-04-21,1942,2016-04-09,1315,38380,0749,6,5,7,1942,0,0,0,G,0,7TL72,OLYMPIC BL,CRENSHAW BL,43,W,N,B,-,N,NA,NA,NA,NA,NA,NA,NA,NA,NA,Y,4,0,3,4,A,-,03,22350,NA,N,B,C,A,B,H,-,A,A,0,NA,NA,NA,NA,Y,NA,A,01,0,0,3,0,0,0,0,0,0,-,-,NA,NA,LOS ANGELES,LOS ANGELES,-118.32313831,34.05468561
8024077,2016,2016-04-21,1942,2016-04-07,1800,40654,0747,4,5,7,1942,0,0,0,G,0,6A66,OLYMPIC BL,KENISTON,60,E,N,B,-,N,NA,NA,NA,NA,NA,NA,NA,NA,NA,N,4,0,1,5,A,-,04,21703,NA,N,C,C,A,B,G,-,A,D,0,NA,NA,NA,NA,Y,NA,D,22,0,0,1,0,0,0,0,0,0,-,-,NA,NA,LOS ANGELES,LOS ANGELES,-118.33592229,34.057
8024079,2016,2016-04-21,1942,2016-04-05,1300,37700,0706,2,5,7,1942,0,0,0,G,0,20T56,WILLOUGHBY AV,CHEROKEE AV,78,E,N,A,-,N,NA,NA,NA,NA,NA,NA,NA,NA,NA,Y,4,0,1,2,A,-,08,22107,NA,N,C,E,A,A,H,-,A,D,0,NA,NA,NA,NA,Y,NA,A,07,0,0,1,0,0,0,0,0,0,-,-,NA,NA,LOS ANGELES,LOS ANGELES,-118.33498288,34.0871
8024113,2016,2016-04-21,1942,2016-03-24,1735,36503,2019,4,5,7,1942,0,0,0,NA,0,20A39,BEVERLY BL,WESTMORELAND AV,30,W,N,A,-,N,NA,NA,NA,NA,NA,NA,NA,NA,NA,N,4,0,2,3,A,-,03,22350,NA,F,C,C,A,A,H,-,A,A,0,NA,NA,NA,NA,Y,NA,-,99,0,0,2,0,0,0,0,0,0,-,-,NA,NA,LOS ANGELES,LOS ANGELES,-118.28806886,34.0763116
8024114,2016,2016-08-12,1942,2016-03-27,1715,41567,0765,7,5,7,1942,0,0,0,G,0,7A32,LA BREA AV,DOCKWEILER ST,0,NA,Y,A,-,N,NA,NA,NA,NA,NA,NA,NA,NA,NA,N,3,0,1,2,A,-,00,21590,C,N,G,B,D,A,H,-,A,D,0,Y,NA,NA,NA,Y,NA,N,60,0,1,0,0,1,0,0,0,0,-,-,NA,NA,LOS ANGELES,LOS ANGELES,-118.34413011,34.05205005
8024115,2016,2016-04-21,1942,2016-03-30,1750,40024,0636,3,5,7,1942,0,0,0,F,0,14TL47,HOLLYWOOD BL,MCCADDEN PL,126,W,N,A,-,N,NA,NA,NA,NA,NA,NA,NA,NA,NA,N,4,0,1,2,A,-,03,22350,NA,N,G,B,E,A,H,-,B,D,0,Y,NA,Y,NA,Y,NA,C,02,0,0,1,0,0,0,0,0,1,-,-,NA,NA,LOS ANGELES,LOS ANGELES,-118.33785542,34.10155
8024116,2016,2016-04-21,1942,2016-03-30,1110,40164,0727,3,5,7,1942,0,0,0,G,0,7T23,HIGHLAND AV,2ND ST,15,S,N,A,-,N,NA,NA,NA,NA,NA,NA,NA,NA,NA,Y,4,0,2,4,A,-,03,22350,NA,N,C,C,A,A,H,-,A,D,0,NA,NA,NA,NA,Y,NA,A,01,0,0,2,0,0,0,0,0,0,-,-,NA,NA,LOS ANGELES,LOS ANGELES,-118.33852,34.070985
8024117,2016,2016-04-21,1942,2016-03-31,0930,30045,881,4,5,7,1942,0,0,0,NA,0,8X42,OLYMPIC BL,BUNDY DR,500,E,N,A,-,N,NA,NA,NA,NA,NA,NA,NA,NA,NA,N,4,0,1,2,D,-,00,NA,NA,N,G,B,E,A,H,-,A,D,0,Y,NA,NA,NA,Y,NA,-,-,0,0,1,0,1,0,0,0,0,-,-,NA,NA,LOS ANGELES,LOS ANGELES,-118.45214209,34.03263798
8024118,2016,2017-02-07,1942,2016-03-31,1720,42264,0804,4,5,7,1942,0,0,0,H,0,A812,SEPULVEDA,RT 405,0,NA,Y,A,-,Y,LA,7,405,-,-,38.977,R,4,N,Y,4,0,2,2,A,-,09,21453,C,N,A,C,A,A,H,-,A,A,0,NA,NA,NA,NA,Y,NA,A,01,0,0,2,0,0,0,0,0,0,-,NO,NA,NA,LOS ANGELES,LOS ANGELES,-118.46794461,34.15358763
8024119,2016,2016-04-21,1942,2016-03-31,0810,41275,849,4,5,7,1942,0,0,0,NA,0,8A35,LA CIENEGA BL,WHITWORTH DR,0,NA,Y,A,-,N,NA,NA,NA,NA,NA,NA,NA,NA,NA,Y,3,0,2,2,A,-,12,21453,A,N,D,C,A,A,H,-,A,A,0,NA,NA,NA,NA,Y,NA,A,01,0,1,1,0,0,0,0,0,0,-,-,NA,NA,LOS ANGELES,LOS ANGELES,-118.37621,34.05704008
8024121,2016,2016-04-19,1942,2016-04-03,1630,41299,2093,7,5,7,1942,0,0,0,NA,0,7X58,WESTERN AV,WASHINGTON BL,0,NA,Y,A,-,N,NA,NA,NA,NA,NA,NA,NA,NA,NA,N,4,0,1,5,A,-,03,22350,NA,N,C,C,A,A,H,-,A,A,0,NA,NA,NA,NA,Y,NA,A,01,0,0,1,0,0,0,0,0,0,-,-,NA,NA,LOS ANGELES,LOS ANGELES,-118.3089901,34.03992004
8024122,2016,2016-04-21,1942,2016-04-01,2115,39022,1412,5,5,7,1942,0,0,0,N,0,14TL47,PACIFIC AV,THORNTON CT,50,N,N,A,-,N,NA,NA,NA,NA,NA,NA,NA,NA,NA,Y,4,0,3,4,A,-,03,22350,NA,N,C,C,A,A,H,-,C,D,0,NA,NA,NA,NA,Y,NA,A,01,0,0,3,0,0,0,0,0,0,-,-,NA,NA,LOS ANGELES,LOS ANGELES,-118.47626992,33.9927449
8024123,2016,2016-04-21,1942,2016-04-04,1505,41386,0849,1,5,7,1942,0,0,0,H,0,08A,ROBERTSON,CHALMERS,10,S,N,A,-,N,NA,NA,NA,NA,NA,NA,NA,NA,NA,N,4,0,1,2,A,-,03,22350,NA,N,C,C,A,A,H,-,A,A,0,NA,NA,NA,NA,Y,NA,A,01,0,0,1,0,0,0,0,0,0,-,-,NA,NA,LOS ANGELES,LOS ANGELES,-118.3836,34.06089257
8024124,2016,2016-04-21,1942,2016-04-03,1430,41717,WLA,7,5,7,1942,0,0,0,NA,0,8EL4,LA CIENEGA,CADILLAC,5,N,N,A,-,N,NA,NA,NA,NA,NA,NA,NA,NA,NA,Y,4,0,1,2,A,-,00,21455,A,N,A,C,A,A,H,-,A,A,0,NA,NA,Y,NA,Y,NA,C,02,0,0,1,0,0,0,0,0,0,-,-,NA,NA,LOS ANGELES,LOS ANGELES,-118.37722,34.03825371
8024125,2016,2016-04-21,1942,2016-04-06,1320,37715,0885,3,5,7,1942,0,0,0,H,0,8TL26W,OVERLAND AV,NATIONAL BL,0,NA,Y,A,-,N,NA,NA,NA,NA,NA,NA,NA,NA,NA,Y,3,0,2,2,A,-,09,21801,A,N,A,C,A,A,H,-,A,A,0,NA,NA,NA,NA,Y,NA,A,01,0,2,0,0,0,0,0,0,0,-,-,NA,NA,LOS ANGELES,LOS ANGELES,-118.41761006,34.03246002
8024126,2016,2016-04-21,1942,2016-04-07,0955,25481,0851,4,5,7,1942,0,0,0,H,0,14MQ78,CENTINELLA AV,COLORADO,0,NA,Y,B,-,N,NA,NA,NA,NA,NA,NA,NA,NA,NA,N,4,0,1,2,A,-,12,21453,A,N,B,C,A,A,H,-,A,A,0,NA,NA,NA,NA,Y,NA,-,-,0,0,1,0,0,0,0,0,0,-,-,NA,NA,LOS ANGELES,LOS ANGELES,-118.4646401,34.03597009
8024127,2016,2016-04-21,1942,2016-04-06,0745,34251,0701,3,5,7,1942,0,0,0,G,0,7TL23,N LA CIENEGA BL,SHERWOOD DR,0,NA,Y,B,-,N,NA,NA,NA,NA,NA,NA,NA,NA,NA,Y,3,0,2,2,A,-,09,21802,A,N,D,C,A,A,H,-,A,A,0,NA,NA,Y,NA,Y,NA,A,01,0,2,0,0,0,0,0,0,1,-,-,NA,NA,LOS ANGELES,LOS ANGELES,-118.37649008,34.08484001
8024128,2016,2016-04-19,1942,2016-04-12,2310,39546,0645,2,5,7,1942,0,0,0,F,0,7TL23,SUNSET BL,ORANGE DR,60,W,N,A,-,N,NA,NA,NA,NA,NA,NA,NA,NA,NA,Y,4,0,2,6,A,-,01,23152,A,N,C,C,A,A,H,-,C,D,0,NA,NA,NA,NA,Y,Y,A,01,0,0,2,0,0,0,0,0,0,-,-,NA,NA,LOS ANGELES,LOS ANGELES,-118.34178781,34.09797
8024129,2016,2016-04-21,1942,2016-04-11,1415,37966,0705,1,5,7,1942,0,0,0,G,0,6TL4,MELROSE AV,ALTA VISTA BL,50,E,N,A,-,N,NA,NA,NA,NA,NA,NA,NA,NA,NA,N,4,0,2,2,A,-,04,21703,NA,N,C,C,A,A,H,-,A,D,0,NA,NA,NA,NA,Y,NA,A,01,0,0,2,0,0,0,0,0,0,-,-,NA,NA,LOS ANGELES,LOS ANGELES,-118.34729524,34.08352634
8024130,2016,2016-04-21,1942,2016-04-11,1830,37613,0883,1,5,7,1942,0,0,0,H,0,14T52,OLYMPIC BL,SEPULVEDA BL,55,E,N,A,-,N,NA,NA,NA,NA,NA,NA,NA,NA,NA,N,4,0,1,2,A,-,07,21658,A,N,B,C,A,A,H,-,A,A,0,NA,NA,NA,NA,Y,NA,A,07,0,0,1,0,0,0,0,0,0,-,-,NA,NA,LOS ANGELES,LOS ANGELES,-118.43777039,34.04030513
8024131,2016,2016-04-21,1942,2016-04-10,2000,41179,0701,7,5,7,1942,0,0,0,G,0,8T35,ROMAINE ST,CRESCENT HEIGHTS BL,0,NA,Y,A,-,N,NA,NA,NA,NA,NA,NA,NA,NA,NA,N,4,0,1,2,A,-,12,22450,NA,N,D,C,A,A,H,-,C,A,0,NA,NA,NA,NA,Y,NA,A,01,0,0,1,0,0,0,0,0,0,-,-,NA,NA,LOS ANGELES,LOS ANGELES,-118.36591006,34.08873006
8024132,2016,2016-04-21,1942,2016-04-09,1545,41942,NA,6,5,7,1942,0,0,0,NA,0,7X52,LA BREA AV,EDGEWOOD DR,0,NA,Y,B,C,N,NA,NA,NA,NA,NA,NA,NA,NA,NA,NA,4,0,1,2,A,-,04,21703,NA,N,C,C,A,B,H,-,A,A,0,NA,NA,NA,NA,Y,NA,-,-,0,0,1,0,0,0,0,0,0,-,-,NA,NA,LOS ANGELES,LOS ANGELES,-118.34352003,34.0543801
8024133,2016,2016-04-19,1942,2016-04-10,1523,34959,0774,7,5,7,1942,0,0,0,G,0,20TL55,LA BREA AV,VENICE BL,0,NA,Y,A,-,N,NA,NA,NA,NA,NA,NA,NA,NA,NA,N,4,0,1,3,A,-,07,21658,A,N,B,C,A,A,H,-,A,D,0,NA,NA,NA,NA,Y,NA,A,01,0,0,1,0,0,0,0,0,0,-,-,NA,NA,LOS ANGELES,LOS ANGELES,-118.34544013,34.0458701
8024134,2016,2016-04-19,1942,2016-04-10,1410,34959,0774,7,5,7,1942,0,0,0,G,0,20TL55,WASHINGTON BL,LA BREA AV,159,E,N,A,-,N,NA,NA,NA,NA,NA,NA,NA,NA,NA,Y,4,0,4,3,A,-,03,22350,NA,N,C,C,A,A,H,-,A,D,0,NA,NA,NA,NA,Y,NA,A,01,0,0,4,0,0,0,0,0,0,-,-,NA,NA,LOS ANGELES,LOS ANGELES,-118.34701172,34.0402945
8024135,2016,2016-04-21,1942,2016-04-02,1725,40690,0739,6,5,7,1942,0,0,0,G,0,14TL52,WILSHIRE BL,RIMPAU BL,0,NA,Y,A,-,N,NA,NA,NA,NA,NA,NA,NA,NA,NA,Y,4,0,3,2,A,-,12,21453,A,N,D,C,A,A,H,-,A,A,0,NA,NA,Y,NA,Y,NA,C,02,0,0,3,0,0,0,0,0,1,-,-,NA,NA,LOS ANGELES,LOS ANGELES,-118.33179011,34.06199004
8024136,2016,2016-04-21,1942,2016-04-06,1320,37966,0721,3,5,7,1942,0,0,0,G,0,6TL2,BEVERLY BL,GEORGE BURNS RD,343,E,N,A,-,N,NA,NA,NA,NA,NA,NA,NA,NA,NA,N,3,0,1,2,A,-,08,22107,NA,N,B,G,A,A,H,-,A,D,0,NA,Y,NA,NA,Y,NA,A,08,0,1,0,0,0,0,1,0,0,-,-,NA,NA,LOS ANGELES,LOS ANGELES,-118.38053958,34.07684
8024137,2016,2016-04-21,1942,2016-04-05,0950,39993,0764,2,5,7,1942,0,0,0,G,0,6TL7,LA BREA AV,SAN VICENTE BL,0,NA,Y,B,-,N,NA,NA,NA,NA,NA,NA,NA,NA,NA,N,3,0,1,2,A,-,09,21801,A,N,D,C,A,A,H,-,A,A,0,NA,NA,NA,NA,Y,NA,A,01,0,1,0,0,0,0,0,0,0,-,-,NA,NA,LOS ANGELES,LOS ANGELES,-118.34422002,34.05035003
8024138,2016,2016-04-21,1942,2016-04-08,1110,34959,0782,5,5,7,1942,0,0,0,G,0,20TL55,18TH ST,LA CIENEGA BL,0,NA,Y,C,-,N,NA,NA,NA,NA,NA,NA,NA,NA,NA,Y,4,0,2,2,A,-,09,21801,A,N,D,C,A,B,H,-,A,D,0,NA,NA,NA,NA,Y,NA,A,07,0,0,2,0,0,0,0,0,0,-,-,NA,NA,LOS ANGELES,LOS ANGELES,-118.37684009,34.04451004
8024139,2016,2016-04-19,1942,2016-04-08,1535,34959,0706,5,5,7,1942,0,0,0,G,0,20TL55,HIGHLAND AV,WARING AV,0,NA,Y,C,-,N,NA,NA,NA,NA,NA,NA,NA,NA,NA,Y,4,0,2,2,A,-,09,21801,A,N,D,C,A,B,H,-,A,D,0,NA,NA,NA,NA,Y,NA,A,01,0,0,2,0,0,0,0,0,0,-,-,NA,NA,LOS ANGELES,LOS ANGELES,-118.33859003,34.08526012
8024140,2016,2016-04-19,1942,2016-04-08,1552,34959,0747,5,5,7,1942,0,0,0,G,0,20TL55,OLYMPIC BL,HIGHLAND AV,0,NA,Y,C,-,N,NA,NA,NA,NA,NA,NA,NA,NA,NA,N,4,0,1,2,A,-,04,21703,NA,N,C,C,A,B,H,-,A,D,0,NA,NA,NA,NA,Y,NA,A,01,0,0,1,0,0,0,0,0,0,-,-,NA,NA,LOS ANGELES,LOS ANGELES,-118.34002006,34.05710002
8024141,2016,2016-04-19,1942,2016-04-01,1450,42064,0891,5,5,7,1942,0,0,0,H,0,8X48,PICO BL,BUNDY DR,0,NA,Y,A,-,N,NA,NA,NA,NA,NA,NA,NA,NA,NA,Y,3,0,2,2,A,-,09,21801,A,N,A,C,A,A,H,-,A,A,0,NA,NA,NA,NA,Y,NA,A,01,0,2,0,0,0,0,0,0,0,-,-,NA,NA,LOS ANGELES,LOS ANGELES,-118.45020013,34.02937001