CASE_ID,ACCIDENT_YEAR,PROC_DATE,JURIS,COLLISION_DATE,COLLISION_TIME,OFFICER_ID,REPORTING_DISTRICT,DAY_OF_WEEK,CHP_SHIFT,POPULATION,CNTY_CITY_LOC,SPECIAL_COND,BEAT_TYPE,CHP_BEAT_TYPE,CITY_DIVISION_LAPD,CHP_BEAT_CLASS,BEAT_NUMBER,PRIMARY_RD,SECONDARY_RD,DISTANCE,DIRECTION,INTERSECTION,WEATHER_1,WEATHER_2,STATE_HWY_IND,CALTRANS_COUNTY,CALTRANS_DISTRICT,STATE_ROUTE,ROUTE_SUFFIX,POSTMILE_PREFIX,POSTMILE,LOCATION_TYPE,RAMP_INTERSECTION,SIDE_OF_HWY,TOW_AWAY,COLLISION_SEVERITY,NUMBER_KILLED,NUMBER_INJURED,PARTY_COUNT,PRIMARY_COLL_FACTOR,PCF_CODE_OF_VIOL,PCF_VIOL_CATEGORY,PCF_VIOLATION,PCF_VIOL_SUBSECTION,HIT_AND_RUN,TYPE_OF_COLLISION,MVIW,PED_ACTION,ROAD_SURFACE,ROAD_COND_1,ROAD_COND_2,LIGHTING,CONTROL_DEVICE,CHP_ROAD_TYPE,PEDESTRIAN_ACCIDENT,BICYCLE_ACCIDENT,MOTORCYCLE_ACCIDENT,TRUCK_ACCIDENT,NOT_PRIVATE_PROPERTY,ALCOHOL_INVOLVED,STWD_VEHTYPE_AT_FAULT,CHP_VEHTYPE_AT_FAULT,COUNT_SEVERE_INJ,COUNT_VISIBLE_INJ,COUNT_COMPLAINT_PAIN,COUNT_PED_KILLED,COUNT_PED_INJURED,COUNT_BICYCLIST_KILLED,COUNT_BICYCLIST_INJURED,COUNT_MC_KILLED,COUNT_MC_INJURED,PRIMARY_RAMP,SECONDARY_RAMP,LATITUDE,LONGITUDE,COUNTY,CITY,POINT_X,POINT_Y
8025075,2016,2016-05-19,1900,2016-02-05,1932,531014,245,5,5,3,1914,0,0,0,NA,0,27T,TELEGRAPH RD,CITADEL DR,0,NA,Y,A,-,N,NA,NA,NA,NA,NA,NA,NA,NA,NA,Y,4,0,1,2,A,-,03,22350,NA,N,C,C,A,A,H,-,C,A,0,NA,NA,NA,NA,Y,NA,A,01,0,0,1,0,0,0,0,0,0,-,-,NA,NA,LOS ANGELES,COMMERCE,-118.15308009,34.00487004
8025076,2016,2016-05-19,1900,2016-02-16,2350,506588,263,2,5,4,1917,0,0,0,NA,0,26T,SANTA ANA ST,ALAMO AV,0,NA,Y,A,-,N,NA,NA,NA,NA,NA,NA,NA,NA,NA,N,4,0,1,2,A,-,12,22450,A,N,H,G,A,A,H,-,C,A,0,NA,Y,NA,NA,Y,NA,L,NA,0,0,1,0,0,0,1,0,0,-,-,NA,NA,LOS ANGELES,CUDAHY,-118.17770004,33.960010080000004
8025077,2016,2016-05-19,1900,2016-02-08,0740,536342,243,1,5,3,1914,0,0,0,NA,0,27T,WASHINGTON BL,COBB ST,210,W,N,A,-,N,NA,NA,NA,NA,NA,NA,NA,NA,NA,Y,4,0,1,2,A,-,03,22350,NA,N,C,C,A,A,D,-,A,D,0,NA,NA,NA,NA,Y,NA,A,07,0,0,1,0,0,0,0,0,0,-,-,NA,NA,LOS ANGELES,COMMERCE,-118.17754126,34.00632545
8025078,2016,2016-05-18,1900,2016-02-12,1844,533148,263,5,5,4,1917,0,0,0,NA,0,26T,CECELIA ST,WILCOX AV,12,W,N,A,-,N,NA,NA,NA,NA,NA,NA,NA,NA,NA,N,4,0,1,2,A,-,12,22450,A,M,H,G,A,A,H,-,C,A,0,NA,Y,NA,NA,Y,NA,-,NA,0,0,1,0,0,0,1,0,0,-,-,NA,NA,LOS ANGELES,CUDAHY,-118.17963913,33.95791444
8025079,2016,2016-05-18,1900,2016-02-16,1410,515184,241,2,5,3,1914,0,0,0,NA,0,27T,TELEGRAPH RD,MCBRIDE AV,6,E,N,A,-,N,NA,NA,NA,NA,NA,NA,NA,NA,NA,Y,4,0,1,2,A,-,09,21804,A,N,D,C,A,A,H,-,A,D,0,NA,NA,NA,NA,Y,NA,A,01,0,0,1,0,0,0,0,0,0,-,-,NA,NA,LOS ANGELES,COMMERCE,-118.17082345,34.01600101
8025080,2016,2016-05-18,1900,2016-02-16,1525,515184,246,2,5,3,1914,0,0,0,NA,0,27T,TELEGRAPH RD,GARFIELD AV,0,NA,Y,A,-,N,NA,NA,NA,NA,NA,NA,NA,NA,NA,Y,4,0,2,2,A,-,12,21453,A,N,D,C,A,A,H,-,A,A,0,NA,NA,NA,NA,Y,NA,A,07,0,0,2,0,0,0,0,0,0,-,-,NA,NA,LOS ANGELES,COMMERCE,-118.13716013,33.98795008
8025081,2016,2016-05-23,1900,2016-02-17,2133,552627,263,3,5,4,1917,0,0,0,NA,0,26T,OTIS ST,ELIZABETH ST,0,NA,Y,C,-,N,NA,NA,NA,NA,NA,NA,NA,NA,NA,N,3,0,1,2,A,-,09,21802,A,N,H,G,A,B,H,-,C,D,0,NA,Y,NA,NA,Y,NA,A,01,0,1,0,0,0,0,1,0,0,-,-,NA,NA,LOS ANGELES,CUDAHY,-118.19487007,33.96411011
8025082,2016,2016-05-19,1900,2016-02-18,0730,536342,243,4,5,3,1914,0,0,0,NA,0,27T,WASHINGTON BL,COUTS AV,0,NA,Y,C,-,N,NA,NA,NA,NA,NA,NA,NA,NA,NA,Y,4,0,1,2,A,-,08,22100,B,N,D,C,A,B,D,-,A,A,0,NA,NA,NA,NA,Y,NA,A,01,0,0,1,0,0,0,0,0,0,-,-,NA,NA,LOS ANGELES,COMMERCE,-118.17033001,34.00389001
8025083,2016,2016-05-19,1900,2016-02-25,1230,536342,246,4,5,3,1914,0,0,0,NA,0,27T,RANDOLPH ST,EASTERN AV,0,NA,Y,A,-,N,NA,NA,NA,NA,NA,NA,NA,NA,NA,Y,3,0,1,2,A,-,03,22350,NA,N,B,C,A,A,H,-,A,A,0,NA,NA,NA,NA,Y,NA,A,01,0,1,0,0,0,0,0,0,0,-,-,NA,NA,LOS ANGELES,COMMERCE,-118.16316005,33.97937006
8025084,2016,2016-05-18,1900,2016-02-25,1417,536342,245,4,5,3,1914,0,0,0,NA,0,27T,FLOTILLA ST,HOEFNER AV,0,NA,Y,A,-,N,NA,NA,NA,NA,NA,NA,NA,NA,NA,N,3,0,1,2,A,-,08,22100,B,N,A,C,A,A,H,-,A,D,0,NA,NA,NA,NA,Y,NA,A,01,0,1,0,0,0,0,0,0,0,-,-,NA,NA,LOS ANGELES,COMMERCE,-118.15256013,34.00904007
8025085,2016,2016-05-18,1900,2016-02-26,1200,536342,242,5,5,3,1914,0,0,0,NA,0,27T,GOODRICH BL,WHITTIER BL,45,S,N,A,-,N,NA,NA,NA,NA,NA,NA,NA,NA,NA,N,4,0,1,2,A,-,08,22100,B,N,D,C,A,A,H,-,A,D,0,NA,NA,NA,NA,Y,NA,A,01,0,0,1,0,0,0,0,0,0,-,-,NA,NA,LOS ANGELES,COMMERCE,-118.15366677,34.01951984
8025086,2016,2016-05-18,1900,2016-02-29,1740,515184,247,1,5,3,1914,0,0,0,NA,0,27T,SLAUSON AV,TELEGRAPH RD,190,W,N,A,-,N,NA,NA,NA,NA,NA,NA,NA,NA,NA,Y,4,0,1,1,A,-,08,22107,NA,N,E,I,A,A,H,-,A,D,0,NA,NA,NA,NA,Y,NA,A,08,0,0,1,0,0,0,0,0,0,-,-,NA,NA,LOS ANGELES,COMMERCE,-118.12428703,33.97506268
8025087,2016,2016-05-18,1900,2016-02-25,1530,525033,247,4,5,3,1914,0,0,0,NA,0,27T,GAGE AV,SLAUSON AV,0,NA,Y,A,-,N,NA,NA,NA,NA,NA,NA,NA,NA,NA,N,2,0,1,2,D,-,00,NA,NA,F,H,G,A,A,H,-,A,D,0,NA,Y,NA,NA,Y,NA,-,-,1,0,0,0,0,0,1,0,0,-,-,NA,NA,LOS ANGELES,COMMERCE,-118.12676002,33.97582002
8025101,2016,2016-05-19,1900,2016-02-12,0750,536342,0246,5,5,3,1914,0,0,0,NA,0,27T,GARFIELD AV,BANDINI BL,80,S,N,A,-,N,NA,NA,NA,NA,NA,NA,NA,NA,NA,Y,4,0,1,2,A,-,06,21755,NA,N,D,C,A,A,H,-,A,D,0,NA,NA,NA,NA,Y,NA,A,01,0,0,1,0,0,0,0,0,0,-,-,NA,NA,LOS ANGELES,COMMERCE,-118.13922929,33.98591928
8025121,2016,2016-05-20,1900,2016-02-21,1430,525038,0244,7,5,3,1914,0,0,0,NA,0,27T,EASTERN AV,STEVENS PL,15,S,N,A,-,N,NA,NA,NA,NA,NA,NA,NA,NA,NA,N,4,0,1,2,A,-,03,22350,NA,M,C,C,A,A,H,-,A,A,0,NA,NA,NA,NA,Y,NA,A,01,0,0,1,0,0,0,0,0,0,-,-,NA,NA,LOS ANGELES,COMMERCE,-118.15869868,34.00783951
8025159,2016,2017-02-28,1942,2016-05-09,0145,36336,2145,1,5,7,1942,0,0,0,NA,0,15T45,TOPANGA CANYON BL,VICTORY BL,300,N,N,A,-,Y,LA,7,27,-,-,13.61,H,-,S,Y,3,0,1,1,A,-,01,23152,A,N,E,I,A,A,H,-,C,D,0,NA,NA,NA,NA,Y,NA,D,22,0,1,0,0,0,0,0,0,0,-,-,NA,NA,LOS ANGELES,LOS ANGELES,-118.60598974,34.18749702
8025161,2016,2016-08-04,1942,2016-05-06,0610,40383,0904,5,5,7,1942,0,0,0,I,0,10T39,KESTER AV,KESWICK ST,0,NA,Y,A,-,N,NA,NA,NA,NA,NA,NA,NA,NA,NA,Y,3,0,3,2,A,-,09,21801,A,N,D,C,A,A,H,-,B,D,0,NA,NA,NA,NA,Y,NA,J,48,0,1,2,0,0,0,0,0,0,-,-,NA,NA,LOS ANGELES,LOS ANGELES,-118.45748013,34.21029005
8025162,2016,2016-05-20,1942,2016-05-03,1010,30107,2189,2,5,7,1942,0,0,0,NA,0,35M32,VENTURA BL,CHALK HILL DR,415,E,N,A,-,N,NA,NA,NA,NA,NA,NA,NA,NA,NA,Y,3,0,2,2,A,-,03,22350,NA,N,C,C,A,A,H,-,A,D,0,NA,NA,NA,NA,Y,NA,A,01,0,1,1,0,0,0,0,0,0,-,-,NA,NA,LOS ANGELES,LOS ANGELES,-118.57892362,34.1681916
8025163,2016,2016-05-23,1942,2016-04-24,1530,42271,2159,7,5,7,1942,0,0,0,NA,0,21A1,CORBIN AV,VICTORY BL,15,N,N,A,-,N,NA,NA,NA,NA,NA,NA,NA,NA,NA,N,4,0,2,2,A,-,03,22350,NA,N,C,C,A,A,H,-,A,D,0,NA,NA,NA,NA,Y,NA,D,22,0,0,2,0,0,0,0,0,0,-,-,NA,NA,LOS ANGELES,LOS ANGELES,-118.56221,34.18662115
8025164,2016,2016-05-20,1942,2016-05-03,1335,31736,2118,2,5,7,1942,0,0,0,NA,0,35MQ7,ROSCOE BL,WINNETKA AV,110,W,N,A,-,N,NA,NA,NA,NA,NA,NA,NA,NA,NA,N,4,0,1,2,A,-,07,21658,A,N,B,C,A,A,H,-,A,D,0,NA,NA,NA,NA,Y,NA,D,22,0,0,1,0,0,0,0,0,0,-,-,NA,NA,LOS ANGELES,LOS ANGELES,-118.57141302,34.22024
8025166,2016,2016-05-20,1942,2016-05-01,0650,37871,1623,7,5,7,1942,0,0,0,P,0,16A23,GLENOAKS BL,VAN NUYS,0,NA,Y,A,-,N,NA,NA,NA,NA,NA,NA,NA,NA,NA,Y,4,0,3,2,A,-,03,22350,A,N,C,C,A,A,H,-,A,A,0,NA,NA,NA,NA,Y,NA,A,01,0,0,3,0,0,0,0,0,0,-,-,NA,NA,LOS ANGELES,LOS ANGELES,-118.41169004,34.27369008
8025168,2016,2016-05-20,1942,2016-05-06,1130,33886,2129,5,5,7,1942,0,0,0,NA,0,21TL64,ROSCOE BL,CORBIN AV,0,NA,N,B,-,N,NA,NA,NA,NA,NA,NA,NA,NA,NA,Y,4,0,1,2,A,-,12,21453,A,N,B,C,A,A,H,-,A,A,0,NA,NA,NA,NA,Y,NA,A,01,0,0,1,0,0,0,0,0,0,-,-,NA,NA,LOS ANGELES,LOS ANGELES,-118.56229005,34.22035001
8025169,2016,2016-05-23,1942,2016-04-20,1745,39600,2115,3,5,7,1942,0,0,0,NA,0,21C2WY,ROSCOE BL,REMMET AV,0,NA,Y,A,-,N,NA,NA,NA,NA,NA,NA,NA,NA,NA,Y,4,0,2,2,A,-,09,21801,A,N,A,C,A,A,H,-,A,D,0,NA,NA,NA,NA,Y,NA,D,22,0,0,2,0,0,0,0,0,0,-,-,NA,NA,LOS ANGELES,LOS ANGELES,-118.6003,34.21975005
8025171,2016,2016-05-23,1942,2016-04-29,2100,38980,1638,5,5,7,1942,0,0,0,P,0,10T37,SUMMITROSE ST,IRMA AV,150,E,N,A,-,N,NA,NA,NA,NA,NA,NA,NA,NA,NA,N,3,0,1,2,D,-,00,NA,NA,N,G,B,E,A,H,-,C,D,0,Y,NA,NA,NA,Y,NA,-,-,0,1,0,0,1,0,0,0,0,-,-,NA,NA,LOS ANGELES,LOS ANGELES,-118.30030457,34.25960568
8025172,2016,2017-02-11,1942,2016-05-02,1030,34561,1681,1,5,7,1942,0,0,0,P,0,19TL77,GOLDEN STATE FWY,LAUREL CANYON BL,0,NA,Y,A,-,Y,LA,7,5,-,-,35.851,R,1,S,N,4,0,1,2,A,-,04,21703,NA,N,C,C,A,A,H,-,A,A,0,NA,NA,NA,NA,Y,NA,D,22,0,0,1,0,0,0,0,0,0,SF,-,NA,NA,LOS ANGELES,LOS ANGELES,-118.40155245,34.23110095
8025174,2016,2016-05-19,1942,2016-04-26,1940,41855,1633,2,5,7,1942,0,0,0,P,0,16A35,GLENOAK BL,GLENOAKS BL,0,NA,-,A,-,N,NA,NA,NA,NA,NA,NA,NA,NA,NA,N,3,0,1,2,A,-,09,21804,NA,N,D,G,A,A,H,-,B,D,0,NA,Y,NA,NA,Y,NA,L,04,0,1,0,0,0,0,1,0,0,-,-,NA,NA,LOS ANGELES,LOS ANGELES,-118.46965002,34.32537011
8025176,2016,2016-05-19,1942,2016-04-26,1555,33294,1675,2,5,7,1942,0,0,0,P,0,35M72,GLENOAKS BL,SUNLAND BL,0,NA,N,A,-,N,NA,NA,NA,NA,NA,NA,NA,NA,NA,Y,3,0,2,2,A,-,07,21658,A,N,B,C,A,A,H,-,A,A,0,NA,NA,NA,NA,Y,NA,A,01,0,1,1,0,0,0,0,0,0,-,-,NA,NA,LOS ANGELES,LOS ANGELES,-118.36651008,34.22993002
8025177,2016,2016-05-19,1942,2016-04-27,2210,40124,2157,3,5,7,1942,0,0,0,NA,0,21A2W5,VANOWEN ST,DE SOTO AV,300,E,N,A,-,N,NA,NA,NA,NA,NA,NA,NA,NA,NA,N,2,0,1,2,A,-,-,NA,NA,N,H,G,A,A,H,-,C,D,0,NA,Y,NA,NA,Y,NA,L,04,1,0,0,0,0,0,1,0,0,-,-,NA,NA,LOS ANGELES,LOS ANGELES,-118.5874298,34.19377447
8025178,2016,2016-05-19,1942,2016-04-28,0645,40735,2115,4,5,7,1942,0,0,0,NA,0,15TL45,LANARK ST,TOPANGA CANYON BL,365,S,N,A,-,N,NA,NA,NA,NA,NA,NA,NA,NA,NA,N,4,0,2,3,A,-,21,22106,NA,N,G,B,E,A,H,-,A,D,0,Y,NA,NA,NA,Y,NA,A,08,0,0,2,0,2,0,0,0,0,-,-,NA,NA,LOS ANGELES,LOS ANGELES,-118.60599,34.21759
8025179,2016,2016-08-29,1942,2016-04-28,1920,36753,2175,4,5,7,1942,0,0,0,NA,0,17T17,SHOUP AV,BURBANK BL,100,S,N,A,-,N,NA,NA,NA,NA,NA,NA,NA,NA,NA,Y,4,0,1,1,A,-,03,22350,NA,N,E,I,A,A,H,-,A,D,0,NA,NA,Y,NA,Y,NA,C,02,0,0,1,0,0,0,0,0,1,-,-,NA,NA,LOS ANGELES,LOS ANGELES,-118.61455,34.17168566
8025180,2016,2016-05-19,1942,2016-04-28,0920,40735,2177,4,5,7,1942,0,0,0,NA,0,157L45,OWENSMOUTH AV,BURBANK BL,0,NA,Y,A,-,N,NA,NA,NA,NA,NA,NA,NA,NA,NA,Y,3,0,2,3,A,-,03,22350,NA,N,D,C,A,A,H,-,A,A,0,NA,NA,NA,NA,Y,NA,A,01,0,1,1,0,0,0,0,0,0,-,-,NA,NA,LOS ANGELES,LOS ANGELES,-118.60186006,34.17318004
8025181,2016,2016-05-19,1942,2016-04-28,2315,41397,2129,4,5,7,1942,0,0,0,NA,0,15T43,ROSCOE BL,PENFIELD AV,30,E,N,A,-,N,NA,NA,NA,NA,NA,NA,NA,NA,NA,Y,4,0,1,3,A,-,01,23152,A,N,D,E,A,A,H,-,C,D,0,NA,NA,NA,NA,Y,Y,A,01,0,0,1,0,0,0,0,0,0,-,-,NA,NA,LOS ANGELES,LOS ANGELES,-118.56878094,34.22025069
8025182,2016,2016-05-19,1942,2016-04-29,0950,39217,1668,5,5,7,1942,0,0,0,P,0,9TL55,LA TUNA CANYON RD,RT 210,0,NA,Y,A,-,N,NA,NA,NA,NA,NA,NA,NA,NA,NA,N,3,0,2,2,A,-,09,21802,A,N,D,C,A,A,H,-,A,A,0,NA,NA,NA,NA,Y,NA,A,07,0,2,0,0,0,0,0,0,0,-,-,NA,NA,LOS ANGELES,LOS ANGELES,-118.29080012,34.2348101
8025183,2016,2016-08-29,1942,2016-04-25,1150,38634,LOSAN,1,5,7,1942,0,0,0,NA,0,1623,PIERCE ST,PIERCE ST 13021,0,NA,-,A,-,N,NA,NA,NA,NA,NA,NA,NA,NA,NA,N,4,0,1,3,A,-,21,22106,NA,N,D,C,A,A,H,-,A,D,0,NA,NA,NA,NA,Y,NA,A,07,0,0,1,0,0,0,0,0,0,-,-,NA,NA,LOS ANGELES,LOS ANGELES,-118.416653,34.264785
8025184,2016,2016-05-19,1942,2016-04-30,1815,34599,2106,6,5,7,1942,0,0,0,NA,0,21TL62,PARTHENIA ST,ETON AV,0,NA,Y,A,-,N,NA,NA,NA,NA,NA,NA,NA,NA,NA,N,3,0,2,2,A,-,09,21802,A,N,D,C,A,A,H,-,B,-,0,NA,NA,NA,NA,Y,NA,A,01,0,1,1,0,0,0,0,0,0,-,-,NA,NA,LOS ANGELES,LOS ANGELES,-118.59508012,34.22819006
8025185,2016,2016-05-19,1942,2016-04-30,1310,34599,2103,6,5,7,1942,0,0,0,NA,0,16TL39,TOPANGA CANYON BL,CHASE ST,529,S,N,A,-,N,NA,NA,NA,NA,NA,NA,NA,NA,NA,N,3,0,1,2,A,-,09,21801,A,N,D,C,A,A,H,-,A,A,0,NA,NA,NA,NA,Y,NA,A,01,0,1,0,0,0,0,0,0,0,-,-,NA,NA,LOS ANGELES,LOS ANGELES,-118.606,34.22279884
8025186,2016,2016-05-19,1942,2016-04-28,0700,39096,2102,4,5,7,1942,0,0,0,NA,0,15TL47,ROSCOE BL,FALLBROOK AV,0,NA,Y,A,-,N,NA,NA,NA,NA,NA,NA,NA,NA,NA,Y,3,0,2,2,A,-,09,21801,A,N,A,C,A,A,H,-,A,A,0,NA,NA,NA,NA,Y,NA,A,01,0,1,1,0,0,0,0,0,0,-,-,NA,NA,LOS ANGELES,LOS ANGELES,-118.62350013,34.21939009
8025187,2016,2017-02-28,1942,2016-04-22,2305,40522,2104,5,5,7,1942,0,0,0,NA,0,21A57,TOPANGA CANYON BL,NORDHOFF ST,675,N,N,A,-,Y,LA,7,27,-,-,17.15,H,-,S,Y,3,0,1,3,A,-,09,21804,A,N,D,C,A,A,H,-,C,D,0,NA,NA,Y,NA,Y,NA,A,07,0,1,0,0,0,0,0,0,1,-,-,NA,NA,LOS ANGELES,LOS ANGELES,-118.60606908,34.23732672
8025188,2016,2016-05-19,1942,2016-04-30,1315,26541,2158,6,5,7,1942,0,0,0,NA,0,21A29W,VICTORY BL,DE SOTO AV,0,NA,Y,A,-,N,NA,NA,NA,NA,NA,NA,NA,NA,NA,N,4,0,4,2,A,-,12,21453,A,N,D,C,A,A,H,-,A,A,0,NA,NA,NA,NA,Y,NA,A,01,0,0,4,0,0,0,0,0,0,-,-,NA,NA,LOS ANGELES,LOS ANGELES,-118.58840013,34.18836008
8025201,2016,2016-04-19,1900,2016-04-01,1840,536813,0631,5,5,6,1985,0,0,0,NA,0,63T1,SOLEDAD CANYON RD,OAK SPRING CANYON RD,40,W,N,A,-,N,NA,NA,NA,NA,NA,NA,NA,NA,NA,Y,3,0,2,2,A,-,04,21703,NA,N,C,C,A,A,H,-,A,A,0,NA,NA,NA,NA,Y,NA,D,22,0,1,1,0,0,0,0,0,0,-,-,NA,NA,LOS ANGELES,SANTA CLARITA,-118.4153424,34.42823004
8025207,2016,2016-06-13,1900,2016-04-07,0820,462141,2111,4,5,5,1943,0,0,0,NA,0,212T4,LONG BEACH BL,BEECHWOOD AV,18,N,N,A,-,N,NA,NA,NA,NA,NA,NA,NA,NA,NA,N,4,0,1,2,A,-,07,21658,A,N,B,C,A,A,H,-,A,D,0,NA,NA,NA,NA,Y,NA,A,08,0,0,1,0,0,0,0,0,0,-,-,NA,NA,LOS ANGELES,LYNWOOD,-118.21138346,33.92954807
8025226,2016,2016-04-20,1907,2016-04-06,0733,226,1,3,5,4,1907,0,0,0,NA,0,NA,FISHBURN AV,FLORENCE AV,0,NA,Y,A,-,N,NA,NA,NA,NA,NA,NA,NA,NA,NA,N,4,0,1,2,A,-,06,21750,NA,N,A,C,A,A,H,-,A,D,0,NA,NA,NA,NA,Y,NA,A,01,0,0,1,0,0,0,0,0,0,-,-,33.97092,-118.19383,LOS ANGELES,BELL,-118.1927601,33.97082003
8025228,2016,2016-08-15,1900,2016-03-27,1315,454512,2113,7,5,5,1943,0,0,0,NA,0,212T4,IMPERIAL HWY,LINDEN ST,39,E,N,A,-,N,NA,NA,NA,NA,NA,NA,NA,NA,NA,N,4,0,2,2,A,-,09,21804,A,N,D,C,A,A,H,-,A,A,0,NA,NA,NA,NA,Y,NA,A,01,0,0,2,0,0,0,0,0,0,-,-,NA,NA,LOS ANGELES,LYNWOOD,-118.18459189,33.93079418
8025233,2016,2016-04-19,1900,2016-03-26,1730,520084,645,6,5,6,1985,0,0,0,NA,0,64T1,NEWHALL RANCH RD,MCBEAN PKWY,47,W,N,A,-,N,NA,NA,NA,NA,NA,NA,NA,NA,NA,Y,4,0,4,3,A,-,03,22350,NA,N,C,C,A,A,H,-,A,A,0,NA,NA,NA,NA,Y,NA,A,01,0,0,4,0,0,0,0,0,0,-,-,NA,NA,LOS ANGELES,SANTA CLARITA,-118.55776434,34.43151744
8025236,2016,2016-04-19,1900,2016-03-31,2345,525856,0641,4,5,6,1985,0,0,0,NA,0,61T1E,GARZOTA DR,TERRAZA DR,144,E,N,A,-,N,NA,NA,NA,NA,NA,NA,NA,NA,NA,Y,2,0,1,2,A,-,01,23152,A,N,A,E,A,A,H,-,C,D,0,NA,NA,NA,NA,Y,Y,A,01,1,0,0,0,0,0,0,0,0,-,-,NA,NA,LOS ANGELES,SANTA CLARITA,-118.53020553,34.437622759999996
8025240,2016,2016-08-15,1900,2016-03-29,1330,177918,0631,2,5,6,1985,0,0,0,NA,0,63T1,SIERRA HWY,AMERICAN BEAUTY DR,0,E,Y,A,-,N,NA,NA,NA,NA,NA,NA,NA,NA,NA,N,4,0,1,2,A,-,09,21801,A,N,D,C,A,A,H,-,A,A,0,NA,NA,NA,NA,Y,NA,A,01,0,0,1,0,0,0,0,0,0,-,-,NA,NA,LOS ANGELES,SANTA CLARITA,-118.45199004,34.42255008
8025242,2016,2016-04-20,1907,2016-03-23,1737,521,1,3,5,4,1907,0,0,0,NA,0,NA,FLORENCE AV,ATLANTIC AV,36,W,N,A,-,N,NA,NA,NA,NA,NA,NA,NA,NA,NA,N,4,0,1,2,A,-,11,21950,B,N,G,B,D,A,H,-,A,A,0,Y,NA,NA,NA,Y,NA,N,60,0,0,1,0,1,0,0,0,0,-,-,33.97032,-118.18815,LOS ANGELES,BELL,-118.18831724,33.9703243
8025244,2016,2016-04-19,1900,2016-03-31,2020,520084,0645,4,5,6,1985,0,0,0,NA,0,64T1,RYE CANYON RD,AVENUE CROCKER,70,W,N,A,-,N,NA,NA,NA,NA,NA,NA,NA,NA,NA,Y,4,0,3,3,A,-,03,22350,NA,N,C,C,A,A,H,-,C,A,0,NA,NA,NA,NA,Y,NA,A,07,0,0,3,0,0,0,0,0,0,-,-,NA,NA,LOS ANGELES,SANTA CLARITA,-118.5849747,34.43410383
8025248,2016,2016-04-19,1900,2016-03-30,1530,465550,0627,3,5,6,1985,0,0,0,NA,0,60T2,NEWHALL AV,RAILROAD AV,90,E,N,A,-,N,NA,NA,NA,NA,NA,NA,NA,NA,NA,N,4,0,1,2,A,-,03,22350,NA,M,C,C,A,A,H,-,A,A,0,NA,NA,NA,NA,Y,NA,A,01,0,0,1,0,0,0,0,0,0,-,-,NA,NA,LOS ANGELES,SANTA CLARITA,-118.52391945,34.37544054
8025252,2016,2016-04-19,1900,2016-03-30,1535,465550,0627,3,5,6,1985,0,0,0,NA,0,60T2,NEWHALL AV,RAILROAD AV,90,E,N,A,-,N,NA,NA,NA,NA,NA,NA,NA,NA,NA,N,4,0,2,3,A,-,03,22350,NA,N,C,C,A,A,H,-,A,A,0,NA,NA,NA,NA,Y,NA,A,08,0,0,2,0,0,0,0,0,0,-,-,NA,NA,LOS ANGELES,SANTA CLARITA,-118.52391945,34.37544054
8025256,2016,2016-04-19,1900,2016-03-28,1844,530184,0632,1,5,6,1985,0,0,0,NA,0,62T1,SAND CANYON RD,SULTUS ST,0,NA,Y,A,-,N,NA,NA,NA,NA,NA,NA,NA,NA,NA,Y,4,0,2,2,A,-,03,22350,NA,N,C,C,A,A,H,-,B,D,0,NA,NA,NA,NA,Y,NA,A,01,0,0,2,0,0,0,0,0,0,-,-,NA,NA,LOS ANGELES,SANTA CLARITA,-118.41567003,34.39855004
8025260,2016,2016-08-15,1900,2016-03-28,0730,273453,0617,1,5,6,1985,0,0,0,NA,0,60D1P,SIERRA HWY,VIA PRINCESSA,150,N,N,B,-,N,NA,NA,NA,NA,NA,NA,NA,NA,NA,N,4,0,1,2,D,-,00,NA,NA,M,C,C,A,A,H,-,A,A,0,NA,NA,NA,NA,Y,NA,-,-,0,0,1,0,0,0,0,0,0,-,-,NA,NA,LOS ANGELES,SANTA CLARITA,-118.46453951,34.40587386
8025262,2016,2016-04-19,1900,2016-03-13,0400,529695,2111,7,5,5,1943,0,0,0,NA,0,212T4,LONG BEACH BL,TWEEDY BL,200,S,N,A,-,N,NA,NA,NA,NA,NA,NA,NA,NA,NA,Y,3,0,1,2,A,-,01,23152,A,N,B,E,A,A,H,-,C,A,0,NA,NA,NA,NA,Y,Y,A,01,0,1,0,0,0,0,0,0,0,-,-,NA,NA,LOS ANGELES,LYNWOOD,-118.21599819,33.94481836
8025264,2016,2016-04-19,1900,2016-03-28,1840,459717,0612,1,5,6,1985,0,0,0,NA,0,61T1,SOLEDAD CANYON RD,WHITES CANYON RD,200,E,N,A,-,N,NA,NA,NA,NA,NA,NA,NA,NA,NA,Y,4,0,1,3,A,-,03,22350,NA,N,C,C,A,A,H,-,B,A,0,NA,NA,NA,NA,Y,NA,A,07,0,0,1,0,0,0,0,0,0,-,-,NA,NA,LOS ANGELES,SANTA CLARITA,-118.47150805,34.41572
8025265,2016,2016-06-09,1900,2016-04-06,1400,530043,2603,3,5,6,1950,0,0,0,NA,0,264T1,PEARBLOSSOM HWY,32ND ST E,0,NA,Y,A,-,N,NA,NA,NA,NA,NA,NA,NA,NA,NA,Y,3,0,2,3,A,-,03,22350,NA,N,C,C,A,A,H,-,A,A,0,NA,NA,NA,NA,Y,NA,D,22,0,1,1,0,0,0,0,0,0,-,-,NA,NA,LOS ANGELES,PALMDALE,-118.07168005,34.54206004