CASE_ID,ACCIDENT_YEAR,PROC_DATE,JURIS,COLLISION_DATE,COLLISION_TIME,OFFICER_ID,REPORTING_DISTRICT,DAY_OF_WEEK,CHP_SHIFT,POPULATION,CNTY_CITY_LOC,SPECIAL_COND,BEAT_TYPE,CHP_BEAT_TYPE,CITY_DIVISION_LAPD,CHP_BEAT_CLASS,BEAT_NUMBER,PRIMARY_RD,SECONDARY_RD,DISTANCE,DIRECTION,INTERSECTION,WEATHER_1,WEATHER_2,STATE_HWY_IND,CALTRANS_COUNTY,CALTRANS_DISTRICT,STATE_ROUTE,ROUTE_SUFFIX,POSTMILE_PREFIX,POSTMILE,LOCATION_TYPE,RAMP_INTERSECTION,SIDE_OF_HWY,TOW_AWAY,COLLISION_SEVERITY,NUMBER_KILLED,NUMBER_INJURED,PARTY_COUNT,PRIMARY_COLL_FACTOR,PCF_CODE_OF_VIOL,PCF_VIOL_CATEGORY,PCF_VIOLATION,PCF_VIOL_SUBSECTION,HIT_AND_RUN,TYPE_OF_COLLISION,MVIW,PED_ACTION,ROAD_SURFACE,ROAD_COND_1,ROAD_COND_2,LIGHTING,CONTROL_DEVICE,CHP_ROAD_TYPE,PEDESTRIAN_ACCIDENT,BICYCLE_ACCIDENT,MOTORCYCLE_ACCIDENT,TRUCK_ACCIDENT,NOT_PRIVATE_PROPERTY,ALCOHOL_INVOLVED,STWD_VEHTYPE_AT_FAULT,CHP_VEHTYPE_AT_FAULT,COUNT_SEVERE_INJ,COUNT_VISIBLE_INJ,COUNT_COMPLAINT_PAIN,COUNT_PED_KILLED,COUNT_PED_INJURED,COUNT_BICYCLIST_KILLED,COUNT_BICYCLIST_INJURED,COUNT_MC_KILLED,COUNT_MC_INJURED,PRIMARY_RAMP,SECONDARY_RAMP,LATITUDE,LONGITUDE,COUNTY,CITY,POINT_X,POINT_Y
8026780,2016,2016-04-25,1900,2016-04-10,1502,527057,2607,7,5,6,1950,0,0,0,NA,0,263T1,BUCHET DR,TRILPORT AV,0,NA,Y,A,-,N,NA,NA,NA,NA,NA,NA,NA,NA,NA,Y,4,0,1,1,A,-,03,22350,NA,N,E,I,A,A,H,-,A,D,0,NA,NA,NA,NA,Y,NA,A,01,0,0,1,0,0,0,0,0,0,-,-,NA,NA,LOS ANGELES,PALMDALE,-118.0084001,34.57291002
8026784,2016,2016-04-25,1900,2016-04-01,1050,253807,2619,5,5,6,1950,0,0,0,NA,0,261T1,AVENUE P,LOCKHEED WY/8TH ST E,0,NA,Y,A,-,N,NA,NA,NA,NA,NA,NA,NA,NA,NA,Y,4,0,2,2,A,-,09,21801,A,N,D,C,A,A,H,-,A,A,0,NA,NA,NA,NA,Y,NA,A,01,0,0,2,0,0,0,0,0,0,-,-,NA,NA,LOS ANGELES,PALMDALE,-118.11648,34.60188
8026812,2016,2016-08-12,1900,2016-03-25,1950,524224,1332,5,5,5,1908,0,0,0,NA,0,133D,ALONDRA BL,VIRGINIA AV,50,W,N,A,-,N,NA,NA,NA,NA,NA,NA,NA,NA,NA,Y,4,0,1,2,A,-,21,22106,NA,N,B,C,A,A,H,-,C,D,0,NA,NA,NA,NA,Y,NA,A,NA,0,0,1,0,0,0,0,0,0,-,-,NA,NA,LOS ANGELES,BELLFLOWER,-118.13851441,33.88928
8026832,2016,2016-08-12,1969,2016-03-19,0827,10195,PATRO,6,5,5,1969,0,0,0,NA,0,003,FIRESTONE BL,BRYSON AV,250,E,N,A,-,N,NA,NA,NA,NA,NA,NA,NA,NA,NA,Y,4,0,1,5,A,-,08,22107,NA,N,C,C,A,A,H,-,A,D,0,NA,NA,NA,NA,Y,Y,A,01,0,0,1,0,0,0,0,0,0,-,-,NA,NA,LOS ANGELES,SOUTH GATE,-118.19119622,33.95267693
8026840,2016,2017-02-10,1900,2016-03-19,1721,552548,2610,6,5,6,1950,0,0,0,NA,0,262T1,RT 138,9TH ST E,0,NA,Y,A,-,Y,LA,7,138,-,-,44.551,I,6,W,N,4,0,1,2,A,-,11,21456,B,N,G,B,B,A,H,-,A,A,0,Y,NA,NA,NA,Y,NA,N,60,0,0,1,0,1,0,0,0,0,-,-,NA,NA,LOS ANGELES,PALMDALE,-118.11432295,34.57954015
8026847,2016,2016-04-26,1900,2016-03-23,1211,253807,2612,3,5,6,1950,0,0,0,NA,0,261T1,RANCHO VISTA BL,ARMFIELD AV,0,NA,Y,A,-,N,NA,NA,NA,NA,NA,NA,NA,NA,NA,Y,4,0,2,2,A,-,12,21453,A,N,D,C,A,A,H,-,A,A,0,NA,NA,NA,NA,Y,NA,A,01,0,0,2,0,0,0,0,0,0,-,-,NA,NA,LOS ANGELES,PALMDALE,-118.151393,34.60173
8026851,2016,2016-04-26,1900,2016-03-27,1959,517840,2608,7,5,6,1950,0,0,0,NA,0,264T1,AVE S,35TH ST EAST,220,W,N,A,-,N,NA,NA,NA,NA,NA,NA,NA,NA,NA,Y,4,0,2,2,A,-,08,22107,NA,N,D,C,A,A,H,-,C,D,0,NA,NA,NA,NA,Y,NA,A,01,0,0,2,0,0,0,0,0,0,-,-,NA,NA,LOS ANGELES,PALMDALE,-118.0681091,34.5581
8026855,2016,2016-04-25,1900,2016-03-29,2500,527057,2603,2,5,6,1950,0,0,0,NA,0,26ET1,DAHLIA CT,ZINNIA ST,555,E,N,A,-,N,NA,NA,NA,NA,NA,NA,NA,NA,NA,N,4,0,1,2,A,-,09,21804,A,N,H,C,A,A,H,-,A,D,0,NA,NA,NA,NA,Y,NA,A,01,0,0,1,0,0,0,0,0,0,-,-,NA,NA,LOS ANGELES,PALMDALE,-118.09534493,34.55259762
8026859,2016,2016-04-26,1900,2016-03-27,1630,517840,2603,7,5,6,1950,0,0,0,NA,0,264T1,AVE S,POND AV,387,W,N,A,-,N,NA,NA,NA,NA,NA,NA,NA,NA,NA,N,4,0,2,2,A,-,03,22350,NA,N,C,C,A,A,H,-,A,D,0,NA,NA,NA,NA,Y,NA,A,01,0,0,2,0,0,0,0,0,0,-,-,NA,NA,LOS ANGELES,PALMDALE,-118.07182252,34.55810717
8026910,2016,2016-06-14,1900,2016-04-14,1550,473596,2619,4,5,6,1950,0,0,0,NA,0,260M2,TECHNOLOGY DR,3RD ST EAST,602,W,N,A,G,N,NA,NA,NA,NA,NA,NA,NA,NA,NA,Y,2,0,5,1,A,-,08,22107,NA,N,E,I,A,A,H,-,A,D,0,NA,NA,NA,NA,Y,NA,I,12,2,3,0,0,0,0,0,0,0,-,-,NA,NA,LOS ANGELES,PALMDALE,-118.12742582,34.59440662
8026914,2016,2016-04-29,1900,2016-04-11,2100,521018,2612,1,5,6,1950,0,0,0,NA,0,262T1,20TH ST W,RANCHO VISTA BL,19,S,N,A,-,N,NA,NA,NA,NA,NA,NA,NA,NA,NA,Y,4,0,1,2,A,-,09,21801,A,N,A,C,A,A,H,-,C,A,0,NA,NA,NA,NA,Y,NA,D,22,0,0,1,0,0,0,0,0,0,-,-,NA,NA,LOS ANGELES,PALMDALE,-118.165483,34.601636
8026962,2016,2016-04-29,1942,2016-04-10,1600,41214,1255,7,5,7,1942,0,0,0,L,0,12A51,NORMANDIE AV,74TH ST,0,NA,Y,A,-,N,NA,NA,NA,NA,NA,NA,NA,NA,NA,N,4,0,1,2,A,-,12,22450,A,F,B,C,A,A,H,-,A,A,0,NA,NA,NA,NA,Y,NA,D,22,0,0,1,0,0,0,0,0,0,-,-,NA,NA,LOS ANGELES,LOS ANGELES,-118.30031012,33.9727701
8026968,2016,2016-04-26,1931,2016-04-11,2240,5276,1931,1,5,5,1931,0,0,0,NA,0,001,SLAUSON AV,SEVILLE AV,0,NA,Y,A,-,N,NA,NA,NA,NA,NA,NA,NA,NA,NA,N,3,0,2,1,A,-,08,22107,NA,N,E,J,A,A,H,-,C,A,0,NA,NA,NA,NA,Y,NA,A,07,0,1,1,0,0,0,0,0,0,-,-,NA,NA,LOS ANGELES,HUNTINGTON PARK,-118.22265013,33.98918001
8026974,2016,2018-05-01,1900,2016-04-09,0010,543275,0451,6,5,6,1949,0,0,0,NA,0,43T1,FIRESTONE BL,RT 605,45,E,N,B,-,Y,LA,7,605,-,R,8.579,R,4,S,Y,4,0,2,2,A,-,12,21453,A,N,B,C,A,A,H,-,C,A,0,NA,NA,NA,NA,Y,NA,D,22,0,0,2,0,0,0,0,0,0,-,-,NA,NA,LOS ANGELES,NORWALK,-118.10355811,33.927429599999996
8026976,2016,2016-04-26,1942,2016-04-06,1445,36553,0784,3,5,7,1942,0,0,0,G,0,14TL49,REDONDO BL,21ST ST,183,W,N,A,-,N,NA,NA,NA,NA,NA,NA,NA,NA,NA,N,4,0,1,3,A,-,21,22106,NA,N,B,C,A,A,H,-,A,D,0,NA,NA,NA,NA,Y,NA,A,01,0,0,1,0,0,0,0,0,0,-,-,NA,NA,LOS ANGELES,LOS ANGELES,-118.35376268,34.0388244
8026980,2016,2016-04-26,1942,2016-04-09,1320,38013,0767,6,5,7,1942,0,0,0,G,0,8TL28,PICO BL,BRONSON AV,4,S,N,B,-,N,NA,NA,NA,NA,NA,NA,NA,NA,NA,N,4,0,1,2,A,-,10,21950,A,N,G,B,B,B,H,-,A,A,0,Y,NA,NA,NA,Y,NA,A,01,0,0,1,0,1,0,0,0,0,-,-,NA,NA,LOS ANGELES,LOS ANGELES,-118.32553,34.04772
8026984,2016,2016-04-27,1942,2016-04-15,1420,42075,D762,5,5,7,1942,0,0,0,NA,0,6A66,AIRDROME ST,HAYWORTH AV,0,NA,Y,A,-,N,NA,NA,NA,NA,NA,NA,NA,NA,NA,N,4,0,2,2,A,-,00,20015,A,N,C,C,A,A,H,-,A,-,0,NA,NA,NA,NA,Y,NA,-,-,0,0,2,0,0,0,0,0,0,-,-,NA,NA,LOS ANGELES,LOS ANGELES,-118.36915007,34.04579003
8026986,2016,2016-04-29,1926,2016-04-04,1300,3114,NA,1,5,5,1926,0,0,0,NA,0,001,GRAND,ORANGEPATH,0,NA,Y,A,-,N,NA,NA,NA,NA,NA,NA,NA,NA,NA,Y,3,0,1,2,A,-,09,21801,A,N,D,C,A,A,H,-,A,A,0,NA,NA,NA,NA,Y,NA,D,22,0,1,0,0,0,0,0,0,0,-,-,NA,NA,LOS ANGELES,GLENDORA,-117.87284009,34.1298901
8026988,2016,2016-04-26,1942,2016-04-03,1110,41054,0773,7,5,7,1942,0,0,0,G,0,7TL23,WASHINGTON BL,HAUSER BL,0,NA,Y,A,-,N,NA,NA,NA,NA,NA,NA,NA,NA,NA,Y,3,0,4,2,A,-,09,21801,A,N,A,C,A,A,H,-,A,A,0,NA,NA,NA,NA,Y,NA,A,07,0,1,3,0,0,0,0,0,0,-,-,NA,NA,LOS ANGELES,LOS ANGELES,-118.36031008,34.03913005
8026992,2016,2016-04-26,1942,2016-04-15,1700,41502,RDO73,5,5,7,1942,0,0,0,NA,0,6A76,S LA BREA AV,8TH,0,NA,Y,A,-,N,NA,NA,NA,NA,NA,NA,NA,NA,NA,N,3,0,1,2,A,-,10,21950,A,N,D,B,B,A,H,-,A,A,0,Y,NA,NA,NA,Y,NA,A,01,0,1,0,0,1,0,0,0,0,-,-,NA,NA,LOS ANGELES,LOS ANGELES,-118.34468002,34.06050004
8026995,2016,2016-04-26,1942,2016-04-06,2130,31863,1233,3,5,7,1942,0,0,0,L,0,12A53,WESTERN AV,60TH PL,90,S,N,A,-,N,NA,NA,NA,NA,NA,NA,NA,NA,NA,N,2,0,1,2,A,-,11,21955,NA,F,G,B,D,A,H,-,C,D,0,Y,NA,NA,NA,Y,NA,N,60,1,0,0,0,1,0,0,0,0,-,-,NA,NA,LOS ANGELES,LOS ANGELES,-118.30896,33.98479316
8027000,2016,2016-04-26,1942,2016-04-13,1900,37913,0732,3,5,7,1942,0,0,0,G,0,7A85,CRESCENT HEIGHTS BL,ORANGE ST,0,NA,Y,A,-,N,NA,NA,NA,NA,NA,NA,NA,NA,NA,Y,4,0,2,2,A,-,09,21802,A,N,D,C,A,A,H,-,A,A,0,NA,NA,NA,NA,Y,NA,A,01,0,0,2,0,0,0,0,0,0,-,-,NA,NA,LOS ANGELES,LOS ANGELES,-118.36509004,34.06445007
8027003,2016,2016-04-26,1942,2016-04-04,1945,41997,1832,1,5,7,1942,0,0,0,R,0,18A35,108TH ST,SAN PEDRO ST,15,N,N,A,-,N,NA,NA,NA,NA,NA,NA,NA,NA,NA,N,2,0,4,2,A,-,12,21453,A,N,D,C,A,A,H,-,C,A,0,NA,NA,NA,NA,Y,NA,A,01,1,0,3,0,0,0,0,0,0,-,-,NA,NA,LOS ANGELES,LOS ANGELES,-118.26954,33.93829
8027004,2016,2016-04-26,1942,2016-04-13,2116,36602,0852,3,5,7,1942,0,0,0,H,0,20T59,SANTA MONICA BL,BARRINGTON AV,0,NA,Y,A,-,N,NA,NA,NA,NA,NA,NA,NA,NA,NA,Y,4,0,1,2,A,-,09,21801,A,N,D,C,A,A,H,-,C,A,0,NA,NA,Y,NA,Y,NA,A,07,0,0,1,0,0,0,0,0,1,-,-,NA,NA,LOS ANGELES,LOS ANGELES,-118.45603011,34.04374005
8027008,2016,2016-04-26,1942,2016-04-13,2110,41948,0805,3,5,7,1942,0,0,0,H,0,6A44,N SEPULVEDA BL,GETTY CENTER DR,0,NA,Y,A,-,N,NA,NA,NA,NA,NA,NA,NA,NA,NA,Y,3,0,2,2,A,-,12,21453,A,N,D,C,A,A,H,-,C,A,0,NA,NA,NA,NA,Y,NA,A,01,0,1,1,0,0,0,0,0,0,-,-,NA,NA,LOS ANGELES,LOS ANGELES,-118.47484003,34.08865007
8027012,2016,2016-04-26,1942,2016-04-14,2230,41089,0828,4,5,7,1942,0,0,0,H,0,8T35,WILSHIRE BL,MANNING AV,0,NA,Y,A,G,N,NA,NA,NA,NA,NA,NA,NA,NA,NA,Y,3,0,1,2,A,-,09,21802,A,N,D,C,A,A,H,-,C,A,0,NA,NA,Y,NA,Y,NA,A,01,0,1,0,0,0,0,0,0,1,-,-,NA,NA,LOS ANGELES,LOS ANGELES,-118.43575008,34.06086011
8027016,2016,2016-04-27,1942,2016-04-14,1055,34251,0849,4,5,7,1942,0,0,0,H,0,7TL23,S WOOSTER ST,WHITWORTH DR,0,NA,Y,A,-,N,NA,NA,NA,NA,NA,NA,NA,NA,NA,Y,4,0,2,2,A,-,09,21802,A,N,D,C,A,A,H,-,A,A,0,NA,NA,NA,NA,Y,NA,-,-,0,0,2,0,0,0,0,0,0,-,-,NA,NA,LOS ANGELES,LOS ANGELES,-118.3825201,34.057110110000004
8027019,2016,2016-04-26,1900,2016-04-09,1340,279461,0451,6,5,6,1949,0,0,0,NA,0,43T1P,HOXIE AV,IMPERIAL HWY,675,N,N,B,-,N,NA,NA,NA,NA,NA,NA,NA,NA,NA,N,3,0,1,2,A,-,09,21804,A,F,G,B,F,B,H,-,A,D,0,Y,NA,NA,NA,Y,NA,-,99,0,1,0,0,1,0,0,0,0,-,-,NA,NA,LOS ANGELES,NORWALK,-118.10370914,33.91900245
8027020,2016,2016-04-26,1942,2016-04-12,1455,37966,0849,2,5,7,1942,0,0,0,H,0,6TL2,OLYMPIC BL,WOOSTER ST,0,NA,Y,A,-,N,NA,NA,NA,NA,NA,NA,NA,NA,NA,Y,3,0,2,2,A,-,09,21801,A,N,D,C,A,A,H,-,A,D,0,NA,NA,NA,NA,Y,NA,A,01,0,1,1,0,0,0,0,0,0,-,-,NA,NA,LOS ANGELES,LOS ANGELES,-118.38244011,34.05936003
8027023,2016,2016-04-26,1926,2016-04-15,1212,7897,NA,5,5,5,1926,0,0,0,NA,0,004,SUNFLOWER AV,ARROW HWY,283,N,N,A,-,N,NA,NA,NA,NA,NA,NA,NA,NA,NA,Y,4,0,1,2,A,-,09,21804,A,N,D,C,A,A,H,-,A,D,0,NA,NA,NA,NA,Y,NA,A,01,0,0,1,0,0,0,0,0,0,-,-,NA,NA,LOS ANGELES,GLENDORA,-117.84638,34.10750578
8027024,2016,2016-04-26,1942,2016-04-08,0725,39930,0822,5,5,7,1942,0,0,0,H,0,6T7,SUNSET BL,MARQUEZ AV,0,NA,Y,B,-,N,NA,NA,NA,NA,NA,NA,NA,NA,NA,N,3,0,1,2,A,-,12,21453,A,N,D,G,A,A,H,-,A,A,0,NA,Y,NA,NA,Y,NA,L,04,0,1,0,0,0,0,1,0,0,-,-,NA,NA,LOS ANGELES,LOS ANGELES,-118.54925005,34.04178008
8027027,2016,2016-08-29,1926,2016-04-12,0941,3114,NA,2,5,5,1926,0,0,0,NA,0,001,RT 66,VERMONT,0,NA,Y,A,-,N,NA,NA,NA,NA,NA,NA,NA,NA,NA,N,3,0,1,2,A,-,05,21650,A,N,D,G,A,A,H,-,A,A,0,NA,Y,NA,NA,Y,NA,L,04,0,1,0,0,0,0,1,0,0,-,-,NA,NA,LOS ANGELES,GLENDORA,-117.86740007,34.12880011
8027028,2016,2016-04-26,1942,2016-04-08,0640,38590,0807,5,5,7,1942,0,0,0,H,0,8TL35,MULHOLLAND DR,NICADA DR,261,W,N,B,-,N,NA,NA,NA,NA,NA,NA,NA,NA,NA,Y,4,0,1,2,A,-,05,21460,A,F,B,C,A,B,H,-,A,A,0,NA,NA,NA,NA,Y,NA,-,99,0,0,1,0,0,0,0,0,0,-,-,NA,NA,LOS ANGELES,LOS ANGELES,-118.44937977,34.13201171
8027031,2016,2016-04-26,1926,2016-04-14,1004,5364,NA,4,5,5,1926,0,0,0,NA,0,003,VALLEY CENTER,STEFFEN,30,N,N,A,-,N,NA,NA,NA,NA,NA,NA,NA,NA,NA,Y,4,0,1,2,A,-,09,21804,A,N,D,C,A,A,H,-,A,D,0,NA,NA,NA,NA,Y,NA,A,01,0,0,1,0,0,0,0,0,0,-,-,NA,NA,LOS ANGELES,GLENDORA,-117.83772,34.13303224
8027032,2016,2016-04-26,1942,2016-04-13,1955,39022,0819,3,5,7,1942,0,0,0,H,0,9735,LINDBROOK DR,HOLMBY AV,200,S,N,A,-,N,NA,NA,NA,NA,NA,NA,NA,NA,NA,N,3,0,1,4,A,-,01,23152,A,N,C,E,A,A,H,-,C,D,0,NA,NA,NA,NA,Y,Y,A,07,0,1,0,0,0,0,0,0,0,-,-,NA,NA,LOS ANGELES,LOS ANGELES,-118.43153113,34.066725
8027035,2016,2016-04-26,1926,2016-04-14,0801,0466,NA,4,5,5,1926,0,0,0,NA,0,001,GLENDORA,CARROLL,0,NA,Y,B,-,N,NA,NA,NA,NA,NA,NA,NA,NA,NA,Y,4,0,1,2,A,-,09,21801,A,N,A,C,A,A,H,-,A,D,0,NA,NA,NA,NA,Y,NA,A,07,0,0,1,0,0,0,0,0,0,-,-,NA,NA,LOS ANGELES,GLENDORA,-117.86547004,34.13420009
8027121,2016,2017-02-07,1942,2016-04-14,1420,40452,0891,4,5,7,1942,0,0,0,H,0,14T52,BUNDY DR,PICO BL,190,S,N,A,-,Y,LA,7,10,-,R,4.612,R,4,W,N,4,0,1,2,A,-,08,22107,NA,N,B,C,A,A,H,-,A,D,0,NA,NA,NA,Y,Y,NA,-,-,0,0,1,0,0,0,0,0,0,-,-,NA,NA,LOS ANGELES,LOS ANGELES,-118.4479191,34.02871204
8027135,2016,2016-04-26,1900,2016-04-09,1330,464460,0454,6,5,6,1949,0,0,0,NA,0,45T1,NORWALK BL,ROSECRANS AV,0,NA,Y,A,-,N,NA,NA,NA,NA,NA,NA,NA,NA,NA,Y,4,0,3,2,A,-,12,21453,A,N,D,C,A,A,H,-,A,A,0,NA,NA,NA,NA,Y,Y,A,01,0,0,3,0,0,0,0,0,0,-,-,NA,NA,LOS ANGELES,NORWALK,-118.07296014,33.90233005
8027174,2016,2016-04-26,1942,2016-04-13,0050,27833,1269,3,5,7,1942,0,0,0,L,0,12A51,AVALON BL,84TH ST,68,S,N,A,-,N,NA,NA,NA,NA,NA,NA,NA,NA,NA,Y,2,0,1,6,A,-,01,23153,A,F,B,G,A,A,H,-,C,D,0,NA,Y,NA,NA,Y,Y,A,01,1,0,0,0,0,0,1,0,0,-,-,NA,NA,LOS ANGELES,LOS ANGELES,-118.26514,33.96266351
8027201,2016,2016-04-28,1902,2016-04-16,2227,706,34,6,5,5,1902,0,0,0,NA,0,005,LAS TUNAS DR,CAROLINE WY,112,E,N,A,-,N,NA,NA,NA,NA,NA,NA,NA,NA,NA,Y,4,0,1,1,A,-,01,23152,A,N,E,I,A,A,H,-,C,D,0,NA,NA,NA,NA,Y,Y,A,01,0,0,1,0,0,0,0,0,0,-,-,NA,NA,LOS ANGELES,ARCADIA,-118.04369092,34.10769724
8027202,2016,2016-04-27,1976,2016-04-04,1731,494,NA,1,5,3,1964,0,0,0,NA,0,002,BLOOMFIELD AV,CLARK ST,0,NA,Y,A,-,N,NA,NA,NA,NA,NA,NA,NA,NA,NA,Y,3,0,2,2,A,-,09,21802,A,N,D,C,A,A,H,-,A,A,0,NA,NA,NA,NA,Y,NA,A,08,0,1,1,0,0,0,0,0,0,-,-,NA,NA,LOS ANGELES,SANTA FE SPRINGS,-118.06406002,33.93897005
8027205,2016,2016-04-28,1902,2016-04-13,1000,699,21,3,5,5,1902,0,0,0,NA,0,004,SUNSET BL,FAIRVIEW AV,0,NA,Y,A,-,N,NA,NA,NA,NA,NA,NA,NA,NA,NA,Y,4,0,1,2,A,-,08,22107,NA,N,A,C,A,A,H,-,A,D,0,NA,NA,NA,NA,Y,NA,A,08,0,0,1,0,0,0,0,0,0,-,-,NA,NA,LOS ANGELES,ARCADIA,-118.06486007,34.12825001
8027206,2016,2016-04-27,1976,2016-04-06,1833,850,NA,3,5,3,1964,0,0,0,NA,0,002,NORWALK BL,FLORENCE AV,9,S,N,B,-,N,NA,NA,NA,NA,NA,NA,NA,NA,NA,Y,3,0,2,2,A,-,03,22350,NA,N,D,C,A,A,H,-,A,A,0,NA,NA,NA,NA,Y,NA,A,01,0,1,1,0,0,0,0,0,0,-,-,NA,NA,LOS ANGELES,SANTA FE SPRINGS,-118.07272,33.93532532
8027209,2016,2016-04-28,1902,2016-04-19,1620,668,21,2,5,5,1902,0,0,0,NA,0,004,HUNTINGTON DR,HOLLY AV,273,W,N,A,-,N,NA,NA,NA,NA,NA,NA,NA,NA,NA,Y,4,0,2,4,A,-,03,22350,NA,N,C,C,A,A,H,-,A,A,0,NA,NA,NA,NA,Y,NA,-,NA,0,0,2,0,0,0,0,0,0,-,-,NA,NA,LOS ANGELES,ARCADIA,-118.04682843,34.13149598
8027210,2016,2016-04-27,1976,2016-04-12,0719,420,NA,2,5,3,1964,0,0,0,NA,0,003,ALONDRA BL,CORNET AV,25,W,N,A,-,N,NA,NA,NA,NA,NA,NA,NA,NA,NA,N,4,0,2,2,A,-,21,22106,NA,N,C,C,A,A,H,-,A,A,0,NA,NA,NA,NA,Y,NA,A,07,0,0,2,0,0,0,0,0,0,-,-,NA,NA,LOS ANGELES,SANTA FE SPRINGS,-118.04919219,33.88788971
8027214,2016,2016-04-27,1976,2016-04-12,1338,755,NA,2,5,3,1964,0,0,0,NA,0,002,NORWALK BL,FLORENCE AV,51,S,N,A,-,N,NA,NA,NA,NA,NA,NA,NA,NA,NA,N,4,0,1,3,A,-,03,22350,NA,N,C,C,A,A,H,-,A,A,0,NA,NA,NA,NA,Y,NA,A,01,0,0,1,0,0,0,0,0,0,-,-,NA,NA,LOS ANGELES,SANTA FE SPRINGS,-118.07272,33.93521016
8027277,2016,2016-04-27,1976,2016-04-02,2137,239,WPD,6,5,3,1964,0,0,0,NA,0,003,ALONDRA BL,CARMENITA RD,0,NA,Y,A,-,N,NA,NA,NA,NA,NA,NA,NA,NA,NA,Y,4,0,1,2,A,-,12,21453,A,N,D,C,A,A,H,-,C,A,0,NA,NA,NA,NA,Y,NA,A,01,0,0,1,0,0,0,0,0,0,-,-,NA,NA,LOS ANGELES,SANTA FE SPRINGS,-118.04662013,33.88792007
8027282,2016,2016-04-28,1900,2016-02-27,1708,532457,NA,6,5,5,1935,0,0,0,NA,0,NA,PIONEER BL,209TH ST,0,NA,Y,A,-,N,NA,NA,NA,NA,NA,NA,NA,NA,NA,Y,3,0,1,2,A,-,09,21802,A,N,F,C,A,A,H,-,A,D,0,NA,NA,NA,NA,Y,NA,A,07,0,1,0,0,0,0,0,0,0,-,-,NA,NA,LOS ANGELES,LAKEWOOD,-118.08199008,33.83965006
8027286,2016,2017-02-11,1900,2016-02-27,1305,532457,1352,6,5,3,1927,0,0,0,NA,0,135B D,CARSON ST,NORWALK BL,45,E,N,A,-,N,NA,NA,NA,NA,NA,NA,NA,NA,NA,N,4,0,1,2,A,-,08,22107,NA,M,B,G,A,A,H,-,A,A,0,NA,Y,NA,NA,Y,NA,A,01,0,0,1,0,0,0,1,0,0,-,-,NA,NA,LOS ANGELES,HAWAIIAN GARDENS,-118.07193216,33.83142073
8027290,2016,2016-04-28,1900,2016-02-25,1800,526721,1328,4,5,5,1935,0,0,0,NA,0,132T1,BLOOMFIELD AV,206TH ST,20,S,N,A,-,N,NA,NA,NA,NA,NA,NA,NA,NA,NA,Y,4,0,1,3,A,-,03,22350,NA,N,C,C,A,B,H,-,B,D,0,NA,NA,NA,NA,Y,NA,D,NA,0,0,1,0,0,0,0,0,0,-,-,NA,NA,LOS ANGELES,LAKEWOOD,-118.06347968,33.84326516
8027295,2016,2016-05-02,1900,2016-04-17,1215,507857,0986,7,5,4,1979,0,0,0,NA,0,92T1,SUNSET BL,WETHERHEAD DR,40,E,N,A,-,N,NA,NA,NA,NA,NA,NA,NA,NA,NA,N,4,0,1,2,A,-,03,22350,NA,N,C,C,A,A,H,-,A,D,0,NA,NA,NA,NA,Y,NA,A,01,0,0,1,0,0,0,0,0,0,-,-,NA,NA,LOS ANGELES,WEST HOLLYWOOD,NA,NA
8027298,2016,2017-02-11,1900,2016-02-23,0740,523037,1369,2,5,5,1952,0,0,0,NA,0,136B,LAKEWOOD BL,SOMERSET BL,0,NA,Y,A,-,Y,LA,7,19,-,-,7.403,I,5,S,Y,4,0,2,2,A,-,12,21453,A,N,D,C,A,A,H,-,A,A,0,NA,NA,NA,NA,Y,NA,A,01,0,0,2,0,0,0,0,0,0,-,-,NA,NA,LOS ANGELES,PARAMOUNT,-118.14280314,33.89652181
8027317,2016,2016-04-28,1900,2016-02-22,1800,526721,1321,1,5,5,1935,0,0,0,NA,0,132T1,CLARK AV,DEL AMO BL,15,N,N,A,-,N,NA,NA,NA,NA,NA,NA,NA,NA,NA,Y,4,0,1,3,A,-,09,21801,A,N,A,C,A,A,H,-,B,A,0,NA,NA,NA,NA,Y,NA,A,07,0,0,1,0,0,0,0,0,0,-,-,NA,NA,LOS ANGELES,LAKEWOOD,-118.1337994,33.84718113
8027321,2016,2016-04-28,1900,2016-02-21,1900,526721,1327,7,5,5,1935,0,0,0,NA,0,132T1,PIONEER BL,DEL AMO BL,46,N,N,A,-,N,NA,NA,NA,NA,NA,NA,NA,NA,NA,Y,3,0,2,2,A,-,09,21453,C,N,A,C,A,A,H,-,C,A,0,NA,NA,NA,NA,Y,NA,A,01,0,1,1,0,0,0,0,0,0,-,-,NA,NA,LOS ANGELES,LAKEWOOD,-118.08206,33.84619613
8027325,2016,2016-04-28,1900,2016-02-20,2124,274533,136,6,5,5,1952,0,0,0,NA,0,133T1,GUNDRY AV,MYRRH ST,1200,N,N,A,-,N,NA,NA,NA,NA,NA,NA,NA,NA,NA,Y,4,0,1,2,A,-,03,22350,NA,N,A,E,A,A,H,-,C,D,0,NA,NA,NA,NA,Y,NA,A,01,0,0,1,0,0,0,0,0,0,-,-,NA,NA,LOS ANGELES,PARAMOUNT,-118.17535,33.89606073
8027329,2016,2016-04-28,1900,2016-02-15,1700,533005,1337,1,5,5,1908,0,0,0,NA,0,133T2,WOODRUFF PL,NICHOLS ST,714,S,N,A,-,N,NA,NA,NA,NA,NA,NA,NA,NA,NA,N,4,0,1,2,A,-,09,21804,A,N,D,C,A,A,H,-,A,D,0,NA,NA,NA,NA,Y,NA,A,01,0,0,1,0,0,0,0,0,0,-,-,NA,NA,LOS ANGELES,BELLFLOWER,-118.11749162,33.89398219