CASE_ID,ACCIDENT_YEAR,PROC_DATE,JURIS,COLLISION_DATE,COLLISION_TIME,OFFICER_ID,REPORTING_DISTRICT,DAY_OF_WEEK,CHP_SHIFT,POPULATION,CNTY_CITY_LOC,SPECIAL_COND,BEAT_TYPE,CHP_BEAT_TYPE,CITY_DIVISION_LAPD,CHP_BEAT_CLASS,BEAT_NUMBER,PRIMARY_RD,SECONDARY_RD,DISTANCE,DIRECTION,INTERSECTION,WEATHER_1,WEATHER_2,STATE_HWY_IND,CALTRANS_COUNTY,CALTRANS_DISTRICT,STATE_ROUTE,ROUTE_SUFFIX,POSTMILE_PREFIX,POSTMILE,LOCATION_TYPE,RAMP_INTERSECTION,SIDE_OF_HWY,TOW_AWAY,COLLISION_SEVERITY,NUMBER_KILLED,NUMBER_INJURED,PARTY_COUNT,PRIMARY_COLL_FACTOR,PCF_CODE_OF_VIOL,PCF_VIOL_CATEGORY,PCF_VIOLATION,PCF_VIOL_SUBSECTION,HIT_AND_RUN,TYPE_OF_COLLISION,MVIW,PED_ACTION,ROAD_SURFACE,ROAD_COND_1,ROAD_COND_2,LIGHTING,CONTROL_DEVICE,CHP_ROAD_TYPE,PEDESTRIAN_ACCIDENT,BICYCLE_ACCIDENT,MOTORCYCLE_ACCIDENT,TRUCK_ACCIDENT,NOT_PRIVATE_PROPERTY,ALCOHOL_INVOLVED,STWD_VEHTYPE_AT_FAULT,CHP_VEHTYPE_AT_FAULT,COUNT_SEVERE_INJ,COUNT_VISIBLE_INJ,COUNT_COMPLAINT_PAIN,COUNT_PED_KILLED,COUNT_PED_INJURED,COUNT_BICYCLIST_KILLED,COUNT_BICYCLIST_INJURED,COUNT_MC_KILLED,COUNT_MC_INJURED,PRIMARY_RAMP,SECONDARY_RAMP,LATITUDE,LONGITUDE,COUNTY,CITY,POINT_X,POINT_Y
8029503,2016,2016-05-13,1953,2016-04-30,0900,6022,1953,6,5,6,1953,0,0,0,NA,0,002,HOWARD ST,BANCROFT WY,0,NA,Y,A,-,N,NA,NA,NA,NA,NA,NA,NA,NA,NA,Y,3,0,1,1,A,-,00,23123,A,N,A,I,A,A,H,-,A,A,0,NA,NA,NA,NA,Y,NA,A,07,0,1,0,0,0,0,0,0,0,-,-,NA,NA,LOS ANGELES,PASADENA,-118.16053009,34.17368001
8029507,2016,2016-05-13,1953,2016-04-30,0743,5620,NA,6,5,6,1953,0,0,0,NA,0,1953,SAN GABRIEL BL,COLORADO BL,0,NA,Y,B,-,N,NA,NA,NA,NA,NA,NA,NA,NA,NA,Y,4,0,1,2,A,-,03,22350,NA,N,C,C,A,-,-,-,-,D,0,NA,NA,NA,NA,Y,NA,-,-,0,0,1,0,0,0,0,0,0,-,-,NA,NA,LOS ANGELES,PASADENA,-118.09459011,34.1461401
8029511,2016,2016-05-11,1953,2016-04-29,2010,9851,1953,5,5,6,1953,0,0,0,NA,0,005,E GREEN ST,E GREEN ST 371,0,NA,N,A,-,N,NA,NA,NA,NA,NA,NA,NA,NA,NA,Y,4,0,2,2,A,-,08,22107,NA,N,-,C,A,A,H,-,C,D,0,NA,NA,NA,NA,Y,NA,A,01,0,0,2,0,0,0,0,0,0,-,-,NA,NA,LOS ANGELES,PASADENA,-118.14270258,34.14454053
8029512,2016,2016-05-11,1942,2016-04-23,2150,40024,2005,6,5,7,1942,0,0,0,NA,0,14T47,NORMANDIE AV,MAPLEWOOD AV,0,NA,Y,A,-,N,NA,NA,NA,NA,NA,NA,NA,NA,NA,Y,4,0,3,2,A,-,09,21802,A,F,D,C,A,A,H,-,C,A,0,NA,NA,NA,NA,Y,NA,A,01,0,0,3,0,0,0,0,0,0,-,-,NA,NA,LOS ANGELES,LOS ANGELES,-118.3004501,34.07989005
8029516,2016,2016-05-11,1942,2016-04-18,1030,34959,2024,1,5,7,1942,0,0,0,NA,0,20TL55,6TH ST,OXFORD AV,14,E,N,A,-,N,NA,NA,NA,NA,NA,NA,NA,NA,NA,Y,4,0,1,2,A,-,09,21801,A,F,E,A,A,A,H,-,A,D,0,NA,NA,NA,NA,Y,NA,-,99,0,0,1,0,0,0,0,0,0,-,-,NA,NA,LOS ANGELES,LOS ANGELES,-118.30780387,34.06352074
8029520,2016,2016-05-12,1942,2016-04-24,0315,41333,2055,7,5,7,1942,0,0,0,NA,0,20A39,NORMANDIE AV,11TH ST,0,NA,Y,A,-,N,NA,NA,NA,NA,NA,NA,NA,NA,NA,Y,4,0,3,2,A,-,03,22350,NA,F,C,C,A,A,H,-,C,A,0,NA,NA,NA,NA,Y,Y,-,-,0,0,3,0,0,0,0,0,0,-,-,NA,NA,LOS ANGELES,LOS ANGELES,-118.29999001,34.05087011
8029521,2016,2016-05-12,1955,2016-04-25,1813,41898,0051,1,5,6,1955,0,0,0,NA,0,001,HAMILTON BL,2ND ST,61,S,N,C,-,N,NA,NA,NA,NA,NA,NA,NA,NA,NA,N,4,0,1,2,A,-,03,22350,NA,N,C,C,A,B,H,-,A,A,0,NA,NA,NA,NA,Y,NA,A,01,0,0,1,0,0,0,0,0,0,-,-,NA,NA,LOS ANGELES,POMONA,-117.76322281,34.0573429
8029524,2016,2016-05-13,1942,2016-04-25,0850,41756,1415,1,5,7,1942,0,0,0,N,0,14A27,LINCOLN BL,SUNSET AV,15,N,N,A,-,N,NA,NA,NA,NA,NA,NA,NA,NA,NA,N,2,0,1,2,A,-,09,21801,A,N,H,G,A,A,H,-,A,A,0,NA,Y,NA,NA,Y,NA,A,01,1,0,0,0,0,0,1,0,0,-,-,NA,NA,LOS ANGELES,LOS ANGELES,-118.46564236,34.00028118
8029525,2016,2016-05-12,1955,2016-04-30,2046,30284,0024,6,5,6,1955,0,0,0,NA,0,002,TOWNE AV,RT 10,94,N,N,A,-,N,NA,NA,NA,NA,NA,NA,NA,NA,NA,N,4,0,1,2,A,-,03,22350,NA,F,C,C,A,A,H,-,C,A,0,NA,NA,NA,NA,Y,NA,A,01,0,0,1,0,0,0,0,0,0,-,WF,NA,NA,LOS ANGELES,POMONA,-117.74160919,34.07831361
8029528,2016,2016-05-13,1942,2016-04-30,0140,36589,2038,6,5,7,1942,0,0,0,NA,0,6TL7,8TH ST,VERMONT AV,0,NA,Y,A,-,N,NA,NA,NA,NA,NA,NA,NA,NA,NA,Y,3,0,2,2,A,-,01,23152,A,N,D,C,A,A,H,-,C,A,0,NA,NA,NA,NA,Y,Y,A,01,0,2,0,0,0,0,0,0,0,-,-,NA,NA,LOS ANGELES,LOS ANGELES,-118.29165012,34.05776005
8029529,2016,2016-05-12,1955,2016-04-30,1309,41949,0094,6,5,6,1955,0,0,0,NA,0,004,TOWNE AV,GRAND AV,0,NA,Y,A,-,N,NA,NA,NA,NA,NA,NA,NA,NA,NA,Y,4,0,1,2,A,-,12,21453,A,F,D,C,A,A,H,-,A,A,0,NA,NA,NA,NA,Y,NA,A,01,0,0,1,0,0,0,0,0,0,-,-,NA,NA,LOS ANGELES,POMONA,-117.74106001,34.04805001
8029532,2016,2016-05-13,1913,2016-04-08,1617,3852,28,5,5,4,1913,0,0,0,NA,0,002,2ND ST,YALE AV,0,NA,Y,C,-,N,NA,NA,NA,NA,NA,NA,NA,NA,NA,N,4,0,1,2,A,-,10,21950,C,N,G,B,B,B,H,-,A,A,0,Y,NA,NA,NA,Y,NA,A,01,0,0,1,0,1,0,0,0,0,-,-,NA,NA,LOS ANGELES,CLAREMONT,-117.71788009,34.09561008
8029533,2016,2016-05-12,1955,2016-04-21,1923,42081,0094,4,5,6,1955,0,0,0,NA,0,004,TOWNE AV,PHILLIPS BL,36,N,N,A,-,N,NA,NA,NA,NA,NA,NA,NA,NA,NA,N,3,0,1,2,A,-,11,21954,A,N,B,B,D,A,H,-,B,A,0,Y,NA,NA,NA,Y,Y,N,60,0,1,0,0,1,0,0,0,0,-,-,NA,NA,LOS ANGELES,POMONA,-117.74094346,34.04451863
8029536,2016,2016-05-13,1913,2016-04-26,1636,3679,28,2,5,4,1913,0,0,0,NA,0,002,YALE AV,2ND ST,0,NA,Y,A,-,N,NA,NA,NA,NA,NA,NA,NA,NA,NA,N,3,0,1,2,A,-,10,21950,A,N,G,B,B,A,H,-,A,A,0,Y,NA,NA,NA,Y,NA,A,01,0,1,0,0,1,0,0,0,0,-,-,NA,NA,LOS ANGELES,CLAREMONT,-117.71788009,34.09561008
8029537,2016,2016-05-12,1955,2016-04-21,2244,42251,0077,4,5,6,1955,0,0,0,NA,0,005,MISSION BL,HUMANE WY,100,E,N,A,-,N,NA,NA,NA,NA,NA,NA,NA,NA,NA,Y,4,0,2,2,A,-,08,22107,NA,N,C,C,A,A,H,-,C,A,0,NA,NA,NA,NA,Y,NA,A,01,0,0,2,0,0,0,0,0,0,-,-,NA,NA,LOS ANGELES,POMONA,-117.78935968,34.05244598
8029540,2016,2016-05-13,1913,2016-04-23,0911,3686,11,6,5,4,1913,0,0,0,NA,0,001,HARRISON AV,CAMBRIDGE AV,0,NA,Y,A,-,N,NA,NA,NA,NA,NA,NA,NA,NA,NA,N,3,0,1,2,A,-,12,22450,A,N,D,C,A,A,H,-,A,A,0,NA,NA,NA,NA,Y,NA,A,01,0,1,0,0,0,0,0,0,0,-,-,NA,NA,LOS ANGELES,CLAREMONT,-117.72735005,34.0986001
8029541,2016,2016-05-12,1955,2016-04-17,1642,41138,0095,7,5,6,1955,0,0,0,NA,0,004,GAREY AV,GRAND AV,18,S,N,A,-,N,NA,NA,NA,NA,NA,NA,NA,NA,NA,N,4,0,1,2,A,-,10,21950,A,F,G,B,B,A,H,-,A,A,0,Y,NA,NA,NA,Y,NA,A,01,0,0,1,0,1,0,0,0,0,-,-,NA,NA,LOS ANGELES,POMONA,-117.74984798,34.04777069
8029544,2016,2016-05-13,1913,2016-04-21,1507,4035,05,4,5,4,1913,0,0,0,NA,0,001,ARROW HWY,CARLETON AV,0,NA,Y,A,-,N,NA,NA,NA,NA,NA,NA,NA,NA,NA,N,4,0,1,2,A,-,10,21950,A,F,G,B,B,A,H,-,A,D,0,Y,NA,NA,NA,Y,NA,A,01,0,0,1,0,1,0,0,0,0,-,-,NA,NA,LOS ANGELES,CLAREMONT,-117.72680011,34.09046003
8029548,2016,2016-05-13,1913,2016-04-18,1213,3584,49,1,5,4,1913,0,0,0,NA,0,003,MOUNT CARMEL DR,SAN FERNANDO CT,165,W,N,A,-,N,NA,NA,NA,NA,NA,NA,NA,NA,NA,N,4,0,1,2,A,-,09,21801,A,N,D,C,A,A,H,-,A,D,0,NA,NA,NA,NA,Y,NA,A,01,0,0,1,0,0,0,0,0,0,-,-,NA,NA,LOS ANGELES,CLAREMONT,-117.72420247,34.12651362
8029552,2016,2016-05-13,1913,2016-04-10,1143,3906,30,7,5,4,1913,0,0,0,NA,0,002,FOOTHILL BL,DARTMOUTH AV,65,W,N,B,-,N,NA,NA,NA,NA,NA,NA,NA,NA,NA,N,3,0,1,1,A,-,08,22107,NA,N,E,I,A,A,H,-,A,A,0,NA,Y,NA,NA,Y,Y,L,04,0,1,0,0,0,0,1,0,0,-,-,NA,NA,LOS ANGELES,CLAREMONT,-117.7133941,34.10711487
8029556,2016,2016-05-13,1913,2016-04-08,1335,3852,09,5,5,4,1913,0,0,0,NA,0,001,1ST ST,INDIAN HILL BL,3,E,N,B,-,N,NA,NA,NA,NA,NA,NA,NA,NA,NA,N,4,0,1,2,A,-,10,21950,C,N,G,B,B,A,H,-,A,A,0,Y,NA,NA,NA,Y,NA,A,01,0,0,1,0,1,0,0,0,0,-,-,NA,NA,LOS ANGELES,CLAREMONT,-117.71930012,34.09467007
8029560,2016,2016-05-13,1913,2016-04-08,1008,3845,30,5,5,4,1913,0,0,0,NA,0,002,MILLS AV,FOOTHILL BL,80,S,N,B,-,N,NA,NA,NA,NA,NA,NA,NA,NA,NA,NA,4,0,1,2,A,-,05,21202,A,N,D,G,A,A,H,-,A,A,0,NA,Y,NA,NA,Y,NA,L,04,0,0,1,0,0,0,1,0,0,-,-,NA,NA,LOS ANGELES,CLAREMONT,-117.70712545,34.10683085
8029564,2016,2016-05-13,1913,2016-04-01,1516,3746,31,5,5,4,1913,0,0,0,NA,0,002,CLAREMONT BL,6TH ST,0,NA,Y,A,-,N,NA,NA,NA,NA,NA,NA,NA,NA,NA,Y,3,0,3,2,A,-,09,21801,A,N,A,C,A,A,H,-,A,A,0,NA,NA,NA,NA,Y,NA,A,01,0,1,2,0,0,0,0,0,0,-,-,NA,NA,LOS ANGELES,CLAREMONT,-117.70301001,34.09954005
8029567,2016,2016-05-13,1942,2016-04-21,1900,37700,0668,4,5,7,1942,0,0,0,F,0,20TL56,SUNSET BL,WESTERN AV,0,NA,Y,A,-,N,NA,NA,NA,NA,NA,NA,NA,NA,NA,Y,3,0,1,2,A,-,08,22100,B,F,H,I,A,A,H,-,A,D,0,NA,NA,Y,NA,Y,NA,-,99,0,1,0,0,0,0,0,0,1,-,-,NA,NA,LOS ANGELES,LOS ANGELES,-118.30922007,34.0981001
8029568,2016,2017-02-11,1913,2016-04-01,0605,3679,56,5,5,4,1913,0,0,0,NA,0,003,TOWNE AV,RT 210,0,NA,Y,A,-,Y,LA,7,210,-,R,49.394,R,4,E,Y,4,0,1,2,A,-,12,21453,A,N,D,C,A,A,H,-,A,A,0,NA,NA,NA,NA,Y,NA,A,01,0,0,1,0,0,0,0,0,0,-,-,NA,NA,LOS ANGELES,CLAREMONT,-117.73891271,34.1203187
8029571,2016,2016-05-13,1942,2016-04-27,2220,39022,0646,3,5,7,1942,0,0,0,F,0,14T47,LAS PALMAS AV,SELMA AV,3,S,N,A,-,N,NA,NA,NA,NA,NA,NA,NA,NA,NA,N,3,0,1,2,A,-,10,21950,A,F,G,B,B,A,H,-,C,A,0,Y,NA,NA,NA,Y,NA,-,99,0,1,0,0,1,0,0,0,0,-,-,NA,NA,LOS ANGELES,LOS ANGELES,-118.33634976,34.09969177
8029572,2016,2016-05-13,1928,2016-04-15,1013,376,518,5,5,5,1928,0,0,0,NA,0,503,ROSELLE AV,135TH ST,203,N,N,A,-,N,NA,NA,NA,NA,NA,NA,NA,NA,NA,N,4,0,1,2,A,-,11,21954,A,N,G,B,E,A,H,-,A,D,0,Y,NA,NA,NA,Y,NA,N,60,0,0,1,0,1,0,0,0,0,-,-,33.9092,-118.34277,LOS ANGELES,HAWTHORNE,-118.34282,33.90973677
8029575,2016,2016-05-13,1942,2016-04-23,0010,37511,0645,6,5,7,1942,0,0,0,F,0,7T23,SUNSET BL,LA BREA AV,0,NA,Y,A,-,N,NA,NA,NA,NA,NA,NA,NA,NA,NA,Y,2,0,1,2,A,-,09,21801,A,N,A,C,A,A,H,-,C,A,0,NA,NA,Y,NA,Y,NA,A,01,1,0,0,0,0,0,0,0,1,-,-,NA,NA,LOS ANGELES,LOS ANGELES,-118.34414003,34.09798012
8029579,2016,2016-05-13,1942,2016-04-19,1930,42273,0666,2,5,7,1942,0,0,0,F,0,6A67,SANTA MONICA BL,CAHUENGA BL,2,E,N,A,-,N,NA,NA,NA,NA,NA,NA,NA,NA,NA,Y,3,0,2,3,A,-,07,21658,A,F,B,C,A,A,H,-,A,A,0,NA,NA,NA,NA,Y,NA,A,01,0,1,1,0,0,0,0,0,0,-,-,NA,NA,LOS ANGELES,LOS ANGELES,-118.32886341,34.09074
8029581,2016,2016-05-12,1909,2016-04-18,1303,563,1909,1,5,4,1909,0,0,0,NA,0,SOUTH,GEPHART AV,CLARA ST,0,NA,Y,A,-,N,NA,NA,NA,NA,NA,NA,NA,NA,NA,N,4,0,1,2,A,-,12,22450,A,N,D,G,A,A,H,-,A,D,0,NA,Y,NA,NA,Y,NA,L,04,0,0,1,0,0,0,1,0,0,-,-,NA,NA,LOS ANGELES,BELL GARDENS,-118.15959013,33.9625901
8029583,2016,2016-05-13,1942,2016-04-26,2123,37575,0732,2,5,7,1942,0,0,0,G,0,6T7,LA CIENEGA AV,PICO BL,25,S,N,A,-,N,NA,NA,NA,NA,NA,NA,NA,NA,NA,N,4,0,2,2,A,-,03,22350,NA,F,C,C,A,A,H,-,C,D,0,NA,NA,NA,NA,Y,NA,-,99,0,0,2,0,0,0,0,0,0,-,-,NA,NA,LOS ANGELES,LOS ANGELES,-118.3761686,34.05327144
8029585,2016,2016-08-29,1975,2016-04-14,1836,434,NA,4,5,6,1975,0,0,0,NA,0,005,AZUSA AV,MANILA WAY,0,NA,Y,A,-,N,NA,NA,NA,NA,NA,NA,NA,NA,NA,Y,3,0,3,2,A,-,12,21453,A,N,D,C,A,A,H,-,A,A,0,NA,NA,NA,NA,Y,NA,-,NA,0,2,1,0,0,0,0,0,0,-,-,NA,NA,LOS ANGELES,WEST COVINA,-117.91401,34.032862
8029587,2016,2016-05-13,1942,2016-04-30,2350,40157,1472,6,5,7,1942,0,0,0,N,0,8T35,PERSHING DR,REES ST,0,NA,Y,A,-,N,NA,NA,NA,NA,NA,NA,NA,NA,NA,Y,2,0,1,2,A,-,01,23152,A,N,G,B,B,A,H,-,C,A,0,Y,NA,NA,NA,Y,Y,A,01,1,0,0,0,1,0,0,0,0,-,-,NA,NA,LOS ANGELES,LOS ANGELES,-118.44425002,33.95906001
8029589,2016,2016-08-29,1975,2016-04-20,1855,400/992,NA,3,5,6,1975,0,0,0,NA,0,004,AZUSA AV,STUART AV,30,S,N,A,-,N,NA,NA,NA,NA,NA,NA,NA,NA,NA,Y,4,0,1,3,A,-,03,22350,NA,N,C,C,A,A,H,-,A,D,0,NA,NA,NA,NA,Y,NA,A,01,0,0,1,0,0,0,0,0,0,-,-,NA,NA,LOS ANGELES,WEST COVINA,-117.90784,34.06867776
8029591,2016,2016-05-13,1942,2016-04-28,1600,38590,0753,4,5,7,1942,0,0,0,G,0,20TL56,FAIRFAX AV,WHITWORTH AV,50,N,N,A,-,N,NA,NA,NA,NA,NA,NA,NA,NA,NA,N,4,0,1,2,A,-,03,22350,NA,F,C,C,A,A,H,-,A,D,0,NA,NA,NA,NA,Y,NA,-,99,0,0,1,0,0,0,0,0,0,-,-,NA,NA,LOS ANGELES,LOS ANGELES,-118.36490403,34.05587898
8029593,2016,2017-02-28,1976,2016-04-08,1517,269,NA,5,5,5,1976,0,0,0,NA,0,003,WHITTIER BL,GREENLEAF AV,0,NA,Y,B,-,Y,LA,7,72,-,-,3.958,I,5,N,Y,4,0,1,2,A,-,12,21453,A,N,D,C,A,B,H,-,A,A,0,NA,NA,NA,NA,Y,NA,A,01,0,0,1,0,0,0,0,0,0,-,-,NA,NA,LOS ANGELES,WHITTIER,-118.0370825,33.96568105
8029595,2016,2016-05-13,1942,2016-04-10,2005,40690,1465,7,5,7,1942,0,0,0,N,0,7TL38,ANETA ST,INGLEWOOD BL,0,NA,Y,A,-,N,NA,NA,NA,NA,NA,NA,NA,NA,NA,Y,2,0,1,2,A,-,09,21802,A,N,D,C,A,A,H,-,C,A,0,NA,NA,Y,NA,Y,Y,C,02,1,0,0,0,0,0,0,0,1,-,-,NA,NA,LOS ANGELES,LOS ANGELES,-118.40793011,33.98614007
8029597,2016,2017-02-28,1976,2016-04-08,1715,351,CA019,5,5,5,1976,0,0,0,NA,0,002,WHITTIER BL,PHILADELPHIA ST,365,W,N,C,-,Y,LA,7,72,-,-,5.22,H,-,S,Y,4,0,1,2,A,-,08,22107,NA,N,E,I,A,B,H,-,A,D,0,NA,NA,NA,NA,Y,NA,A,07,0,0,1,0,0,0,0,0,0,-,-,NA,NA,LOS ANGELES,WHITTIER,-118.05021535,33.98020075
8029599,2016,2016-05-13,1942,2016-04-17,1910,40157,1494,7,5,7,1942,0,0,0,N,0,14T47,WESTCHESTER PKWY,PERSHING DR,50,E,N,A,-,N,NA,NA,NA,NA,NA,NA,NA,NA,NA,Y,2,0,2,1,A,-,03,22350,NA,N,E,I,A,A,H,-,A,D,0,NA,NA,NA,NA,Y,NA,A,01,1,1,0,0,0,0,0,0,0,-,-,NA,NA,LOS ANGELES,LOS ANGELES,-118.43910953,33.95178556
8029665,2016,2016-05-12,1953,2016-04-29,1953,2037,1953,5,5,6,1953,0,0,0,NA,0,001,S PASADENA AV,ARLINGTON DR,0,NA,Y,A,-,N,NA,NA,NA,NA,NA,NA,NA,NA,NA,Y,4,0,3,2,A,-,09,21802,A,N,D,C,A,A,H,-,C,A,0,NA,NA,NA,NA,Y,NA,A,01,0,0,3,0,0,0,0,0,0,-,-,NA,NA,LOS ANGELES,PASADENA,-118.15469009,34.12829001
8029681,2016,2016-05-12,1953,2016-04-29,1511,5850,1953,5,5,6,1953,0,0,0,NA,0,001,MARENGO AV,EUCLID AV,200,S,N,A,-,N,NA,NA,NA,NA,NA,NA,NA,NA,NA,Y,4,0,1,1,A,-,08,22107,NA,N,E,I,A,A,H,-,A,D,0,NA,NA,NA,NA,Y,NA,A,01,0,0,1,0,0,0,0,0,0,-,-,NA,NA,LOS ANGELES,PASADENA,-118.14363121,34.12269818
8029685,2016,2016-05-12,1953,2016-04-24,1218,5850,1953,7,5,6,1953,0,0,0,NA,0,001,CALIFORNIA BL,MARENGO AV,20,W,N,B,-,N,NA,NA,NA,NA,NA,NA,NA,NA,NA,Y,3,0,3,4,A,-,08,22107,NA,N,D,C,A,A,H,-,A,A,0,NA,NA,NA,NA,Y,NA,A,07,0,2,1,0,0,0,0,0,0,-,-,NA,NA,LOS ANGELES,PASADENA,-118.14592592,34.13580835
8029689,2016,2016-05-12,1953,2016-04-21,2022,7081,1953,4,5,6,1953,0,0,0,NA,0,002,ORANGE GROVE BL,ELMIRA ST,250,W,N,A,-,N,NA,NA,NA,NA,NA,NA,NA,NA,NA,Y,4,0,1,2,A,-,17,22517,NA,N,B,E,A,A,H,-,C,D,0,NA,NA,NA,NA,Y,NA,A,01,0,0,1,0,0,0,0,0,0,-,-,NA,NA,LOS ANGELES,PASADENA,-118.13439452,34.15781905
8029697,2016,2016-05-12,1975,2016-04-07,1627,431,NA,4,5,6,1975,0,0,0,NA,0,002,AZUSA AV,VINE AV,500,S,N,A,-,N,NA,NA,NA,NA,NA,NA,NA,NA,NA,Y,4,0,2,3,A,-,03,22350,NA,N,C,C,A,A,H,-,A,A,0,NA,NA,NA,NA,Y,NA,-,NA,0,0,2,0,0,0,0,0,0,-,-,NA,NA,LOS ANGELES,WEST COVINA,-117.90801872,34.05608948
8029842,2016,2016-04-27,1942,2016-04-17,1345,39889,0195,7,5,7,1942,0,0,0,A,0,4T6,MAIN ST,WASHINGTON BL,20,S,N,A,-,N,NA,NA,NA,NA,NA,NA,NA,NA,NA,Y,4,0,1,2,A,-,08,22100,A,F,-,C,A,A,H,-,A,A,0,NA,NA,NA,NA,Y,NA,A,01,0,0,1,0,0,0,0,0,0,-,-,NA,NA,LOS ANGELES,LOS ANGELES,-118.26469342,34.03091273
8029851,2016,2016-04-27,1942,2016-04-16,0215,37511,0774,6,5,7,1942,0,0,0,G,0,7T23,WASHINGTON BL,HIGHLAND DR,30,E,N,A,-,N,NA,NA,NA,NA,NA,NA,NA,NA,NA,N,4,0,1,2,A,-,01,23152,A,N,D,E,A,A,H,-,C,D,0,NA,NA,NA,NA,Y,Y,A,01,0,0,1,0,0,0,0,0,0,-,-,NA,NA,LOS ANGELES,LOS ANGELES,-118.34589483,34.04006779
8029858,2016,2016-04-27,1942,2016-04-16,0925,37952,246,6,5,7,1942,0,0,0,NA,0,4T4,WILSHIRE BL,PARK VIEW,20,W,N,A,-,N,NA,NA,NA,NA,NA,NA,NA,NA,NA,Y,4,0,1,3,A,-,09,21801,A,N,A,C,A,A,H,-,A,A,0,NA,NA,NA,NA,Y,NA,A,01,0,0,1,0,0,0,0,0,0,-,-,NA,NA,LOS ANGELES,LOS ANGELES,-118.27955881,34.05967476
8029862,2016,2016-04-27,1942,2016-04-15,0825,37540,0205,5,5,7,1942,0,0,0,B,0,4T4,BENTON WY,KENT ST,8,N,N,A,-,N,NA,NA,NA,NA,NA,NA,NA,NA,NA,N,4,0,1,2,A,-,03,22350,NA,N,C,C,A,A,H,-,A,-,0,NA,NA,NA,NA,Y,NA,A,01,0,0,1,0,0,0,0,0,0,-,-,NA,NA,LOS ANGELES,LOS ANGELES,-118.27275804,34.07761955
8029863,2016,2016-04-27,1976,2016-04-05,1700,596,NA,2,5,5,1976,0,0,0,NA,0,002,LAMBERT RD,GREENLOAF AV,50,W,N,A,-,N,NA,NA,NA,NA,NA,NA,NA,NA,NA,Y,3,0,1,2,A,-,03,22350,NA,N,C,C,A,A,H,-,A,A,0,NA,NA,NA,NA,Y,NA,A,01,0,1,0,0,0,0,0,0,0,-,-,NA,NA,LOS ANGELES,WHITTIER,-118.04202545,33.9609987
8029866,2016,2016-04-27,1942,2016-04-12,1755,41809,0216,2,5,7,1942,0,0,0,B,0,2A2,ALVARADO ST,CLINTON ST,0,NA,Y,A,-,N,NA,NA,NA,NA,NA,NA,NA,NA,NA,N,4,0,1,3,A,-,09,21801,A,M,B,C,A,A,H,-,A,D,0,NA,NA,NA,NA,Y,NA,A,01,0,0,1,0,0,0,0,0,0,-,-,NA,NA,LOS ANGELES,LOS ANGELES,-118.26588001,34.07367006
8029867,2014,2016-04-27,1976,2014-04-05,0510,590,NA,6,5,5,1976,0,0,0,NA,0,NA,LAMBERT RD,LAUREL AV,0,NA,Y,A,-,N,NA,NA,NA,NA,NA,NA,NA,NA,NA,Y,4,0,1,4,A,-,05,21650,NA,N,A,C,A,A,H,-,C,A,0,NA,NA,NA,NA,Y,NA,A,01,0,0,1,0,0,0,0,0,0,-,-,NA,NA,LOS ANGELES,WHITTIER,-118.03451011,33.95572009
8029870,2016,2016-04-29,1942,2016-04-12,1915,42259,0236,2,5,7,1942,0,0,0,B,0,11A86,ALVARADO ST,VALLEY ST,170,S,N,A,-,N,NA,NA,NA,NA,NA,NA,NA,NA,NA,N,4,0,1,2,A,-,04,21703,NA,N,C,C,A,A,H,-,B,D,0,NA,NA,NA,NA,Y,NA,A,01,0,0,1,0,0,0,0,0,0,-,-,NA,NA,LOS ANGELES,LOS ANGELES,-118.27176774,34.06442605
8029871,2016,2017-02-18,1941,2016-04-11,1859,5145,NA,1,5,7,1941,0,0,0,NA,0,NA,PACIFIC COAST HWY,HARBOR AV,0,NA,Y,A,B,Y,LA,7,1,-,-,7.491,I,5,N,Y,4,0,2,2,A,-,12,21453,A,N,D,C,A,A,H,-,A,-,0,NA,NA,NA,NA,Y,NA,M,NA,0,0,2,0,0,0,0,0,0,-,-,NA,NA,LOS ANGELES,LONG BEACH,-118.21051936,33.78990543
8029874,2016,2016-08-29,1941,2016-04-08,1700,5998,NA,5,5,7,1941,0,0,0,NA,0,NA,GERALD DESMOND BRIDGE,PICO AV,20,E,N,A,-,N,NA,NA,NA,NA,NA,NA,NA,NA,NA,Y,4,0,1,3,A,-,03,22350,NA,N,C,C,A,B,H,-,A,D,0,NA,NA,NA,NA,Y,NA,D,NA,0,0,1,0,0,0,0,0,0,-,-,NA,NA,LOS ANGELES,LONG BEACH,-118.209378,33.766947
8029897,2016,2016-08-29,1942,2016-04-13,2120,39624,0824,3,5,7,1942,0,0,0,H,0,6T7,SUNSET BL,AMALFI DR,368,W,N,A,-,N,NA,NA,NA,NA,NA,NA,NA,NA,NA,Y,3,0,1,1,A,-,03,22350,A,N,F,I,A,A,H,-,D,D,0,NA,NA,NA,NA,Y,NA,A,01,0,1,0,0,0,0,0,0,0,-,-,NA,NA,LOS ANGELES,LOS ANGELES,-118.51022958,34.04718418
8029901,2016,2016-08-29,1931,2016-04-08,1040,5264,1931,5,5,5,1931,0,0,0,NA,0,002,61ST ST,ARBUTUS ST,30,W,N,B,C,N,NA,NA,NA,NA,NA,NA,NA,NA,NA,Y,3,0,1,3,A,-,03,22350,NA,N,B,E,A,B,H,-,A,D,0,NA,NA,NA,NA,Y,NA,A,01,0,1,0,0,0,0,0,0,0,-,-,NA,NA,LOS ANGELES,HUNTINGTON PARK,-118.21495874,33.98523154