CASE_ID,ACCIDENT_YEAR,PROC_DATE,JURIS,COLLISION_DATE,COLLISION_TIME,OFFICER_ID,REPORTING_DISTRICT,DAY_OF_WEEK,CHP_SHIFT,POPULATION,CNTY_CITY_LOC,SPECIAL_COND,BEAT_TYPE,CHP_BEAT_TYPE,CITY_DIVISION_LAPD,CHP_BEAT_CLASS,BEAT_NUMBER,PRIMARY_RD,SECONDARY_RD,DISTANCE,DIRECTION,INTERSECTION,WEATHER_1,WEATHER_2,STATE_HWY_IND,CALTRANS_COUNTY,CALTRANS_DISTRICT,STATE_ROUTE,ROUTE_SUFFIX,POSTMILE_PREFIX,POSTMILE,LOCATION_TYPE,RAMP_INTERSECTION,SIDE_OF_HWY,TOW_AWAY,COLLISION_SEVERITY,NUMBER_KILLED,NUMBER_INJURED,PARTY_COUNT,PRIMARY_COLL_FACTOR,PCF_CODE_OF_VIOL,PCF_VIOL_CATEGORY,PCF_VIOLATION,PCF_VIOL_SUBSECTION,HIT_AND_RUN,TYPE_OF_COLLISION,MVIW,PED_ACTION,ROAD_SURFACE,ROAD_COND_1,ROAD_COND_2,LIGHTING,CONTROL_DEVICE,CHP_ROAD_TYPE,PEDESTRIAN_ACCIDENT,BICYCLE_ACCIDENT,MOTORCYCLE_ACCIDENT,TRUCK_ACCIDENT,NOT_PRIVATE_PROPERTY,ALCOHOL_INVOLVED,STWD_VEHTYPE_AT_FAULT,CHP_VEHTYPE_AT_FAULT,COUNT_SEVERE_INJ,COUNT_VISIBLE_INJ,COUNT_COMPLAINT_PAIN,COUNT_PED_KILLED,COUNT_PED_INJURED,COUNT_BICYCLIST_KILLED,COUNT_BICYCLIST_INJURED,COUNT_MC_KILLED,COUNT_MC_INJURED,PRIMARY_RAMP,SECONDARY_RAMP,LATITUDE,LONGITUDE,COUNTY,CITY,POINT_X,POINT_Y
8032623,2016,2016-05-03,1942,2016-04-18,0755,34959,855,1,5,7,1942,0,0,0,NA,0,20TL55,SEPULVEDA BL,MASSACHUSETTS AV,0,NA,Y,A,-,N,NA,NA,NA,NA,NA,NA,NA,NA,NA,N,4,0,2,2,A,-,11,21950,B,N,G,B,B,A,H,-,A,D,0,Y,NA,NA,NA,Y,NA,N,60,0,0,2,0,1,0,0,0,0,-,-,NA,NA,LOS ANGELES,LOS ANGELES,-118.44560001,34.04913005
8032624,2016,2016-05-03,1942,2016-04-14,1205,37550,762,4,5,7,1942,0,0,0,NA,0,14T52,LA CIENEGA BL,CASHIO ST,0,NA,Y,A,-,N,NA,NA,NA,NA,NA,NA,NA,NA,NA,Y,3,0,1,2,A,-,09,21801,A,N,D,C,A,A,H,-,A,A,0,NA,NA,Y,NA,Y,NA,A,01,0,1,0,0,0,0,0,0,1,-,-,NA,NA,LOS ANGELES,LOS ANGELES,-118.37616008,34.05071009
8032626,2016,2016-05-03,1925,2016-04-04,0956,20161,007,1,5,6,1925,0,0,0,NA,0,001,VICTORY BL,WESTERN AV,168,E,N,A,-,N,NA,NA,NA,NA,NA,NA,NA,NA,NA,Y,3,0,3,2,A,-,09,21804,A,N,D,C,A,A,H,-,A,D,0,NA,NA,NA,NA,Y,NA,A,01,0,2,1,0,0,0,0,0,0,-,-,NA,NA,LOS ANGELES,GLENDALE,-118.29977494,34.16084431
8032627,2016,2016-05-03,1942,2016-04-13,1340,31255,649,3,5,7,1942,0,0,0,NA,0,7T38,SERRANO AV,CARLTON WY,390,S,N,A,-,N,NA,NA,NA,NA,NA,NA,NA,NA,NA,N,3,0,1,2,C,-,18,NA,NA,F,G,B,F,A,H,-,A,D,0,Y,NA,NA,NA,Y,NA,-,-,0,1,0,0,1,0,0,0,0,-,-,NA,NA,LOS ANGELES,LOS ANGELES,-118.30709844,34.09944044
8032628,2016,2016-05-03,1942,2016-04-21,0711,38721,774,4,5,7,1942,0,0,0,NA,0,7TL23,WASHINGTON BL,LA BREA,10,W,N,A,-,N,NA,NA,NA,NA,NA,NA,NA,NA,NA,N,4,0,3,3,A,-,09,21801,A,N,D,C,A,A,H,-,A,A,0,NA,NA,NA,NA,Y,NA,A,01,0,0,3,0,0,0,0,0,0,-,-,NA,NA,LOS ANGELES,LOS ANGELES,-118.34755209,34.04040621
8032630,2016,2016-05-03,1925,2016-04-16,0807,22104,218,6,5,6,1925,0,0,0,NA,0,002,PACIFIC AV,LEXINGTON DR,15,S,N,A,-,N,NA,NA,NA,NA,NA,NA,NA,NA,NA,N,4,0,1,2,A,-,03,22350,NA,F,C,C,A,A,H,-,A,A,0,NA,NA,NA,NA,Y,Y,A,NA,0,0,1,0,0,0,0,0,0,-,-,NA,NA,LOS ANGELES,GLENDALE,-118.26455,34.15155886
8032631,2016,2016-05-03,1942,2016-04-22,1200,34959,815,5,5,7,1942,0,0,0,NA,0,20T55,MONTANA AV,TILDEN AV,216,E,N,A,-,N,NA,NA,NA,NA,NA,NA,NA,NA,NA,Y,4,0,1,2,A,-,09,21801,A,N,D,C,A,A,H,-,A,D,0,NA,NA,NA,NA,Y,NA,A,07,0,0,1,0,0,0,0,0,0,-,-,NA,NA,LOS ANGELES,LOS ANGELES,-118.45584067,34.07026276
8032632,2016,2016-05-03,1942,2016-04-21,2210,38801,762,4,5,7,1942,0,0,0,NA,0,7A21,LA CIENEGA,SATURN ST,100,S,N,A,-,N,NA,NA,NA,NA,NA,NA,NA,NA,NA,Y,3,0,1,2,A,-,09,21804,A,N,D,C,A,A,H,-,C,D,0,NA,NA,Y,NA,Y,NA,A,01,0,1,0,0,0,0,0,0,1,-,-,NA,NA,LOS ANGELES,LOS ANGELES,-118.37616,34.05126572
8032634,2016,2016-05-03,1925,2016-04-18,2122,21110,267,1,5,6,1925,0,0,0,NA,0,002,LOMITA AV,COLUMBUS AV,0,NA,Y,A,-,N,NA,NA,NA,NA,NA,NA,NA,NA,NA,N,3,0,1,2,A,-,12,22450,A,N,D,C,A,A,H,-,C,A,0,NA,NA,NA,NA,Y,NA,A,07,0,1,0,0,0,0,0,0,0,-,-,NA,NA,LOS ANGELES,GLENDALE,-118.26082006,34.13992012
8032636,2016,2016-05-03,1942,2016-04-22,1900,25495,701,5,5,7,1942,0,0,0,NA,0,7T23,CRESCENT HEIGHTS,ROMAINE AV,95,S,N,A,-,N,NA,NA,NA,NA,NA,NA,NA,NA,NA,N,3,0,2,3,A,-,03,22350,NA,N,C,C,A,A,H,-,B,D,0,NA,NA,NA,NA,Y,NA,A,01,0,1,1,0,0,0,0,0,0,-,-,NA,NA,LOS ANGELES,LOS ANGELES,-118.36591465,34.08846947
8032638,2016,2016-05-03,1925,2016-04-11,0810,20161,208,1,5,6,1925,0,0,0,NA,0,001,SONORA AV,VICTORY BL,0,NA,Y,B,-,N,NA,NA,NA,NA,NA,NA,NA,NA,NA,N,4,0,1,2,A,-,03,22350,NA,N,C,C,A,A,H,-,A,A,0,NA,NA,NA,NA,Y,NA,A,08,0,0,1,0,0,0,0,0,0,-,-,NA,NA,LOS ANGELES,GLENDALE,-118.29668003,34.15859006
8032640,2016,2016-05-03,1942,2016-04-20,2105,36589,719,3,5,7,1942,0,0,0,NA,0,7TL23,BEVERLY BL,ROSSMORE AV,10,E,N,A,-,N,NA,NA,NA,NA,NA,NA,NA,NA,NA,Y,4,0,1,2,A,-,03,22350,NA,N,C,C,A,A,H,-,D,A,0,NA,NA,NA,NA,Y,NA,A,01,0,0,1,0,0,0,0,0,0,-,-,NA,NA,LOS ANGELES,LOS ANGELES,-118.32716896,34.07608923
8032757,2016,2016-05-04,1925,2016-03-31,0230,22783,171,4,5,6,1925,0,0,0,NA,0,NA,GLENWOOD RD,PACIFIC AV,291,W,N,A,-,N,NA,NA,NA,NA,NA,NA,NA,NA,NA,Y,3,0,1,3,A,-,05,21650,NA,N,A,E,A,A,H,-,C,D,0,NA,NA,NA,NA,Y,NA,A,01,0,1,0,0,0,0,0,0,0,-,-,NA,NA,LOS ANGELES,GLENDALE,-118.26611235,34.16445035
8032763,2016,2016-05-04,1901,2016-04-01,1216,285,11,5,5,5,1901,0,0,0,NA,0,002,VALLEY BL,MONTEREY ST,0,NA,Y,A,-,N,NA,NA,NA,NA,NA,NA,NA,NA,NA,N,4,0,1,2,A,-,09,21801,A,N,B,C,A,A,D,-,A,D,0,NA,NA,NA,NA,Y,NA,A,01,0,0,1,0,0,0,0,0,0,-,-,NA,NA,LOS ANGELES,ALHAMBRA,-118.1208301,34.07873003
8032804,2016,2016-05-03,1901,2016-03-24,1535,239,23,4,5,5,1901,0,0,0,NA,0,003,MARENGO AV,LARCH ST,106,S,N,A,-,N,NA,NA,NA,NA,NA,NA,NA,NA,NA,N,4,0,1,2,A,-,17,21663,NA,N,D,G,A,A,H,-,A,D,0,NA,Y,NA,NA,Y,NA,L,04,0,0,1,0,0,0,1,0,0,-,-,NA,NA,LOS ANGELES,ALHAMBRA,-118.14205,34.09494933
8032808,2016,2016-05-03,1901,2016-03-25,1525,239,1,5,5,5,1901,0,0,0,NA,0,001,GARFIELD AV,ALHAMBRA RD,135,N,N,A,-,N,NA,NA,NA,NA,NA,NA,NA,NA,NA,Y,4,0,1,2,A,-,09,21804,A,N,D,C,A,A,H,-,A,A,0,NA,NA,NA,NA,Y,NA,A,01,0,0,1,0,0,0,0,0,0,-,-,NA,NA,LOS ANGELES,ALHAMBRA,-118.13091927,34.10096726
8032812,2016,2016-05-03,1901,2016-03-31,1707,275,20,4,5,5,1901,0,0,0,NA,0,004,FREMONT AV,CARLOS AV,0,NA,Y,A,-,N,NA,NA,NA,NA,NA,NA,NA,NA,NA,Y,3,0,1,2,A,-,09,21801,A,N,A,C,A,A,H,-,A,A,0,NA,NA,NA,NA,Y,NA,A,01,0,1,0,0,0,0,0,0,0,-,-,NA,NA,LOS ANGELES,ALHAMBRA,-118.14788007,34.06457008
8032816,2016,2016-05-03,1901,2016-03-19,1051,654,4,6,5,5,1901,0,0,0,NA,0,001,MAIN ST,HIDALGO AV,64,W,N,A,-,N,NA,NA,NA,NA,NA,NA,NA,NA,NA,N,4,0,1,2,A,-,03,22350,NA,N,C,C,A,A,H,-,A,A,0,NA,NA,NA,NA,Y,NA,A,01,0,0,1,0,0,0,0,0,0,-,-,NA,NA,LOS ANGELES,ALHAMBRA,-118.12010477,34.09835532
8032817,2016,2017-02-18,1967,2016-04-06,1330,107,997,3,5,2,1967,0,0,0,NA,0,SOUTH,RT 1,LOMA AV,0,NA,Y,A,-,Y,LA,7,1,-,-,4.011,I,5,S,N,4,0,1,2,A,-,09,21801,A,N,A,C,A,A,H,-,A,A,0,NA,NA,NA,NA,Y,NA,A,01,0,0,1,0,0,0,0,0,0,-,-,NA,NA,LOS ANGELES,SIGNAL HILL,-118.15031526,33.78979936
8032820,2016,2016-05-03,1901,2016-03-31,1900,272,NA,4,5,5,1901,0,0,0,NA,0,002,VALLEY BL,NEW AV,279,W,N,A,-,N,NA,NA,NA,NA,NA,NA,NA,NA,NA,N,4,0,1,2,A,-,08,22100,A,N,B,C,A,A,H,-,B,D,0,NA,NA,NA,NA,Y,NA,A,01,0,0,1,0,0,0,0,0,0,-,-,NA,NA,LOS ANGELES,ALHAMBRA,-118.10921806,34.07927962
8032824,2016,2016-05-03,1900,2016-03-20,0016,494990,0456,7,5,6,1949,0,0,0,NA,0,43T1,ROSECRANS AV,BLOOMFIELD AV,0,NA,Y,A,-,N,NA,NA,NA,NA,NA,NA,NA,NA,NA,Y,4,0,2,2,A,-,09,21801,A,N,D,C,A,A,H,-,C,A,0,NA,NA,NA,NA,Y,NA,A,01,0,0,2,0,0,0,0,0,0,-,-,NA,NA,LOS ANGELES,NORWALK,-118.06411008,33.90226004
8032832,2016,2016-05-03,1923,2016-03-28,1516,495,208,1,5,3,1923,0,0,0,NA,0,002,PINE AV,MARYLAND ST,0,NA,Y,B,-,N,NA,NA,NA,NA,NA,NA,NA,NA,NA,Y,4,0,1,2,A,-,06,21750,NA,N,B,C,A,A,H,-,A,D,0,NA,NA,NA,NA,Y,NA,A,01,0,0,1,0,0,0,0,0,0,-,-,NA,NA,LOS ANGELES,EL SEGUNDO,-118.40662009,33.92222008
8032837,2016,2016-08-29,1942,2016-04-22,2300,41072,1842,5,5,7,1942,0,0,0,R,0,18T23,MAIN ST,IMPERIAL HWY,0,NA,Y,A,-,N,NA,NA,NA,NA,NA,NA,NA,NA,NA,Y,3,0,5,4,A,-,00,21543,A,F,D,C,A,A,H,-,C,A,0,NA,NA,NA,NA,Y,NA,A,01,0,3,2,0,0,0,0,0,0,-,-,NA,NA,LOS ANGELES,LOS ANGELES,-118.41597012,33.93146001
8032840,2016,2016-05-16,1942,2016-04-23,0005,36733,1981,6,5,7,1942,0,0,0,NA,0,19T73,PARTHENIA ST,LANGDON AV,30,W,N,A,-,N,NA,NA,NA,NA,NA,NA,NA,NA,NA,Y,3,0,1,2,A,-,01,23152,A,F,C,C,A,A,H,-,A,A,0,NA,NA,Y,NA,Y,Y,D,22,0,1,0,0,0,0,0,0,1,-,-,NA,NA,LOS ANGELES,LOS ANGELES,-118.46995906,34.22828108
8032845,2016,2016-05-05,1920,2016-03-16,1808,12612,NA,3,5,6,1920,0,0,0,NA,0,006,DOWNEY AV,ALAMEDA ST,0,NA,Y,A,-,N,NA,NA,NA,NA,NA,NA,NA,NA,NA,Y,4,0,1,2,A,-,09,21801,A,N,D,C,A,A,H,-,A,A,0,NA,NA,NA,NA,Y,NA,A,01,0,0,1,0,0,0,0,0,0,-,-,NA,NA,LOS ANGELES,DOWNEY,-118.14198002,33.92776001
8032848,2016,2017-02-11,1942,2016-04-22,1610,40193,1757,5,5,7,1942,0,0,0,Q,0,17TL14,DEVONSHIRE ST,GOTHIC AV,450,W,N,A,-,N,NA,NA,NA,NA,NA,NA,NA,NA,NA,Y,4,0,1,2,A,-,03,22350,NA,F,C,C,A,A,H,-,A,D,0,NA,NA,NA,NA,Y,NA,D,22,0,0,1,0,0,0,0,0,0,-,-,NA,NA,LOS ANGELES,LOS ANGELES,-118.4907166,34.25745
8032861,2016,2016-05-04,1923,2016-03-25,2023,492,ES108,5,5,3,1923,0,0,0,NA,0,ES1,MARIPOSA AV,RICHMOND ST,162,E,N,A,-,N,NA,NA,NA,NA,NA,NA,NA,NA,NA,N,2,0,1,2,A,-,11,21954,A,N,G,B,D,A,H,-,C,D,0,Y,NA,NA,NA,Y,NA,N,60,1,0,0,0,1,0,0,0,0,-,-,NA,NA,LOS ANGELES,EL SEGUNDO,-118.41669701,33.92358573
8032869,2016,2016-05-04,1942,2016-03-31,1150,42002,LAPD0,4,5,7,1942,0,0,0,NA,0,7A53,LA BREA,2ND ST,300,S,N,A,-,N,NA,NA,NA,NA,NA,NA,NA,NA,NA,N,4,0,3,2,A,-,04,21703,NA,N,C,C,A,A,H,-,A,A,0,NA,NA,NA,NA,Y,NA,A,01,0,0,3,0,0,0,0,0,0,-,-,NA,NA,LOS ANGELES,LOS ANGELES,-118.34403416,34.07019722
8032877,2016,2016-05-04,1942,2016-03-16,1730,41376,738,3,5,7,1942,0,0,0,NA,0,7TL38,6TH ST,LAS PALMAS,20,W,N,A,-,N,NA,NA,NA,NA,NA,NA,NA,NA,NA,N,3,0,1,2,A,-,03,22350,NA,N,C,C,A,A,H,-,A,D,0,NA,NA,NA,NA,Y,NA,A,01,0,1,0,0,0,0,0,0,0,-,-,NA,NA,LOS ANGELES,LOS ANGELES,-118.33577589,34.06494864
8032884,2016,2016-05-05,1942,2016-04-17,0235,40422,1623,7,5,7,1942,0,0,0,P,0,16A11,VAN NUYS BL,HERRICK AV,210,E,N,A,-,N,NA,NA,NA,NA,NA,NA,NA,NA,NA,Y,2,0,1,3,A,-,03,22350,NA,N,F,E,A,A,H,-,C,A,0,NA,NA,NA,NA,Y,NA,A,01,1,0,0,0,0,0,0,0,0,-,-,NA,NA,LOS ANGELES,LOS ANGELES,-118.41445802,34.27166945
8032886,2016,2016-05-06,1942,2016-04-19,1740,37353,1012,2,5,7,1942,0,0,0,J,0,19TL72,SATICOY ST,AMIGO AV,91,E,N,A,-,N,NA,NA,NA,NA,NA,NA,NA,NA,NA,Y,4,0,3,3,A,-,03,22350,NA,N,C,C,A,A,H,-,A,D,0,NA,NA,NA,NA,Y,NA,A,01,0,0,3,0,0,0,0,0,0,-,-,NA,NA,LOS ANGELES,LOS ANGELES,-118.53794954,34.20836
8032888,2016,2016-05-05,1942,2016-04-19,1910,41239,1907,2,5,7,1942,0,0,0,NA,0,15T43,HUBBARD ST,GLADSTONE AV,13,W,N,A,-,N,NA,NA,NA,NA,NA,NA,NA,NA,NA,N,3,0,2,3,A,-,10,21950,A,F,G,B,B,A,H,-,C,A,0,Y,NA,NA,NA,Y,NA,-,99,0,2,0,0,2,0,0,0,0,-,-,NA,NA,LOS ANGELES,LOS ANGELES,-118.42735989,34.31004438
8032889,2016,2016-05-04,1942,2016-03-11,0020,41806,1269,5,5,7,1942,0,0,0,L,0,12A73,79TH ST,STANFORD AV,0,NA,Y,A,-,N,NA,NA,NA,NA,NA,NA,NA,NA,NA,Y,4,0,2,1,A,-,03,22350,NA,N,A,I,A,A,H,-,C,A,0,NA,NA,NA,NA,Y,NA,A,01,0,0,2,0,0,0,0,0,0,-,-,NA,NA,LOS ANGELES,LOS ANGELES,-118.26296006,33.96743002
8032892,2016,2016-05-05,1942,2016-04-20,1125,37353,1785,3,5,7,1942,0,0,0,Q,0,19TL72,RESEDA BL,NORDHOFF ST,75,S,N,A,-,N,NA,NA,NA,NA,NA,NA,NA,NA,NA,N,4,0,1,3,A,-,03,22350,NA,F,C,C,A,A,H,-,A,D,0,NA,NA,NA,NA,Y,NA,-,99,0,0,1,0,0,0,0,0,0,-,-,NA,NA,LOS ANGELES,LOS ANGELES,-118.53609,34.23523426
8032896,2016,2016-05-05,1942,2016-04-13,1935,38230,1661,3,5,7,1942,0,0,0,P,0,16A35,LAUREL CANYON,BRANFORD ST,0,NA,Y,A,-,N,NA,NA,NA,NA,NA,NA,NA,NA,NA,N,4,0,1,2,A,-,09,21801,A,F,G,G,A,A,H,-,D,A,0,NA,Y,NA,NA,Y,NA,-,99,0,0,1,0,0,0,1,0,0,-,-,NA,NA,LOS ANGELES,LOS ANGELES,-118.41319004,34.24092012
8032897,2016,2016-05-04,1942,2016-03-25,1555,37876,1253,5,5,7,1942,0,0,0,L,0,12A3,HOBART BL,74TH ST,150,S,N,A,-,N,NA,NA,NA,NA,NA,NA,NA,NA,NA,N,2,0,1,2,A,-,03,22350,NA,F,G,B,D,A,H,-,A,D,0,Y,NA,NA,NA,Y,NA,-,99,1,0,0,0,1,0,0,0,0,-,-,NA,NA,LOS ANGELES,LOS ANGELES,-118.30788224,33.97234861
8032901,2016,2016-05-04,1942,2016-03-14,1830,39689,1844,1,5,7,1942,0,0,0,R,0,18X4,WADSWORTH AV,112TH ST,10,W,N,A,-,N,NA,NA,NA,NA,NA,NA,NA,NA,NA,N,2,0,1,2,A,-,21,22106,NA,N,B,G,A,A,H,-,A,D,0,NA,Y,NA,NA,Y,NA,A,01,1,0,0,0,0,0,1,0,0,-,-,NA,NA,LOS ANGELES,LOS ANGELES,-118.25861,33.93282
8032911,2016,2016-05-04,1942,2016-04-16,0220,41598,1844,6,5,7,1942,0,0,0,R,0,18A35,AVALON BL,111TH ST,0,NA,Y,A,-,N,NA,NA,NA,NA,NA,NA,NA,NA,NA,Y,4,0,1,4,A,-,09,21802,A,F,A,C,A,A,H,-,C,A,0,NA,NA,NA,NA,Y,NA,A,08,0,0,1,0,0,0,0,0,0,-,-,NA,NA,LOS ANGELES,LOS ANGELES,-118.26519012,33.93481002
8032912,2016,2016-05-05,1942,2016-04-18,2230,40972,1555,1,5,7,1942,0,0,0,O,0,9T57,CAMARILLO ST,BELLFLOWER AV,195,E,N,A,-,N,NA,NA,NA,NA,NA,NA,NA,NA,NA,Y,3,0,1,2,A,-,03,22350,NA,N,D,C,A,A,H,-,C,D,0,NA,NA,NA,NA,Y,NA,A,01,0,1,0,0,0,0,0,0,0,-,-,NA,NA,LOS ANGELES,LOS ANGELES,-118.37395668,34.15765431
8032915,2016,2016-05-09,1942,2016-04-19,2250,37724,1241,2,5,7,1942,0,0,0,L,0,18TL23,11TH AV,63RD ST,184,S,N,A,-,N,NA,NA,NA,NA,NA,NA,NA,NA,NA,Y,2,0,1,2,A,-,05,21650,NA,N,-,C,A,A,H,-,C,-,0,NA,NA,Y,NA,Y,NA,C,03,1,0,0,0,0,0,0,0,1,-,-,NA,NA,LOS ANGELES,LOS ANGELES,-118.329397,33.982406
8032916,2016,2016-05-05,1942,2016-04-02,1435,37080,1768,6,5,7,1942,0,0,0,Q,0,19TL76,BALBOA BL,LASSEN ST,132,S,N,A,-,N,NA,NA,NA,NA,NA,NA,NA,NA,NA,Y,3,0,1,3,A,-,01,23152,A,N,D,C,A,A,H,-,A,D,0,NA,NA,Y,NA,Y,Y,C,02,0,1,0,0,0,0,0,0,1,-,-,NA,NA,LOS ANGELES,LOS ANGELES,-118.50239,34.24990792
8032919,2016,2016-05-04,1942,2016-04-17,1130,33201,1824,7,5,7,1942,0,0,0,R,0,18A63W,CENTRAL AV,92ND ST,0,NA,Y,A,-,N,NA,NA,NA,NA,NA,NA,NA,NA,NA,N,4,0,2,3,A,-,03,22350,NA,F,C,C,A,A,H,-,A,A,0,NA,NA,NA,NA,Y,NA,-,99,0,0,2,0,0,0,0,0,0,-,-,NA,NA,LOS ANGELES,LOS ANGELES,-118.25644006,33.95328007
8032920,2016,2016-05-05,1942,2016-04-19,2220,41874,RD199,2,5,7,1942,0,0,0,NA,0,19X84,VAN NUYS BL,ROSCOE BL,0,NA,Y,A,-,N,NA,NA,NA,NA,NA,NA,NA,NA,NA,N,4,0,1,2,A,-,10,21950,A,F,G,B,B,A,H,-,C,A,0,Y,NA,NA,NA,Y,NA,-,99,0,0,1,0,1,0,0,0,0,-,-,NA,NA,LOS ANGELES,LOS ANGELES,-118.44878005,34.2215301
8032923,2016,2016-05-04,1942,2016-04-07,0045,41997,1822,4,5,7,1942,0,0,0,R,0,18A3,FIGUEROA,CENTURY BL,30,N,N,A,-,N,NA,NA,NA,NA,NA,NA,NA,NA,NA,N,2,0,1,2,A,-,10,21950,A,F,G,B,B,A,H,-,C,A,0,Y,NA,NA,NA,Y,NA,-,99,1,0,0,0,1,0,0,0,0,-,-,NA,NA,LOS ANGELES,LOS ANGELES,-118.28265155,33.94562227
8032924,2016,2016-05-05,1942,2016-04-22,2100,36733,1503,5,5,7,1942,0,0,0,O,0,19T73,VANOWEN ST,LAUREL GROVE AV,0,NA,Y,A,-,N,NA,NA,NA,NA,NA,NA,NA,NA,NA,Y,4,0,2,2,A,-,01,23152,A,N,C,C,A,A,H,-,C,D,0,NA,NA,NA,NA,Y,Y,A,01,0,0,2,0,0,0,0,0,0,-,-,NA,NA,LOS ANGELES,LOS ANGELES,-118.40089005,34.19395005
8032928,2016,2016-05-05,1942,2016-04-24,2305,38980,1971,7,5,7,1942,0,0,0,NA,0,10T37,LANGDON AV,NORDHOFF ST,19,S,N,A,-,N,NA,NA,NA,NA,NA,NA,NA,NA,NA,Y,3,0,1,1,A,-,03,22350,NA,N,E,I,A,A,H,-,C,D,0,NA,NA,NA,NA,Y,NA,A,01,0,1,0,0,0,0,0,0,0,-,-,NA,NA,LOS ANGELES,LOS ANGELES,-118.46978014,34.23549788
8032931,2016,2016-05-04,1942,2016-04-19,1615,37141,1826,2,5,7,1942,0,0,0,R,0,18A26,COMPTON AV,103RD ST,0,NA,Y,A,-,N,NA,NA,NA,NA,NA,NA,NA,NA,NA,N,3,0,1,2,A,-,12,21453,A,F,D,G,A,A,H,-,A,A,0,NA,Y,NA,NA,Y,NA,-,99,0,1,0,0,0,0,1,0,0,-,-,NA,NA,LOS ANGELES,LOS ANGELES,-118.24621001,33.9432301
8032932,2016,2016-05-05,1942,2016-04-22,0030,35471,1987,5,5,7,1942,0,0,0,NA,0,19T75,PARTHENIA ST,MURIETTA AV,0,NA,Y,A,-,N,NA,NA,NA,NA,NA,NA,NA,NA,NA,N,4,0,1,2,A,-,12,22450,A,F,D,C,A,A,H,-,C,A,0,NA,NA,NA,NA,Y,NA,-,99,0,0,1,0,0,0,0,0,0,-,-,NA,NA,LOS ANGELES,LOS ANGELES,-118.44202011,34.22962004
8032936,2016,2016-05-05,1942,2016-04-21,1215,37353,1999,4,5,7,1942,0,0,0,NA,0,19TL72,ROSCOE BL,VENTURA CANYON AV,30,E,N,A,-,N,NA,NA,NA,NA,NA,NA,NA,NA,NA,N,4,0,1,2,A,-,07,21658,A,F,B,C,A,A,H,-,A,D,0,NA,NA,NA,NA,Y,NA,-,99,0,0,1,0,0,0,0,0,0,-,-,NA,NA,LOS ANGELES,LOS ANGELES,-118.42871097,34.22167194
8032940,2016,2016-05-05,1942,2016-04-18,0810,30694,1982,1,5,7,1942,0,0,0,NA,0,19A43,RAYEN ST,NOBLE AV,0,NA,Y,A,-,N,NA,NA,NA,NA,NA,NA,NA,NA,NA,N,4,0,1,2,A,-,12,22450,A,F,D,G,A,A,H,-,A,A,0,NA,Y,NA,NA,Y,NA,-,99,0,0,1,0,0,0,1,0,0,-,-,NA,NA,LOS ANGELES,LOS ANGELES,-118.46106002,34.23183002
8032944,2016,2016-05-04,1942,2016-04-22,0800,39217,0923,5,5,7,1942,0,0,0,I,0,9TL55,VANOWEN ST,NOBLE AV,250,W,N,A,-,N,NA,NA,NA,NA,NA,NA,NA,NA,NA,N,4,0,1,2,A,-,03,22350,NA,F,C,C,A,A,H,-,A,D,0,NA,NA,NA,NA,Y,NA,-,99,0,0,1,0,0,0,0,0,0,-,-,NA,NA,LOS ANGELES,LOS ANGELES,-118.46266524,34.19393
8032948,2016,2016-05-04,1942,2016-04-17,1642,38765,1088,7,5,7,1942,0,0,0,J,0,17X82,VENTURA BL,HAYVENHURST AV,0,NA,Y,A,-,N,NA,NA,NA,NA,NA,NA,NA,NA,NA,Y,3,0,3,2,A,-,09,21801,A,F,A,C,A,A,H,-,A,A,0,NA,NA,NA,NA,Y,NA,-,99,0,2,1,0,0,0,0,0,0,-,-,NA,NA,LOS ANGELES,LOS ANGELES,-118.49232001,34.15755008
8032949,2016,2016-05-04,1967,2016-03-28,1514,137,931,1,5,2,1967,0,0,0,NA,0,SOUTH,ORANGE AV,BURNETT,69,N,N,A,-,N,NA,NA,NA,NA,NA,NA,NA,NA,NA,Y,3,0,1,4,A,-,03,22350,NA,N,C,C,A,A,H,-,A,D,0,NA,NA,NA,NA,Y,NA,A,07,0,1,0,0,0,0,0,0,0,-,-,NA,NA,LOS ANGELES,SIGNAL HILL,-118.17635,33.80092922
8032952,2016,2016-05-05,1942,2016-04-19,1745,35752,2146,2,5,7,1942,0,0,0,NA,0,21X56,BASSET,REMMET,0,NA,Y,A,-,N,NA,NA,NA,NA,NA,NA,NA,NA,NA,N,4,0,1,2,A,-,08,22107,NA,F,B,C,A,A,H,-,A,D,0,NA,NA,NA,NA,Y,NA,-,99,0,0,1,0,0,0,0,0,0,-,-,NA,NA,LOS ANGELES,LOS ANGELES,-118.60029,34.19557002
8032956,2016,2016-05-04,1942,2016-04-24,1920,35433,1643,7,5,7,1942,0,0,0,P,0,9T57,SAN FERNANDO RD,TERRA BELLA ST,560,N,N,A,-,N,NA,NA,NA,NA,NA,NA,NA,NA,NA,Y,4,0,1,2,A,-,09,21804,A,F,D,C,A,A,H,-,A,D,0,NA,NA,NA,NA,Y,NA,-,99,0,0,1,0,0,0,0,0,0,-,-,NA,NA,LOS ANGELES,LOS ANGELES,-118.4170146,34.26127854
8032960,2016,2017-02-18,1942,2016-04-22,2135,36542,1668,5,5,7,1942,0,0,0,P,0,16T23W,LA TUNA CANYON BL,RT 210,20,S,N,A,-,Y,LA,7,210,-,R,13.955,R,4,E,N,4,0,1,2,A,-,07,21658,A,F,B,C,A,A,H,-,C,D,0,NA,NA,NA,NA,Y,NA,-,99,0,0,1,0,0,0,0,0,0,-,-,NA,NA,LOS ANGELES,LOS ANGELES,-118.29496447,34.23470786