CASE_ID,ACCIDENT_YEAR,PROC_DATE,JURIS,COLLISION_DATE,COLLISION_TIME,OFFICER_ID,REPORTING_DISTRICT,DAY_OF_WEEK,CHP_SHIFT,POPULATION,CNTY_CITY_LOC,SPECIAL_COND,BEAT_TYPE,CHP_BEAT_TYPE,CITY_DIVISION_LAPD,CHP_BEAT_CLASS,BEAT_NUMBER,PRIMARY_RD,SECONDARY_RD,DISTANCE,DIRECTION,INTERSECTION,WEATHER_1,WEATHER_2,STATE_HWY_IND,CALTRANS_COUNTY,CALTRANS_DISTRICT,STATE_ROUTE,ROUTE_SUFFIX,POSTMILE_PREFIX,POSTMILE,LOCATION_TYPE,RAMP_INTERSECTION,SIDE_OF_HWY,TOW_AWAY,COLLISION_SEVERITY,NUMBER_KILLED,NUMBER_INJURED,PARTY_COUNT,PRIMARY_COLL_FACTOR,PCF_CODE_OF_VIOL,PCF_VIOL_CATEGORY,PCF_VIOLATION,PCF_VIOL_SUBSECTION,HIT_AND_RUN,TYPE_OF_COLLISION,MVIW,PED_ACTION,ROAD_SURFACE,ROAD_COND_1,ROAD_COND_2,LIGHTING,CONTROL_DEVICE,CHP_ROAD_TYPE,PEDESTRIAN_ACCIDENT,BICYCLE_ACCIDENT,MOTORCYCLE_ACCIDENT,TRUCK_ACCIDENT,NOT_PRIVATE_PROPERTY,ALCOHOL_INVOLVED,STWD_VEHTYPE_AT_FAULT,CHP_VEHTYPE_AT_FAULT,COUNT_SEVERE_INJ,COUNT_VISIBLE_INJ,COUNT_COMPLAINT_PAIN,COUNT_PED_KILLED,COUNT_PED_INJURED,COUNT_BICYCLIST_KILLED,COUNT_BICYCLIST_INJURED,COUNT_MC_KILLED,COUNT_MC_INJURED,PRIMARY_RAMP,SECONDARY_RAMP,LATITUDE,LONGITUDE,COUNTY,CITY,POINT_X,POINT_Y
8033272,2016,2016-08-29,1942,2016-04-17,1625,41535,1437,7,5,7,1942,0,0,0,N,0,14X56,SEPULVEDA BL,PALMS BL,0,NA,Y,A,-,N,NA,NA,NA,NA,NA,NA,NA,NA,NA,Y,4,0,2,3,A,-,03,22350,NA,N,C,C,A,A,H,-,A,A,0,NA,NA,NA,NA,Y,NA,A,07,0,0,2,0,0,0,0,0,0,-,-,NA,NA,LOS ANGELES,LOS ANGELES,-118.42220008,34.01924012
8033276,2016,2017-02-18,1941,2016-04-24,2022,5754,NA,7,5,7,1941,0,0,0,NA,0,NA,PACIFIC COAST HWY,PASADENA AV,165,W,N,A,-,Y,LA,7,1,-,-,6.17,H,-,S,N,3,0,1,2,A,-,05,21650,1,N,D,G,A,A,H,-,C,D,0,NA,Y,NA,NA,Y,NA,L,NA,0,1,0,0,0,0,1,0,0,-,-,NA,NA,LOS ANGELES,LONG BEACH,-118.18775065,33.78980786
8033281,2016,2016-05-06,1965,2016-04-02,1340,3871,0B1M,6,5,5,1965,0,0,0,NA,0,B001,6TH ST,CALIFORNIA AV,0,NA,Y,A,-,N,NA,NA,NA,NA,NA,NA,NA,NA,NA,N,3,0,1,2,A,-,12,22450,A,N,D,G,A,A,H,-,A,A,0,NA,Y,NA,NA,Y,NA,L,04,0,1,0,0,0,0,1,0,0,-,-,NA,NA,LOS ANGELES,SANTA MONICA,-118.49810012,34.02209001
8033283,2016,2016-05-05,1953,2016-04-14,0235,5472,1953,4,5,6,1953,0,0,0,NA,0,005,COLORADO BL,FAIR OAKS AV,0,NA,Y,A,-,N,NA,NA,NA,NA,NA,NA,NA,NA,NA,N,3,0,2,3,A,-,10,21950,A,N,G,B,B,A,H,-,C,A,0,Y,NA,NA,NA,Y,NA,A,01,0,1,1,0,2,0,0,0,0,-,-,NA,NA,LOS ANGELES,PASADENA,-118.15048012,34.14578011
8033285,2016,2016-05-06,1965,2016-04-11,1545,3816,0B3F,1,5,5,1965,0,0,0,NA,0,B003,OLYMPIC BL,17TH ST,0,NA,Y,A,-,N,NA,NA,NA,NA,NA,NA,NA,NA,NA,Y,4,0,1,3,A,-,03,22350,NA,N,C,C,A,A,H,-,A,A,0,NA,NA,NA,NA,Y,NA,A,07,0,0,1,0,0,0,0,0,0,-,-,NA,NA,LOS ANGELES,SANTA MONICA,-118.47781009,34.02206006
8033287,2016,2016-05-05,1953,2016-04-14,2206,2941,1953,4,5,6,1953,0,0,0,NA,0,004,LA TIERRA ST,SAN GABRIEL BL,0,NA,Y,A,-,N,NA,NA,NA,NA,NA,NA,NA,NA,NA,Y,4,0,1,2,A,-,12,21453,A,N,D,C,A,A,H,-,C,A,0,NA,NA,NA,NA,Y,Y,A,01,0,0,1,0,0,0,0,0,0,-,-,NA,NA,LOS ANGELES,PASADENA,-118.09430007,34.1517201
8033289,2016,2016-05-06,1965,2016-04-28,1915,3831,0B3B,4,5,5,1965,0,0,0,NA,0,A003,BROADWAY,LINCOLN BL,180,E,N,A,-,N,NA,NA,NA,NA,NA,NA,NA,NA,NA,N,3,0,1,2,A,-,09,21801,A,N,H,G,A,A,H,-,B,A,0,NA,Y,NA,NA,Y,NA,A,01,0,1,0,0,0,0,1,0,0,-,-,NA,NA,LOS ANGELES,SANTA MONICA,-118.48940887,34.01851758
8033293,2016,2016-05-06,1965,2016-04-16,2229,3820,OB2A,6,5,5,1965,0,0,0,NA,0,B0002,BAY ST,4TH ST,0,NA,Y,A,-,N,NA,NA,NA,NA,NA,NA,NA,NA,NA,N,4,0,1,2,A,-,10,21950,A,N,G,B,B,A,H,-,C,D,0,Y,NA,NA,NA,Y,NA,A,01,0,0,1,0,1,0,0,0,0,-,-,NA,NA,LOS ANGELES,SANTA MONICA,-118.48651004,34.00891005
8033294,2016,2016-05-06,1900,2016-04-11,0805,273432,2914,1,5,4,1974,0,0,0,NA,0,2911C3,PASEO SONRISA,CARREY RD,16,S,N,A,-,N,NA,NA,NA,NA,NA,NA,NA,NA,NA,N,4,0,1,2,A,-,03,22350,NA,N,C,C,A,A,H,-,A,A,0,NA,NA,NA,NA,Y,NA,A,07,0,0,1,0,0,0,0,0,0,-,-,NA,NA,LOS ANGELES,WALNUT,-117.85982997,34.01446396
8033295,2016,2016-05-05,1953,2016-04-16,1415,5033,PASAD,6,5,6,1953,0,0,0,NA,0,003,HILL AV,CORSON ST,0,NA,Y,A,-,N,NA,NA,NA,NA,NA,NA,NA,NA,NA,Y,4,0,3,2,A,-,03,22350,NA,N,B,C,A,A,H,-,A,A,0,NA,NA,NA,NA,Y,NA,A,01,0,0,3,0,0,0,0,0,0,-,-,NA,NA,LOS ANGELES,PASADENA,-118.12138012,34.15177003
8033297,2016,2016-05-06,1965,2016-04-21,2140,3418,0BIG,4,5,5,1965,0,0,0,NA,0,B001,MAIN ST,OLYMPIC DR,0,NA,Y,A,-,N,NA,NA,NA,NA,NA,NA,NA,NA,NA,Y,3,0,1,2,A,-,12,21453,A,N,D,G,A,A,H,-,C,A,0,NA,Y,NA,NA,Y,NA,L,04,0,1,0,0,0,0,1,0,0,-,-,NA,NA,LOS ANGELES,SANTA MONICA,-118.4915201,34.01095011
8033299,2016,2016-05-05,1953,2016-04-15,1727,3310,1953,5,5,6,1953,0,0,0,NA,0,003,WALNUT ST,HARKNESS AV,105,W,N,A,-,N,NA,NA,NA,NA,NA,NA,NA,NA,NA,N,4,0,2,3,A,-,03,22350,NA,N,C,C,A,A,H,-,A,D,0,NA,NA,NA,NA,Y,NA,-,-,0,0,2,0,0,0,0,0,0,-,-,NA,NA,LOS ANGELES,PASADENA,-118.12022626,34.14952538
8033301,2016,2016-05-06,1965,2016-04-28,1034,3688,0B3D,4,5,5,1965,0,0,0,NA,0,003,MICHIGAN AV,11TH ST,0,NA,Y,A,-,N,NA,NA,NA,NA,NA,NA,NA,NA,NA,N,3,0,1,2,A,-,09,21801,A,N,D,G,A,A,H,-,A,A,0,NA,Y,NA,NA,Y,NA,A,01,0,1,0,0,0,0,1,0,0,-,-,NA,NA,LOS ANGELES,SANTA MONICA,-118.48195002,34.01611012
8033306,2016,2016-05-06,1900,2016-04-14,0250,515583,1418,4,5,1,1932,0,0,0,NA,0,141T1,GALE AV,PLAZA DR,397,W,N,A,-,N,NA,NA,NA,NA,NA,NA,NA,NA,NA,Y,3,0,1,1,A,-,01,23152,A,N,E,I,A,A,H,-,C,A,0,NA,NA,NA,NA,Y,NA,A,07,0,1,0,0,0,0,0,0,0,-,-,NA,NA,LOS ANGELES,INDUSTRY,-117.907738,33.99489
8033307,2016,2016-05-05,1941,2016-04-24,1642,10770,NA,7,5,7,1941,0,0,0,NA,0,NA,ATLANTIC AV,52ND ST,0,NA,Y,A,-,N,NA,NA,NA,NA,NA,NA,NA,NA,NA,N,4,0,1,2,A,-,10,21950,A,N,G,B,B,A,H,-,A,A,0,Y,NA,NA,NA,Y,NA,A,NA,0,0,1,0,1,0,0,0,0,-,-,NA,NA,LOS ANGELES,LONG BEACH,-118.1849701,33.8504901
8033310,2016,2016-05-06,1900,2016-04-17,1415,196195,1417,7,5,1,1932,0,0,0,NA,0,141T5,TEMPLE AV,AZUSA AV,350,W,N,A,-,N,NA,NA,NA,NA,NA,NA,NA,NA,NA,Y,3,0,3,2,A,-,03,22350,NA,N,C,C,A,A,H,-,A,A,0,NA,NA,NA,NA,Y,NA,A,01,0,2,1,0,0,0,0,0,0,-,-,34.02473,-117.91911,LOS ANGELES,INDUSTRY,-117.91884383,34.02479674
8033311,2016,2016-05-05,1941,2016-04-23,2258,10558,NA,6,5,7,1941,0,0,0,NA,0,NA,LAKEWOOD BL,WILLOW ST,0,NA,Y,A,-,N,NA,NA,NA,NA,NA,NA,NA,NA,NA,N,4,0,1,2,A,-,08,22107,NA,N,C,C,A,A,H,-,C,A,0,NA,NA,Y,NA,Y,NA,C,NA,0,0,1,0,0,0,0,0,1,-,-,NA,NA,LOS ANGELES,LONG BEACH,-118.14279,33.80341007
8033313,2016,2016-05-06,1965,2016-04-13,1530,3158,0B3F,3,5,5,1965,0,0,0,NA,0,1530,COLORADO AV,HARVARD ST,90,W,N,A,-,N,NA,NA,NA,NA,NA,NA,NA,NA,NA,Y,4,0,1,2,A,-,03,22350,NA,N,C,C,A,A,H,-,A,A,0,NA,NA,NA,NA,Y,NA,A,01,0,0,1,0,0,0,0,0,0,-,-,NA,NA,LOS ANGELES,SANTA MONICA,-118.4696803,34.03187596
8033315,2016,2016-05-05,1941,2016-04-25,2355,10544,NA,1,5,7,1941,0,0,0,NA,0,NA,E ANAHEIM ST,LONG BEACH BL,0,NA,Y,A,-,N,NA,NA,NA,NA,NA,NA,NA,NA,NA,N,4,0,1,2,A,-,04,21703,NA,N,C,C,A,A,H,-,C,A,0,NA,NA,NA,NA,Y,NA,-,NA,0,0,1,0,0,0,0,0,0,-,-,NA,NA,LOS ANGELES,LONG BEACH,-118.18949011,33.78261004
8033317,2016,2016-05-06,1965,2016-04-14,1240,3144,0B1F,4,5,5,1965,0,0,0,NA,0,B001,MAIN ST,STRAND ST,19,S,N,A,-,N,NA,NA,NA,NA,NA,NA,NA,NA,NA,N,4,0,1,2,A,-,08,22107,NA,N,B,C,A,A,H,-,A,A,0,NA,NA,Y,NA,Y,NA,A,01,0,0,1,0,0,0,0,0,1,-,-,NA,NA,LOS ANGELES,SANTA MONICA,-118.48659057,34.00483953
8033319,2016,2016-05-05,1941,2016-04-24,1046,10068,NA,7,5,7,1941,0,0,0,NA,0,NA,CHERRY AV,8TH ST,0,NA,Y,B,-,N,NA,NA,NA,NA,NA,NA,NA,NA,NA,Y,4,0,1,2,A,-,09,21802,A,N,D,C,A,A,H,-,A,D,0,NA,NA,NA,NA,Y,NA,A,NA,0,0,1,0,0,0,0,0,0,-,-,NA,NA,LOS ANGELES,LONG BEACH,-118.16766,33.7772
8033321,2016,2016-05-06,1965,2016-04-14,1400,3866,0B1F,4,5,5,1965,0,0,0,NA,0,B001,MAIN ST,PIER AV,63,S,N,A,-,N,NA,NA,NA,NA,NA,NA,NA,NA,NA,Y,4,0,1,3,A,-,04,21703,NA,N,C,C,A,A,H,-,A,D,0,NA,NA,NA,NA,Y,NA,A,01,0,0,1,0,0,0,0,0,0,-,-,NA,NA,LOS ANGELES,SANTA MONICA,-118.47997721,33.99839721
8033322,2016,2016-05-06,1900,2016-04-11,1425,451502,1419,1,5,1,1932,0,0,0,NA,0,141TLP,7TH AV,DON JULIAN RD,582,S,N,A,-,N,NA,NA,NA,NA,NA,NA,NA,NA,NA,N,4,0,2,2,A,-,03,22350,NA,N,C,C,A,A,H,-,A,A,0,NA,NA,NA,NA,Y,NA,A,01,0,0,2,0,0,0,0,0,0,-,-,34.02785,-117.98155,LOS ANGELES,INDUSTRY,-117.98173823,34.0278482
8033323,2016,2016-05-05,1941,2016-04-19,1508,6162,NA,2,5,7,1941,0,0,0,NA,0,NA,PARAMOUNT BL,RT 91,35,N,N,A,-,N,NA,NA,NA,NA,NA,NA,NA,NA,NA,N,3,0,1,2,-,-,-,NA,NA,N,D,G,A,A,H,-,A,A,0,NA,Y,NA,NA,Y,NA,-,-,0,1,0,0,0,0,1,0,0,-,-,NA,NA,LOS ANGELES,LONG BEACH,-118.15999,33.87631598
8033325,2016,2016-05-06,1965,2016-04-01,2102,3754,0BIG,5,5,5,1965,0,0,0,NA,0,001,4TH ST,CIVIC CENTER DR,0,NA,Y,A,-,N,NA,NA,NA,NA,NA,NA,NA,NA,NA,N,3,0,1,2,A,-,03,22350,NA,N,C,C,A,A,H,-,C,A,0,NA,NA,Y,NA,Y,NA,C,02,0,1,0,0,0,0,0,0,1,-,-,NA,NA,LOS ANGELES,SANTA MONICA,-118.48900012,34.01118004
8033327,2016,2016-05-16,1941,2016-04-23,1847,10661,NA,6,5,7,1941,0,0,0,NA,0,NA,ATLANTIC AV,45TH WY,0,NA,Y,A,-,N,NA,NA,NA,NA,NA,NA,NA,NA,NA,N,4,0,1,2,D,-,00,NA,NA,N,D,G,A,A,H,-,A,D,0,NA,Y,NA,NA,Y,Y,-,-,0,0,1,0,0,0,1,0,0,-,-,NA,NA,LOS ANGELES,LONG BEACH,-118.18491002,33.84173003
8033330,2016,2016-05-06,1900,2016-04-06,1755,532059,1453,3,5,2,1999,0,0,0,NA,0,145K1,HACIENDA RD,AVOCADO CREST RD,100,N,N,A,-,N,NA,NA,NA,NA,NA,NA,NA,NA,NA,Y,4,0,1,4,A,-,03,22350,NA,N,C,C,A,A,H,-,A,D,0,NA,NA,NA,NA,Y,NA,A,07,0,0,1,0,0,0,0,0,0,-,-,33.95039,-117.96185,LOS ANGELES,LA HABRA HEIGHTS,-117.96214917,33.94996365
8033331,2016,2016-05-05,1900,2016-04-18,1348,442400,2924,1,5,5,1990,0,0,0,NA,0,292K2,DIAMOND BAR BL,MONTEFINO AV,0,NA,Y,A,-,N,NA,NA,NA,NA,NA,NA,NA,NA,NA,Y,4,0,1,3,A,-,04,21703,NA,N,C,C,A,A,H,-,A,A,0,NA,NA,NA,NA,Y,NA,-,NA,0,0,1,0,0,0,0,0,0,-,-,NA,NA,LOS ANGELES,DIAMOND BAR,-117.81290001,33.99806007
8033334,2016,2016-05-06,1900,2016-04-14,1630,475113,1413,4,5,1,1932,0,0,0,NA,0,141T6,CLARK AV,9TH AV,0,NA,Y,A,-,N,NA,NA,NA,NA,NA,NA,NA,NA,NA,N,4,0,1,2,A,-,09,21802,A,N,A,C,A,A,H,-,A,D,0,NA,NA,NA,NA,Y,NA,A,01,0,0,1,0,0,0,0,0,0,-,-,34.02037,-117.97796,LOS ANGELES,INDUSTRY,-117.97789001,34.02004001
8033335,2016,2016-05-05,1941,2016-04-13,0824,6017,901T,3,5,7,1941,0,0,0,NA,0,NA,LONG BEACH BL,WARDLOW RD,0,S,N,A,-,N,NA,NA,NA,NA,NA,NA,NA,NA,NA,N,4,0,1,2,A,-,03,22350,NA,N,C,C,A,A,H,-,A,D,0,NA,NA,NA,NA,Y,NA,-,NA,0,0,1,0,0,0,0,0,0,-,-,NA,NA,LOS ANGELES,LONG BEACH,-118.18934002,33.81894005
8033342,2016,2016-05-19,1900,2016-04-02,1127,529381,1430,6,5,4,1937,0,0,0,NA,0,143T1,UNRUH AV,TEMPLE AV,0,NA,Y,A,-,N,NA,NA,NA,NA,NA,NA,NA,NA,NA,N,4,0,4,2,A,-,17,21451,A,N,D,C,A,A,H,-,A,A,0,NA,NA,NA,NA,Y,NA,-,-,0,0,4,0,0,0,0,0,0,-,-,NA,NA,LOS ANGELES,LA PUENTE,-117.95859003,34.03370012
8033343,2016,2016-05-09,1942,2016-04-10,1340,41054,2029,7,5,7,1942,0,0,0,NA,0,14TL49,WILSHIRE BL,SHATTO PL,80,E,N,A,-,N,NA,NA,NA,NA,NA,NA,NA,NA,NA,N,4,0,1,2,A,-,03,22350,NA,F,C,C,A,A,H,-,A,D,0,NA,NA,NA,NA,Y,NA,-,99,0,0,1,0,0,0,0,0,0,-,-,NA,NA,LOS ANGELES,LOS ANGELES,-118.29000651,34.06182693
8033346,2016,2016-05-06,1965,2016-04-26,0812,3693,0B2A,2,5,5,1965,0,0,0,NA,0,B002,4TH ST,MARINE ST,0,NA,Y,A,-,N,NA,NA,NA,NA,NA,NA,NA,NA,NA,N,4,0,1,2,A,-,05,21202,A,N,D,G,A,A,H,-,A,D,0,NA,Y,NA,NA,Y,NA,L,04,0,0,1,0,0,0,1,0,0,-,-,NA,NA,LOS ANGELES,SANTA MONICA,-118.47725,33.99972003
8033347,2016,2016-05-09,1942,2016-04-11,1925,40033,0881,1,5,7,1942,0,0,0,H,0,8A36,BARRENGTON  AV,OLYMPIC BL,200,N,N,A,-,N,NA,NA,NA,NA,NA,NA,NA,NA,NA,N,4,0,1,2,A,-,04,21703,NA,F,C,C,A,A,H,-,C,C,0,NA,NA,NA,NA,Y,NA,-,99,0,0,1,0,0,0,0,0,0,-,-,NA,NA,LOS ANGELES,LOS ANGELES,-118.44823036,34.03467797
8033350,2016,2016-05-06,1965,2016-04-18,0812,3693,0B3D,1,5,5,1965,0,0,0,NA,0,B003,EUCLID ST,MICHIGAN AV,333,S,N,A,-,N,NA,NA,NA,NA,NA,NA,NA,NA,NA,N,3,0,1,2,A,-,09,21801,A,N,D,C,A,A,H,-,A,D,0,NA,NA,Y,NA,Y,NA,A,07,0,1,0,0,0,0,0,0,1,-,-,NA,NA,LOS ANGELES,SANTA MONICA,-118.47932336,34.01700081
8033351,2016,2016-05-05,1900,2016-04-11,0800,281409,2915,1,5,4,1974,0,0,0,NA,0,291K2D,LA PUENTE RD,GARTEL AV,0,NA,Y,B,-,N,NA,NA,NA,NA,NA,NA,NA,NA,NA,Y,4,0,1,2,A,-,12,21453,A,N,D,C,A,A,H,-,A,A,0,NA,NA,NA,NA,Y,NA,-,-,0,0,1,0,0,0,0,0,0,-,-,NA,NA,LOS ANGELES,WALNUT,-117.84557012,34.02524008
8033354,2016,2016-05-06,1965,2016-04-17,1432,3696,NA,7,5,5,1965,0,0,0,NA,0,NA,LINCOLN BL,OLYMPIC BL,202,N,N,A,-,N,NA,NA,NA,NA,NA,NA,NA,NA,NA,N,4,0,1,2,A,-,07,21658,A,N,-,C,A,A,H,-,A,D,0,NA,NA,NA,NA,Y,NA,A,01,0,0,1,0,0,0,0,0,0,-,-,NA,NA,LOS ANGELES,SANTA MONICA,-118.48679764,34.01560579
8033355,2016,2016-05-05,1900,2016-04-16,2220,467296,29,6,5,5,1990,0,0,0,NA,0,AMS,TEMPLE AV,DIAMOND BAR BL,0,NA,Y,A,-,N,NA,NA,NA,NA,NA,NA,NA,NA,NA,Y,3,0,3,2,A,-,08,22100,B,N,-,C,A,A,H,-,C,B,0,NA,NA,NA,NA,Y,NA,-,-,0,1,2,0,0,0,0,0,0,-,-,NA,NA,LOS ANGELES,DIAMOND BAR,-117.79818,34.04045006
8033358,2016,2016-05-06,1965,2016-04-18,1153,3693,0B4D,1,5,5,1965,0,0,0,NA,0,B004,LINCOLN BL,WASHINGTON AV,169,NA,N,A,-,N,NA,NA,NA,NA,NA,NA,NA,NA,NA,Y,3,0,1,5,A,-,08,22107,NA,N,B,E,A,A,H,-,A,D,0,NA,NA,NA,NA,Y,NA,A,01,0,1,0,0,0,0,0,0,0,-,-,NA,NA,LOS ANGELES,SANTA MONICA,-118.49776004,34.02495003
8033359,2016,2016-05-11,1900,2016-04-13,1630,507777,2924,3,5,5,1990,0,0,0,NA,0,292K5,GOLDEN SPRINGS DR,GATEWAY CENTER DR,0,NA,Y,A,-,N,NA,NA,NA,NA,NA,NA,NA,NA,NA,Y,4,0,1,2,A,-,08,22107,NA,N,B,C,A,A,H,-,A,A,0,NA,NA,NA,NA,Y,NA,-,-,0,0,1,0,0,0,0,0,0,-,-,NA,NA,LOS ANGELES,DIAMOND BAR,-117.83252002,34.00192009
8033361,2016,2016-05-06,1942,2016-04-08,1455,37852,1341,5,5,7,1942,0,0,0,M,0,13A41,BROADWAY,42ND PL,0,NA,Y,C,-,N,NA,NA,NA,NA,NA,NA,NA,NA,NA,N,4,0,1,2,A,-,04,21703,NA,N,C,C,A,B,H,-,B,D,0,NA,NA,NA,NA,Y,NA,-,99,0,0,1,0,0,0,0,0,0,-,-,NA,NA,LOS ANGELES,LOS ANGELES,-118.27839013,34.00651001
8033362,2016,2016-05-06,1942,2016-04-08,0845,42270,379,5,5,7,1942,0,0,0,NA,0,3A41,EXPOSITION BL,VERMONT AV,0,NA,Y,C,-,N,NA,NA,NA,NA,NA,NA,NA,NA,NA,Y,4,0,1,1,A,-,03,22350,NA,N,B,I,A,B,H,-,A,A,0,NA,NA,NA,NA,Y,NA,A,01,0,0,1,0,0,0,0,0,0,-,-,NA,NA,LOS ANGELES,LOS ANGELES,-118.29153003,34.01835005
8033364,2016,2016-05-09,1942,2016-04-14,1750,38991,1456,4,5,7,1942,0,0,0,N,0,14A1,INGLEWOOD BL,AVON WY,40,N,N,A,-,N,NA,NA,NA,NA,NA,NA,NA,NA,NA,N,3,0,1,2,A,-,11,21954,A,N,G,B,D,A,H,-,A,-,0,Y,NA,NA,NA,Y,NA,N,60,0,1,0,0,1,0,0,0,0,-,-,NA,NA,LOS ANGELES,LOS ANGELES,-118.41907186,33.99566957
8033365,2016,2016-05-06,1942,2016-04-09,1225,41330,1353,6,5,7,1942,0,0,0,M,0,13A43,MCKINLEY AV,VERNON AV,50,S,N,C,-,N,NA,NA,NA,NA,NA,NA,NA,NA,NA,Y,4,0,1,2,A,-,05,21650,NA,F,B,C,A,B,H,-,A,A,0,NA,NA,NA,NA,Y,NA,A,01,0,0,1,0,0,0,0,0,0,-,-,NA,NA,LOS ANGELES,LOS ANGELES,-118.26089797,34.00376289
8033366,2016,2016-05-06,1942,2016-04-07,0850,40545,0312,4,5,7,1942,0,0,0,C,0,3A1,ORANGE DR,ADAMS BL,80,S,N,A,-,N,NA,NA,NA,NA,NA,NA,NA,NA,NA,N,4,0,1,2,A,-,11,21953,NA,N,G,B,D,A,H,-,A,D,0,Y,NA,NA,NA,Y,NA,N,60,0,0,1,0,1,0,0,0,0,-,-,NA,NA,LOS ANGELES,LOS ANGELES,-118.35341003,34.03229074
8033368,2016,2016-05-09,1942,2016-04-18,0005,39624,1425,1,5,7,1942,0,0,0,N,0,6T7W3,NATIONAL BL,STONER AV,56,W,N,A,-,N,NA,NA,NA,NA,NA,NA,NA,NA,NA,Y,3,0,1,5,A,-,01,23152,A,N,F,E,A,A,H,-,C,D,0,NA,NA,Y,NA,Y,Y,C,06,0,1,0,0,0,0,0,0,1,-,-,NA,NA,LOS ANGELES,LOS ANGELES,-118.43968925,34.02217247
8033369,2016,2016-05-06,1942,2016-04-22,0055,40008,0195,5,5,7,1942,0,0,0,A,0,13T55,16TH ST E,S LOS ANGELES ST,125,E,N,A,-,N,NA,NA,NA,NA,NA,NA,NA,NA,NA,N,4,0,1,2,A,-,09,21804,A,F,B,C,A,A,H,-,C,D,0,NA,NA,NA,NA,Y,NA,-,99,0,0,1,0,0,0,0,0,0,-,-,NA,NA,LOS ANGELES,LOS ANGELES,-118.26120702,34.03285038
8033370,2016,2016-05-06,1942,2016-04-16,1500,40869,393,6,5,7,1942,0,0,0,NA,0,18TL39,CRENSHAW BL,43RD PL,120,N,N,A,-,N,NA,NA,NA,NA,NA,NA,NA,NA,NA,N,4,0,2,2,A,-,03,22350,NA,N,C,C,A,A,H,-,A,D,0,NA,NA,NA,NA,Y,NA,A,01,0,0,2,0,0,0,0,0,0,-,-,NA,NA,LOS ANGELES,LOS ANGELES,-118.33278329,34.00431077
8033373,2016,2016-09-26,1942,2016-04-26,1520,38357,1345,2,5,7,1942,0,0,0,M,0,13T22,BROADWAY PL,MARTIN LUTHER KING BL,30,N,N,A,-,N,NA,NA,NA,NA,NA,NA,NA,NA,NA,N,4,0,2,2,A,-,03,22350,NA,F,C,C,A,A,H,-,A,D,0,NA,NA,NA,NA,Y,NA,A,01,0,0,2,0,0,0,0,0,0,-,-,NA,NA,LOS ANGELES,LOS ANGELES,-118.27736337,34.01120253
8033374,2016,2016-05-06,1942,2016-04-13,2000,38328,0357,3,5,7,1942,0,0,0,C,0,NA,NORMANDIE,JEFFERSON,0,NA,Y,A,-,N,NA,NA,NA,NA,NA,NA,NA,NA,NA,Y,3,0,1,2,A,-,03,22350,NA,N,D,C,A,A,H,-,C,A,0,NA,NA,Y,NA,Y,NA,C,02,0,1,0,0,0,0,0,0,1,-,-,NA,NA,LOS ANGELES,LOS ANGELES,-118.30023005,34.02551
8033377,2016,2016-05-06,1942,2016-04-21,0745,38050,0182,4,5,7,1942,0,0,0,A,0,1TL11,LEBANON ST,CAMERON LN,80,S,N,A,-,N,NA,NA,NA,NA,NA,NA,NA,NA,NA,N,3,0,1,3,A,-,05,21650,NA,F,G,B,E,A,H,-,A,D,0,Y,NA,NA,NA,Y,NA,-,99,0,1,0,0,1,0,0,0,0,-,-,NA,NA,LOS ANGELES,LOS ANGELES,-118.26787338,34.03964613
8033378,2016,2016-05-06,1942,2016-04-09,1455,41417,0359,6,5,7,1942,0,0,0,C,0,3A62,MARTIN LUTHER KING JR,FIGUEROA ST,150,E,N,B,C,N,NA,NA,NA,NA,NA,NA,NA,NA,NA,N,4,0,1,2,A,-,08,22107,NA,N,B,C,A,B,H,-,A,D,0,NA,NA,NA,NA,Y,Y,A,01,0,0,1,0,0,0,0,0,0,-,-,NA,NA,LOS ANGELES,LOS ANGELES,-118.28224627,34.01111666
8033381,2016,2018-09-27,1942,2016-04-19,0410,38826,1313,2,5,7,1942,0,0,0,M,0,13A75,WASHINGTON BL,W ESSEX ST,84,W,N,A,-,N,NA,NA,NA,NA,NA,NA,NA,NA,NA,Y,1,1,0,1,A,-,03,22350,NA,N,A,I,A,A,H,-,C,D,0,NA,NA,NA,NA,Y,Y,A,01,0,0,0,0,0,0,0,0,0,-,-,NA,NA,LOS ANGELES,LOS ANGELES,-118.25168217,34.0251114
8033382,2016,2016-05-06,1942,2016-04-08,0120,41838,0341,5,5,7,1942,0,0,0,C,0,3A63,RODEO DR,LENAWEE AV,0,NA,Y,B,-,N,NA,NA,NA,NA,NA,NA,NA,NA,NA,N,4,0,1,1,A,-,03,22350,NA,N,E,I,A,B,H,-,C,D,0,NA,NA,NA,NA,Y,NA,A,01,0,0,1,0,0,0,0,0,0,-,-,NA,NA,LOS ANGELES,LOS ANGELES,-118.37573011,34.02187009
8033385,2016,2016-05-06,1942,2016-04-24,1835,40325,347,7,5,7,1942,0,0,0,NA,0,1T11,41ST ST,LONG BEACH BL,0,NA,Y,A,-,N,NA,NA,NA,NA,NA,NA,NA,NA,NA,Y,3,0,1,2,A,-,12,21453,A,F,D,C,A,A,H,-,A,A,0,NA,NA,NA,NA,Y,NA,-,-,0,1,0,0,0,0,0,0,0,-,-,NA,NA,LOS ANGELES,LOS ANGELES,-118.24323002,34.00809011