CASE_ID,ACCIDENT_YEAR,PROC_DATE,JURIS,COLLISION_DATE,COLLISION_TIME,OFFICER_ID,REPORTING_DISTRICT,DAY_OF_WEEK,CHP_SHIFT,POPULATION,CNTY_CITY_LOC,SPECIAL_COND,BEAT_TYPE,CHP_BEAT_TYPE,CITY_DIVISION_LAPD,CHP_BEAT_CLASS,BEAT_NUMBER,PRIMARY_RD,SECONDARY_RD,DISTANCE,DIRECTION,INTERSECTION,WEATHER_1,WEATHER_2,STATE_HWY_IND,CALTRANS_COUNTY,CALTRANS_DISTRICT,STATE_ROUTE,ROUTE_SUFFIX,POSTMILE_PREFIX,POSTMILE,LOCATION_TYPE,RAMP_INTERSECTION,SIDE_OF_HWY,TOW_AWAY,COLLISION_SEVERITY,NUMBER_KILLED,NUMBER_INJURED,PARTY_COUNT,PRIMARY_COLL_FACTOR,PCF_CODE_OF_VIOL,PCF_VIOL_CATEGORY,PCF_VIOLATION,PCF_VIOL_SUBSECTION,HIT_AND_RUN,TYPE_OF_COLLISION,MVIW,PED_ACTION,ROAD_SURFACE,ROAD_COND_1,ROAD_COND_2,LIGHTING,CONTROL_DEVICE,CHP_ROAD_TYPE,PEDESTRIAN_ACCIDENT,BICYCLE_ACCIDENT,MOTORCYCLE_ACCIDENT,TRUCK_ACCIDENT,NOT_PRIVATE_PROPERTY,ALCOHOL_INVOLVED,STWD_VEHTYPE_AT_FAULT,CHP_VEHTYPE_AT_FAULT,COUNT_SEVERE_INJ,COUNT_VISIBLE_INJ,COUNT_COMPLAINT_PAIN,COUNT_PED_KILLED,COUNT_PED_INJURED,COUNT_BICYCLIST_KILLED,COUNT_BICYCLIST_INJURED,COUNT_MC_KILLED,COUNT_MC_INJURED,PRIMARY_RAMP,SECONDARY_RAMP,LATITUDE,LONGITUDE,COUNTY,CITY,POINT_X,POINT_Y
8033386,2016,2016-05-06,1942,2016-04-13,0010,40458,0357,3,5,7,1942,0,0,0,C,0,3063,NORMANDIE,36TH PL,0,NA,Y,A,-,N,NA,NA,NA,NA,NA,NA,NA,NA,NA,N,3,0,1,2,A,-,09,21801,A,N,B,G,A,A,-,-,C,A,0,NA,Y,NA,NA,Y,NA,A,01,0,1,0,0,0,0,1,0,0,-,-,NA,NA,LOS ANGELES,LOS ANGELES,-118.30020002,34.02189008
8033389,2016,2016-05-06,1942,2016-04-09,0215,42272,1309,6,5,7,1942,0,0,0,M,0,13A9,S ALAMEDA ST,OLYMPIC BL,0,NA,Y,B,C,N,NA,NA,NA,NA,NA,NA,NA,NA,NA,N,4,0,1,2,A,-,08,22100,NA,F,A,C,A,A,H,-,C,A,0,NA,NA,NA,NA,Y,NA,-,99,0,0,1,0,0,0,0,0,0,-,-,NA,NA,LOS ANGELES,LOS ANGELES,-118.23909011,34.0276501
8033390,2016,2016-05-06,1942,2016-04-12,1700,40675,0354,2,5,7,1942,0,0,0,C,0,3Z5,RODEO RD,4TH AV,0,NA,Y,A,-,N,NA,NA,NA,NA,NA,NA,NA,NA,NA,Y,4,0,1,2,A,-,09,21802,A,N,H,C,A,A,H,-,A,A,0,NA,NA,NA,NA,Y,NA,A,01,0,0,1,0,0,0,0,0,0,-,-,NA,NA,LOS ANGELES,LOS ANGELES,-118.32133009,34.01826002
8033392,2016,2016-05-06,1942,2016-04-15,1900,25495,2069,5,5,7,1942,0,0,0,NA,0,7T23,OLYMPIC BL,MENLO AV,10,W,N,A,-,N,NA,NA,NA,NA,NA,NA,NA,NA,NA,N,4,0,1,2,D,-,00,NA,NA,N,H,G,A,A,H,-,A,D,0,NA,Y,NA,NA,Y,NA,-,-,0,0,1,0,0,0,1,0,0,-,-,NA,NA,LOS ANGELES,LOS ANGELES,-118.29075282,34.05241243
8033393,2016,2016-05-06,1942,2016-04-27,1450,34458,0192,3,5,7,1942,0,0,0,A,0,2T28,VENICE BL,GRAND AV,10,E,N,A,-,N,NA,NA,NA,NA,NA,NA,NA,NA,NA,N,3,0,1,2,A,-,10,21950,NA,F,G,B,B,A,H,-,A,A,0,Y,NA,NA,NA,Y,NA,-,99,0,1,0,0,1,0,0,0,0,-,-,NA,NA,LOS ANGELES,LOS ANGELES,-118.26630258,34.0357148
8033394,2016,2016-05-06,1942,2016-04-10,1320,41993,378,7,5,7,1942,0,0,0,NA,0,0W2,MARTIN LUTHER KING BL,MENLO AV,6,E,N,A,-,N,NA,NA,NA,NA,NA,NA,NA,NA,NA,Y,4,0,1,2,A,-,03,22350,NA,N,C,C,A,A,H,-,A,A,0,NA,NA,NA,NA,Y,NA,A,01,0,0,1,0,0,0,0,0,0,-,-,NA,NA,LOS ANGELES,LOS ANGELES,-118.29010032,34.01093151
8033396,2016,2016-05-06,1942,2016-04-18,2140,39624,2022,1,5,7,1942,0,0,0,NA,0,6T7,WILTON PL,5TH ST,65,S,N,A,-,N,NA,NA,NA,NA,NA,NA,NA,NA,NA,N,3,0,1,2,A,-,03,22350,A,N,C,E,A,A,H,-,C,D,0,NA,NA,NA,NA,Y,Y,A,01,0,1,0,0,0,0,0,0,0,-,-,NA,NA,LOS ANGELES,LOS ANGELES,-118.31406,34.06514173
8033397,2016,2016-05-09,1942,2016-04-23,1800,40895,1383,6,5,7,1942,0,0,0,M,0,13A93,61ST,SAN PEDRO,200,E,N,A,-,N,NA,NA,NA,NA,NA,NA,NA,NA,NA,N,4,0,1,2,A,-,03,22350,NA,F,G,B,E,A,H,-,A,D,0,Y,NA,NA,NA,Y,NA,A,01,0,0,1,0,1,0,0,0,0,-,-,NA,NA,LOS ANGELES,LOS ANGELES,-118.26892158,33.98425386
8033398,2016,2016-05-06,1942,2016-04-16,1750,39617,0326,6,5,7,1942,0,0,0,C,0,3A1,ADAMS BL,RAYMOND AV,5,N,N,A,-,N,NA,NA,NA,NA,NA,NA,NA,NA,NA,N,4,0,1,2,A,-,12,22450,A,F,B,G,A,A,H,-,A,D,0,NA,Y,NA,NA,Y,NA,-,99,0,0,1,0,0,0,1,0,0,-,-,NA,NA,LOS ANGELES,LOS ANGELES,-118.29805,34.03275
8033400,2016,2016-05-06,1942,2016-04-16,1500,38380,2058,6,5,7,1942,0,0,0,NA,0,7TL72,HOOVER ST,CARONDELET ST,67,N,N,A,-,N,NA,NA,NA,NA,NA,NA,NA,NA,NA,N,3,0,1,2,A,-,21,22106,NA,N,B,C,A,A,H,-,A,A,0,NA,NA,Y,NA,Y,NA,A,01,0,1,0,0,0,0,0,0,1,-,-,NA,NA,LOS ANGELES,LOS ANGELES,-118.28422465,34.05393371
8033401,2016,2017-04-01,1942,2016-04-01,1630,41003,1942,5,5,7,1942,0,0,0,NA,0,1352,SAN PEDRO,VERNON AV,500,S,N,A,-,N,NA,NA,NA,NA,NA,NA,NA,NA,NA,N,4,0,1,2,A,-,00,20015,NA,F,B,C,A,A,H,-,A,D,0,NA,NA,NA,NA,Y,NA,-,-,0,0,1,0,0,0,0,0,0,-,-,NA,NA,LOS ANGELES,LOS ANGELES,-118.27341691,34.00263039
8033402,2016,2016-05-06,1942,2016-04-05,0555,41495,LAPD,2,5,7,1942,0,0,0,NA,0,0355,36TH PL,WESTERN,3,E,N,A,-,N,NA,NA,NA,NA,NA,NA,NA,NA,NA,N,4,0,1,2,A,-,10,21950,A,F,G,B,B,A,H,-,A,A,0,Y,NA,NA,NA,Y,NA,-,99,0,0,1,0,1,0,0,0,0,-,-,NA,NA,LOS ANGELES,LOS ANGELES,-118.30890012,34.02188002
8033404,2016,2016-05-06,1942,2016-04-16,1920,37511,2015,6,5,7,1942,0,0,0,NA,0,7T23,BEVERLY BL,BERENDO ST,0,NA,Y,A,-,N,NA,NA,NA,NA,NA,NA,NA,NA,NA,Y,4,0,1,2,A,-,09,21801,A,N,D,C,A,A,H,-,B,D,0,NA,NA,NA,NA,Y,NA,A,01,0,0,1,0,0,0,0,0,0,-,-,NA,NA,LOS ANGELES,LOS ANGELES,-118.29443002,34.07631003
8033405,2016,2016-05-06,1942,2016-04-20,0820,39010,1395,3,5,7,1942,0,0,0,M,0,11TL21,MCKINLEY AV,FLORENCE AV,0,NA,Y,A,-,N,NA,NA,NA,NA,NA,NA,NA,NA,NA,Y,4,0,1,2,A,-,09,21802,A,F,D,C,A,A,H,-,A,A,0,NA,NA,NA,NA,Y,NA,-,99,0,0,1,0,0,0,0,0,0,-,-,NA,NA,LOS ANGELES,LOS ANGELES,-118.26141011,33.97474012
8033406,2016,2016-05-06,1942,2016-04-07,2020,40762,0341,4,5,7,1942,0,0,0,C,0,3A73,JEFFERSON BL,RODEO RD,0,NA,Y,B,-,N,NA,NA,NA,NA,NA,NA,NA,NA,NA,N,3,0,1,2,A,-,09,21801,A,N,H,J,A,B,H,-,C,A,0,NA,NA,Y,NA,Y,NA,A,01,0,1,0,0,0,0,0,0,1,-,-,NA,NA,LOS ANGELES,LOS ANGELES,-118.37715012,34.02193003
8033408,2016,2016-05-06,1942,2016-04-18,2040,36602,2074,1,5,7,1942,0,0,0,NA,0,20T59,HARVARD BL,WASHINGTON BL,535,N,N,A,-,N,NA,NA,NA,NA,NA,NA,NA,NA,NA,N,3,0,1,2,A,-,03,22350,NA,N,E,I,A,A,H,-,C,D,0,NA,NA,Y,NA,Y,NA,C,03,0,1,0,0,0,0,0,0,1,-,-,NA,NA,LOS ANGELES,LOS ANGELES,-118.30432256,34.04143725
8033409,2016,2017-04-01,1942,2016-04-17,2050,40643,1385,7,5,7,1942,0,0,0,M,0,4TL43,SAN PEDRO ST,GAGE AV,35,N,N,A,-,N,NA,NA,NA,NA,NA,NA,NA,NA,NA,N,4,0,2,2,A,-,03,22350,A,F,C,C,A,A,H,-,C,A,0,NA,NA,NA,NA,Y,NA,-,99,0,0,2,0,0,0,0,0,0,-,-,NA,NA,LOS ANGELES,LOS ANGELES,-118.26958,33.98253599
8033410,2016,2016-05-06,1942,2016-04-16,1020,42084,353,6,5,7,1942,0,0,0,NA,0,3A31,HILLCREST DR,HILLCREST DR 3522,25,E,N,A,-,N,NA,NA,NA,NA,NA,NA,NA,NA,NA,N,4,0,1,2,B,-,22,NA,NA,N,G,-,F,A,H,-,A,D,0,Y,NA,NA,NA,Y,NA,A,01,0,0,1,0,1,0,0,0,0,-,-,NA,NA,LOS ANGELES,LOS ANGELES,NA,NA
8033412,2016,2016-05-09,1942,2016-04-18,1245,34959,2029,1,5,7,1942,0,0,0,NA,0,20TL55,5TH ST,VIRGIL AV,0,NA,Y,A,-,N,NA,NA,NA,NA,NA,NA,NA,NA,NA,Y,3,0,5,4,A,-,09,21802,A,N,D,C,A,A,H,-,A,A,0,NA,NA,NA,NA,Y,NA,A,01,0,1,4,0,0,0,0,0,0,-,-,NA,NA,LOS ANGELES,LOS ANGELES,-118.28706002,34.06518008
8033413,2016,2016-05-06,1942,2016-04-25,1850,38357,0438,1,5,7,1942,0,0,0,D,0,1ET22,DRUID ST,CYRIL AV,13,W,N,A,-,N,NA,NA,NA,NA,NA,NA,NA,NA,NA,Y,2,0,1,1,A,-,17,2800,1,N,A,I,A,A,H,-,A,D,0,NA,NA,NA,NA,Y,NA,A,01,1,0,0,0,0,0,0,0,0,-,-,NA,NA,LOS ANGELES,LOS ANGELES,-118.18315376,34.06966194
8033414,2016,2016-05-06,1942,2016-04-15,1640,41150,0397,5,5,7,1942,0,0,0,C,0,NA,42ND ST,WALTON AV,0,NA,Y,A,-,N,NA,NA,NA,NA,NA,NA,NA,NA,NA,N,4,0,1,2,A,-,09,21801,A,N,D,D,A,A,H,-,A,D,0,NA,NA,Y,NA,Y,NA,A,01,0,0,1,0,0,0,0,0,1,-,-,NA,NA,LOS ANGELES,LOS ANGELES,-118.29482007,34.00730002
8033416,2016,2016-05-06,1942,2016-04-23,0910,39216,1602,6,5,7,1942,0,0,0,P,0,16A35,GLENOAKS BL,FILMORE ST,5,S,N,A,-,N,NA,NA,NA,NA,NA,NA,NA,NA,NA,N,3,0,1,2,A,-,10,21950,A,F,G,B,B,A,H,-,A,A,0,Y,NA,NA,NA,Y,NA,-,99,0,1,0,0,1,0,0,0,0,-,-,NA,NA,LOS ANGELES,LOS ANGELES,-118.41480899,34.276639780000004
8033418,2016,2016-05-06,1942,2016-04-16,1130,41601,0325,6,5,7,1942,0,0,0,C,0,3A98,VERMONT AV,ADAMS BL,55,S,N,A,-,N,NA,NA,NA,NA,NA,NA,NA,NA,NA,N,3,0,1,2,B,-,22,NA,NA,F,G,B,F,A,G,-,A,D,0,Y,NA,NA,NA,Y,Y,-,99,0,1,0,0,1,0,0,0,0,-,-,NA,NA,LOS ANGELES,LOS ANGELES,-118.29155649,34.03259919
8033419,2016,2016-05-10,1942,2016-04-16,2015,41798,0312,6,5,7,1942,0,0,0,C,0,3A1,W JEFFERSON BL,REDONDO BL,0,NA,Y,A,-,N,NA,NA,NA,NA,NA,NA,NA,NA,NA,N,4,0,1,2,A,-,05,21650,1,N,D,G,A,A,H,-,C,A,0,NA,Y,NA,NA,Y,NA,L,04,0,0,1,0,0,0,1,0,0,-,-,NA,NA,LOS ANGELES,LOS ANGELES,-118.35906009,34.02549004
8033420,2016,2017-02-11,1942,2016-04-27,0735,34561,1009,3,5,7,1942,0,0,0,J,0,19TL77,ROSCOE BL,WOODLEY PL,570,W,N,A,-,N,NA,NA,NA,NA,NA,NA,NA,NA,NA,Y,4,0,1,2,A,-,09,21801,A,F,D,C,A,A,H,-,A,D,0,NA,NA,Y,NA,Y,NA,A,01,0,0,1,0,0,0,0,0,1,-,-,NA,NA,LOS ANGELES,LOS ANGELES,-118.48711219,34.22131482
8033421,2016,2016-05-06,1942,2016-04-23,2000,42159,0437,6,5,7,1942,0,0,0,D,0,4A9,VALLEY BL,E BOCA AV,50,E,N,A,-,N,NA,NA,NA,NA,NA,NA,NA,NA,NA,N,4,0,1,2,A,-,03,22350,NA,F,B,C,A,A,H,-,C,A,0,NA,NA,NA,NA,Y,NA,-,99,0,0,1,0,0,0,0,0,0,-,-,NA,NA,LOS ANGELES,LOS ANGELES,-118.1859475,34.06247743
8033422,2016,2016-05-06,1942,2016-04-16,2007,41228,317,6,5,7,1942,0,0,0,NA,0,LOS AN,ADAMS BL,CATALINA ST,15,E,N,A,-,N,NA,NA,NA,NA,NA,NA,NA,NA,NA,N,3,0,1,2,A,-,10,21950,A,N,G,B,B,A,H,-,C,A,0,Y,NA,NA,NA,Y,NA,A,01,0,1,0,0,1,0,0,0,0,-,-,NA,NA,LOS ANGELES,LOS ANGELES,-118.29418059,34.03276
8033424,2016,2016-05-06,1942,2016-04-26,1450,33779,2191,2,5,7,1942,0,0,0,NA,0,15T44,ROSCOE BL,CORBIN AV,45,W,N,A,-,N,NA,NA,NA,NA,NA,NA,NA,NA,NA,N,4,0,1,2,A,-,03,22350,NA,F,C,C,A,A,H,-,A,A,0,NA,NA,NA,NA,Y,NA,-,99,0,0,1,0,0,0,0,0,0,-,-,NA,NA,LOS ANGELES,LOS ANGELES,-118.56243861,34.22035
8033425,2016,2016-05-06,1942,2016-04-27,0540,31476,1352,3,5,7,1942,0,0,0,M,0,4TL43,E 43RD ST,SAN PEDRO ST,0,NA,Y,A,-,N,NA,NA,NA,NA,NA,NA,NA,NA,NA,Y,4,0,1,2,A,-,09,21802,A,F,D,C,A,A,H,-,C,D,0,NA,NA,NA,NA,Y,NA,-,99,0,0,1,0,0,0,0,0,0,-,-,NA,NA,LOS ANGELES,LOS ANGELES,-118.26966008,34.00565002
8033426,2016,2016-05-06,1942,2016-04-14,1940,41361,0336,4,5,7,1942,0,0,0,C,0,322,30TH ST,SAINT ANDREWS PL,450,W,N,A,-,N,NA,NA,NA,NA,NA,NA,NA,NA,NA,Y,3,0,2,2,A,-,03,22350,NA,N,F,E,A,A,H,-,D,D,0,NA,NA,NA,NA,Y,NA,A,01,0,2,0,0,0,0,0,0,0,-,-,NA,NA,LOS ANGELES,LOS ANGELES,-118.31351226,34.02738048
8033428,2016,2016-05-06,1942,2016-04-27,1610,38613,0948,3,5,7,1942,0,0,0,I,0,19T74,BURBANK BL,MAMMOTH AV,60,W,N,A,-,N,NA,NA,NA,NA,NA,NA,NA,NA,NA,Y,4,0,1,2,A,-,03,22350,NA,F,C,C,A,A,H,-,A,D,0,NA,NA,NA,NA,Y,NA,A,01,0,0,1,0,0,0,0,0,0,-,-,NA,NA,LOS ANGELES,LOS ANGELES,-118.432558,34.17213
8033429,2016,2016-05-06,1942,2016-04-18,1640,40053,0333,1,5,7,1942,0,0,0,C,0,12TL73,CRENSHAW BL,29TH ST,35,S,N,A,-,N,NA,NA,NA,NA,NA,NA,NA,NA,NA,Y,4,0,3,3,A,-,03,22350,NA,N,C,B,B,A,H,-,A,A,0,Y,NA,NA,NA,Y,NA,A,01,0,0,3,0,1,0,0,0,0,-,-,NA,NA,LOS ANGELES,LOS ANGELES,-118.335097,34.029353
8033430,2016,2016-05-06,1942,2016-04-21,0205,36721,0711,4,5,7,1942,0,0,0,G,0,7A1,LA CIENEGA BL,E OAKWOOD BL,35,W,N,A,-,N,NA,NA,NA,NA,NA,NA,NA,NA,NA,N,2,0,1,2,A,-,00,21949,NA,F,G,B,D,A,H,-,C,B,0,Y,NA,NA,NA,Y,NA,N,60,1,0,0,0,1,0,0,0,0,-,-,NA,NA,LOS ANGELES,LOS ANGELES,-118.37661,34.07811
8033432,2016,2016-05-06,1942,2016-04-27,1927,36565,0964,3,5,7,1942,0,0,0,I,0,16TL25,HAZELTINE AV,RIVERSIDE DR,500,S,N,A,-,N,NA,NA,NA,NA,NA,NA,NA,NA,NA,Y,3,0,2,2,A,-,01,23152,A,N,-,C,A,A,H,-,C,A,0,NA,NA,NA,NA,Y,Y,A,07,0,2,0,0,0,0,0,0,0,-,-,NA,NA,LOS ANGELES,LOS ANGELES,-118.43998,34.15623867
8033436,2016,2016-05-06,1942,2016-04-26,2103,36565,2137,2,5,7,1942,0,0,0,NA,0,16TL25,DE SOTO AV,SATICOY ST,45,N,N,A,-,N,NA,NA,NA,NA,NA,NA,NA,NA,NA,Y,4,0,2,2,A,-,00,21352,A,N,C,C,A,A,H,-,C,A,0,NA,NA,NA,NA,Y,Y,A,01,0,0,2,0,0,0,0,0,0,-,-,NA,NA,LOS ANGELES,LOS ANGELES,-118.58848,34.20845345
8033437,2016,2016-05-06,1942,2016-04-14,0925,33599,0398,4,5,7,1942,0,0,0,C,0,3TL5,HOOVER ST,43RD ST,0,NA,Y,A,-,N,NA,NA,NA,NA,NA,NA,NA,NA,NA,Y,3,0,1,2,A,-,09,21801,A,N,D,C,A,A,H,-,A,D,0,NA,NA,NA,NA,Y,NA,A,01,0,1,0,0,0,0,0,0,0,-,-,NA,NA,LOS ANGELES,LOS ANGELES,-118.28721003,34.00550004
8033440,2016,2016-05-09,1942,2016-04-27,0020,41198,1024,3,5,7,1942,0,0,0,J,0,16T23,RESEDA BL,HART ST,2,S,N,A,-,N,NA,NA,NA,NA,NA,NA,NA,NA,NA,Y,4,0,1,2,A,-,01,23152,A,N,B,C,A,A,-,-,C,A,0,NA,NA,NA,NA,Y,Y,A,01,0,0,1,0,0,0,0,0,0,-,-,NA,NA,LOS ANGELES,LOS ANGELES,-118.53605,34.19764451
8033451,2016,2016-05-06,1942,2016-03-23,1520,42270,0341,3,5,7,1942,0,0,0,C,0,341,JEFFERSON BL,HOLDREGE AV,0,NA,Y,A,-,N,NA,NA,NA,NA,NA,NA,NA,NA,NA,N,4,0,1,2,A,-,08,22107,NA,N,B,C,A,A,H,-,A,A,0,NA,NA,NA,NA,Y,NA,A,07,0,0,1,0,0,0,0,0,0,-,-,NA,NA,LOS ANGELES,LOS ANGELES,-118.37813013,34.02121004
8033455,2016,2016-05-06,1942,2016-03-27,0130,40458,397,7,5,7,1942,0,0,0,NA,0,NA,BRIGHTON AV,MARTIN LUTHER KING JR,150,S,N,A,-,N,NA,NA,NA,NA,NA,NA,NA,NA,NA,Y,4,0,1,2,A,-,03,22350,NA,N,C,E,A,A,G,-,C,D,0,NA,NA,Y,NA,Y,NA,C,02,0,0,1,0,0,0,0,0,1,-,-,NA,NA,LOS ANGELES,LOS ANGELES,-118.30125032,34.01044861
8033468,2016,2016-05-06,1900,2016-03-27,1905,517838,0251,7,5,4,1945,0,0,0,NA,0,028,SLAUSON AV,KING AV,0,NA,Y,A,-,N,NA,NA,NA,NA,NA,NA,NA,NA,NA,NA,4,0,2,2,A,-,12,21453,A,N,D,C,A,A,H,-,A,A,0,NA,NA,NA,NA,Y,NA,M,47,0,0,2,0,0,0,0,0,0,-,-,NA,NA,LOS ANGELES,MAYWOOD,-118.18341001,33.98693006
8033470,2016,2016-05-09,1942,2016-03-25,1130,40164,705,5,5,7,1942,0,0,0,NA,0,7TL23,WARING AV,LA BREA AV,80,W,N,A,-,N,NA,NA,NA,NA,NA,NA,NA,NA,NA,Y,4,0,1,2,A,-,03,22350,NA,M,B,E,A,A,H,-,A,D,0,NA,NA,NA,NA,Y,NA,-,99,0,0,1,0,0,0,0,0,0,-,-,NA,NA,LOS ANGELES,LOS ANGELES,-118.34434371,34.08525
8033471,2016,2016-05-06,1942,2016-03-25,1600,38101,0376,5,5,7,1942,0,0,0,C,0,3A15,MLK BL,HALLDALE AV,0,NA,Y,A,-,N,NA,NA,NA,NA,NA,NA,NA,NA,NA,Y,4,0,2,2,A,-,09,21802,A,N,D,D,A,A,H,-,A,A,0,NA,NA,NA,NA,Y,NA,A,01,0,0,2,0,0,0,0,0,0,-,-,NA,NA,LOS ANGELES,LOS ANGELES,-118.30234005,34.01086007
8033472,2016,2016-09-26,1942,2016-03-21,1400,42051,0463,1,5,7,1942,0,0,0,D,0,4A66,4TH ST,STATE ST,250,E,N,A,-,N,NA,NA,NA,NA,NA,NA,NA,NA,NA,N,4,0,2,2,A,-,09,21802,A,F,D,C,A,A,H,-,A,A,0,NA,NA,NA,NA,Y,NA,A,01,0,0,2,0,0,0,0,0,0,-,-,NA,NA,LOS ANGELES,LOS ANGELES,-118.21766836,34.04314421
8033476,2016,2016-05-06,1931,2016-03-28,0505,5302,1931,1,5,5,1931,0,0,0,NA,0,003,ALAMEDA ST,64TH ST,97,S,N,A,-,N,NA,NA,NA,NA,NA,NA,NA,NA,NA,N,2,0,5,1,A,-,03,22350,NA,N,E,I,A,A,H,-,C,A,0,NA,NA,NA,NA,Y,NA,A,01,4,0,1,0,0,0,0,0,0,-,-,NA,NA,LOS ANGELES,HUNTINGTON PARK,-118.23606117,33.98088854
8033488,2016,2016-05-06,1900,2016-03-27,2005,533011,0245,7,5,3,1914,0,0,0,NA,0,27E2,GARFIELD AV,WASHINGTON BL,0,NA,Y,A,-,N,NA,NA,NA,NA,NA,NA,NA,NA,NA,N,2,0,2,2,A,-,12,21453,A,N,D,G,A,A,H,-,C,A,0,NA,Y,Y,NA,Y,NA,L,04,1,1,0,0,0,0,1,0,1,-,-,NA,NA,LOS ANGELES,COMMERCE,-118.13294001,34.00044008
8033491,2016,2016-05-06,1942,2016-03-19,1640,39472,378,6,5,7,1942,0,0,0,NA,0,3A62,VERMONT AV,MLK JR BL,0,NA,Y,A,-,N,NA,NA,NA,NA,NA,NA,NA,NA,NA,Y,4,0,1,2,A,-,09,21801,A,N,D,D,A,A,H,-,A,A,0,NA,NA,NA,NA,Y,NA,A,01,0,0,1,0,0,0,0,0,0,-,-,NA,NA,LOS ANGELES,LOS ANGELES,-118.29153011,34.01087002
8033503,2016,2016-05-06,1942,2016-03-25,1645,40169,363,5,5,7,1942,0,0,0,NA,0,NA,CRENSHAW BL,STOCKER PL,0,NA,Y,A,-,N,NA,NA,NA,NA,NA,NA,NA,NA,NA,Y,3,0,3,2,A,-,12,21453,A,N,D,C,A,A,H,-,A,A,0,NA,NA,NA,NA,Y,NA,A,01,0,1,2,0,0,0,0,0,0,-,-,NA,NA,LOS ANGELES,LOS ANGELES,-118.33510005,34.00843003
8033507,2016,2016-05-06,1942,2016-03-17,1700,41663,0331,4,5,7,1942,0,0,0,C,0,3432,LA BREA,EXPOSITION BL,150,S,N,A,-,N,NA,NA,NA,NA,NA,NA,NA,NA,NA,N,4,0,3,2,A,-,04,21703,NA,N,C,C,A,A,H,-,A,A,0,NA,NA,Y,NA,Y,NA,C,02,0,0,3,0,0,0,0,0,0,-,-,NA,NA,LOS ANGELES,LOS ANGELES,-118.35537307,34.02426883
8033510,2016,2016-05-06,1942,2016-03-20,2215,41931,0463,7,5,7,1942,0,0,0,D,0,4A97,STATE ST,2ND ST,20,S,N,A,-,N,NA,NA,NA,NA,NA,NA,NA,NA,NA,Y,4,0,1,1,A,-,03,22350,NA,M,A,I,A,A,H,-,C,D,0,NA,NA,NA,NA,Y,NA,A,01,0,0,1,0,0,0,0,0,0,-,-,NA,NA,LOS ANGELES,LOS ANGELES,-118.21806489,34.04562348
8033540,2016,2016-05-06,1942,2016-04-20,1310,27512,0148,3,5,7,1942,0,0,0,A,0,142,5TH ST,SAN PEDRO ST,38,E,N,A,-,N,NA,NA,NA,NA,NA,NA,NA,NA,NA,N,4,0,1,2,A,-,03,22350,NA,F,-,B,F,A,H,-,A,D,0,Y,NA,NA,NA,Y,NA,-,99,0,0,1,0,1,0,0,0,0,-,-,NA,NA,LOS ANGELES,LOS ANGELES,-118.24379805,34.04416335
8033675,2016,2016-05-06,1955,2016-04-27,1751,40624,0043,3,5,6,1955,0,0,0,NA,0,001,ORANGE GROVE AV,GILBERT ST,144,E,N,-,-,N,NA,NA,NA,NA,NA,NA,NA,NA,NA,Y,4,0,2,3,A,-,03,22350,NA,N,C,C,A,A,H,-,A,D,0,NA,NA,NA,NA,Y,NA,A,01,0,0,2,0,0,0,0,0,0,-,-,NA,NA,LOS ANGELES,POMONA,-117.786149,34.06301273
8033732,2016,2016-05-09,1900,2016-03-26,1831,519509,1418,6,5,1,1932,0,0,0,NA,0,141T6,GALE AV,FULLERTON RD,5,E,N,A,-,N,NA,NA,NA,NA,NA,NA,NA,NA,NA,N,4,0,1,2,A,-,03,22350,NA,M,C,C,A,A,H,-,A,A,0,NA,NA,NA,NA,Y,NA,A,01,0,0,1,0,0,0,0,0,0,-,-,34.09963,-117.90489,LOS ANGELES,INDUSTRY,-117.90500355,33.99617974
8033740,2016,2016-05-10,1942,2016-03-24,0925,37508,0393,4,5,7,1942,0,0,0,C,0,3A73,LEIMERT BL,43RD ST,100,N,N,A,-,N,NA,NA,NA,NA,NA,NA,NA,NA,NA,N,4,0,1,2,A,-,03,22350,NA,N,C,C,A,A,H,-,A,A,0,NA,NA,NA,NA,Y,NA,A,01,0,0,1,0,0,0,0,0,0,-,-,NA,NA,LOS ANGELES,LOS ANGELES,-118.32951003,34.00559632
8033744,2016,2016-05-16,1965,2016-03-31,0605,3890,0B3F,4,5,5,1965,0,0,0,NA,0,B003,COLORADO AV,CLOVERFIELD BL,0,NA,Y,A,-,N,NA,NA,NA,NA,NA,NA,NA,NA,NA,Y,4,0,1,2,A,-,12,21453,A,N,D,C,A,A,H,-,B,A,0,NA,NA,NA,NA,Y,NA,-,-,0,0,1,0,0,0,0,0,0,-,-,NA,NA,LOS ANGELES,SANTA MONICA,-118.47384006,34.02849006
8033776,2016,2016-05-11,1909,2016-04-20,0816,575,1909,3,5,4,1909,0,0,0,NA,0,SOUTH,WATCHER ST,EASTERN AV,0,NA,Y,A,-,N,NA,NA,NA,NA,NA,NA,NA,NA,NA,Y,4,0,1,3,A,-,03,22350,NA,N,C,C,A,A,H,-,A,A,0,NA,Y,NA,NA,Y,NA,A,07,0,0,1,0,0,0,1,0,0,-,-,NA,NA,LOS ANGELES,BELL GARDENS,-118.16331,33.97838005
8033780,2016,2016-05-11,1909,2016-04-23,1130,560,1909,6,5,4,1909,0,0,0,NA,0,NORTH,SUVA ST,EDISON POLE 1342272E,26,S,N,A,-,N,NA,NA,NA,NA,NA,NA,NA,NA,NA,N,4,0,1,2,A,-,09,21804,A,N,D,C,A,A,H,-,A,D,0,NA,NA,NA,NA,Y,NA,A,NA,0,0,1,0,0,0,0,0,0,-,-,NA,NA,LOS ANGELES,BELL GARDENS,NA,NA