CASE_ID,ACCIDENT_YEAR,PROC_DATE,JURIS,COLLISION_DATE,COLLISION_TIME,OFFICER_ID,REPORTING_DISTRICT,DAY_OF_WEEK,CHP_SHIFT,POPULATION,CNTY_CITY_LOC,SPECIAL_COND,BEAT_TYPE,CHP_BEAT_TYPE,CITY_DIVISION_LAPD,CHP_BEAT_CLASS,BEAT_NUMBER,PRIMARY_RD,SECONDARY_RD,DISTANCE,DIRECTION,INTERSECTION,WEATHER_1,WEATHER_2,STATE_HWY_IND,CALTRANS_COUNTY,CALTRANS_DISTRICT,STATE_ROUTE,ROUTE_SUFFIX,POSTMILE_PREFIX,POSTMILE,LOCATION_TYPE,RAMP_INTERSECTION,SIDE_OF_HWY,TOW_AWAY,COLLISION_SEVERITY,NUMBER_KILLED,NUMBER_INJURED,PARTY_COUNT,PRIMARY_COLL_FACTOR,PCF_CODE_OF_VIOL,PCF_VIOL_CATEGORY,PCF_VIOLATION,PCF_VIOL_SUBSECTION,HIT_AND_RUN,TYPE_OF_COLLISION,MVIW,PED_ACTION,ROAD_SURFACE,ROAD_COND_1,ROAD_COND_2,LIGHTING,CONTROL_DEVICE,CHP_ROAD_TYPE,PEDESTRIAN_ACCIDENT,BICYCLE_ACCIDENT,MOTORCYCLE_ACCIDENT,TRUCK_ACCIDENT,NOT_PRIVATE_PROPERTY,ALCOHOL_INVOLVED,STWD_VEHTYPE_AT_FAULT,CHP_VEHTYPE_AT_FAULT,COUNT_SEVERE_INJ,COUNT_VISIBLE_INJ,COUNT_COMPLAINT_PAIN,COUNT_PED_KILLED,COUNT_PED_INJURED,COUNT_BICYCLIST_KILLED,COUNT_BICYCLIST_INJURED,COUNT_MC_KILLED,COUNT_MC_INJURED,PRIMARY_RAMP,SECONDARY_RAMP,LATITUDE,LONGITUDE,COUNTY,CITY,POINT_X,POINT_Y
8036159,2016,2016-05-03,1900,2016-04-14,1214,540658,1137,4,5,6,1992,0,0,0,NA,0,112T2,AVENUE J-4,17TH ST EAST,299,W,N,A,-,N,NA,NA,NA,NA,NA,NA,NA,NA,NA,Y,4,0,1,2,A,-,08,22107,NA,N,D,C,A,A,H,-,A,D,0,NA,NA,NA,NA,Y,NA,A,01,0,0,1,0,0,0,0,0,0,-,-,NA,NA,LOS ANGELES,LANCASTER,-118.100147,34.685878
8036162,2016,2016-08-29,1920,2016-04-13,1033,10705,NA,3,5,6,1920,0,0,0,NA,0,006,IMPERIAL HWY,BROOKSHIRE AV,0,NA,Y,A,-,N,NA,NA,NA,NA,NA,NA,NA,NA,NA,N,4,0,1,2,A,-,03,22350,NA,N,C,C,A,A,H,-,A,A,0,NA,NA,NA,NA,Y,NA,-,NA,0,0,1,0,0,0,0,0,0,-,-,NA,NA,LOS ANGELES,DOWNEY,-118.14386002,33.91985003
8036166,2016,2016-05-04,1920,2016-04-19,0900,19354,NA,2,5,6,1920,0,0,0,NA,0,NA,QUILL DR,PARAMOUNT BL,0,NA,Y,A,-,N,NA,NA,NA,NA,NA,NA,NA,NA,NA,Y,4,0,2,2,A,-,12,21453,A,N,D,C,A,A,H,-,A,A,0,NA,NA,NA,NA,Y,NA,-,-,0,0,2,0,0,0,0,0,0,-,-,NA,NA,LOS ANGELES,DOWNEY,-118.14986006,33.92687004
8036170,2016,2016-08-29,1900,2016-04-16,1847,517780,2826,6,5,5,1915,0,0,0,NA,0,281B,COMPTON BL,HARRIS AV,0,NA,Y,A,-,N,NA,NA,NA,NA,NA,NA,NA,NA,NA,N,4,0,1,2,A,-,12,21457,A,M,D,C,A,A,H,-,A,A,0,NA,NA,Y,NA,Y,NA,-,-,0,0,1,0,0,0,0,0,0,-,-,NA,NA,LOS ANGELES,COMPTON,-118.19889002,33.89610006
8036173,2016,2016-05-02,1923,2016-04-04,1701,467,323,1,5,3,1923,0,0,0,NA,0,3M3,AVIATION BL,EL SEGUNDO BL,0,NA,Y,A,-,N,NA,NA,NA,NA,NA,NA,NA,NA,NA,Y,3,0,2,2,A,-,12,21453,A,N,D,D,A,A,H,-,A,A,0,NA,NA,NA,NA,Y,NA,A,07,0,1,1,0,0,0,0,0,0,-,-,NA,NA,LOS ANGELES,EL SEGUNDO,-118.37844002,33.916290000000004
8036174,2016,2016-05-02,1900,2016-04-05,2120,530864,2812,2,5,5,1915,0,0,0,NA,0,283T3,WILMINGTON AV,131ST ST,0,NA,Y,A,-,N,NA,NA,NA,NA,NA,NA,NA,NA,NA,N,4,0,1,3,A,-,09,21801,A,N,D,C,A,A,H,-,C,A,0,NA,NA,NA,NA,Y,NA,A,07,0,0,1,0,0,0,0,0,0,-,-,NA,NA,LOS ANGELES,COMPTON,-118.23915008,33.91330011
8036177,2016,2016-05-02,1923,2016-04-12,0931,467,309,2,5,3,1923,0,0,0,NA,0,NA,GRAND AV,CONTINENTAL AV,0,NA,Y,A,-,N,NA,NA,NA,NA,NA,NA,NA,NA,NA,Y,4,0,1,2,A,-,12,21453,A,N,D,C,A,A,H,-,A,A,0,NA,NA,NA,NA,Y,NA,A,01,0,0,1,0,0,0,0,0,0,-,-,NA,NA,LOS ANGELES,EL SEGUNDO,-118.39099003,33.91947007
8036178,2016,2016-05-02,1900,2016-04-20,1300,516691,2835,3,5,5,1915,0,0,0,NA,0,282T1,COMPTON BL,OLEANDER AV,0,NA,Y,A,-,N,NA,NA,NA,NA,NA,NA,NA,NA,NA,N,4,0,1,3,A,-,12,21453,A,N,D,C,A,A,H,-,A,A,0,NA,NA,NA,NA,Y,NA,-,99,0,0,1,0,0,0,0,0,0,-,-,NA,NA,LOS ANGELES,COMPTON,-118.2287501,33.89593001
8036181,2016,2016-05-02,1923,2016-04-19,0607,495,315,2,5,3,1923,0,0,0,NA,0,003,AVIATION BL,124TH ST,350,S,N,A,-,N,NA,NA,NA,NA,NA,NA,NA,NA,NA,Y,3,0,1,1,A,-,08,22107,NA,N,F,I,A,A,H,-,B,D,0,NA,NA,NA,NA,Y,NA,A,01,0,1,0,0,0,0,0,0,0,-,-,NA,NA,LOS ANGELES,EL SEGUNDO,-118.37843,33.91937001
8036182,2016,2016-05-03,1900,2016-04-22,0855,520027,2832,5,5,5,1915,0,0,0,NA,0,282T1,COMPTON BL,MAIE AV,6,E,N,A,-,N,NA,NA,NA,NA,NA,NA,NA,NA,NA,N,4,0,1,2,A,-,04,21703,NA,N,C,C,A,A,H,-,A,D,0,NA,NA,NA,NA,Y,NA,A,01,0,0,1,0,0,0,0,0,0,-,-,NA,NA,LOS ANGELES,COMPTON,-118.24412027,33.89587
8036185,2016,2016-08-29,1923,2016-04-19,1650,467,301,2,5,3,1923,0,0,0,NA,0,3M3,IMPERIAL HWY,SELBY ST,100,E,N,A,-,N,NA,NA,NA,NA,NA,NA,NA,NA,NA,Y,3,0,3,3,A,-,03,22350,NA,N,C,C,A,A,H,-,A,A,0,NA,NA,NA,NA,Y,NA,A,01,0,1,2,0,0,0,0,0,0,-,-,NA,NA,LOS ANGELES,EL SEGUNDO,-118.39383096,33.93084278
8036186,2016,2016-05-02,1900,2016-04-24,1400,532436,2814,7,5,5,1915,0,0,0,NA,0,203T1,ROSECRANS AV,WILMINGTON AV,12,E,N,A,-,N,NA,NA,NA,NA,NA,NA,NA,NA,NA,Y,4,0,1,3,A,-,03,22350,NA,M,A,C,A,A,H,-,A,A,0,NA,NA,NA,NA,Y,NA,A,01,0,0,1,0,0,0,0,0,0,-,-,NA,NA,LOS ANGELES,COMPTON,-118.23810053,33.90337
8036189,2016,2016-05-03,1923,2016-04-26,1039,495,207,2,5,3,1923,0,0,0,NA,0,002,MAPLE AV,INDIANA CT,0,NA,Y,A,-,N,NA,NA,NA,NA,NA,NA,NA,NA,NA,Y,3,0,1,2,A,-,01,23152,E,N,C,E,A,A,H,-,A,D,0,NA,NA,NA,NA,Y,NA,A,01,0,1,0,0,0,0,0,0,0,-,-,NA,NA,LOS ANGELES,EL SEGUNDO,-118.39760006,33.92700009
8036190,2016,2016-05-03,1900,2016-04-25,1240,516691,2813,1,5,5,1915,0,0,0,NA,0,282T1,ROSECRANS AV,WILLOWBROOK AV E,0,NA,Y,A,-,N,NA,NA,NA,NA,NA,NA,NA,NA,NA,N,4,0,1,2,A,-,12,21453,A,N,D,C,A,A,H,-,A,A,0,NA,NA,NA,NA,Y,NA,A,08,0,0,1,0,0,0,0,0,0,-,-,NA,NA,LOS ANGELES,COMPTON,-118.22509008,33.90340004
8036194,2016,2016-05-03,1900,2016-04-12,0341,532570,2822,2,5,5,1915,0,0,0,NA,0,281T1,ROSECRANS AV,WILLOW AV,18,W,N,A,-,N,NA,NA,NA,NA,NA,NA,NA,NA,NA,Y,3,0,1,2,A,-,03,22350,NA,N,C,E,A,A,H,-,C,D,0,NA,NA,NA,NA,Y,NA,A,01,0,1,0,0,0,0,0,0,0,-,-,NA,NA,LOS ANGELES,COMPTON,-118.21752915,33.90332789
8036198,2016,2016-05-02,1900,2016-04-21,2150,530382,2814,4,5,5,1915,0,0,0,NA,0,1281T1,COMPTON BL,MATTHISEN AV,5,W,N,A,-,N,NA,NA,NA,NA,NA,NA,NA,NA,NA,Y,3,0,2,3,A,-,05,21202,A,N,B,G,A,A,H,-,D,D,0,NA,Y,NA,NA,Y,NA,L,04,0,1,1,0,0,0,1,0,0,-,-,NA,NA,LOS ANGELES,COMPTON,-118.23436644,33.8959
8036202,2016,2016-05-03,1900,2016-04-21,1218,283225,2260,4,5,2,1993,0,0,0,NA,0,226T1,AGOURA RD,FLINTLOCK LN,0,NA,Y,A,-,N,NA,NA,NA,NA,NA,NA,NA,NA,NA,Y,4,0,2,2,A,-,09,21804,A,N,D,C,A,A,D,-,A,D,0,NA,NA,NA,NA,Y,NA,A,01,0,0,2,0,0,0,0,0,0,-,-,34.14473,-118.79517,LOS ANGELES,WESTLAKE VILLAGE,-118.7952001,34.14474005
8036206,2016,2016-05-03,1900,2016-04-15,1905,507736,2262,5,5,2,1993,0,0,0,NA,0,226T1,RUSSELL RANCH RD,LINDERO CANYON RD,2640,E,N,A,-,N,NA,NA,NA,NA,NA,NA,NA,NA,NA,Y,3,0,1,2,A,-,09,21804,A,N,D,C,A,A,H,-,B,D,0,NA,NA,Y,NA,Y,NA,C,02,0,1,0,0,0,0,0,0,1,-,-,34.14839,-118.79538,LOS ANGELES,WESTLAKE VILLAGE,-118.79598804,34.14812309
8036209,2016,2016-08-29,1920,2016-04-07,2156,11859,1920,4,5,6,1920,0,0,0,NA,0,006,IMPERIAL HWY,BROOKSHIRE AV,80,E,N,B,-,N,NA,NA,NA,NA,NA,NA,NA,NA,NA,Y,4,0,1,1,A,-,08,22107,NA,N,E,I,A,A,H,-,C,D,0,NA,NA,NA,NA,Y,NA,A,07,0,0,1,0,0,0,0,0,0,-,-,NA,NA,LOS ANGELES,DOWNEY,-118.14364028,33.91972928
8036213,2016,2016-05-03,1920,2016-04-05,1240,10705,NA,2,5,6,1920,0,0,0,NA,0,003,5TH ST,SMALLWOOD AV,0,NA,Y,A,-,N,NA,NA,NA,NA,NA,NA,NA,NA,NA,Y,4,0,1,2,A,-,09,21802,A,N,D,C,A,C,A,-,D,A,0,NA,NA,NA,NA,Y,NA,-,NA,0,0,1,0,0,0,0,0,0,-,-,NA,NA,LOS ANGELES,DOWNEY,-118.13786009,33.94792003
8036217,2016,2016-05-04,1920,2016-04-03,1422,12609,NA,7,5,6,1920,0,0,0,NA,0,004,FLORENCE AV,FAIRFORD AV,40,W,N,A,-,N,NA,NA,NA,NA,NA,NA,NA,NA,NA,N,4,0,1,2,A,-,01,23152,E,N,C,C,A,A,H,-,A,A,0,NA,NA,NA,NA,Y,NA,A,01,0,0,1,0,0,0,0,0,0,-,-,NA,NA,LOS ANGELES,DOWNEY,-118.09495284,33.93615642
8036219,2016,2016-05-03,1900,2016-04-16,1806,602999,1137,6,5,6,1992,0,0,0,NA,0,112T1,NUGENT ST,15TH ST EAST,18,W,N,A,-,N,NA,NA,NA,NA,NA,NA,NA,NA,NA,Y,4,0,1,1,A,-,01,23152,A,N,E,I,A,A,H,-,A,D,0,NA,NA,NA,NA,Y,Y,A,01,0,0,1,0,0,0,0,0,0,-,-,NA,NA,LOS ANGELES,LANCASTER,-118.10377965,34.69316293
8036221,2016,2016-05-03,1920,2016-04-13,2214,12323,NA,3,5,6,1920,0,0,0,NA,0,005,NEW ST,2ND ST,169,N,N,A,-,N,NA,NA,NA,NA,NA,NA,NA,NA,NA,Y,4,0,1,2,A,-,09,21804,A,N,D,C,A,A,H,-,C,D,0,NA,NA,NA,NA,Y,NA,A,01,0,0,1,0,0,0,0,0,0,-,-,NA,NA,LOS ANGELES,DOWNEY,-118.13303024,33.94183485
8036225,2016,2016-05-03,1920,2016-04-11,1515,12609,NA,1,5,6,1920,0,0,0,NA,0,NA,LAKEWOOD BL,APOLLO WY,0,NA,Y,A,-,N,NA,NA,NA,NA,NA,NA,NA,NA,NA,N,4,0,2,2,A,-,03,22350,NA,N,C,C,A,A,H,-,A,A,0,NA,NA,NA,NA,Y,NA,A,07,0,0,2,0,0,0,0,0,0,-,-,NA,NA,LOS ANGELES,DOWNEY,-118.13364012,33.9225401
8036226,2016,2016-05-04,1900,2016-04-20,1511,519439,2221,3,5,3,1994,0,0,0,NA,0,222T1,KANAN RD,ROADSIDE DR,60,S,N,A,-,N,NA,NA,NA,NA,NA,NA,NA,NA,NA,Y,4,0,2,2,A,-,07,21658,A,N,B,C,A,A,H,-,A,D,0,NA,NA,NA,NA,Y,NA,-,-,0,0,2,0,0,0,0,0,0,-,-,34.14441,-118.76159,LOS ANGELES,AGOURA HILLS,-118.76152449,34.14495789
8036229,2016,2016-05-03,1920,2016-04-11,0746,10216,NA,1,5,6,1920,0,0,0,NA,0,005,BROOKSHIRE AV,GALLATIN RD,385,N,N,A,-,N,NA,NA,NA,NA,NA,NA,NA,NA,NA,Y,3,0,2,2,A,-,09,21804,A,N,D,C,A,A,H,-,A,D,0,NA,NA,NA,NA,Y,NA,-,NA,0,1,1,0,0,0,0,0,0,-,-,NA,NA,LOS ANGELES,DOWNEY,-118.11515019,33.95662635
8036230,2016,2017-02-08,1900,2016-04-18,1655,538692,2241,1,5,3,1989,0,0,0,NA,0,224,LAS VIRGENES RD,RT 101,51,S,N,A,-,Y,LA,7,101,-,-,31.335,R,4,S,Y,4,0,3,2,A,-,09,21804,A,N,D,C,A,A,H,-,A,D,0,NA,NA,NA,NA,Y,NA,A,01,0,0,3,0,0,0,0,0,0,-,-,34.14515,-118.698,LOS ANGELES,CALABASAS,-118.70120433,34.14518829
8036233,2016,2016-05-03,1920,2016-04-14,1242,11992,NA,4,5,6,1920,0,0,0,NA,0,004,MULLER ST,ARRINGTON AV,77,E,N,A,-,N,NA,NA,NA,NA,NA,NA,NA,NA,NA,N,4,0,1,2,A,-,21,22106,NA,N,B,C,A,A,H,-,A,D,0,NA,NA,NA,NA,Y,NA,A,01,0,0,1,0,0,0,0,0,0,-,-,NA,NA,LOS ANGELES,DOWNEY,-118.11977905,33.94080309
8036237,2016,2016-08-29,1920,2016-04-14,0100,12323,NA,4,5,6,1920,0,0,0,NA,0,001,IMPERIAL HWY,COLUMBIA WY,27,E,N,A,-,N,NA,NA,NA,NA,NA,NA,NA,NA,NA,Y,4,0,1,2,A,-,09,21801,A,N,D,C,A,A,H,-,C,A,0,NA,NA,NA,NA,Y,NA,A,01,0,0,1,0,0,0,0,0,0,-,-,NA,NA,LOS ANGELES,DOWNEY,-118.13406119,33.91701041
8036260,2016,2016-05-16,1900,2016-04-23,0120,515591,0542,6,5,3,1921,0,0,0,NA,0,58T1EM,HUNTINGTON DR,CRESTFIELD AV,480,E,N,A,-,N,NA,NA,NA,NA,NA,NA,NA,NA,NA,Y,3,0,1,5,A,-,05,21651,B,N,A,E,A,A,H,-,C,A,0,NA,NA,NA,NA,Y,NA,A,01,0,1,0,0,0,0,0,0,0,-,-,NA,NA,LOS ANGELES,DUARTE,-117.95007751,34.13984
8036307,2016,2016-05-16,1900,2016-04-15,1700,530861,0541,5,5,3,1921,0,0,0,NA,0,58PMS,HUNTINGTON DR,BRADBURY AV,15,W,N,A,-,N,NA,NA,NA,NA,NA,NA,NA,NA,NA,Y,3,0,2,2,A,-,09,21801,A,N,D,D,A,A,H,-,A,D,0,NA,NA,NA,NA,Y,NA,D,22,0,1,1,0,0,0,0,0,0,-,-,NA,NA,LOS ANGELES,DUARTE,-117.98192943,34.1395687
8036325,2016,2016-08-29,1900,2016-04-25,2130,531921,0522,1,5,4,1971,0,0,0,NA,0,52T1EM,LAS TUNAS DR,RT 164,0,NA,Y,A,-,N,NA,NA,NA,NA,NA,NA,NA,NA,NA,Y,4,0,1,2,A,-,09,21453,C,N,D,C,A,A,-,-,C,A,0,NA,NA,NA,NA,Y,NA,A,07,0,0,1,0,0,0,0,0,0,-,-,NA,NA,LOS ANGELES,TEMPLE CITY,-118.073481,34.103612
8036334,2016,2016-05-06,1900,2016-04-12,0813,486595,0500,2,5,3,1968,0,0,0,NA,0,55TYB,FERN ST,ROSEMEAD BL,3,W,N,A,-,N,NA,NA,NA,NA,NA,NA,NA,NA,NA,N,4,0,1,2,A,-,05,21650,1,N,D,G,A,A,H,-,A,A,0,NA,Y,NA,NA,Y,NA,-,-,0,0,1,0,0,0,1,0,0,-,-,NA,NA,LOS ANGELES,SOUTH EL MONTE,-118.06440988,34.05904027
8036338,2016,2016-05-04,1900,2016-04-14,1330,529472,0532,4,5,5,1959,0,0,0,NA,0,53T1AM,SAN GABRIEL BL,HELLMAN AV,58,S,N,A,-,N,NA,NA,NA,NA,NA,NA,NA,NA,NA,Y,4,0,1,2,A,-,09,21801,A,N,A,C,A,A,H,-,A,A,0,NA,NA,Y,NA,Y,NA,A,01,0,0,1,0,0,0,0,0,1,-,-,NA,NA,LOS ANGELES,ROSEMEAD,-118.09059694,34.06974099
8036342,2016,2016-05-04,1900,2016-04-16,2230,482957,0533,6,5,5,1959,0,0,0,NA,0,53T1EM,GARVEY AV,WALNUT GROVE AV,0,NA,Y,A,-,N,NA,NA,NA,NA,NA,NA,NA,NA,NA,Y,4,0,2,2,D,-,00,NA,NA,N,D,C,A,A,H,-,C,A,0,NA,NA,NA,NA,Y,NA,-,-,0,0,2,0,0,0,0,0,0,-,-,NA,NA,LOS ANGELES,ROSEMEAD,-118.08198009,34.06268012
8036346,2016,2016-05-04,1900,2016-04-05,0701,489544,0532,2,5,5,1959,0,0,0,NA,0,53T1AM,EMERSON PL,JACKSON AV,0,NA,Y,A,-,N,NA,NA,NA,NA,NA,NA,NA,NA,NA,Y,4,0,1,2,D,-,00,NA,NA,N,D,C,A,A,H,-,A,-,0,NA,NA,NA,NA,Y,NA,-,-,0,0,1,0,0,0,0,0,0,-,-,NA,NA,LOS ANGELES,ROSEMEAD,-118.10375008,34.06623003
8036350,2016,2016-11-29,1900,2016-04-16,1958,531921,0521,6,5,4,1971,0,0,0,NA,0,52T1PM,GOLDEN WEST AV,VAL ST,45,N,N,A,-,N,NA,NA,NA,NA,NA,NA,NA,NA,NA,N,1,1,0,2,A,-,11,21954,A,N,G,B,D,A,H,-,C,D,0,Y,NA,NA,NA,Y,NA,N,60,0,0,0,1,0,0,0,0,0,-,-,NA,NA,LOS ANGELES,TEMPLE CITY,-118.05845603,34.11674147
8036354,2016,2016-05-04,1900,2016-04-06,1405,52303,0522,3,5,4,1971,0,0,0,NA,0,52FAMS,LAS TUNAS DR,MUSCATEL AV,0,NA,Y,A,-,N,NA,NA,NA,NA,NA,NA,NA,NA,NA,Y,4,0,3,2,A,-,03,22350,NA,N,C,C,A,A,H,-,A,D,0,NA,NA,NA,NA,Y,NA,A,01,0,0,3,0,0,0,0,0,0,-,-,NA,NA,LOS ANGELES,TEMPLE CITY,-118.07721009,34.10349003
8036370,2016,2016-05-04,1900,2016-04-19,1008,525140,0523,2,5,4,1971,0,0,0,NA,0,52T1AM,GOLDEN WEST AV,LAS TUNAS DR,120,S,N,A,-,N,NA,NA,NA,NA,NA,NA,NA,NA,NA,Y,3,0,2,2,A,-,09,21802,A,N,D,C,A,A,H,-,A,D,0,NA,NA,NA,NA,Y,NA,A,01,0,1,1,0,0,0,0,0,0,-,-,NA,NA,LOS ANGELES,TEMPLE CITY,-118.05649509,34.10697544
8036374,2016,2016-05-04,1900,2016-04-13,0030,532437,0524,3,5,4,1971,0,0,0,NA,0,52T1EM,TEMPLE CITY BL,BROADWAY,51,N,N,A,-,N,NA,NA,NA,NA,NA,NA,NA,NA,NA,Y,2,0,2,2,A,-,09,21801,A,N,B,C,A,A,-,-,C,A,0,NA,NA,NA,NA,Y,NA,A,01,1,0,1,0,0,0,0,0,0,-,-,NA,NA,LOS ANGELES,TEMPLE CITY,-118.05964991,34.1006176
8036378,2016,2016-05-04,1900,2016-04-25,1045,529472,0530,1,5,5,1959,0,0,0,NA,0,53T1AM,VALLEY BL,STRANG AV,27,W,N,A,-,N,NA,NA,NA,NA,NA,NA,NA,NA,NA,N,4,0,1,2,A,-,07,21658,A,N,B,C,A,A,H,-,A,D,0,NA,NA,NA,NA,Y,NA,A,01,0,0,1,0,0,0,0,0,0,-,-,NA,NA,LOS ANGELES,ROSEMEAD,-118.05608826,34.08043522
8036403,2016,2016-05-09,1942,2016-04-07,1830,40053,0334,4,5,7,1942,0,0,0,C,0,3T57,29TH AV,NORTON AV,0,NA,Y,A,-,N,NA,NA,NA,NA,NA,NA,NA,NA,NA,N,4,0,2,3,A,-,12,21453,A,F,D,C,A,A,H,-,B,A,0,NA,NA,NA,NA,Y,NA,-,99,0,0,2,0,0,0,0,0,0,-,-,NA,NA,LOS ANGELES,LOS ANGELES,-118.33274013,34.02947012
8036404,2016,2016-05-05,1942,2016-04-22,0815,33599,0337,5,5,7,1942,0,0,0,C,0,18TL27,JEFFERSON BL,BRIGHTON AV,75,W,N,A,-,N,NA,NA,NA,NA,NA,NA,NA,NA,NA,N,4,0,2,3,A,-,03,22350,NA,N,C,C,A,A,H,-,A,D,0,NA,NA,NA,NA,Y,NA,-,99,0,0,2,0,0,0,0,0,0,-,-,NA,NA,LOS ANGELES,LOS ANGELES,-118.30171704,34.02552
8036406,2016,2017-02-18,1942,2016-04-12,1855,41203,0872,2,5,7,1942,0,0,0,H,0,8ELI,PACIFIC COAST HWY,N ENTRADA,50,S,N,A,-,Y,LA,7,1,-,-,36.99,H,-,N,Y,4,0,1,2,A,-,08,22107,NA,N,C,C,A,A,H,-,A,A,0,NA,NA,NA,NA,Y,NA,-,-,0,0,1,0,0,0,0,0,0,-,-,NA,NA,LOS ANGELES,LOS ANGELES,-118.51863624,34.02776154
8036408,2016,2016-05-05,1942,2016-04-11,1550,36700,0338,1,5,7,1942,0,0,0,C,0,3XL95,JEFFERSON BL,BUDLONG AV,95,W,N,A,-,N,NA,NA,NA,NA,NA,NA,NA,NA,NA,N,4,0,1,2,A,-,07,21658,A,F,B,C,A,A,H,-,A,A,0,NA,NA,Y,NA,Y,NA,-,99,0,0,1,0,0,0,0,0,1,-,-,NA,NA,LOS ANGELES,LOS ANGELES,-118.29619292,34.02552
8036410,2016,2016-06-06,1942,2016-04-18,1630,NA,1494,1,5,7,1942,0,0,0,N,0,14BL85,VICKSBURG AV,CENTURY BL,0,NA,Y,A,-,N,NA,NA,NA,NA,NA,NA,NA,NA,NA,N,3,0,1,2,A,-,10,21950,A,N,G,B,B,A,H,-,A,A,0,Y,NA,NA,NA,Y,NA,D,22,0,1,0,0,1,0,0,0,0,-,-,NA,NA,LOS ANGELES,LOS ANGELES,-118.39395005,33.94561011
8036411,2016,2016-05-05,1942,2016-04-23,1920,41545,0341,6,5,7,1942,0,0,0,C,0,18T23,LA CIENEGA BL,RODEO RD,40,S,N,A,-,N,NA,NA,NA,NA,NA,NA,NA,NA,NA,N,4,0,1,2,A,-,08,22107,NA,F,D,C,A,A,H,-,B,A,0,NA,NA,NA,NA,Y,NA,-,99,0,0,1,0,0,0,0,0,0,-,-,NA,NA,LOS ANGELES,LOS ANGELES,-118.37236531,34.02159038
8036412,2016,2016-05-05,1942,2016-04-14,1050,41858,0336,4,5,7,1942,0,0,0,C,0,3A99,CIMMARON ST,28TH ST,0,NA,Y,A,-,N,NA,NA,NA,NA,NA,NA,NA,NA,NA,N,4,0,1,2,A,-,12,22450,A,N,D,C,A,A,H,-,A,D,0,NA,NA,NA,NA,Y,NA,A,01,0,0,1,0,0,0,0,0,0,-,-,NA,NA,LOS ANGELES,LOS ANGELES,-118.31515009,34.02994003
8036414,2016,2016-05-11,1942,2016-04-22,1720,37613,1465,5,5,7,1942,0,0,0,N,0,14T152,CENTINELA AV,BLUFF CREEK DR,0,NA,Y,A,-,N,NA,NA,NA,NA,NA,NA,NA,NA,NA,Y,3,0,1,2,A,-,12,21453,A,N,D,C,A,A,H,-,A,A,0,NA,NA,NA,NA,Y,NA,A,08,0,1,0,0,0,0,0,0,0,-,-,NA,NA,LOS ANGELES,LOS ANGELES,-118.40104006,33.9838501
8036419,2016,2016-05-05,1942,2016-04-01,0810,38577,0355,5,5,7,1942,0,0,0,C,0,3A99,JEFFERSON BL,CIMARRON ST,0,NA,Y,A,-,N,NA,NA,NA,NA,NA,NA,NA,NA,NA,N,4,0,2,2,A,-,04,21703,NA,N,B,C,A,A,H,-,A,D,0,NA,NA,NA,NA,Y,NA,A,01,0,0,2,0,0,0,0,0,0,-,-,NA,NA,LOS ANGELES,LOS ANGELES,-118.31559003,34.02555004
8036422,2016,2016-05-09,1942,2016-04-06,1745,39065,1435,3,5,7,1942,0,0,0,N,0,7T38,VENICE BL,SAWTELLE BL,5,W,N,A,-,N,NA,NA,NA,NA,NA,NA,NA,NA,NA,N,3,0,1,2,A,-,00,21760,C,F,B,G,A,A,H,-,A,D,0,NA,Y,NA,NA,Y,Y,-,99,0,1,0,0,0,0,1,0,0,-,-,NA,NA,LOS ANGELES,LOS ANGELES,-118.41982352,34.01150217
8036423,2016,2016-05-05,1942,2016-04-01,2130,40237,0319,5,5,7,1942,0,0,0,C,0,3T5,FIGUEROA ST,W ADAMS BL,0,NA,Y,A,-,N,NA,NA,NA,NA,NA,NA,NA,NA,NA,Y,4,0,2,2,A,-,12,21453,A,N,D,C,A,A,H,-,C,A,0,NA,NA,NA,NA,Y,NA,A,01,0,0,2,0,0,0,0,0,0,-,-,NA,NA,LOS ANGELES,LOS ANGELES,-118.27602002,34.02816008
8036427,2016,2016-08-29,1942,2016-04-05,1630,41858,0354,2,5,7,1942,0,0,0,C,0,3A1,GRAMERCY PL,35TH PL,10,E,N,A,-,N,NA,NA,NA,NA,NA,NA,NA,NA,NA,N,4,0,1,2,A,-,12,22450,A,F,B,C,A,A,H,-,A,C,0,NA,NA,NA,NA,Y,Y,-,99,0,0,1,0,0,0,0,0,0,-,-,NA,NA,LOS ANGELES,LOS ANGELES,-118.31384,34.02364
8036431,2016,2016-05-05,1942,2016-04-03,1940,35936,0395,7,5,7,1942,0,0,0,C,0,3TL5,VERNON AV,GRAMERCY PL,25,E,N,A,-,N,NA,NA,NA,NA,NA,NA,NA,NA,NA,N,3,0,1,2,A,-,05,21650,1,F,H,B,E,A,H,-,C,D,0,Y,Y,NA,NA,Y,NA,L,04,0,1,0,0,1,0,0,0,0,-,-,NA,NA,LOS ANGELES,LOS ANGELES,-118.31375767,34.00371
8036435,2016,2016-05-05,1942,2016-04-06,1105,33599,0394,3,5,7,1942,0,0,0,C,0,12TL41,VERNON,SAINT ANDREWS PL,0,NA,Y,A,-,N,NA,NA,NA,NA,NA,NA,NA,NA,NA,Y,4,0,2,2,A,-,12,22450,A,N,D,C,A,A,H,-,A,A,0,NA,NA,NA,NA,Y,NA,A,01,0,0,2,0,0,0,0,0,0,-,-,NA,NA,LOS ANGELES,LOS ANGELES,-118.31137013,34.00372002