CASE_ID,ACCIDENT_YEAR,PROC_DATE,JURIS,COLLISION_DATE,COLLISION_TIME,OFFICER_ID,REPORTING_DISTRICT,DAY_OF_WEEK,CHP_SHIFT,POPULATION,CNTY_CITY_LOC,SPECIAL_COND,BEAT_TYPE,CHP_BEAT_TYPE,CITY_DIVISION_LAPD,CHP_BEAT_CLASS,BEAT_NUMBER,PRIMARY_RD,SECONDARY_RD,DISTANCE,DIRECTION,INTERSECTION,WEATHER_1,WEATHER_2,STATE_HWY_IND,CALTRANS_COUNTY,CALTRANS_DISTRICT,STATE_ROUTE,ROUTE_SUFFIX,POSTMILE_PREFIX,POSTMILE,LOCATION_TYPE,RAMP_INTERSECTION,SIDE_OF_HWY,TOW_AWAY,COLLISION_SEVERITY,NUMBER_KILLED,NUMBER_INJURED,PARTY_COUNT,PRIMARY_COLL_FACTOR,PCF_CODE_OF_VIOL,PCF_VIOL_CATEGORY,PCF_VIOLATION,PCF_VIOL_SUBSECTION,HIT_AND_RUN,TYPE_OF_COLLISION,MVIW,PED_ACTION,ROAD_SURFACE,ROAD_COND_1,ROAD_COND_2,LIGHTING,CONTROL_DEVICE,CHP_ROAD_TYPE,PEDESTRIAN_ACCIDENT,BICYCLE_ACCIDENT,MOTORCYCLE_ACCIDENT,TRUCK_ACCIDENT,NOT_PRIVATE_PROPERTY,ALCOHOL_INVOLVED,STWD_VEHTYPE_AT_FAULT,CHP_VEHTYPE_AT_FAULT,COUNT_SEVERE_INJ,COUNT_VISIBLE_INJ,COUNT_COMPLAINT_PAIN,COUNT_PED_KILLED,COUNT_PED_INJURED,COUNT_BICYCLIST_KILLED,COUNT_BICYCLIST_INJURED,COUNT_MC_KILLED,COUNT_MC_INJURED,PRIMARY_RAMP,SECONDARY_RAMP,LATITUDE,LONGITUDE,COUNTY,CITY,POINT_X,POINT_Y
8039197,2016,2016-05-19,1942,2016-04-12,1130,41923,555,2,5,7,1942,0,0,0,NA,0,5A15,1ST ST,GAFFEY ST,27,E,N,A,-,N,NA,NA,NA,NA,NA,NA,NA,NA,NA,Y,4,0,2,3,A,-,03,22350,NA,N,C,C,A,A,H,-,A,A,0,NA,NA,Y,NA,Y,NA,A,01,0,0,2,0,0,0,0,0,1,-,-,NA,NA,LOS ANGELES,LOS ANGELES,-118.29223136,33.74331041
8039200,2016,2016-05-19,1942,2016-04-20,1440,41704,1242,3,5,7,1942,0,0,0,L,0,12T41,62ND ST,7TH AV,0,NA,Y,A,-,N,NA,NA,NA,NA,NA,NA,NA,NA,NA,Y,4,0,1,2,A,-,09,21801,A,N,D,C,A,A,H,-,A,A,0,NA,NA,NA,NA,Y,NA,A,01,0,0,1,0,0,0,0,0,0,-,-,NA,NA,LOS ANGELES,LOS ANGELES,-118.32452006,33.98363001
8039300,2016,2016-05-24,1953,2016-04-25,2001,4817,1953,1,5,6,1953,0,0,0,NA,0,002,RAYMOND AV,HOWARD ST,200,S,N,A,-,N,NA,NA,NA,NA,NA,NA,NA,NA,NA,N,4,0,1,2,A,-,00,20001,A,F,C,E,A,A,H,-,C,D,0,NA,NA,NA,NA,Y,NA,A,01,0,0,1,0,0,0,0,0,0,-,-,NA,NA,LOS ANGELES,PASADENA,-118.1491,34.17195158
8039304,2016,2016-05-24,1953,2016-04-27,0948,7724,LACTY,3,5,6,1953,0,0,0,NA,0,001,EL MOLINO AV,GLENARM ST,100,S,N,A,-,N,NA,NA,NA,NA,NA,NA,NA,NA,NA,N,3,0,1,2,A,-,21,22106,NA,N,G,B,E,A,H,-,A,A,0,Y,NA,NA,NA,Y,NA,A,07,0,1,0,0,1,0,0,0,0,-,-,NA,NA,LOS ANGELES,PASADENA,-118.13721199,34.12728068
8039308,2016,2016-05-24,1953,2016-04-27,1119,3775,NA,3,5,6,1953,0,0,0,NA,0,NA,COLORADO BL,MENTOR AV,0,NA,Y,A,-,N,NA,NA,NA,NA,NA,NA,NA,NA,NA,Y,3,0,2,3,A,-,12,21453,A,N,D,C,A,A,H,-,A,A,0,NA,NA,NA,NA,Y,NA,A,01,0,1,1,0,0,0,0,0,0,-,-,NA,NA,LOS ANGELES,PASADENA,-118.13085005,34.14592011
8039312,2016,2016-05-24,1953,2016-04-27,1105,4666,NA,3,5,6,1953,0,0,0,NA,0,NA,HOLLISTON AV,WASHINGTON BL,0,NA,Y,A,-,N,NA,NA,NA,NA,NA,NA,NA,NA,NA,Y,4,0,1,3,A,-,09,21801,A,N,D,C,A,A,-,-,A,A,0,NA,NA,NA,NA,Y,NA,-,NA,0,0,1,0,0,0,0,0,0,-,-,NA,NA,LOS ANGELES,PASADENA,-118.12309012,34.16905002
8039316,2016,2016-05-24,1953,2016-04-27,1825,7868,1953,3,5,6,1953,0,0,0,NA,0,003,WASHINGTON BL,OXFORD AV,200,W,N,A,-,N,NA,NA,NA,NA,NA,NA,NA,NA,NA,Y,3,0,2,2,A,-,07,21658,A,N,B,C,A,A,H,-,A,D,0,NA,NA,NA,NA,Y,NA,A,01,0,1,1,0,0,0,0,0,0,-,-,NA,NA,LOS ANGELES,PASADENA,-118.11707975,34.16910522
8039336,2016,2016-08-29,1953,2016-04-26,1149,9296,NA,2,5,6,1953,0,0,0,NA,0,NA,ARROYO PKWY,CORDOVA ST,0,NA,Y,A,-,N,NA,NA,NA,NA,NA,NA,NA,NA,NA,Y,4,0,1,2,A,-,12,21453,A,N,D,C,A,A,H,-,A,A,0,NA,NA,NA,NA,Y,NA,-,NA,0,0,1,0,0,0,0,0,0,-,-,NA,NA,LOS ANGELES,PASADENA,-118.14754012,34.14225005
8039342,2016,2016-05-19,1942,2016-04-07,1400,37786,1203,4,5,7,1942,0,0,0,L,0,NA,VERNON AV,WESTERN AV,121,E,N,C,-,N,NA,NA,NA,NA,NA,NA,NA,NA,NA,N,4,0,1,3,A,-,03,22350,NA,N,B,C,A,B,G,-,A,A,0,NA,NA,NA,NA,Y,NA,A,01,0,0,1,0,0,0,0,0,0,-,-,NA,NA,LOS ANGELES,LOS ANGELES,-118.30853154,34.00372
8039384,2016,2017-02-18,1942,2016-05-09,0150,41198,9999,1,5,7,1942,0,0,0,NA,0,17T17,ROSCOE BL,RT 405,0,NA,Y,A,-,Y,LA,7,405,-,-,43.611,R,4,S,N,4,0,1,2,A,-,11,21954,A,N,A,B,D,A,H,-,C,A,0,Y,NA,NA,NA,Y,NA,N,60,0,0,1,0,1,0,0,0,0,-,SO,NA,NA,LOS ANGELES,LOS ANGELES,-118.47334179,34.21902398
8039388,2016,2016-05-25,1942,2016-05-11,1755,38185,1012,3,5,7,1942,0,0,0,J,0,19775,SATICOY ST,RESEDA BL,0,W,N,A,-,N,NA,NA,NA,NA,NA,NA,NA,NA,NA,Y,4,0,1,2,A,-,04,21703,NA,N,C,C,A,A,H,-,A,A,0,NA,NA,NA,NA,Y,NA,A,01,0,0,1,0,0,0,0,0,0,-,-,NA,NA,LOS ANGELES,LOS ANGELES,-118.5360501,34.20841001
8039392,2016,2016-05-24,1942,2016-05-11,1030,38356,1088,3,5,7,1942,0,0,0,J,0,9TL57,VENTURA BL,BALBOA BL,165,E,N,A,-,N,NA,NA,NA,NA,NA,NA,NA,NA,NA,N,4,0,2,2,A,-,07,21658,A,N,B,C,A,A,H,-,A,A,0,NA,NA,NA,NA,Y,NA,A,07,0,0,2,0,0,0,0,0,0,-,-,NA,NA,LOS ANGELES,LOS ANGELES,-118.50058539,34.15913891
8039396,2016,2016-05-24,1942,2016-05-10,2115,40290,1061,2,5,7,1942,0,0,0,J,0,10T37,VANALDEN AV,SANTA RITA ST,25,N,N,A,-,N,NA,NA,NA,NA,NA,NA,NA,NA,NA,Y,4,0,1,2,A,-,04,21703,NA,N,C,C,A,A,H,-,D,A,0,NA,NA,NA,NA,Y,NA,A,01,0,0,1,0,0,0,0,0,0,-,-,NA,NA,LOS ANGELES,LOS ANGELES,-118.55007031,34.16772858
8039399,2016,2016-05-25,1931,2016-05-12,0940,5248,1931,4,5,5,1931,0,0,0,NA,0,ONE,SLAUSON AV,PACIFIC BL,0,NA,Y,A,-,N,NA,NA,NA,NA,NA,NA,NA,NA,NA,N,3,0,1,2,A,-,12,21453,A,F,G,B,B,A,H,-,A,A,0,Y,NA,NA,NA,Y,NA,A,01,0,1,0,0,1,0,0,0,0,-,-,NA,NA,LOS ANGELES,HUNTINGTON PARK,-118.22521011,33.9892001
8039400,2016,2016-05-24,1942,2016-05-10,0900,40383,1088,2,5,7,1942,0,0,0,J,0,16T25,VENTURA BL,HAYVENHURST AV,420,E,N,A,-,N,NA,NA,NA,NA,NA,NA,NA,NA,NA,N,4,0,1,2,A,-,09,21801,A,N,D,C,A,A,H,-,A,D,0,NA,NA,NA,NA,Y,NA,A,01,0,0,1,0,0,0,0,0,0,-,-,NA,NA,LOS ANGELES,LOS ANGELES,-118.49095223,34.15736472
8039403,2016,2016-06-02,1931,2016-05-10,1243,5228,1931,2,5,5,1931,0,0,0,NA,0,001,RANDOLPH ST,RUGBY AV,0,NA,Y,A,-,N,NA,NA,NA,NA,NA,NA,NA,NA,NA,N,4,0,1,2,A,-,09,21800,A,N,D,C,A,A,H,-,A,D,0,NA,NA,NA,NA,Y,NA,A,01,0,0,1,0,0,0,0,0,0,-,-,NA,NA,LOS ANGELES,HUNTINGTON PARK,-118.22654013,33.98568008
8039404,2016,2016-05-24,1942,2016-05-10,1035,40383,1063,2,5,7,1942,0,0,0,J,0,16T25,ETIWANDA AV,VENTURA BL,20,N,N,A,-,N,NA,NA,NA,NA,NA,NA,NA,NA,NA,N,4,0,1,2,A,-,10,21950,A,N,G,B,B,A,H,-,A,A,0,Y,NA,NA,NA,Y,NA,A,01,0,0,1,0,1,0,0,0,0,-,-,NA,NA,LOS ANGELES,LOS ANGELES,-118.53081,34.16671486
8039408,2016,2016-05-24,1942,2016-05-10,2315,38980,1063,2,5,7,1942,0,0,0,J,0,10T37,RESEDA BL,VENTURA FWY,0,NA,Y,A,-,N,NA,NA,NA,NA,NA,NA,NA,NA,NA,Y,4,0,2,2,A,-,12,21453,A,N,D,C,A,A,H,-,C,A,0,NA,NA,NA,NA,Y,NA,A,07,0,0,2,0,0,0,0,0,0,-,SF,NA,NA,LOS ANGELES,LOS ANGELES,-118.53608012,34.16876003
8039412,2016,2016-05-24,1942,2016-05-11,1230,38356,0914,3,5,7,1942,0,0,0,I,0,9T57,VANOWEN ST,VESPER AV,0,NA,Y,A,-,N,NA,NA,NA,NA,NA,NA,NA,NA,NA,N,4,0,1,2,A,-,09,21801,A,N,D,C,A,A,H,-,A,A,0,NA,NA,NA,NA,Y,NA,A,01,0,0,1,0,0,0,0,0,0,-,-,NA,NA,LOS ANGELES,LOS ANGELES,-118.45095013,34.19393001
8039416,2016,2016-05-24,1942,2016-05-11,0815,39021,0955,3,5,7,1942,0,0,0,I,0,16TL23,CHANDLER BL,CALHOUN AV,30,E,N,B,-,N,NA,NA,NA,NA,NA,NA,NA,NA,NA,Y,4,0,2,3,A,-,07,21658,A,N,C,C,A,A,H,-,A,A,0,NA,NA,NA,NA,Y,NA,A,01,0,0,2,0,0,0,0,0,0,-,-,NA,NA,LOS ANGELES,LOS ANGELES,-118.442181,34.16854043
8039420,2016,2016-05-24,1942,2016-05-10,1925,33779,0971,2,5,7,1942,0,0,0,I,0,15TL44,VENTURA BL,SUNNYSLOPE AV,29,E,N,A,-,N,NA,NA,NA,NA,NA,NA,NA,NA,NA,Y,3,0,2,2,A,-,03,22350,NA,N,C,C,A,A,H,-,A,A,0,NA,NA,NA,NA,Y,NA,A,01,0,1,1,0,0,0,0,0,0,-,-,NA,NA,LOS ANGELES,LOS ANGELES,-118.42704619,34.14732437
8039424,2016,2016-05-24,1942,2016-05-10,0935,4073,0926,2,5,7,1942,0,0,0,I,0,15TL45,SYLMAR AV,VICTORY BL,0,NA,Y,A,-,N,NA,NA,NA,NA,NA,NA,NA,NA,NA,N,4,0,2,2,A,-,12,21453,A,N,D,-,A,A,H,-,A,A,0,NA,NA,NA,NA,Y,NA,-,-,0,0,2,0,0,0,0,0,0,-,-,NA,NA,LOS ANGELES,LOS ANGELES,-118.44653008,34.18667009
8039428,2016,2016-05-24,1942,2016-05-09,2130,39194,0939,1,5,7,1942,0,0,0,I,0,16TL26,BURBANK BL,COLDWATER CANYON AV,120,W,N,A,-,N,NA,NA,NA,NA,NA,NA,NA,NA,NA,N,4,0,1,2,A,-,03,22350,NA,N,C,C,A,A,H,-,C,D,0,NA,NA,NA,NA,Y,NA,A,01,0,0,1,0,0,0,0,0,0,-,-,NA,NA,LOS ANGELES,LOS ANGELES,-118.41413577,34.17212
8039432,2016,2016-05-24,1942,2016-05-06,0930,39603,0979,5,5,7,1942,0,0,0,I,0,9A5,COLDWATER CANYON BL,HOLLYWOOD FWY,0,NA,Y,B,-,N,NA,NA,NA,NA,NA,NA,NA,NA,NA,N,4,0,2,3,A,-,12,21453,A,N,A,C,A,A,H,-,A,A,0,NA,NA,NA,NA,Y,NA,A,07,0,0,2,0,0,0,0,0,0,-,WF,NA,NA,LOS ANGELES,LOS ANGELES,NA,NA
8039436,2016,2016-05-24,1942,2016-05-14,1440,36755,1764,6,5,7,1942,0,0,0,Q,0,10TL38,DEVONSHIRE ST,TUNNEY AV,0,NA,Y,A,-,N,NA,NA,NA,NA,NA,NA,NA,NA,NA,Y,4,0,1,2,A,-,07,21658,A,N,B,C,A,A,H,-,A,A,0,NA,NA,NA,NA,Y,NA,-,-,0,0,1,0,0,0,0,0,0,-,-,NA,NA,LOS ANGELES,LOS ANGELES,-118.55791004,34.25725004
8039440,2016,2016-05-24,1942,2016-05-10,0800,39096,1796,2,5,7,1942,0,0,0,Q,0,15TL47,WHITAKER AV,PARTHENIA ST,0,NA,Y,A,-,N,NA,NA,NA,NA,NA,NA,NA,NA,NA,Y,4,0,1,2,A,-,09,21802,A,N,D,C,A,A,H,-,A,A,0,NA,NA,NA,NA,Y,NA,A,01,0,0,1,0,0,0,0,0,0,-,-,NA,NA,LOS ANGELES,LOS ANGELES,-118.49932012,34.22848008
8039443,2016,2016-05-25,1942,2016-05-08,1430,34599,1781,7,5,7,1942,0,0,0,Q,0,21TL62,WINNETKA AV,NORDHOFF ST,393,S,N,A,-,N,NA,NA,NA,NA,NA,NA,NA,NA,NA,N,3,0,1,4,A,-,03,22350,NA,N,B,E,A,A,H,-,A,A,0,NA,NA,NA,NA,Y,NA,A,01,0,1,0,0,0,0,0,0,0,-,-,NA,NA,LOS ANGELES,LOS ANGELES,-118.57105,34.23072201
8039444,2016,2016-05-25,1942,2016-05-12,1655,35346,0914,4,5,7,1942,0,0,0,I,0,15T44,SHERMAN WY,VAN NUYS BL,86,W,N,A,-,N,NA,NA,NA,NA,NA,NA,NA,NA,NA,Y,3,0,4,2,A,-,07,21658,A,N,C,C,A,A,H,-,A,D,0,NA,NA,Y,NA,Y,NA,C,02,0,1,3,0,0,0,0,0,1,-,-,NA,NA,LOS ANGELES,LOS ANGELES,-118.44900389,34.20118722
8039447,2016,2016-05-25,1942,2016-05-16,2250,36336,1767,1,5,7,1942,0,0,0,Q,0,15T43,PLUMMER ST,RESEDA BL,0,W,N,A,-,N,NA,NA,NA,NA,NA,NA,NA,NA,NA,N,4,0,2,2,A,-,08,22102,NA,N,D,C,A,A,H,-,C,D,0,NA,NA,NA,NA,Y,NA,A,01,0,0,2,0,0,0,0,0,0,-,-,NA,NA,LOS ANGELES,LOS ANGELES,-118.53608012,34.24274003
8039448,2016,2017-03-16,1942,2016-05-12,1815,37304,1708,4,5,7,1942,0,0,0,Q,0,9TL53,BARNESTON ST,GOTHIC AV,4,W,N,A,-,N,NA,NA,NA,NA,NA,NA,NA,NA,NA,N,1,1,0,2,A,-,10,21950,A,N,G,B,B,A,H,-,A,A,0,Y,NA,NA,NA,Y,NA,A,07,0,0,0,1,0,0,0,0,0,-,-,NA,NA,LOS ANGELES,LOS ANGELES,-118.48958319,34.28496927
8039451,2016,2016-05-25,1942,2016-05-13,1515,40193,1764,5,5,7,1942,0,0,0,Q,0,17TL14,TAMPA AV,MERRIDY ST,0,NA,Y,A,-,N,NA,NA,NA,NA,NA,NA,NA,NA,NA,N,4,0,1,2,A,-,09,21801,A,N,D,C,A,A,H,-,A,A,0,NA,NA,NA,NA,Y,NA,A,01,0,0,1,0,0,0,0,0,0,-,-,NA,NA,LOS ANGELES,LOS ANGELES,-118.55357003,34.25213011
8039452,2016,2016-05-25,1942,2016-05-15,1255,40928,1654,7,5,7,1942,0,0,0,P,0,16T23,OSBORNE ST,NORRIS AV,80,W,N,A,-,N,NA,NA,NA,NA,NA,NA,NA,NA,NA,Y,2,0,1,1,A,-,01,23152,A,N,E,I,A,A,H,-,A,D,0,NA,NA,NA,NA,Y,Y,A,01,1,0,0,0,0,0,0,0,0,-,-,NA,NA,LOS ANGELES,LOS ANGELES,-118.40423925,34.25804586
8039455,2016,2016-05-25,1942,2016-05-13,1415,40193,1797,5,5,7,1942,0,0,0,Q,0,17TL14,HAYVENHURST AV,PARTHENIA ST,530,N,N,A,-,N,NA,NA,NA,NA,NA,NA,NA,NA,NA,Y,3,0,1,1,A,-,03,22350,NA,N,E,I,A,A,H,-,A,D,0,NA,NA,NA,NA,Y,NA,A,07,0,1,0,0,0,0,0,0,0,-,-,NA,NA,LOS ANGELES,LOS ANGELES,-118.49385493,34.22990374
8039456,2016,2016-05-25,1942,2016-05-14,0005,31652,1993,6,5,7,1942,0,0,0,NA,0,19T73,SEPULVEDA BL,ROSCOE BL,15,S,N,B,-,N,NA,NA,NA,NA,NA,NA,NA,NA,NA,Y,4,0,1,3,A,-,01,23152,A,F,D,G,A,A,H,-,C,A,0,NA,Y,NA,NA,Y,Y,A,01,0,0,1,0,0,0,1,0,0,-,-,NA,NA,LOS ANGELES,LOS ANGELES,-118.46773765,34.2213489
8039459,2016,2016-05-25,1942,2016-05-14,1415,40119,1785,6,5,7,1942,0,0,0,Q,0,21TL64,NORDHOFF ST,ETIWANDA AV,125,W,N,A,-,N,NA,NA,NA,NA,NA,NA,NA,NA,NA,N,4,0,1,3,A,-,03,22350,NA,N,C,C,A,A,H,-,A,D,0,NA,NA,NA,NA,Y,NA,A,01,0,0,1,0,0,0,0,0,0,-,-,NA,NA,LOS ANGELES,LOS ANGELES,-118.53214285,34.23549
8039460,2016,2016-05-25,1942,2016-05-14,0110,39281,1964,6,5,7,1942,0,0,0,NA,0,15T43,VAN NUYS BL,NORDHOFF ST,2,N,N,A,-,N,NA,NA,NA,NA,NA,NA,NA,NA,NA,Y,4,0,1,1,A,-,01,23152,A,M,A,I,A,A,H,-,C,A,0,NA,NA,NA,NA,Y,Y,A,01,0,0,1,0,0,0,0,0,0,-,-,NA,NA,LOS ANGELES,LOS ANGELES,-118.45025,34.23541549
8039463,2016,2016-05-25,1942,2016-05-10,2325,33504,1787,2,5,7,1942,0,0,0,Q,0,16TL23,NORDHOFF ST,ZELZAH AV,0,NA,Y,A,-,N,NA,NA,NA,NA,NA,NA,NA,NA,NA,Y,3,0,1,2,A,-,12,21453,A,N,-,C,A,A,H,-,C,A,0,NA,NA,NA,NA,Y,NA,A,01,0,1,0,0,0,0,0,0,0,-,-,NA,NA,LOS ANGELES,LOS ANGELES,-118.52318007,34.23569007
8039464,2016,2016-05-25,1942,2016-05-13,1525,41316,1962,5,5,7,1942,0,0,0,NA,0,9TL58,LEMONA AV,NORDHOFF ST,41,N,N,A,-,N,NA,NA,NA,NA,NA,NA,NA,NA,NA,Y,4,0,1,2,A,-,08,22107,NA,F,D,C,A,A,H,-,A,D,0,NA,NA,NA,NA,Y,NA,A,01,0,0,1,0,0,0,0,0,0,-,-,NA,NA,LOS ANGELES,LOS ANGELES,-118.45881,34.23558246
8039467,2016,2016-05-25,1942,2016-05-08,2050,41198,1785,7,5,7,1942,0,0,0,Q,0,17T17,RESEDA BL,NORDHOFF ST,0,NA,Y,A,-,N,NA,NA,NA,NA,NA,NA,NA,NA,NA,Y,4,0,3,2,A,-,12,21453,A,N,D,C,A,A,H,-,C,A,0,NA,NA,NA,NA,Y,NA,A,01,0,0,3,0,0,0,0,0,0,-,-,NA,NA,LOS ANGELES,LOS ANGELES,-118.53609012,34.23544007
8039468,2016,2016-05-25,1942,2016-05-12,2050,31652,1944,4,5,7,1942,0,0,0,NA,0,19T73,LAUREL CANYON BL,CHAMBERLAIN ST,48,N,N,A,-,N,NA,NA,NA,NA,NA,NA,NA,NA,NA,Y,2,0,2,3,A,-,08,22107,NA,F,A,C,A,A,H,-,C,A,0,NA,NA,NA,NA,Y,Y,A,01,2,0,0,0,0,0,0,0,0,-,-,NA,NA,LOS ANGELES,LOS ANGELES,-118.44355421,34.26950924
8039471,2016,2016-06-02,1942,2016-05-11,1150,38613,1708,3,5,7,1942,0,0,0,Q,0,19T74,BALBOA BL,KNOLLWOOD PLAZA,300,S,N,A,-,N,NA,NA,NA,NA,NA,NA,NA,NA,NA,N,4,0,3,2,A,-,09,21801,A,N,D,C,A,A,H,-,A,D,0,NA,NA,NA,NA,Y,NA,A,01,0,0,3,0,0,0,0,0,0,-,-,NA,NA,LOS ANGELES,LOS ANGELES,-118.50200001,34.28789663
8039472,2016,2016-05-25,1942,2016-05-12,2105,33504,1612,4,5,7,1942,0,0,0,P,0,9TL57,BRADLEY AV,PAXTON ST,65,S,N,A,-,N,NA,NA,NA,NA,NA,NA,NA,NA,NA,N,4,0,2,2,A,-,01,23152,A,N,C,C,A,A,H,-,C,A,0,NA,NA,NA,NA,Y,Y,A,01,0,0,2,0,0,0,0,0,0,-,-,NA,NA,LOS ANGELES,LOS ANGELES,-118.42443727,34.27472679
8039475,2016,2016-05-25,1942,2016-05-16,1240,40735,1794,1,5,7,1942,0,0,0,Q,0,9TL54,PARTHENIA ST,WILBUR AV,0,NA,Y,A,-,N,NA,NA,NA,NA,NA,NA,NA,NA,NA,Y,3,0,2,2,D,-,00,NA,NA,N,D,C,A,A,H,-,A,B,0,NA,NA,NA,NA,Y,NA,-,-,0,1,1,0,0,0,0,0,0,-,-,NA,NA,LOS ANGELES,LOS ANGELES,-118.5448301,34.22824012
8039479,2016,2016-05-25,1942,2016-05-16,1135,39355,1753,1,5,7,1942,0,0,0,Q,0,10TL34,DEVONSHIRE ST,MASON ST,400,E,N,A,-,N,NA,NA,NA,NA,NA,NA,NA,NA,NA,Y,3,0,1,2,A,-,09,21801,A,N,D,C,A,A,H,-,A,D,0,NA,NA,Y,NA,Y,NA,A,01,0,1,0,0,0,0,0,0,1,-,-,NA,NA,LOS ANGELES,LOS ANGELES,-118.57851847,34.25726
8039483,2016,2016-05-25,1942,2016-05-16,1520,40735,1781,1,5,7,1942,0,0,0,Q,0,97L54,INDEPENDENCE AV,PARTHENIA ST,0,NA,Y,A,-,N,NA,NA,NA,NA,NA,NA,NA,NA,NA,N,4,0,1,2,A,-,09,21801,A,N,D,C,A,A,H,-,A,A,0,NA,NA,NA,NA,Y,NA,A,01,0,0,1,0,0,0,0,0,0,-,-,NA,NA,LOS ANGELES,LOS ANGELES,-118.59071013,34.22820005
8039487,2016,2016-05-25,1942,2016-05-11,1810,39575,0939,3,5,7,1942,0,0,0,I,0,35EL11,OXNARD ST,ETHEL AV,0,NA,Y,A,-,N,NA,NA,NA,NA,NA,NA,NA,NA,NA,Y,3,0,2,2,A,-,09,21801,A,N,D,C,A,A,H,-,A,A,0,NA,NA,NA,NA,Y,NA,A,01,0,2,0,0,0,0,0,0,0,-,-,NA,NA,LOS ANGELES,LOS ANGELES,-118.41814008,34.17940009
8039491,2016,2016-05-25,1942,2016-05-11,1720,38995,1008,3,5,7,1942,0,0,0,J,0,17TL16,SHERMAN WY,HAYVENHURST AV,800,E,N,A,-,N,NA,NA,NA,NA,NA,NA,NA,NA,NA,Y,3,0,3,2,A,-,21,22106,NA,N,C,C,A,A,H,-,A,A,0,NA,NA,NA,NA,Y,NA,A,07,0,1,2,0,0,0,0,0,0,-,-,NA,NA,LOS ANGELES,LOS ANGELES,-118.48976899,34.20123792
8039495,2016,2016-05-25,1942,2016-05-10,1645,34599,1006,2,5,7,1942,0,0,0,J,0,21TL62,ROSCOE BL,CELIA PL,0,NA,Y,A,-,N,NA,NA,NA,NA,NA,NA,NA,NA,NA,N,4,0,3,2,A,-,09,21801,A,N,D,C,A,A,H,-,A,A,0,NA,NA,NA,NA,Y,NA,A,01,0,0,3,0,0,0,0,0,0,-,-,NA,NA,LOS ANGELES,LOS ANGELES,-118.5079101,34.22114008
8039499,2016,2016-05-25,1942,2016-05-09,1400,37080,1043,1,5,7,1942,0,0,0,J,0,19TL76,RESEDA BL,OXNARD ST,0,NA,Y,B,-,N,NA,NA,NA,NA,NA,NA,NA,NA,NA,N,3,0,1,2,A,-,11,21955,NA,N,G,B,D,A,H,-,A,D,0,Y,NA,NA,NA,Y,NA,N,60,0,1,0,0,1,0,0,0,0,-,-,NA,NA,LOS ANGELES,LOS ANGELES,-118.53601011,34.17998002
8039503,2016,2016-05-25,1942,2016-05-10,1115,37737,1062,2,5,7,1942,0,0,0,J,0,10TL35,VENTURA BL,MECCA AV,0,NA,Y,B,-,N,NA,NA,NA,NA,NA,NA,NA,NA,NA,Y,3,0,1,2,A,-,09,21801,A,N,D,C,A,A,H,-,A,D,0,NA,NA,NA,NA,Y,NA,A,01,0,1,0,0,0,0,0,0,0,-,-,NA,NA,LOS ANGELES,LOS ANGELES,-118.53749,34.16933004
8039507,2016,2016-05-25,1942,2016-05-04,2200,41158,1089,3,5,7,1942,0,0,0,J,0,10A99,VENTURA BL,WOODLEY AV,0,NA,Y,A,-,N,NA,NA,NA,NA,NA,NA,NA,NA,NA,N,3,0,1,2,A,-,11,21456,B,N,A,B,B,A,H,-,C,A,0,Y,NA,NA,NA,Y,NA,A,01,0,1,0,0,1,0,0,0,0,-,-,NA,NA,LOS ANGELES,LOS ANGELES,-118.48366011,34.15636004
8039511,2016,2017-02-18,1942,2016-05-07,2340,41158,NA,6,5,7,1942,0,0,0,NA,0,10A17,BURBANK BL,RT 405,0,NA,Y,A,-,Y,LA,7,405,-,-,40.5,R,4,S,Y,4,0,1,2,A,-,12,21453,A,N,D,C,A,A,H,-,C,A,0,NA,NA,NA,NA,Y,NA,A,01,0,0,1,0,0,0,0,0,0,-,-,NA,NA,LOS ANGELES,LOS ANGELES,-118.46793548,34.17523223
8039515,2016,2016-05-25,1942,2016-05-06,1345,41468,1049,5,5,7,1942,0,0,0,J,0,NA,BURBANK BL,BALBOA BL,0,NA,Y,A,-,N,NA,NA,NA,NA,NA,NA,NA,NA,NA,N,4,0,1,3,A,-,07,21658,A,N,B,C,A,B,-,-,A,D,0,NA,NA,NA,NA,Y,NA,A,01,0,0,1,0,0,0,0,0,0,-,-,NA,NA,LOS ANGELES,LOS ANGELES,-118.50119013,34.17222007
8039519,2016,2017-04-22,1942,2016-05-08,1050,33623,1015,7,5,7,1942,0,0,0,J,0,1025,SHERMAN WY,ETIWANDA AV,0,NA,Y,A,-,N,NA,NA,NA,NA,NA,NA,NA,NA,NA,Y,3,0,3,2,A,-,09,21453,NA,N,A,C,A,A,H,-,A,A,0,NA,NA,NA,NA,Y,NA,A,01,0,1,2,0,0,0,0,0,0,-,-,NA,NA,LOS ANGELES,LOS ANGELES,-118.53168012,34.20118004
8039536,2016,2016-05-16,1900,2016-04-23,0750,520027,2826,6,5,5,1915,0,0,0,NA,0,282T2,ROSECRANS AV,CASTLEGATE AV,0,NA,Y,A,-,N,NA,NA,NA,NA,NA,NA,NA,NA,NA,N,4,0,1,2,A,-,08,22107,NA,N,B,C,A,A,H,-,A,D,0,NA,NA,NA,NA,Y,NA,-,-,0,0,1,0,0,0,0,0,0,-,-,NA,NA,LOS ANGELES,COMPTON,-118.19690013,33.90356011