CASE_ID,ACCIDENT_YEAR,PROC_DATE,JURIS,COLLISION_DATE,COLLISION_TIME,OFFICER_ID,REPORTING_DISTRICT,DAY_OF_WEEK,CHP_SHIFT,POPULATION,CNTY_CITY_LOC,SPECIAL_COND,BEAT_TYPE,CHP_BEAT_TYPE,CITY_DIVISION_LAPD,CHP_BEAT_CLASS,BEAT_NUMBER,PRIMARY_RD,SECONDARY_RD,DISTANCE,DIRECTION,INTERSECTION,WEATHER_1,WEATHER_2,STATE_HWY_IND,CALTRANS_COUNTY,CALTRANS_DISTRICT,STATE_ROUTE,ROUTE_SUFFIX,POSTMILE_PREFIX,POSTMILE,LOCATION_TYPE,RAMP_INTERSECTION,SIDE_OF_HWY,TOW_AWAY,COLLISION_SEVERITY,NUMBER_KILLED,NUMBER_INJURED,PARTY_COUNT,PRIMARY_COLL_FACTOR,PCF_CODE_OF_VIOL,PCF_VIOL_CATEGORY,PCF_VIOLATION,PCF_VIOL_SUBSECTION,HIT_AND_RUN,TYPE_OF_COLLISION,MVIW,PED_ACTION,ROAD_SURFACE,ROAD_COND_1,ROAD_COND_2,LIGHTING,CONTROL_DEVICE,CHP_ROAD_TYPE,PEDESTRIAN_ACCIDENT,BICYCLE_ACCIDENT,MOTORCYCLE_ACCIDENT,TRUCK_ACCIDENT,NOT_PRIVATE_PROPERTY,ALCOHOL_INVOLVED,STWD_VEHTYPE_AT_FAULT,CHP_VEHTYPE_AT_FAULT,COUNT_SEVERE_INJ,COUNT_VISIBLE_INJ,COUNT_COMPLAINT_PAIN,COUNT_PED_KILLED,COUNT_PED_INJURED,COUNT_BICYCLIST_KILLED,COUNT_BICYCLIST_INJURED,COUNT_MC_KILLED,COUNT_MC_INJURED,PRIMARY_RAMP,SECONDARY_RAMP,LATITUDE,LONGITUDE,COUNTY,CITY,POINT_X,POINT_Y
8048956,2016,2016-06-01,1976,2016-05-06,1948,351,1976,5,5,5,1976,0,0,0,NA,0,002,LAMBERT RD,GREENLEAF AV,250,E,N,A,-,N,NA,NA,NA,NA,NA,NA,NA,NA,NA,N,4,0,1,2,D,-,00,NA,NA,N,C,C,A,B,H,-,C,D,0,NA,NA,NA,NA,Y,NA,-,-,0,0,1,0,0,0,0,0,0,-,-,NA,NA,LOS ANGELES,WHITTIER,-118.04124867,33.96049129
8048960,2016,2016-06-01,1976,2016-05-09,1456,375,NA,1,5,5,1976,0,0,0,NA,0,NA,BROADWAY,CANOBIE AV,50,W,N,A,-,N,NA,NA,NA,NA,NA,NA,NA,NA,NA,N,4,0,1,3,A,-,04,21703,NA,N,C,C,A,A,H,-,A,D,0,NA,NA,NA,NA,Y,NA,D,22,0,0,1,0,0,0,0,0,0,-,-,NA,NA,LOS ANGELES,WHITTIER,-118.05266458,33.98633
8049016,2016,2016-06-01,1942,2016-05-12,0730,38857,0904,4,5,7,1942,0,0,0,I,0,10TL39,SATICOY ST,BURNET AV,30,W,N,A,-,N,NA,NA,NA,NA,NA,NA,NA,NA,NA,N,4,0,1,2,A,-,03,22350,NA,F,B,C,A,A,H,-,A,A,0,NA,NA,NA,NA,Y,NA,-,99,0,0,1,0,0,0,0,0,0,-,-,NA,NA,LOS ANGELES,LOS ANGELES,-118.46411904,34.20846907
8049020,2016,2016-06-01,1942,2016-05-14,0045,35471,0932,6,5,7,1942,0,0,0,I,0,19TL75,KESTER AV,AETNA ST,70,S,N,A,-,N,NA,NA,NA,NA,NA,NA,NA,NA,NA,Y,3,0,2,6,A,-,03,22350,NA,F,C,C,A,A,H,-,C,D,0,NA,NA,NA,NA,Y,NA,D,22,0,1,1,0,0,0,0,0,0,-,-,NA,NA,LOS ANGELES,LOS ANGELES,-118.45744737,34.17992801
8049031,2016,2016-06-02,1944,2016-04-20,1416,345,SOUTH,3,5,4,1944,0,0,0,NA,0,004,MARINE AV,REDONDO AV,35,W,N,A,-,N,NA,NA,NA,NA,NA,NA,NA,NA,NA,N,4,0,1,2,A,-,03,22350,NA,M,C,C,A,A,H,-,A,A,0,NA,NA,NA,NA,Y,NA,A,07,0,0,1,0,0,0,0,0,0,-,-,NA,NA,LOS ANGELES,MANHATTAN BEACH,-118.38318512,33.89458
8049040,2016,2017-02-11,1942,2016-05-15,1545,36755,1983,7,5,7,1942,0,0,0,NA,0,10TL38,PARTHENIA ST,SEPULVEDA BL,300,E,N,A,-,N,NA,NA,NA,NA,NA,NA,NA,NA,NA,Y,4,0,1,3,A,-,03,22350,NA,F,C,C,A,A,H,-,A,B,0,NA,NA,NA,NA,Y,NA,-,99,0,0,1,0,0,0,0,0,0,-,-,NA,NA,LOS ANGELES,LOS ANGELES,-118.46666932,34.22826768
8049045,2016,2016-06-01,1942,2016-05-18,1550,39335,1794,3,5,7,1942,0,0,0,Q,0,10TL34,RESEDA BL,ROSCOE BL,400,N,N,A,-,N,NA,NA,NA,NA,NA,NA,NA,NA,NA,N,4,0,1,2,A,-,08,22107,NA,F,B,G,A,A,H,-,A,D,0,NA,Y,NA,NA,Y,NA,-,99,0,0,1,0,0,0,1,0,0,-,-,NA,NA,LOS ANGELES,LOS ANGELES,-118.53607,34.22184719
8049049,2016,2016-06-01,1942,2016-05-19,2130,36565,1792,4,5,7,1942,0,0,0,Q,0,16T25,CORBIN AV,PARTHENIA ST,20,S,N,A,-,N,NA,NA,NA,NA,NA,NA,NA,NA,NA,N,4,0,1,2,A,-,04,21703,NA,F,C,C,A,A,H,-,C,A,0,NA,NA,NA,NA,Y,NA,D,22,0,0,1,0,0,0,0,0,0,-,-,NA,NA,LOS ANGELES,LOS ANGELES,-118.56229119,34.22817515
8049055,2016,2016-08-29,1976,2016-05-13,2211,418,NA,5,5,5,1976,0,0,0,NA,0,004,WHITTIER BL,VIRGINIA AV,161,W,N,A,-,N,NA,NA,NA,NA,NA,NA,NA,NA,NA,N,3,0,1,2,A,-,10,21952,NA,F,G,B,F,A,H,-,C,D,0,Y,NA,NA,NA,Y,NA,A,07,0,1,0,0,1,0,0,0,0,-,-,NA,NA,LOS ANGELES,WHITTIER,-117.98962189,33.94293302
8049060,2016,2016-06-01,1902,2016-05-15,1847,711,15,7,5,5,1902,0,0,0,NA,0,002,HUNTINGTON DR,CENTENNIAL WY,0,NA,Y,B,-,N,NA,NA,NA,NA,NA,NA,NA,NA,NA,Y,4,0,2,2,A,-,01,23152,A,N,D,C,A,A,H,-,A,A,0,NA,NA,NA,NA,Y,Y,A,01,0,0,2,0,0,0,0,0,0,-,-,NA,NA,LOS ANGELES,ARCADIA,-118.040902,34.136513
8049061,2016,2017-02-18,1942,2016-05-11,0925,30452,1547,3,5,7,1942,0,0,0,O,0,9TL53,MAGNOLIA BL,RT 170,0,NA,Y,A,-,Y,LA,7,170,-,R,15.58,R,4,S,N,4,0,1,2,A,-,08,22107,NA,N,D,C,A,A,H,-,A,A,0,NA,NA,NA,Y,Y,NA,A,07,0,0,1,0,0,0,0,0,0,-,SO,NA,NA,LOS ANGELES,LOS ANGELES,-118.38424557,34.1679618
8049064,2016,2016-06-01,1902,2016-05-17,0842,694,14,2,5,5,1902,0,0,0,NA,0,002,1ST AV,EL DORADO AV,0,NA,Y,A,-,N,NA,NA,NA,NA,NA,NA,NA,NA,NA,N,4,0,1,2,A,-,05,21650,NA,N,B,G,A,A,H,-,A,D,0,NA,Y,NA,NA,Y,NA,L,04,0,0,1,0,0,0,1,0,0,-,-,NA,NA,LOS ANGELES,ARCADIA,-118.02824004,34.13457004
8049065,2016,2017-02-18,1942,2016-05-09,0845,38996,1798,1,5,7,1942,0,0,0,Q,0,16TL25,NORDHOFF ST,RT 405,0,NA,Y,B,-,Y,LA,7,405,-,-,44.9,R,4,S,N,4,0,1,2,A,-,00,22101,B,N,A,C,A,A,-,-,A,A,0,NA,NA,NA,Y,Y,NA,F,27,0,0,1,0,0,0,0,0,0,-,SF,NA,NA,LOS ANGELES,LOS ANGELES,-118.47315764,34.23774017
8049068,2016,2016-06-01,1902,2016-05-20,2035,682,11,5,5,5,1902,0,0,0,NA,0,001,SANTA CLARA ST,SANTA ANITA AV,0,NA,Y,A,-,N,NA,NA,NA,NA,NA,NA,NA,NA,NA,N,3,0,1,2,A,-,05,21650,NA,N,D,G,A,A,H,-,D,A,0,NA,Y,NA,NA,Y,NA,L,04,0,1,0,0,0,0,1,0,0,-,-,NA,NA,LOS ANGELES,ARCADIA,-118.03155009,34.1422201
8049073,2016,2017-05-16,1942,2016-04-12,1347,NA,NA,2,5,7,1942,0,0,0,NA,0,NA,HAZELTINE AV,CALIFA ST,200,N,N,A,-,N,NA,NA,NA,NA,NA,NA,NA,NA,NA,Y,3,0,3,4,A,-,03,22350,NA,N,E,E,A,A,H,-,A,D,0,NA,NA,NA,NA,Y,NA,A,01,0,2,1,0,0,0,0,0,0,-,-,34.1781,-118.44,LOS ANGELES,LOS ANGELES,-118.43996,34.17810858
8049091,2016,2017-02-18,1944,2016-05-13,1409,259,SOUTH,5,5,4,1944,0,0,0,NA,0,001,SEPULVEDA BL,10TH ST,0,NA,Y,B,-,Y,LA,7,1,-,-,22.791,I,5,N,N,4,0,2,2,A,-,08,22101,D,N,C,C,A,A,H,-,A,D,0,NA,NA,NA,NA,Y,NA,A,01,0,0,2,0,0,0,0,0,0,-,-,NA,NA,LOS ANGELES,MANHATTAN BEACH,-118.3959509,33.88565169
8049094,2016,2016-06-03,1941,2016-05-19,2003,10782,NA,4,5,7,1941,0,0,0,NA,0,NA,15TH ST,CHERRY AV,0,NA,Y,A,-,N,NA,NA,NA,NA,NA,NA,NA,NA,NA,Y,2,0,1,2,A,-,10,21952,NA,F,B,G,A,A,H,-,C,A,0,NA,Y,NA,Y,Y,NA,F,NA,1,0,0,0,0,0,1,0,0,-,-,NA,NA,LOS ANGELES,LONG BEACH,-118.16767,33.78623011
8049096,2016,2016-10-13,1942,2016-05-15,0120,41396,1025,7,5,7,1942,0,0,0,J,0,19T73,SHERMAN WAY,TAMPA AV,112,E,N,B,-,N,NA,NA,NA,NA,NA,NA,NA,NA,NA,N,3,0,1,2,A,-,04,21703,NA,F,C,C,A,A,H,-,C,A,0,NA,NA,NA,NA,Y,NA,-,99,0,1,0,0,0,0,0,0,0,-,-,NA,NA,LOS ANGELES,LOS ANGELES,-118.55310025,34.20116352
8049100,2016,2016-06-01,1942,2016-05-18,1700,38273,1061,3,5,7,1942,0,0,0,J,0,15T43,SHIRLEY AV,VENTURA BL,30,S,N,A,-,N,NA,NA,NA,NA,NA,NA,NA,NA,NA,N,4,0,1,2,A,-,03,22350,NA,F,C,C,A,A,H,-,C,D,0,NA,NA,NA,NA,Y,NA,-,99,0,0,1,0,0,0,0,0,0,-,-,NA,NA,LOS ANGELES,LOS ANGELES,-118.55784,34.1726877
8049104,2016,2016-06-01,1942,2016-05-13,1750,41316,0909,5,5,7,1942,0,0,0,I,0,9TL58,WOODMAN AV,RUNNYMEDE ST,0,NA,Y,A,-,N,NA,NA,NA,NA,NA,NA,NA,NA,NA,Y,4,0,1,2,A,-,03,22350,NA,F,C,C,A,A,H,-,A,D,0,NA,NA,NA,NA,Y,Y,A,01,0,0,1,0,0,0,0,0,0,-,-,NA,NA,LOS ANGELES,LOS ANGELES,-118.43125011,34.20614011
8049108,2016,2017-02-11,1942,2016-05-12,0755,39021,1645,4,5,7,1942,0,0,0,P,0,16TL23,GLENOAKS BL,PIERCE ST,0,NA,Y,A,-,N,NA,NA,NA,NA,NA,NA,NA,NA,NA,N,4,0,1,2,A,-,12,21453,A,F,A,C,A,A,H,-,A,A,0,NA,NA,NA,NA,Y,NA,-,99,0,0,1,0,0,0,0,0,0,-,-,NA,NA,LOS ANGELES,LOS ANGELES,-118.40851013,34.27069011
8049112,2016,2017-02-10,1942,2016-05-12,0105,38980,1545,4,5,7,1942,0,0,0,O,0,10T37,TUJUNGA AV,VENTURA FWY,25,N,N,A,-,Y,LA,7,101,-,-,12.013,R,4,N,N,4,0,2,2,A,-,03,22350,NA,F,C,C,A,A,H,-,C,D,0,NA,NA,NA,NA,Y,NA,-,99,0,0,2,0,0,0,0,0,0,-,-,NA,NA,LOS ANGELES,LOS ANGELES,-118.38177109,34.15458506
8049116,2016,2016-08-29,1942,2016-05-12,1530,41316,1504,4,5,7,1942,0,0,0,O,0,19T74,SHERMAN WAY,LANKERSHIM BL,0,W,N,A,-,N,NA,NA,NA,NA,NA,NA,NA,NA,NA,Y,4,0,2,3,A,-,03,22350,NA,F,C,C,A,A,H,-,A,D,0,NA,NA,NA,NA,Y,Y,A,01,0,0,2,0,0,0,0,0,0,-,-,NA,NA,LOS ANGELES,LOS ANGELES,-118.38778008,34.2011901
8049120,2016,2016-06-01,1942,2016-05-16,0335,37464,1516,1,5,7,1942,0,0,0,O,0,15A39,VANOWEN ST,KRAFT AV,0,NA,Y,A,-,N,NA,NA,NA,NA,NA,NA,NA,NA,NA,Y,4,0,1,2,A,-,01,23153,NA,N,D,C,A,A,H,-,C,B,0,NA,NA,NA,NA,Y,Y,A,01,0,0,1,0,0,0,0,0,0,-,-,NA,NA,LOS ANGELES,LOS ANGELES,-118.38015007,34.19395002
8049121,2016,2016-06-01,1942,2016-05-14,1750,40119,1515,6,5,7,1942,0,0,0,O,0,21TL64,LANKERSHIM BL,VOSE ST,0,NA,Y,A,-,N,NA,NA,NA,NA,NA,NA,NA,NA,NA,Y,4,0,1,2,A,-,09,21801,A,F,D,D,A,A,H,-,A,D,0,NA,NA,NA,NA,Y,NA,A,01,0,0,1,0,0,0,0,0,0,-,-,NA,NA,LOS ANGELES,LOS ANGELES,-118.3877901,34.19842002
8049125,2016,2016-06-01,1942,2016-05-15,0200,31652,1536,7,5,7,1942,0,0,0,O,0,16T73,OXNARD ST,FAIR AV,0,NA,Y,B,-,N,NA,NA,NA,NA,NA,NA,NA,NA,NA,Y,4,0,2,2,A,-,09,21804,A,F,D,C,A,A,H,-,C,A,0,NA,NA,NA,NA,Y,NA,A,07,0,0,2,0,0,0,0,0,0,-,-,NA,NA,LOS ANGELES,LOS ANGELES,-118.37467006,34.17943008
8049129,2016,2016-06-01,1942,2016-05-15,1530,37080,2138,7,5,7,1942,0,0,0,NA,0,19TL76,COZYCROFT AV,SATICOY ST,0,NA,Y,B,-,N,NA,NA,NA,NA,NA,NA,NA,NA,NA,Y,4,0,2,2,A,-,09,21801,A,F,D,C,A,A,H,-,A,D,0,NA,NA,NA,NA,Y,NA,-,99,0,0,2,0,0,0,0,0,0,-,-,NA,NA,LOS ANGELES,LOS ANGELES,-118.58192,34.2083501
8049133,2016,2016-06-01,1942,2016-05-15,2100,37304,1998,7,5,7,1942,0,0,0,NA,0,17TL17,ROSCOE BL,LENNOX AV,0,NA,Y,A,-,N,NA,NA,NA,NA,NA,NA,NA,NA,NA,N,3,0,1,2,A,-,09,21801,A,F,D,C,A,A,H,-,C,A,0,NA,NA,NA,NA,Y,NA,-,99,0,1,0,0,0,0,0,0,0,-,-,NA,NA,LOS ANGELES,LOS ANGELES,-118.44596012,34.22158002
8049137,2016,2016-06-01,1942,2016-05-13,1530,37676,1962,5,5,7,1942,0,0,0,NA,0,16TL26,LEMONA AV,STASSEN ST,3,S,N,A,-,N,NA,NA,NA,NA,NA,NA,NA,NA,NA,Y,4,0,1,1,A,-,03,22350,NA,N,E,I,A,A,H,-,A,D,0,NA,NA,NA,NA,Y,NA,A,01,0,0,1,0,0,0,0,0,0,-,-,NA,NA,LOS ANGELES,LOS ANGELES,-118.45875007,34.24496177
8049141,2016,2016-06-01,1942,2016-05-18,1925,35346,1035,3,5,7,1942,0,0,0,J,0,10T35,VICTORY ST,NEWCASTLE AV,80,E,N,A,-,N,NA,NA,NA,NA,NA,NA,NA,NA,NA,Y,4,0,2,2,A,-,03,22350,NA,F,B,C,A,A,H,-,A,D,0,NA,NA,NA,NA,Y,NA,A,01,0,0,2,0,0,0,0,0,0,-,-,NA,NA,LOS ANGELES,LOS ANGELES,-118.52522595,34.18678693
8049145,2016,2016-06-01,1942,2016-05-19,0125,33504,0911,4,5,7,1942,0,0,0,I,0,21T61,SEPULVEDA BL,ARCHWOOD ST,52,S,N,A,-,N,NA,NA,NA,NA,NA,NA,NA,NA,NA,Y,3,0,2,4,A,-,01,23152,A,N,C,C,A,A,H,-,C,D,0,NA,NA,NA,NA,Y,NA,-,NA,0,2,0,0,0,0,0,0,0,-,-,NA,NA,LOS ANGELES,LOS ANGELES,-118.46619,34.19286737
8049150,2016,2016-06-01,1942,2016-05-11,1340,35511,1622,3,5,7,1942,0,0,0,P,0,16A11,SAN FERNANDO RD,PAXTON ST,200,S,N,A,-,N,NA,NA,NA,NA,NA,NA,NA,NA,NA,N,4,0,1,2,A,-,03,22350,NA,M,C,C,A,A,H,-,A,A,0,NA,NA,NA,NA,Y,NA,A,01,0,0,1,0,0,0,0,0,0,-,-,NA,NA,LOS ANGELES,LOS ANGELES,-118.42800918,34.27162135
8049153,2016,2016-06-01,1942,2016-05-17,2258,35346,1622,2,5,7,1942,0,0,0,P,0,16T25,WEIDNER ST,TAMARACK AV,43,W,N,A,-,N,NA,NA,NA,NA,NA,NA,NA,NA,NA,Y,3,0,1,4,A,-,01,23152,A,M,C,E,A,A,H,-,C,D,0,NA,NA,NA,NA,Y,Y,A,01,0,1,0,0,0,0,0,0,0,-,-,NA,NA,LOS ANGELES,LOS ANGELES,-118.42984336,34.26886738
8049203,2016,2016-07-11,1942,2016-05-10,1945,33504,0946,2,5,7,1942,0,0,0,I,0,16T23,WOODMAN AV,BURBANK BL,0,NA,Y,A,-,N,NA,NA,NA,NA,NA,NA,NA,NA,NA,Y,4,0,2,3,A,-,03,22350,NA,N,A,C,A,A,H,-,A,A,0,NA,NA,NA,NA,Y,NA,-,-,0,0,2,0,0,0,0,0,0,-,-,NA,NA,LOS ANGELES,LOS ANGELES,-118.43126013,34.17213009
8049215,2016,2016-06-01,1942,2016-05-13,0845,39096,0919,5,5,7,1942,0,0,0,I,0,15TL47,SHERMAN WY,WOODMAN AV,0,NA,Y,A,-,N,NA,NA,NA,NA,NA,NA,NA,NA,NA,Y,4,0,1,2,A,-,09,21801,A,N,D,C,A,A,H,-,A,A,0,NA,NA,NA,NA,Y,NA,A,01,0,0,1,0,0,0,0,0,0,-,-,NA,NA,LOS ANGELES,LOS ANGELES,-118.43124006,34.20119003
8049221,2016,2017-02-18,1941,2016-05-19,0900,5900,NA,4,5,7,1941,0,0,0,NA,0,NA,PCH,HAYES AV,0,NA,Y,B,-,Y,LA,7,1,-,-,7.961,I,5,S,NA,4,0,2,2,-,-,-,NA,NA,N,B,C,A,A,H,-,A,D,0,NA,NA,NA,Y,Y,NA,-,-,0,0,2,0,0,0,0,0,0,-,-,NA,NA,LOS ANGELES,LONG BEACH,-118.21869802,33.78981737
8049225,2016,2016-08-29,1941,2016-05-13,2500,5715,NA,5,5,7,1941,0,0,0,NA,0,NA,ALAMITOS,ANAHEIM,0,NA,Y,A,-,N,NA,NA,NA,NA,NA,NA,NA,NA,NA,Y,4,0,1,2,A,-,09,21801,A,N,D,C,A,A,H,-,A,A,0,NA,NA,NA,NA,Y,NA,-,NA,0,0,1,0,0,0,0,0,0,-,-,NA,NA,LOS ANGELES,LONG BEACH,-118.17797013,33.78261008
8049234,2016,2016-06-03,1942,2016-05-21,2020,38880,1643,6,5,7,1942,0,0,0,P,0,15T43,TERRA BELLA ST,SAN FERNANDO RD,250,W,N,A,-,N,NA,NA,NA,NA,NA,NA,NA,NA,NA,N,4,0,1,2,A,-,07,21658,A,F,B,-,A,A,H,-,C,D,0,NA,NA,NA,NA,Y,NA,-,99,0,0,1,0,0,0,0,0,0,-,-,NA,NA,LOS ANGELES,LOS ANGELES,-118.41642367,34.259670560000004
8049235,2016,2016-06-06,1941,2016-05-19,0054,5572,NA,4,5,7,1941,0,0,0,NA,0,009,BROADWAY ST,CORONADO AV,50,E,N,B,-,N,NA,NA,NA,NA,NA,NA,NA,NA,NA,Y,3,0,2,4,A,-,03,22350,NA,F,C,E,A,A,H,-,D,D,0,NA,NA,NA,NA,Y,Y,A,01,0,2,0,0,0,0,0,0,0,-,-,NA,NA,LOS ANGELES,LONG BEACH,-118.15336583,33.76445
8049237,2016,2016-08-29,1941,2016-04-23,0911,10031,NA,6,5,7,1941,0,0,0,NA,0,NA,WILLOW,GOLDEN,0,NA,Y,A,-,N,NA,NA,NA,NA,NA,NA,NA,NA,NA,N,4,0,1,3,A,-,08,22107,NA,N,A,C,A,A,H,-,A,A,0,NA,NA,NA,NA,Y,NA,-,-,0,0,1,0,0,0,0,0,0,-,-,NA,NA,LOS ANGELES,LONG BEACH,-118.20245003,33.80440007
8049239,2016,2016-06-01,1941,2016-05-11,1510,5755,NA,3,5,7,1941,0,0,0,NA,0,012,4TH ST,ROSWELL AV,0,NA,Y,A,-,N,NA,NA,NA,NA,NA,NA,NA,NA,NA,N,4,0,1,2,A,-,03,22350,NA,N,C,C,A,A,H,-,A,D,0,NA,NA,NA,NA,Y,NA,A,08,0,0,1,0,0,0,0,0,0,-,-,NA,NA,LOS ANGELES,LONG BEACH,-118.1437601,33.77169004
8049243,2016,2016-06-06,1941,2016-05-17,1750,10036,NA,2,5,7,1941,0,0,0,NA,0,NA,ORANGE AV,CARTAGENA ST,200,N,N,A,-,N,NA,NA,NA,NA,NA,NA,NA,NA,NA,Y,4,0,2,2,A,-,08,22107,NA,N,C,E,A,A,H,-,A,B,0,NA,NA,NA,NA,Y,NA,A,NA,0,0,2,0,0,0,0,0,0,-,-,NA,NA,LOS ANGELES,LONG BEACH,-118.17632,33.83465846
8049245,2016,2016-06-29,1941,2016-05-02,0905,5407,NA,1,5,7,1941,0,0,0,NA,0,NA,ATHERTON ST,PALO VERDE AV,15,E,N,A,-,N,NA,NA,NA,NA,NA,NA,NA,NA,NA,Y,4,0,1,2,A,-,03,22350,NA,N,C,C,A,A,H,-,A,A,0,NA,NA,NA,NA,Y,NA,I,11,0,0,1,0,0,0,0,0,0,-,-,NA,NA,LOS ANGELES,LONG BEACH,-118.10817,33.78893
8049247,2016,2016-06-06,1941,2016-05-13,1610,5668,NA,5,5,7,1941,0,0,0,NA,0,NA,SANTA FE AV,LA VERE ST,37,N,N,A,-,N,NA,NA,NA,NA,NA,NA,NA,NA,NA,N,4,0,1,2,A,-,03,22350,NA,N,C,C,A,A,H,-,A,D,0,NA,NA,NA,NA,Y,NA,A,NA,0,0,1,0,0,0,0,0,0,-,-,NA,NA,LOS ANGELES,LONG BEACH,-118.21552,33.80668147
8049250,2016,2016-06-03,1942,2016-05-14,2210,42191,1954,6,5,7,1942,0,0,0,NA,0,19X62,SEPULVEDA BL,LASSEN ST,0,NA,Y,A,-,N,NA,NA,NA,NA,NA,NA,NA,NA,NA,Y,4,0,1,2,A,-,09,21801,A,N,D,C,A,A,H,-,C,A,0,NA,NA,NA,NA,Y,NA,A,01,0,0,1,0,0,0,0,0,0,-,-,NA,NA,LOS ANGELES,LOS ANGELES,-118.46753007,34.25004008
8049251,2016,2016-06-06,1941,2016-05-15,1105,10247,NA,7,5,7,1941,0,0,0,NA,0,NA,59TH ST,GAVIOTA AV,54,W,N,B,-,N,NA,NA,NA,NA,NA,NA,NA,NA,NA,N,3,0,1,2,A,-,21,22106,NA,N,G,B,F,A,H,-,A,D,0,Y,NA,NA,NA,Y,NA,A,NA,0,1,0,0,1,0,0,0,0,-,-,NA,NA,LOS ANGELES,LONG BEACH,-118.17172749,33.86193811
8049253,2016,2016-06-03,1941,2016-05-23,2240,10555,NA,1,5,7,1941,0,0,0,NA,0,NA,ELLIS ST,PINE AV,183,W,N,A,-,N,NA,NA,NA,NA,NA,NA,NA,NA,NA,Y,4,0,1,6,A,-,07,21658,A,N,B,E,A,A,H,-,C,D,0,NA,NA,NA,NA,Y,NA,A,NA,0,0,1,0,0,0,0,0,0,-,-,NA,NA,LOS ANGELES,LONG BEACH,-118.19236152,33.85675
8049254,2016,2016-06-03,1942,2016-05-18,0902,37372,1527,3,5,7,1942,0,0,0,O,0,15A3,VINELAND AV,VICTORY BL,0,NA,Y,B,-,N,NA,NA,NA,NA,NA,NA,NA,NA,NA,Y,4,0,2,3,A,-,12,21453,A,N,D,C,A,A,H,-,A,A,0,NA,NA,NA,NA,Y,NA,A,01,0,0,2,0,0,0,0,0,0,-,-,NA,NA,LOS ANGELES,LOS ANGELES,-118.3703101,34.18669004
8049255,2016,2016-06-06,1941,2016-05-02,0535,10034,NA,1,5,7,1941,0,0,0,NA,0,NA,OCEAN BL,ESPERANZA,0,NA,Y,A,-,N,NA,NA,NA,NA,NA,NA,NA,NA,NA,N,4,0,1,2,A,-,11,21453,D,N,G,-,B,A,H,-,A,A,0,Y,NA,NA,NA,Y,NA,N,NA,0,0,1,0,1,0,0,0,0,-,-,NA,NA,LOS ANGELES,LONG BEACH,-118.17559013,33.76543006
8049258,2016,2016-06-03,1942,2016-05-16,0945,40383,1567,1,5,7,1942,0,0,0,O,0,10T39,RIVERSIDE DR,LANKERSHIM BL,50,E,N,A,-,N,NA,NA,NA,NA,NA,NA,NA,NA,NA,Y,4,0,1,4,A,-,03,22350,NA,N,C,C,A,A,H,-,A,A,0,NA,NA,NA,NA,Y,NA,D,22,0,0,1,0,0,0,0,0,0,-,-,NA,NA,LOS ANGELES,LOS ANGELES,-118.36684505,34.15227
8049259,2016,2016-06-06,1941,2016-05-23,1554,5927,NA,1,5,7,1941,0,0,0,NA,0,NA,7TH,SANTIAGO,0,NA,Y,A,-,N,NA,NA,NA,NA,NA,NA,NA,NA,NA,N,4,0,1,2,A,-,05,21651,B,F,B,C,A,A,H,-,A,A,0,NA,NA,NA,NA,Y,NA,A,NA,0,0,1,0,0,0,0,0,0,-,-,NA,NA,LOS ANGELES,LONG BEACH,-118.12853007,33.77535003
8049262,2016,2016-06-03,1942,2016-05-17,1710,34436,1007,2,5,7,1942,0,0,0,J,0,19TL74,BALBOA BL,KESWICK ST,150,N,N,A,-,N,NA,NA,NA,NA,NA,NA,NA,NA,NA,N,3,0,1,2,A,-,09,21801,A,N,D,C,A,A,H,-,A,D,0,NA,NA,NA,NA,Y,NA,D,22,0,1,0,0,0,0,0,0,0,-,-,NA,NA,LOS ANGELES,LOS ANGELES,-118.50136,34.21008146
8049263,2016,2016-06-03,1941,2016-05-21,1727,10221,NA,6,5,7,1941,0,0,0,NA,0,NA,ATLANTIC AV,ARTESIA BL,60,N,N,A,-,N,NA,NA,NA,NA,NA,NA,NA,NA,NA,N,3,0,1,1,A,-,04,21705,NA,N,H,A,A,A,H,-,A,A,0,NA,NA,Y,NA,Y,NA,C,NA,0,1,0,0,0,0,0,0,1,-,-,NA,NA,LOS ANGELES,LONG BEACH,-118.18617116,33.87454437
8049271,2016,2016-06-03,1941,2016-05-23,1304,10786,NA,1,5,7,1941,0,0,0,NA,0,NA,LOCUST AV,HILL ST,28,S,N,-,-,N,NA,NA,NA,NA,NA,NA,NA,NA,NA,Y,4,0,2,2,A,-,05,21650,NA,N,A,C,A,A,H,-,A,D,0,NA,NA,NA,NA,Y,NA,A,NA,0,0,2,0,0,0,0,0,0,-,-,NA,NA,LOS ANGELES,LONG BEACH,-118.19056084,33.79704322
8049281,2016,2017-02-18,1941,2016-05-21,0238,6082,NA,6,5,7,1941,0,0,0,NA,0,NA,PACIFIC COAST HWY,CASPIAN AV,113,W,N,A,-,Y,LA,7,1,-,-,7.6,H,-,N,Y,4,0,1,3,A,-,01,23152,A,N,C,E,A,A,H,-,C,A,0,NA,NA,NA,NA,Y,Y,A,NA,0,0,1,0,0,0,0,0,0,-,-,NA,NA,LOS ANGELES,LONG BEACH,-118.21244628,33.78991731
8049284,2016,2016-06-02,1942,2016-05-21,1420,39335,1622,6,5,7,1942,0,0,0,P,0,16TL26,SAN FERNANDO RD,DESMOND ST,20,S,N,A,B,N,NA,NA,NA,NA,NA,NA,NA,NA,NA,Y,4,0,1,2,A,-,05,21460,A,F,A,C,A,A,H,-,A,A,0,NA,NA,NA,NA,Y,NA,-,99,0,0,1,0,0,0,0,0,0,-,-,NA,NA,LOS ANGELES,LOS ANGELES,-118.43089703,34.27439833