CASE_ID,ACCIDENT_YEAR,PROC_DATE,JURIS,COLLISION_DATE,COLLISION_TIME,OFFICER_ID,REPORTING_DISTRICT,DAY_OF_WEEK,CHP_SHIFT,POPULATION,CNTY_CITY_LOC,SPECIAL_COND,BEAT_TYPE,CHP_BEAT_TYPE,CITY_DIVISION_LAPD,CHP_BEAT_CLASS,BEAT_NUMBER,PRIMARY_RD,SECONDARY_RD,DISTANCE,DIRECTION,INTERSECTION,WEATHER_1,WEATHER_2,STATE_HWY_IND,CALTRANS_COUNTY,CALTRANS_DISTRICT,STATE_ROUTE,ROUTE_SUFFIX,POSTMILE_PREFIX,POSTMILE,LOCATION_TYPE,RAMP_INTERSECTION,SIDE_OF_HWY,TOW_AWAY,COLLISION_SEVERITY,NUMBER_KILLED,NUMBER_INJURED,PARTY_COUNT,PRIMARY_COLL_FACTOR,PCF_CODE_OF_VIOL,PCF_VIOL_CATEGORY,PCF_VIOLATION,PCF_VIOL_SUBSECTION,HIT_AND_RUN,TYPE_OF_COLLISION,MVIW,PED_ACTION,ROAD_SURFACE,ROAD_COND_1,ROAD_COND_2,LIGHTING,CONTROL_DEVICE,CHP_ROAD_TYPE,PEDESTRIAN_ACCIDENT,BICYCLE_ACCIDENT,MOTORCYCLE_ACCIDENT,TRUCK_ACCIDENT,NOT_PRIVATE_PROPERTY,ALCOHOL_INVOLVED,STWD_VEHTYPE_AT_FAULT,CHP_VEHTYPE_AT_FAULT,COUNT_SEVERE_INJ,COUNT_VISIBLE_INJ,COUNT_COMPLAINT_PAIN,COUNT_PED_KILLED,COUNT_PED_INJURED,COUNT_BICYCLIST_KILLED,COUNT_BICYCLIST_INJURED,COUNT_MC_KILLED,COUNT_MC_INJURED,PRIMARY_RAMP,SECONDARY_RAMP,LATITUDE,LONGITUDE,COUNTY,CITY,POINT_X,POINT_Y
8052485,2016,2016-06-08,1941,2016-03-04,1708,6066,NA,5,5,7,1941,0,0,0,NA,0,NA,2ND ST,SHOPKEEPER RD,0,NA,Y,A,-,N,NA,NA,NA,NA,NA,NA,NA,NA,NA,N,4,0,1,2,A,-,00,20001,A,F,D,G,A,-,H,-,A,A,0,NA,Y,NA,NA,Y,NA,A,NA,0,0,1,0,0,0,1,0,0,-,-,NA,NA,LOS ANGELES,LONG BEACH,-118.10839002,33.75890012
8052486,2016,2016-06-07,1938,2016-03-15,2035,1041,226,2,5,4,1938,0,0,0,NA,0,002,DAMIEN AV,BONITA AV,0,NA,Y,-,-,N,NA,NA,NA,NA,NA,NA,NA,NA,NA,N,4,0,1,2,A,-,09,21801,A,F,A,C,A,A,H,-,C,A,0,NA,NA,NA,NA,Y,NA,A,01,0,0,1,0,0,0,0,0,0,-,-,NA,NA,LOS ANGELES,LA VERNE,-117.78832009,34.10645002
8052487,2016,2016-06-07,1910,2016-02-21,1226,03494,NA,7,5,4,1910,0,0,0,NA,0,005,WILSHIRE BL,SOUTH SANTA MONICA BL,68,N,N,A,-,N,NA,NA,NA,NA,NA,NA,NA,NA,NA,Y,4,0,3,2,A,-,07,21658,A,N,B,C,A,A,H,-,A,D,0,NA,NA,NA,NA,Y,NA,A,01,0,0,3,0,0,0,0,0,0,-,-,NA,NA,LOS ANGELES,BEVERLY HILLS,-118.40946,34.06708
8052488,2016,2016-06-07,1910,2016-02-04,0958,2230,NA,4,5,4,1910,0,0,0,NA,0,009,S ROBERTSON BL,COLGATE AV,0,NA,Y,A,-,N,NA,NA,NA,NA,NA,NA,NA,NA,NA,Y,4,0,3,2,A,-,09,21802,A,N,D,C,A,A,H,-,A,A,0,NA,NA,NA,NA,Y,NA,A,01,0,0,3,0,0,0,0,0,0,-,-,NA,NA,LOS ANGELES,BEVERLY HILLS,-118.38378008,34.07083006
8052490,2016,2016-06-13,1910,2016-02-29,1613,03410,NA,1,5,4,1910,0,0,0,NA,0,007,S GREGORY WY,S DOHENY DR,0,NA,Y,A,-,N,NA,NA,NA,NA,NA,NA,NA,NA,NA,N,3,0,1,2,A,-,05,21202,A,N,D,G,A,A,H,-,A,D,0,NA,Y,NA,NA,Y,NA,L,04,0,1,0,0,0,0,1,0,0,-,-,34.06225,-118.3892,LOS ANGELES,BEVERLY HILLS,-118.38972003,34.06222008
8052491,2016,2016-06-07,1910,2016-02-15,1719,0341,NA,1,5,4,1910,0,0,0,NA,0,007,N CRESCENT DR,DAYTON WY,0,NA,Y,A,-,N,NA,NA,NA,NA,NA,NA,NA,NA,NA,N,4,0,1,2,A,-,10,21950,A,N,A,B,B,A,H,-,A,A,0,Y,NA,NA,NA,Y,NA,A,01,0,0,1,0,1,0,0,0,0,-,-,34.07014,-118.39837,LOS ANGELES,BEVERLY HILLS,-118.39854009,34.06992008
8052493,2016,2016-06-08,1900,2016-03-29,2120,461292,0250,2,5,4,1945,0,0,0,NA,0,28TP,SLAUSON AV,DOWNEY RD,0,NA,Y,A,-,N,NA,NA,NA,NA,NA,NA,NA,NA,NA,Y,4,0,1,2,A,-,09,21801,A,N,D,C,A,A,H,-,C,A,0,NA,NA,Y,NA,Y,NA,A,01,0,0,1,0,0,0,0,0,1,-,-,NA,NA,LOS ANGELES,MAYWOOD,-118.20453001,33.98910003
8052494,2016,2016-06-07,1910,2016-02-29,1437,03209,NA,1,5,4,1910,0,0,0,NA,0,005,WILSHIRE BL,LINDEN DR,0,NA,Y,A,-,N,NA,NA,NA,NA,NA,NA,NA,NA,NA,Y,4,0,1,2,A,-,08,22107,NA,N,B,C,A,A,H,-,A,A,0,NA,NA,NA,NA,Y,NA,A,01,0,0,1,0,0,0,0,0,0,-,-,34.06711,-118.40791,LOS ANGELES,BEVERLY HILLS,-118.40779006,34.06708001
8052495,2016,2016-06-07,1910,2016-02-12,2012,04230,NA,5,5,4,1910,0,0,0,NA,0,006,SUNSET BL,ALPINE DR,0,NA,Y,A,-,N,NA,NA,NA,NA,NA,NA,NA,NA,NA,NA,4,0,1,2,A,-,09,21801,A,N,D,C,A,A,H,-,C,A,0,NA,NA,NA,NA,Y,NA,A,01,0,0,1,0,0,0,0,0,0,-,-,34.08526,-118.40799,LOS ANGELES,BEVERLY HILLS,-118.40800011,34.08530003
8052498,2016,2016-06-09,1910,2016-02-29,1434,03410,NA,1,5,4,1910,0,0,0,NA,0,006,N MAPLE DR,SUNSET BL,0,NA,Y,A,-,N,NA,NA,NA,NA,NA,NA,NA,NA,NA,Y,4,0,1,2,A,-,17,21461,A,N,C,C,A,A,H,-,A,D,0,NA,NA,Y,NA,Y,NA,A,01,0,0,1,0,0,0,0,0,1,-,-,NA,NA,LOS ANGELES,BEVERLY HILLS,-118.40230011,34.08646003
8052499,2016,2016-06-07,1910,2016-02-13,1035,02839,NA,6,5,4,1910,0,0,0,NA,0,009,E WILSHIRE BL,HAMILTON DR,0,NA,Y,A,-,N,NA,NA,NA,NA,NA,NA,NA,NA,NA,Y,4,0,5,2,A,-,03,22350,NA,N,D,C,A,A,H,-,A,A,0,NA,NA,NA,NA,Y,NA,A,01,0,0,5,0,0,0,0,0,0,-,-,34.06484,-118.37519,LOS ANGELES,BEVERLY HILLS,-118.37516005,34.06491009
8052500,2016,2016-06-07,1910,2016-02-01,1505,3633,NA,1,5,4,1910,0,0,0,NA,0,009,LA CIENEGA BL,CLIFTON WY,20,S,N,A,-,N,NA,NA,NA,NA,NA,NA,NA,NA,NA,N,4,0,1,2,A,-,11,21106,B,N,G,B,D,A,H,-,A,A,0,Y,NA,NA,NA,Y,NA,N,60,0,0,1,0,1,0,0,0,0,-,-,34.06923,-118.37642,LOS ANGELES,BEVERLY HILLS,-118.37634893,34.06925515
8052501,2016,2016-06-08,1938,2016-03-14,0014,619,228,1,5,4,1938,0,0,0,NA,0,002,6TH ST,C ST,421,W,N,B,-,N,NA,NA,NA,NA,NA,NA,NA,NA,NA,Y,3,0,1,1,A,-,01,23152,A,N,E,I,A,A,H,-,C,A,0,NA,NA,NA,NA,Y,Y,-,NA,0,1,0,0,0,0,0,0,0,-,-,NA,NA,LOS ANGELES,LA VERNE,-117.77225,34.10428
8052502,2016,2016-06-07,1910,2016-02-28,1340,04526,NA,7,5,4,1910,0,0,0,NA,0,004,N RODEO DR,PARK WY,0,NA,Y,A,-,N,NA,NA,NA,NA,NA,NA,NA,NA,NA,Y,4,0,3,2,A,-,01,23152,A,N,D,C,A,A,H,-,A,D,0,NA,NA,NA,NA,Y,Y,A,01,0,0,3,0,0,0,0,0,0,-,-,34.07159,-118.40523,LOS ANGELES,BEVERLY HILLS,-118.40528001,34.07162007
8052503,2016,2016-06-28,1910,2016-02-11,1555,02839,NA,4,5,4,1910,0,0,0,NA,0,004,WILSHIRE BL,NORTH SANTA MONICA BL,50,W,N,A,-,N,NA,NA,NA,NA,NA,NA,NA,NA,NA,N,3,0,1,2,A,-,17,22517,NA,N,H,G,A,A,H,-,A,A,0,NA,Y,NA,NA,Y,NA,-,NA,0,1,0,0,0,0,1,0,0,-,-,34.06694,-118.4114,LOS ANGELES,BEVERLY HILLS,-118.41058475,34.0670733
8052504,2016,2016-06-07,1910,2016-02-04,0710,3633,NA,4,5,4,1910,0,0,0,NA,0,004,WILSHIRE BL,WHITTIER DR,0,NA,Y,A,-,N,NA,NA,NA,NA,NA,NA,NA,NA,NA,Y,4,0,1,2,A,-,09,21801,A,N,D,C,A,A,H,-,A,D,0,NA,NA,NA,NA,Y,NA,A,01,0,0,1,0,0,0,0,0,0,-,-,34.06712,-118.41467,LOS ANGELES,BEVERLY HILLS,-118.41466012,34.06708005
8052506,2016,2016-07-26,1910,2016-02-28,0552,04230,NA,7,5,4,1910,0,0,0,NA,0,004,WILSHIRE BL,NORTH SANTA MONICA BL,0,NA,Y,A,-,N,NA,NA,NA,NA,NA,NA,NA,NA,NA,Y,4,0,2,2,A,-,01,23152,A,N,C,C,A,A,H,-,B,A,0,NA,NA,NA,NA,Y,Y,A,01,0,0,2,0,0,0,0,0,0,-,-,34.06703,-118.40967,LOS ANGELES,BEVERLY HILLS,-118.41042009,34.06707007
8052507,2016,2016-06-07,1910,2016-02-11,1535,03438,NA,4,5,4,1910,0,0,0,NA,0,007,SOUTH SANTA MONICA BL,N RODEO DR,20,E,N,A,-,N,NA,NA,NA,NA,NA,NA,NA,NA,NA,N,4,0,1,2,A,-,07,21658,A,N,B,C,A,A,H,-,A,D,0,NA,NA,NA,NA,Y,NA,A,01,0,0,1,0,0,0,0,0,0,-,-,34.06928,-118.40603,LOS ANGELES,BEVERLY HILLS,-118.40430805,34.07063377
8052508,2016,2016-06-07,1910,2016-02-02,1155,2230,NA,2,5,4,1910,0,0,0,NA,0,009,BEVERLY BL,N OAKHURST DR,0,NA,Y,A,-,N,NA,NA,NA,NA,NA,NA,NA,NA,NA,Y,4,0,1,2,A,-,09,21801,A,N,D,C,A,A,H,-,-,A,0,NA,NA,NA,NA,Y,NA,A,01,0,0,1,0,0,0,0,0,0,-,-,NA,NA,LOS ANGELES,BEVERLY HILLS,-118.39098,34.07716008
8052510,2016,2016-06-07,1938,2016-03-26,2045,619,226,6,5,4,1938,0,0,0,NA,0,002,HIGHLAND DR,GLENFIELD ST,162,W,N,A,B,N,NA,NA,NA,NA,NA,NA,NA,NA,NA,Y,4,0,1,2,A,-,01,23152,A,N,B,E,A,A,H,-,C,A,0,NA,NA,NA,NA,Y,Y,-,NA,0,0,1,0,0,0,0,0,0,-,-,NA,NA,LOS ANGELES,LA VERNE,-117.78448887,34.10706601
8052511,2016,2016-06-07,1910,2016-02-23,1055,03633,NA,2,5,4,1910,0,0,0,NA,0,004,WILSHIRE BL,WHITTIER DR,500,W,N,A,-,N,NA,NA,NA,NA,NA,NA,NA,NA,NA,Y,4,0,2,3,A,-,04,21703,NA,N,C,C,A,A,H,-,A,D,0,NA,NA,NA,NA,Y,NA,A,01,0,0,2,0,0,0,0,0,0,-,-,34.06708,-118.41605,LOS ANGELES,BEVERLY HILLS,-118.41630794,34.06708
8052512,2016,2016-06-07,1910,2016-02-03,1445,3633,NA,3,5,4,1910,0,0,0,NA,0,009,LA CIENEGA BL,WILSHIRE BL,250,S,N,A,-,N,NA,NA,NA,NA,NA,NA,NA,NA,NA,N,4,0,1,2,A,-,08,22107,NA,N,B,C,A,A,H,-,A,D,0,NA,NA,NA,NA,Y,NA,A,01,0,0,1,0,0,0,0,0,0,-,-,34.06443,-118.37362,LOS ANGELES,BEVERLY HILLS,-118.37623,34.06518
8052514,2016,2016-06-07,1938,2016-03-30,1155,218,223,3,5,4,1938,0,0,0,NA,0,001,WHEELER AV,RUGGLES,204,S,N,B,-,N,NA,NA,NA,NA,NA,NA,NA,NA,NA,Y,4,0,1,3,A,-,08,22107,NA,N,C,E,A,A,H,-,A,D,0,NA,NA,NA,NA,Y,NA,-,NA,0,0,1,0,0,0,0,0,0,-,-,NA,NA,LOS ANGELES,LA VERNE,-117.77686731,34.12435086
8052515,2016,2016-06-07,1910,2016-02-23,1022,03410,NA,2,5,4,1910,0,0,0,NA,0,009,SAN VICENTE BL,S ORLANDO AV,0,NA,Y,A,-,N,NA,NA,NA,NA,NA,NA,NA,NA,NA,N,4,0,1,2,A,-,03,22350,NA,N,C,C,A,A,H,-,A,D,0,NA,NA,NA,NA,Y,NA,A,01,0,0,1,0,0,0,0,0,0,-,-,34.06761,-118.37432,LOS ANGELES,BEVERLY HILLS,-118.3740701,34.06745002
8052518,2016,2016-06-07,1910,2016-02-26,1125,02839,NA,5,5,4,1910,0,0,0,NA,0,009,E WILSHIRE BL,LE DOUX RD,0,NA,Y,A,-,N,NA,NA,NA,NA,NA,NA,NA,NA,NA,Y,4,0,1,2,A,-,09,21802,A,N,D,C,A,A,D,-,A,A,0,NA,NA,NA,NA,Y,NA,A,01,0,0,1,0,0,0,0,0,0,-,-,34.06538,-118.37733,LOS ANGELES,BEVERLY HILLS,-118.37727,34.06547012
8052519,2016,2016-06-07,1910,2016-02-05,1321,34075,NA,5,5,4,1910,0,0,0,NA,0,005,OLYMPIC BL,ROXBURY DR,30,E,N,A,-,N,NA,NA,NA,NA,NA,NA,NA,NA,NA,N,4,0,1,2,A,-,03,22350,NA,F,C,C,A,A,H,-,A,A,0,NA,NA,NA,NA,Y,NA,A,01,0,0,1,0,0,0,0,0,0,-,-,34.05968,-118.40559,LOS ANGELES,BEVERLY HILLS,-118.40560113,34.05968
8052522,2016,2016-06-07,1910,2016-02-24,1616,02839,NA,3,5,4,1910,0,0,0,NA,0,009,W OLYMPIC BL,LAPEER DR,0,NA,Y,A,-,N,NA,NA,NA,NA,NA,NA,NA,NA,NA,Y,3,0,3,1,B,-,22,NA,NA,N,E,I,A,A,H,-,A,D,0,NA,NA,NA,NA,Y,NA,A,01,0,1,2,0,0,0,0,0,0,-,-,NA,NA,LOS ANGELES,BEVERLY HILLS,-118.38670001,34.05934003
8052523,2016,2016-06-07,1910,2016-02-07,1510,2404,NA,7,5,4,1910,0,0,0,NA,0,004,N ROXBURY DR,ELEVADO AV,0,NA,Y,A,-,N,NA,NA,NA,NA,NA,NA,NA,NA,NA,Y,4,0,1,2,A,-,09,21801,A,N,H,C,A,A,H,-,A,D,0,NA,NA,Y,NA,Y,NA,A,01,0,0,1,0,0,0,0,0,1,-,-,NA,NA,LOS ANGELES,BEVERLY HILLS,-118.41326008,34.07225007
8052526,2016,2016-06-07,1910,2016-02-17,1809,02839,NA,3,5,4,1910,0,0,0,NA,0,004,S LOMA VISTA DR,ARKELL DR,260,S,N,A,-,N,NA,NA,NA,NA,NA,NA,NA,NA,NA,Y,3,0,1,1,A,-,03,22350,NA,N,E,I,A,A,H,-,A,D,0,NA,NA,NA,NA,Y,NA,A,01,0,1,0,0,0,0,0,0,0,-,-,34.10398,-118.39761,LOS ANGELES,BEVERLY HILLS,-118.39761097,34.10384301
8052527,2016,2016-06-07,1910,2016-02-09,1528,3438,NA,2,5,4,1910,0,0,0,NA,0,005,SOUTH SANTA MONICA BL,CHARLEVILLE BL,0,NA,Y,A,-,N,NA,NA,NA,NA,NA,NA,NA,NA,NA,N,4,0,1,2,A,-,08,22100,A,N,D,G,A,A,H,-,A,A,0,NA,Y,NA,NA,Y,NA,A,01,0,0,1,0,0,0,0,0,0,-,-,34.06584,-118.41142,LOS ANGELES,BEVERLY HILLS,-118.41161008,34.06560007
8052529,2016,2016-06-07,1975,2016-03-11,0832,991,NA,5,5,6,1975,0,0,0,NA,0,001,VINCENT AV,ROWLAND AV,0,NA,Y,A,-,N,NA,NA,NA,NA,NA,NA,NA,NA,NA,N,4,0,1,2,A,-,03,22350,NA,N,C,C,A,A,H,-,A,A,0,NA,NA,NA,NA,Y,NA,A,01,0,0,1,0,0,0,0,0,0,-,-,NA,NA,LOS ANGELES,WEST COVINA,-117.92603012,34.07912003
8052530,2016,2016-06-07,1910,2016-02-17,0933,03209,NA,3,5,4,1910,0,0,0,NA,0,005,N BEDFORD DR,SOUTH SANTA MONICA BL,46,N,N,A,-,N,NA,NA,NA,NA,NA,NA,NA,NA,NA,N,4,0,1,2,A,-,03,22350,NA,N,C,C,A,A,H,-,A,A,0,NA,NA,NA,NA,Y,NA,A,01,0,0,1,0,0,0,0,0,0,-,-,34.06936,-118.40657,LOS ANGELES,BEVERLY HILLS,-118.40645864,34.06933582
8052531,2016,2016-06-07,1910,2016-02-09,1953,3512,NA,2,5,4,1910,0,0,0,NA,0,005,OLYMPIC BL,ELM DR,0,NA,Y,A,-,N,NA,NA,NA,NA,NA,NA,NA,NA,NA,N,4,0,1,2,A,-,03,22350,NA,N,C,C,A,A,H,-,C,A,0,NA,NA,NA,NA,Y,NA,A,01,0,0,1,0,0,0,0,0,0,-,-,34.05938,-118.39489,LOS ANGELES,BEVERLY HILLS,-118.3949301,34.05936002
8052534,2016,2016-06-07,1910,2016-02-16,1602,03209,NA,2,5,4,1910,0,0,0,NA,0,005,N BEDFORD DR,SOUTH SANTA MONICA BL,0,NA,Y,A,-,N,NA,NA,NA,NA,NA,NA,NA,NA,NA,N,4,0,1,2,A,-,03,22350,NA,N,G,B,B,A,H,-,A,A,0,Y,NA,NA,NA,Y,NA,A,01,0,0,1,0,0,0,0,0,0,-,-,34.06933,-118.4064,LOS ANGELES,BEVERLY HILLS,-118.40636005,34.06924001
8052535,2016,2016-06-07,1910,2016-02-10,1011,2230,NA,3,5,4,1910,0,0,0,NA,0,007,OLYMPIC BL,S ALMONT DR,0,NA,Y,A,-,N,NA,NA,NA,NA,NA,NA,NA,NA,NA,Y,4,0,3,2,A,-,09,21801,A,N,D,C,A,A,H,-,A,A,0,NA,NA,NA,NA,Y,NA,A,01,0,0,3,0,0,0,0,0,0,-,-,NA,NA,LOS ANGELES,BEVERLY HILLS,-118.38774009,34.05934009
8052538,2016,2016-06-07,1910,2016-02-16,1517,02839,NA,2,5,4,1910,0,0,0,NA,0,009,N WILLAMAN DR,WILSHIRE BL,115,N,N,A,-,N,NA,NA,NA,NA,NA,NA,NA,NA,NA,Y,3,0,1,2,A,-,09,21802,A,N,D,C,A,A,H,-,A,D,0,NA,NA,Y,NA,Y,NA,A,01,0,1,0,0,0,0,0,0,1,-,-,34.06666,-118.38048,LOS ANGELES,BEVERLY HILLS,-118.38051261,34.06658525
8052539,2016,2016-06-07,1910,2016-02-10,1453,03438,NA,3,5,4,1910,0,0,0,NA,0,006,N CRESCENT DR,CARMELITA AV,375,N,N,A,-,N,NA,NA,NA,NA,NA,NA,NA,NA,NA,Y,4,0,2,3,A,-,08,22107,NA,N,B,E,A,A,H,-,A,D,0,NA,NA,NA,NA,Y,NA,A,01,0,0,2,0,0,0,0,0,0,-,-,34.0752,-118.40333,LOS ANGELES,BEVERLY HILLS,-118.4046862,34.07689161
8052542,2016,2016-06-07,1910,2016-02-26,1728,03494,NA,5,5,4,1910,0,0,0,NA,0,009,LE DOUX RD,WILSHIRE BL,6,N,N,A,-,N,NA,NA,NA,NA,NA,NA,NA,NA,NA,N,4,0,1,2,A,-,11,21950,B,N,G,B,B,A,H,-,A,D,0,Y,NA,NA,NA,Y,Y,N,60,0,0,1,0,1,0,0,0,0,-,-,NA,NA,LOS ANGELES,BEVERLY HILLS,-118.37727075,34.06548645
8052543,2016,2016-06-07,1910,2016-02-11,0155,02165,NA,4,5,4,1910,0,0,0,NA,0,006,SUNSET BL,ALPINE DR,150,W,N,A,-,N,NA,NA,NA,NA,NA,NA,NA,NA,NA,NA,4,0,1,1,A,-,07,21658,A,N,E,I,A,A,A,H,C,A,0,NA,NA,NA,NA,Y,NA,A,01,0,0,1,0,0,0,0,0,0,-,-,NA,NA,LOS ANGELES,BEVERLY HILLS,-118.40832024,34.08498651
8052546,2016,2016-06-07,1910,2016-02-26,1718,03494,NA,5,5,4,1910,0,0,0,NA,0,005,WILSHIRE BL,WHITTIER DR,200,W,N,A,-,N,NA,NA,NA,NA,NA,NA,NA,NA,NA,N,3,0,1,2,A,-,09,21801,A,N,D,C,A,A,H,-,B,D,0,NA,NA,Y,NA,Y,NA,A,01,0,1,0,0,0,0,0,0,1,-,-,NA,NA,LOS ANGELES,BEVERLY HILLS,-118.41531918,34.06708
8052547,2016,2016-06-07,1910,2016-02-16,1144,02230,NA,2,5,4,1910,0,0,0,NA,0,009,S DOHENY DR,OLYMPIC BL,400,S,N,A,-,N,NA,NA,NA,NA,NA,NA,NA,NA,NA,Y,4,0,1,2,A,-,08,22103,NA,N,D,C,A,A,H,-,A,D,0,NA,NA,NA,NA,Y,NA,A,01,0,0,1,0,0,0,0,0,0,-,-,NA,NA,LOS ANGELES,BEVERLY HILLS,-118.38983114,34.05826319
8052550,2016,2016-06-07,1910,2016-02-20,1539,03494,NA,6,5,4,1910,0,0,0,NA,0,004,SUNSET BL,BEVERLY DR,0,NA,Y,A,-,N,NA,NA,NA,NA,NA,NA,NA,NA,NA,N,4,0,1,2,A,-,12,21453,A,N,D,C,A,A,H,-,A,A,0,NA,NA,Y,NA,Y,NA,A,01,0,0,1,0,0,0,0,0,1,-,-,NA,NA,LOS ANGELES,BEVERLY HILLS,-118.41202009,34.08166012
8052551,2016,2016-06-07,1910,2016-02-04,1150,3494,NA,4,5,4,1910,0,0,0,NA,0,009,SAN VICENTE BL,WILSHIRE BL,50,N,N,A,-,N,NA,NA,NA,NA,NA,NA,NA,NA,NA,N,4,0,3,2,A,-,03,22350,NA,F,C,C,A,A,H,-,A,D,0,NA,NA,NA,NA,Y,NA,A,01,0,0,3,0,0,0,0,0,0,-,-,NA,NA,LOS ANGELES,BEVERLY HILLS,-118.37215004,34.06430395
8052554,2016,2016-06-07,1910,2016-02-19,2246,04393,NA,5,5,4,1910,0,0,0,NA,0,005,BEVERLY DR,WILSHIRE BL,0,NA,Y,A,-,N,NA,NA,NA,NA,NA,NA,NA,NA,NA,Y,4,0,1,2,A,-,08,22101,D,N,D,C,A,A,H,-,C,A,0,NA,NA,Y,NA,Y,NA,A,01,0,0,1,0,0,0,0,0,1,-,-,NA,NA,LOS ANGELES,BEVERLY HILLS,-118.39919007,34.06707002
8052555,2016,2016-06-07,1910,2016-02-09,1200,3633,NA,2,5,4,1910,0,0,0,NA,0,006,MAPLE DR,SUNSET BL,70,S,N,A,-,N,NA,NA,NA,NA,NA,NA,NA,NA,NA,Y,4,0,2,2,A,-,09,21801,A,N,D,C,A,A,H,-,A,D,0,NA,NA,NA,NA,Y,NA,A,01,0,0,2,0,0,0,0,0,0,-,-,34.08621,-118.40239,LOS ANGELES,BEVERLY HILLS,-118.40230742,34.08626839
8052558,2016,2016-06-07,1910,2016-02-18,1518,02230,NA,4,5,4,1910,0,0,0,NA,0,005,SOUTH SANTA MONICA BL,N CAMDEN DR,100,W,N,A,-,N,NA,NA,NA,NA,NA,NA,NA,NA,NA,N,4,0,1,2,A,-,17,22517,NA,M,B,C,A,A,H,-,A,D,0,NA,NA,NA,NA,Y,NA,A,01,0,0,1,0,0,0,0,0,0,-,-,NA,NA,LOS ANGELES,BEVERLY HILLS,-118.40561673,34.06973799
8052559,2016,2016-06-07,1910,2016-02-05,0933,3209,NA,5,5,4,1910,0,0,0,NA,0,005,CHARLEVILLE BL,LASKY DR,145,E,N,A,-,N,NA,NA,NA,NA,NA,NA,NA,NA,NA,N,4,0,1,2,A,-,09,21804,NA,F,D,G,A,A,H,-,A,A,0,NA,Y,NA,NA,Y,NA,L,04,0,0,1,0,0,0,1,0,0,-,-,34.06508,-118.40944,LOS ANGELES,BEVERLY HILLS,-118.40951223,34.06500885
8052561,2016,2016-06-08,1910,2016-01-25,1949,4405,NA,1,5,4,1910,0,0,0,NA,0,005,CAMDEN DR,WILSHIRE BL,231,N,N,A,-,N,NA,NA,NA,NA,NA,NA,NA,NA,NA,N,4,0,1,2,A,-,11,21954,A,N,G,B,D,A,H,-,C,D,0,Y,NA,NA,NA,Y,NA,N,60,0,0,1,0,1,0,0,0,0,-,-,34.06765,-118.40315,LOS ANGELES,BEVERLY HILLS,-118.40307498,34.0675885
8052562,2016,2016-06-08,1910,2016-01-12,0948,2839,NA,2,5,4,1910,0,0,0,NA,0,006,DOHENY DR,CYNTHIA ST,0,NA,Y,A,-,N,NA,NA,NA,NA,NA,NA,NA,NA,NA,NA,4,0,2,3,A,-,09,21801,B,N,D,C,A,A,H,-,A,A,0,NA,NA,NA,NA,Y,NA,-,NA,0,0,2,0,0,0,0,0,0,-,-,34.08727,-118.38981,LOS ANGELES,BEVERLY HILLS,-118.38979005,34.08728003
8052565,2016,2016-06-08,1910,2016-01-26,1501,2230,NA,2,5,4,1910,0,0,0,NA,0,005,OLYMPIC BL,S CAMDEN DR,0,NA,Y,A,-,N,NA,NA,NA,NA,NA,NA,NA,NA,NA,Y,3,0,2,2,A,-,12,21453,A,N,D,C,A,A,H,-,A,A,0,NA,NA,NA,NA,Y,NA,A,01,0,2,0,0,0,0,0,0,0,-,-,NA,NA,LOS ANGELES,BEVERLY HILLS,-118.40237,34.05968006
8052566,2016,2016-06-08,1910,2016-01-12,1738,3410,NA,2,5,4,1910,0,0,0,NA,0,007,SOUTH SANTA MONICA BL,N BEVERLY DR,0,NA,Y,A,-,N,NA,NA,NA,NA,NA,NA,NA,NA,NA,NA,4,0,1,3,A,-,03,22350,NA,N,C,C,A,A,H,-,C,A,0,NA,NA,NA,NA,Y,NA,A,01,0,0,1,0,0,0,0,0,0,-,-,34.07122,-118.40334,LOS ANGELES,BEVERLY HILLS,-118.40329006,34.07130005
8052569,2016,2016-06-08,1910,2016-01-27,1332,2230,NA,3,5,4,1910,0,0,0,NA,0,004,N CANON DR,CARMELITA AV,0,NA,Y,A,-,N,NA,NA,NA,NA,NA,NA,NA,NA,NA,N,4,0,1,2,A,-,09,21802,A,N,D,C,A,A,H,-,A,A,0,NA,NA,NA,NA,Y,NA,A,01,0,0,1,0,0,0,0,0,0,-,-,NA,NA,LOS ANGELES,BEVERLY HILLS,-118.40527006,34.07538004
8052570,2016,2016-06-08,1910,2016-01-13,1251,03438,NA,3,5,4,1910,0,0,0,NA,0,004,N BEDFORD DR,LOMITAS AV,61,S,N,A,-,N,NA,NA,NA,NA,NA,NA,NA,NA,NA,Y,4,0,1,2,A,-,03,22350,NA,N,B,C,A,A,H,-,A,D,0,NA,NA,NA,NA,Y,NA,-,NA,0,0,1,0,0,0,0,0,0,-,-,34.07566,-118.40380999999999,LOS ANGELES,BEVERLY HILLS,-118.41546054,34.07586542
8052573,2016,2016-06-08,1910,2016-01-28,1249,3494,NA,4,5,4,1910,0,0,0,NA,0,007,SANTA MONICA BL,REXFORD DR,0,NA,Y,A,-,N,NA,NA,NA,NA,NA,NA,NA,NA,NA,Y,3,0,1,1,A,-,12,21453,A,N,F,I,A,A,A,H,A,A,0,NA,NA,NA,NA,Y,NA,A,01,0,1,0,0,0,0,0,0,0,-,-,NA,NA,LOS ANGELES,BEVERLY HILLS,-118.40062009,34.07376007