CASE_ID,ACCIDENT_YEAR,PROC_DATE,JURIS,COLLISION_DATE,COLLISION_TIME,OFFICER_ID,REPORTING_DISTRICT,DAY_OF_WEEK,CHP_SHIFT,POPULATION,CNTY_CITY_LOC,SPECIAL_COND,BEAT_TYPE,CHP_BEAT_TYPE,CITY_DIVISION_LAPD,CHP_BEAT_CLASS,BEAT_NUMBER,PRIMARY_RD,SECONDARY_RD,DISTANCE,DIRECTION,INTERSECTION,WEATHER_1,WEATHER_2,STATE_HWY_IND,CALTRANS_COUNTY,CALTRANS_DISTRICT,STATE_ROUTE,ROUTE_SUFFIX,POSTMILE_PREFIX,POSTMILE,LOCATION_TYPE,RAMP_INTERSECTION,SIDE_OF_HWY,TOW_AWAY,COLLISION_SEVERITY,NUMBER_KILLED,NUMBER_INJURED,PARTY_COUNT,PRIMARY_COLL_FACTOR,PCF_CODE_OF_VIOL,PCF_VIOL_CATEGORY,PCF_VIOLATION,PCF_VIOL_SUBSECTION,HIT_AND_RUN,TYPE_OF_COLLISION,MVIW,PED_ACTION,ROAD_SURFACE,ROAD_COND_1,ROAD_COND_2,LIGHTING,CONTROL_DEVICE,CHP_ROAD_TYPE,PEDESTRIAN_ACCIDENT,BICYCLE_ACCIDENT,MOTORCYCLE_ACCIDENT,TRUCK_ACCIDENT,NOT_PRIVATE_PROPERTY,ALCOHOL_INVOLVED,STWD_VEHTYPE_AT_FAULT,CHP_VEHTYPE_AT_FAULT,COUNT_SEVERE_INJ,COUNT_VISIBLE_INJ,COUNT_COMPLAINT_PAIN,COUNT_PED_KILLED,COUNT_PED_INJURED,COUNT_BICYCLIST_KILLED,COUNT_BICYCLIST_INJURED,COUNT_MC_KILLED,COUNT_MC_INJURED,PRIMARY_RAMP,SECONDARY_RAMP,LATITUDE,LONGITUDE,COUNTY,CITY,POINT_X,POINT_Y
8055575,2016,2016-06-07,1942,2016-05-18,2245,41439,0308,3,5,7,1942,0,0,0,C,0,18T23,NORWOOD ST,21ST ST,150,N,N,B,-,N,NA,NA,NA,NA,NA,NA,NA,NA,NA,Y,3,0,1,3,A,-,01,23152,A,M,C,C,A,A,H,-,C,D,0,NA,NA,NA,NA,Y,Y,A,01,0,1,0,0,0,0,0,0,0,-,-,NA,NA,LOS ANGELES,LOS ANGELES,-118.27799497,34.03461186
8055576,2016,2016-06-07,1942,2016-05-05,1515,41419,0374,4,5,7,1942,0,0,0,C,0,3A62,RODEO RD,2ND AV,0,NA,Y,A,-,N,NA,NA,NA,NA,NA,NA,NA,NA,NA,N,3,0,1,2,A,-,12,22450,A,F,G,G,A,A,H,-,A,D,0,NA,Y,NA,NA,Y,NA,-,99,0,1,0,0,0,0,1,0,0,-,-,NA,NA,LOS ANGELES,LOS ANGELES,-118.31930003,34.01827006
8055577,2016,2016-06-07,1942,2016-05-15,0035,32180,377,7,5,7,1942,0,0,0,NA,0,3A99,NORMANDIE AV,ROLAND CURTIS PL,10,N,N,A,-,N,NA,NA,NA,NA,NA,NA,NA,NA,NA,Y,4,0,1,2,A,-,05,21650,NA,F,A,C,A,A,H,-,C,D,0,NA,NA,NA,NA,Y,NA,A,01,0,0,1,0,0,0,0,0,0,-,-,NA,NA,LOS ANGELES,LOS ANGELES,-118.30018,34.01644743
8055578,2016,2016-06-07,1942,2016-05-12,0955,32758,0557,4,5,7,1942,0,0,0,E,0,5A55,2ND ST,CABRILLO AV,202,E,N,A,-,N,NA,NA,NA,NA,NA,NA,NA,NA,NA,Y,2,0,1,3,A,-,03,22350,NA,N,G,B,E,A,H,-,A,D,0,Y,NA,NA,NA,Y,NA,-,99,1,0,0,0,1,0,0,0,0,-,-,NA,NA,LOS ANGELES,LOS ANGELES,-118.29389688,33.74241592
8055579,2016,2016-06-07,1942,2016-05-17,1930,42151,566,2,5,7,1942,0,0,0,NA,0,5A25,W 7TH ST,PALOS VERDE ST,20,W,N,A,-,N,NA,NA,NA,NA,NA,NA,NA,NA,NA,N,2,0,1,2,A,-,12,22450,A,N,D,G,A,A,H,-,A,A,0,NA,Y,NA,NA,Y,NA,L,04,1,0,0,0,0,0,1,0,0,-,-,NA,NA,LOS ANGELES,LOS ANGELES,-118.28148565,33.73786063
8055580,2016,2016-06-07,1942,2016-05-16,0745,40717,0314,1,5,7,1942,0,0,0,C,0,3A15,ADAM BL,GRAMERCY PL,25,E,N,A,-,N,NA,NA,NA,NA,NA,NA,NA,NA,NA,N,2,0,2,3,A,-,03,22350,NA,N,C,C,B,A,H,-,A,A,0,Y,NA,NA,NA,Y,NA,A,01,1,0,1,0,1,0,0,0,0,-,-,NA,NA,LOS ANGELES,LOS ANGELES,-118.31324766,34.03266122
8055584,2016,2017-02-11,1900,2016-05-07,2211,546182,1126,6,5,6,1992,0,0,0,NA,0,111T1,AVENUE K,RT 14,0,NA,Y,A,-,Y,LA,7,14,-,R,66.99,R,4,S,Y,3,0,1,2,A,-,12,21453,A,N,D,C,A,A,H,-,C,A,0,NA,NA,NA,NA,Y,NA,A,01,0,1,0,0,0,0,0,0,0,-,-,NA,NA,LOS ANGELES,LANCASTER,-118.16032427,34.67751864
8055598,2016,2016-06-08,1942,2016-05-28,0950,30830,1999,6,5,7,1942,0,0,0,NA,0,16TL23,SATICOY ST,VENTURA CANYON AV,202,E,N,A,-,N,NA,NA,NA,NA,NA,NA,NA,NA,NA,Y,4,0,2,4,A,-,07,21658,A,F,B,C,A,A,H,-,A,A,0,NA,NA,NA,NA,Y,NA,D,22,0,0,2,0,0,0,0,0,0,-,-,NA,NA,LOS ANGELES,LOS ANGELES,-118.42810429,34.20933143
8055599,2016,2016-06-08,1942,2016-05-27,1345,38285,0932,5,5,7,1942,0,0,0,I,0,9TL54,SEPULVEDA BL,VICTORY BL,100,N,N,A,-,N,NA,NA,NA,NA,NA,NA,NA,NA,NA,N,4,0,1,2,A,-,06,21755,A,F,B,C,A,A,H,-,A,D,0,NA,NA,NA,NA,Y,NA,-,99,0,0,1,0,0,0,0,0,0,-,-,NA,NA,LOS ANGELES,LOS ANGELES,-118.46617,34.1869343
8055601,2016,2016-06-02,1942,2016-04-24,1210,39395,132,7,5,7,1942,0,0,0,M,0,1A1,FIGUEROA ST,2ND ST,0,NA,Y,A,-,N,NA,NA,NA,NA,NA,NA,NA,NA,NA,Y,4,0,3,2,A,-,12,21453,A,N,D,C,A,A,H,-,A,A,0,NA,NA,NA,NA,Y,NA,A,07,0,0,3,0,0,0,0,0,0,-,-,NA,NA,LOS ANGELES,LOS ANGELES,-118.25312005,34.05655003
8055602,2016,2016-06-02,1942,2016-04-20,1525,39062,0111,3,5,7,1942,0,0,0,A,0,1TL24,BROADWAY,CESAR E CHAVEZ AV,0,NA,Y,A,-,N,NA,NA,NA,NA,NA,NA,NA,NA,NA,N,4,0,1,2,A,-,10,21950,A,N,G,B,B,A,H,-,A,A,0,Y,NA,NA,NA,Y,NA,A,01,0,0,1,0,1,0,0,0,0,-,-,NA,NA,LOS ANGELES,LOS ANGELES,-118.24027001,34.0585401
8055603,2016,2016-06-02,1942,2016-05-10,0700,41710,0815,2,5,7,1942,0,0,0,H,0,08A29,SEPULVEDA BL,BRONWOOD AV,55,S,N,B,-,N,NA,NA,NA,NA,NA,NA,NA,NA,NA,Y,4,0,1,1,A,-,03,22350,NA,N,-,I,A,A,-,-,A,D,0,NA,NA,NA,NA,Y,NA,A,01,0,0,1,0,0,0,0,0,0,-,-,NA,NA,LOS ANGELES,LOS ANGELES,-118.46498358,34.07170224
8055604,2016,2016-06-03,1942,2016-05-06,1835,41754,0135,5,5,7,1942,0,0,0,A,0,1A12,LOS ANGELES ST,3RD ST,30,N,N,B,-,N,NA,NA,NA,NA,NA,NA,NA,NA,NA,Y,4,0,1,2,A,-,01,23152,A,N,C,C,A,A,H,-,A,A,0,NA,NA,NA,NA,Y,Y,A,01,0,0,1,0,0,0,0,0,0,-,-,NA,NA,LOS ANGELES,LOS ANGELES,-118.244696,34.048588
8055605,2016,2016-06-02,1942,2016-04-29,1030,41712,LAPD,5,5,7,1942,0,0,0,NA,0,RD0121,FREMONT AV,1ST ST,0,NA,Y,A,-,N,NA,NA,NA,NA,NA,NA,NA,NA,NA,N,4,0,1,2,A,-,04,21703,NA,F,C,C,A,A,H,-,A,A,0,NA,NA,NA,NA,Y,NA,-,99,0,0,1,0,0,0,0,0,0,-,-,NA,NA,LOS ANGELES,LOS ANGELES,-118.25307006,34.05840005
8055606,2016,2016-06-02,1942,2016-04-20,1730,34458,0195,3,5,7,1942,0,0,0,A,0,4T6,BROADWAY,14TH ST,0,NA,Y,A,-,N,NA,NA,NA,NA,NA,NA,NA,NA,NA,Y,4,0,2,2,A,-,03,22350,NA,N,B,E,A,A,H,-,A,D,0,NA,NA,NA,NA,Y,NA,A,01,0,0,2,0,0,0,0,0,0,-,-,NA,NA,LOS ANGELES,LOS ANGELES,-118.26246,34.03553
8055607,2016,2016-06-02,1942,2016-05-18,1550,41288,0892,3,5,7,1942,0,0,0,H,0,8X48,BARRINGTON AV,AYRES AV,0,NA,Y,A,-,N,NA,NA,NA,NA,NA,NA,NA,NA,NA,NA,4,0,1,2,A,-,09,21802,A,N,A,A,A,A,H,-,A,D,0,NA,NA,NA,NA,Y,NA,A,01,0,0,1,0,0,0,0,0,0,-,-,NA,NA,LOS ANGELES,LOS ANGELES,-118.44513001,34.03085001
8055608,2016,2016-06-07,1942,2016-05-03,1715,39062,0138,2,5,7,1942,0,0,0,A,0,1T24,4TH ST,WALL ST,1000,W,N,A,-,N,NA,NA,NA,NA,NA,NA,NA,NA,NA,N,3,0,1,2,C,-,18,NA,NA,F,H,J,E,A,H,-,A,D,0,Y,NA,NA,NA,Y,NA,-,-,0,1,0,0,1,0,0,0,0,-,-,NA,NA,LOS ANGELES,LOS ANGELES,-118.24721,34.04814
8055609,2016,2016-06-02,1942,2016-04-12,1710,32133,0497,2,5,7,1942,0,0,0,D,0,4XL4,WASHINGTON BL,SOTO ST,80,W,N,A,-,N,NA,NA,NA,NA,NA,NA,NA,NA,NA,N,3,0,1,2,A,-,04,21703,NA,N,C,G,A,A,H,-,A,A,0,NA,Y,NA,NA,Y,NA,L,04,0,1,0,0,0,0,1,0,0,-,-,NA,NA,LOS ANGELES,LOS ANGELES,-118.22031331,34.01729752
8055611,2016,2016-06-02,1942,2016-05-16,0800,33648,1446,1,5,7,1942,0,0,0,N,0,14A49,CENTINELLA AV,PACIFIC AV,0,NA,Y,A,-,N,NA,NA,NA,NA,NA,NA,NA,NA,NA,N,4,0,1,2,A,-,12,22450,A,F,D,C,A,A,H,-,A,D,0,NA,NA,Y,NA,Y,NA,-,99,0,0,1,0,0,0,0,0,1,-,-,NA,NA,LOS ANGELES,LOS ANGELES,-118.4328301,34.00273012
8055612,2016,2016-06-07,1942,2016-05-05,1610,34426,0497,4,5,7,1942,0,0,0,D,0,1610,SOTO ST,OLYMPIC BL,75,S,N,A,-,N,NA,NA,NA,NA,NA,NA,NA,NA,NA,N,3,0,1,2,C,-,18,NA,NA,N,B,C,A,A,H,-,A,D,0,NA,NA,NA,NA,Y,NA,-,-,0,1,0,0,0,0,0,0,0,-,-,NA,NA,LOS ANGELES,LOS ANGELES,-118.21987557,34.02406543
8055613,2016,2016-06-02,1942,2016-04-19,1745,40008,0423,2,5,7,1942,0,0,0,D,0,13T55,MISSION RD,THOMAS ST,50,N,N,A,-,N,NA,NA,NA,NA,NA,NA,NA,NA,NA,N,4,0,1,2,A,-,03,22350,NA,N,C,C,A,A,H,-,A,D,0,NA,NA,NA,NA,Y,NA,A,01,0,0,1,0,0,0,0,0,0,-,-,NA,NA,LOS ANGELES,LOS ANGELES,-118.20496734,34.06658859
8055614,2016,2016-06-02,1942,2016-04-05,1755,40556,1836,2,5,7,1942,0,0,0,R,0,18H43,COMPTON AV,106TH ST,60,N,N,A,-,N,NA,NA,NA,NA,NA,NA,NA,NA,NA,N,4,0,2,2,A,-,09,21801,A,N,B,C,A,A,H,-,A,A,0,NA,NA,NA,NA,Y,NA,A,01,0,0,2,0,0,0,0,0,0,-,-,NA,NA,LOS ANGELES,LOS ANGELES,-118.24626,33.93984455
8055615,2016,2016-06-02,1942,2016-05-14,0150,40024,0801,6,5,7,1942,0,0,0,H,0,14TL47,TOPANGA CANYON BL,FALLS DR,1000,S,N,B,-,N,NA,NA,NA,NA,NA,NA,NA,NA,NA,N,4,0,1,1,A,-,03,22350,NA,N,E,I,A,A,H,-,A,D,0,NA,NA,NA,NA,Y,NA,A,01,0,0,1,0,0,0,0,0,0,-,-,NA,NA,LOS ANGELES,LOS ANGELES,-118.5939089,34.0780686
8055616,2016,2016-06-03,1942,2016-05-05,1830,39060,0443,4,5,7,1942,0,0,0,D,0,11T32,SOTO ST,MARENGO ST,120,N,N,B,-,N,NA,NA,NA,NA,NA,NA,NA,NA,NA,Y,4,0,1,4,A,-,04,21703,NA,N,C,C,A,A,H,-,A,D,0,NA,NA,NA,NA,Y,NA,A,01,0,0,1,0,0,0,0,0,0,-,-,NA,NA,LOS ANGELES,LOS ANGELES,-118.20282,34.05466
8055617,2016,2016-06-02,1942,2016-04-28,0315,42249,451,4,5,7,1942,0,0,0,NA,0,NA,MISSION RD,ALISO ST,70,S,N,A,-,N,NA,NA,NA,NA,NA,NA,NA,NA,NA,N,3,0,1,2,A,-,07,21658,A,F,C,C,A,A,H,-,C,A,0,NA,NA,NA,NA,Y,NA,-,99,0,1,0,0,0,0,0,0,0,-,-,NA,NA,LOS ANGELES,LOS ANGELES,-118.22676316,34.05222537
8055618,2016,2016-06-02,1942,2016-04-24,2245,39758,1801,7,5,7,1942,0,0,0,R,0,18A1,FIGUEROA ST,90TH ST,0,NA,Y,A,-,N,NA,NA,NA,NA,NA,NA,NA,NA,NA,N,4,0,1,2,A,-,09,21802,A,N,D,C,A,A,H,-,C,D,0,NA,NA,NA,NA,Y,NA,A,08,0,0,1,0,0,0,0,0,0,-,-,NA,NA,LOS ANGELES,LOS ANGELES,-118.28272012,33.95508011
8055619,2016,2016-06-02,1942,2016-05-15,1920,36602,0842,7,5,7,1942,0,0,0,H,0,20TL59,WILSHIRE BL,BARRY AV,10,W,N,B,-,N,NA,NA,NA,NA,NA,NA,NA,NA,NA,N,2,0,1,2,A,-,10,21950,A,F,G,B,B,A,H,-,B,A,0,Y,NA,NA,NA,Y,NA,-,99,1,0,0,0,1,0,0,0,0,-,-,NA,NA,LOS ANGELES,LOS ANGELES,-118.46010358,34.05012084
8055620,2016,2017-02-11,1942,2016-05-12,1840,37705,443,4,5,7,1942,0,0,0,NA,0,1T11,STATE ST,RT 10,0,NA,Y,A,-,Y,LA,7,10,-,-,18.657,R,4,W,Y,4,0,2,2,A,-,12,21453,A,N,D,C,A,A,H,-,A,A,0,NA,NA,NA,NA,Y,NA,-,-,0,0,2,0,0,0,0,0,0,-,WF,NA,NA,LOS ANGELES,LOS ANGELES,-118.20970569,34.05440923
8055621,2016,2016-06-02,1942,2016-04-27,1530,42260,0439,3,5,7,1942,0,0,0,D,0,4A58,VALLEY BL,VANDALIA AV,20,N,N,A,-,N,NA,NA,NA,NA,NA,NA,NA,NA,NA,N,4,0,1,2,A,-,09,21801,A,N,A,C,A,A,H,-,A,D,0,NA,NA,NA,NA,Y,NA,-,-,0,0,1,0,0,0,0,0,0,-,-,NA,NA,LOS ANGELES,LOS ANGELES,-118.16314093,34.07395432
8055622,2016,2016-06-02,1942,2016-04-23,2215,39656,1837,6,5,7,1942,0,0,0,R,0,18A49,COMPTON AV,109TH ST,0,NA,Y,A,-,N,NA,NA,NA,NA,NA,NA,NA,NA,NA,N,3,0,1,2,A,-,09,21802,A,N,D,C,A,A,H,-,C,D,0,NA,NA,NA,NA,Y,NA,A,01,0,1,0,0,0,0,0,0,0,-,-,NA,NA,LOS ANGELES,LOS ANGELES,-118.24628008,33.9368401
8055623,2016,2016-06-02,1942,2016-05-15,2050,42196,1438,7,5,7,1942,0,0,0,N,0,14A49,OVERLAND BL,VENICE BL,0,NA,Y,A,-,N,NA,NA,NA,NA,NA,NA,NA,NA,NA,N,3,0,1,2,A,-,12,21453,A,F,G,B,B,A,H,-,C,A,0,Y,NA,NA,NA,Y,NA,-,99,0,1,0,0,1,0,0,0,0,-,-,NA,NA,LOS ANGELES,LOS ANGELES,-118.40703011,34.01878007
8055624,2016,2016-06-03,1942,2016-05-12,1620,40440,1269,4,5,7,1942,0,0,0,L,0,12TL73,MANCHESTER AV,WADSWORTH AV,180,W,N,A,-,N,NA,NA,NA,NA,NA,NA,NA,NA,NA,N,3,0,1,2,A,-,09,21804,A,N,D,G,A,A,H,-,A,D,0,NA,Y,NA,NA,Y,NA,L,04,0,1,0,0,0,0,1,0,0,-,-,NA,NA,LOS ANGELES,LOS ANGELES,-118.25921239,33.96015459
8055625,2016,2016-06-02,1942,2016-04-13,1550,35046,1243,3,5,7,1942,0,0,0,L,0,12A31,FLORENCE AV,SAINT ANDREWS PL,0,NA,Y,A,-,N,NA,NA,NA,NA,NA,NA,NA,NA,NA,N,4,0,1,2,A,-,05,21650,NA,N,D,G,A,A,H,-,A,D,0,NA,Y,NA,NA,Y,NA,L,04,0,0,1,0,0,0,1,0,0,-,-,NA,NA,LOS ANGELES,LOS ANGELES,-118.31119012,33.97457012
8055626,2016,2016-06-02,1942,2016-04-19,1600,38357,0111,2,5,7,1942,0,0,0,A,0,4T4,MAIN ST,CEASAR CHAVEZ AV,200,S,N,A,-,N,NA,NA,NA,NA,NA,NA,NA,NA,NA,Y,4,0,1,2,A,-,08,22100,B,N,D,C,A,A,H,-,A,D,0,NA,NA,NA,NA,Y,NA,A,08,0,0,1,0,0,0,0,0,0,-,-,NA,NA,LOS ANGELES,LOS ANGELES,-118.238264,34.057799
8055627,2016,2016-06-02,1942,2016-05-22,0210,37575,0721,7,5,7,1942,0,0,0,G,0,6T7,ROBERTSON,BURTON WY,0,NA,N,A,-,N,NA,NA,NA,NA,NA,NA,NA,NA,NA,Y,3,0,1,4,A,-,01,23153,A,M,C,C,A,A,H,-,C,D,0,NA,NA,NA,NA,Y,Y,A,01,0,1,0,0,0,0,0,0,0,-,-,NA,NA,LOS ANGELES,LOS ANGELES,-118.38378006,34.07234011
8055628,2016,2016-06-03,1942,2016-05-15,1000,41545,1263,7,5,7,1942,0,0,0,L,0,18T23,WESTERN AV,80TH ST,8,E,N,B,-,N,NA,NA,NA,NA,NA,NA,NA,NA,NA,N,3,0,1,2,A,-,09,21802,NA,N,D,G,A,A,H,-,A,A,0,NA,Y,NA,NA,Y,NA,A,01,0,1,0,0,0,0,1,0,0,-,-,NA,NA,LOS ANGELES,LOS ANGELES,-118.309008,33.966403
8055630,2016,2016-06-08,1942,2016-04-18,0845,41940,0153,1,5,7,1942,0,0,0,A,0,13A43,6TH ST,BROADWAY,75,E,N,A,-,N,NA,NA,NA,NA,NA,NA,NA,NA,NA,N,4,0,1,2,A,-,11,21956,A,N,G,B,E,A,H,-,A,D,0,Y,NA,NA,NA,Y,NA,N,60,0,0,1,0,1,0,0,0,0,-,-,NA,NA,LOS ANGELES,LOS ANGELES,-118.46814373,33.99444423
8055632,2016,2016-06-03,1942,2016-05-14,1540,38503,1251,6,5,7,1942,0,0,0,L,0,12T73,FLORENCE AV,VICTORIA AV,300,W,N,B,-,N,NA,NA,NA,NA,NA,NA,NA,NA,NA,N,4,0,1,2,A,-,03,22350,NA,N,C,C,A,A,H,-,A,A,0,NA,NA,NA,NA,Y,NA,A,01,0,0,1,0,0,0,0,0,0,-,-,NA,NA,LOS ANGELES,LOS ANGELES,-118.33397747,33.97451
8055635,2016,2016-06-02,1942,2016-05-13,1103,39065,0645,5,5,7,1942,0,0,0,F,0,6T4,HOLLYWOOD BL,ORANGE DR,50,E,N,A,-,N,NA,NA,NA,NA,NA,NA,NA,NA,NA,N,4,0,1,2,A,-,03,22350,NA,F,G,B,F,A,H,-,A,D,0,Y,NA,NA,NA,Y,NA,-,99,0,0,1,0,1,0,0,0,0,-,-,NA,NA,LOS ANGELES,LOS ANGELES,-118.34155515,34.10154
8055636,2016,2016-06-03,1942,2016-05-13,1330,40697,1263,5,5,7,1942,0,0,0,L,0,3TL5,WESTERN AV,81ST ST,20,S,N,A,-,N,NA,NA,NA,NA,NA,NA,NA,NA,NA,Y,3,0,4,1,A,-,03,22350,NA,N,E,I,A,A,H,-,A,D,0,NA,NA,NA,NA,Y,NA,A,01,0,4,0,0,0,0,0,0,0,-,-,NA,NA,LOS ANGELES,LOS ANGELES,-118.309013,33.965395
8055637,2016,2016-06-02,1942,2016-04-09,1800,38374,1258,6,5,7,1942,0,0,0,L,0,25QL61,BROADWAY,77TH ST,118,N,N,B,-,N,NA,NA,NA,NA,NA,NA,NA,NA,NA,Y,4,0,2,2,A,-,05,21650,NA,N,A,C,A,A,H,-,A,D,0,NA,NA,NA,NA,Y,NA,A,01,0,0,2,0,0,0,0,0,0,-,-,NA,NA,LOS ANGELES,LOS ANGELES,-118.278302,33.970166
8055638,2016,2016-06-02,1942,2016-04-16,1350,42114,0142,6,5,7,1942,0,0,0,A,0,1A41,4TH ST,HILL ST,25,E,N,A,-,N,NA,NA,NA,NA,NA,NA,NA,NA,NA,N,2,0,1,2,A,-,11,21954,A,N,G,B,D,A,H,-,A,D,0,Y,NA,NA,NA,Y,NA,N,60,1,0,0,0,1,0,0,0,0,-,-,NA,NA,LOS ANGELES,LOS ANGELES,-118.25036797,34.05018489
8055640,2016,2016-06-03,1942,2016-05-11,2245,35688,1263,3,5,7,1942,0,0,0,L,0,3T57,CIMARRON ST,82ND ST,0,NA,Y,A,-,N,NA,NA,NA,NA,NA,NA,NA,NA,NA,N,4,0,1,2,A,-,03,22350,NA,F,C,C,A,A,H,-,C,A,0,NA,NA,NA,NA,Y,NA,-,99,0,0,1,0,0,0,0,0,0,-,-,NA,NA,LOS ANGELES,LOS ANGELES,-118.31558004,33.9645801
8055642,2016,2016-06-02,1942,2016-04-12,0315,41449,0162,2,5,7,1942,0,0,0,A,0,1A3S,FIGUEROA ST,8TH ST,0,NA,Y,A,-,N,NA,NA,NA,NA,NA,NA,NA,NA,NA,Y,3,0,1,2,A,-,12,21453,A,N,D,C,A,A,H,-,C,A,0,NA,NA,NA,NA,Y,NA,A,01,0,1,0,0,0,0,0,0,0,-,-,NA,NA,LOS ANGELES,LOS ANGELES,-118.26120007,34.04794011
8055644,2016,2016-06-02,1942,2016-05-06,0740,33599,1239,5,5,7,1942,0,0,0,L,0,12TL41,58TH PL,BUDLONG AV,0,NA,Y,B,-,N,NA,NA,NA,NA,NA,NA,NA,NA,NA,Y,4,0,2,2,A,-,12,22450,A,N,D,C,A,A,H,-,A,A,0,NA,NA,NA,NA,Y,NA,A,01,0,0,2,0,0,0,0,0,0,-,-,NA,NA,LOS ANGELES,LOS ANGELES,-118.29585006,33.9883301
8055646,2016,2016-06-02,1942,2016-04-15,1630,42051,0478,5,5,7,1942,0,0,0,D,0,4A98,LORENA ST,RT 60,100,N,N,A,-,N,NA,NA,NA,NA,NA,NA,NA,NA,NA,Y,4,0,2,2,A,-,04,21703,NA,N,C,C,A,A,H,-,A,D,0,NA,NA,NA,NA,Y,NA,A,01,0,0,2,0,0,0,0,0,0,-,-,NA,NA,LOS ANGELES,LOS ANGELES,-118.19984573,34.0295365
8055647,2016,2016-06-02,1942,2016-05-11,0233,12301,0773,3,5,7,1942,0,0,0,G,0,7A21,WASHINGTON BL,COCHRAN,15,E,N,A,-,N,NA,NA,NA,NA,NA,NA,NA,NA,NA,Y,4,0,1,1,A,-,05,21650,NA,F,E,I,A,A,H,-,D,D,0,NA,NA,NA,NA,Y,Y,-,99,0,0,1,0,0,0,0,0,0,-,-,NA,NA,LOS ANGELES,LOS ANGELES,-118.35558136,34.0414273
8055648,2016,2016-06-02,1942,2016-05-07,1630,40053,1265,6,5,7,1942,0,0,0,L,0,12TL73,MANCHESTER AV,BUDLONG AV,15,W,N,A,-,N,NA,NA,NA,NA,NA,NA,NA,NA,NA,N,4,0,1,2,A,-,11,21950,B,N,G,B,B,A,H,-,A,A,0,Y,NA,NA,NA,Y,NA,N,60,0,0,1,0,1,0,0,0,0,-,-,NA,NA,LOS ANGELES,LOS ANGELES,-118.29596936,33.96001091
8055650,2016,2016-06-02,1942,2016-04-16,1405,35521,0448,6,5,7,1942,0,0,0,D,0,4A97,SOTO ST,ALCAZAR ST,150,S,N,A,-,N,NA,NA,NA,NA,NA,NA,NA,NA,NA,Y,3,0,1,2,A,-,03,22350,NA,N,B,E,A,A,H,-,A,D,0,NA,NA,NA,NA,Y,NA,A,07,0,1,0,0,0,0,0,0,0,-,-,NA,NA,LOS ANGELES,LOS ANGELES,-118.1982753,34.06197388
8055652,2016,2016-06-02,1942,2016-05-12,1210,37807,1241,4,5,7,1942,0,0,0,L,0,12T41,CRENSHAW BL,63RD ST,0,NA,Y,A,-,N,NA,NA,NA,NA,NA,NA,NA,NA,NA,N,4,0,1,2,A,-,00,22101,B,N,D,C,A,A,H,-,A,A,0,NA,NA,NA,NA,Y,NA,A,01,0,0,1,0,0,0,0,0,0,-,-,NA,NA,LOS ANGELES,LOS ANGELES,-118.33088,33.98292
8055654,2016,2016-06-02,1942,2016-04-18,1610,39745,0124,1,5,7,1942,0,0,0,A,0,1T24,LOS ANGELES ST,1ST ST,0,NA,Y,A,-,N,NA,NA,NA,NA,NA,NA,NA,NA,NA,N,4,0,1,2,A,-,09,21801,A,N,D,G,A,A,H,-,A,A,0,NA,Y,NA,NA,Y,NA,L,04,0,0,1,0,0,0,1,0,0,-,-,NA,NA,LOS ANGELES,LOS ANGELES,-118.24243,34.0515
8055656,2016,2016-06-02,1942,2016-05-09,1640,27259,1265,1,5,7,1942,0,0,0,L,0,3TL5,85TH ST,VERMONT AV,220,W,N,A,-,N,NA,NA,NA,NA,NA,NA,NA,NA,NA,Y,4,0,2,2,A,-,09,21804,A,N,D,C,A,A,H,-,A,D,0,NA,NA,NA,NA,Y,NA,A,01,0,0,2,0,0,0,0,0,0,-,-,NA,NA,LOS ANGELES,LOS ANGELES,-118.29258323,33.96094
8055658,2016,2016-06-02,1942,2016-04-28,1815,39889,0438,4,5,7,1942,0,0,0,D,0,1T24,ALHAMA AV,WARWICK AV,0,NA,Y,A,-,N,NA,NA,NA,NA,NA,NA,NA,NA,NA,Y,3,0,2,2,A,-,09,21801,A,N,A,C,A,A,H,-,A,A,0,NA,NA,NA,NA,Y,NA,A,01,0,1,1,0,0,0,0,0,0,-,-,NA,NA,LOS ANGELES,LOS ANGELES,-118.166145,34.078444
8055660,2016,2016-06-02,1942,2016-05-10,1700,35688,1208,2,5,7,1942,0,0,0,L,0,3T57,HOOVER ST,49TH ST,0,NA,Y,A,-,N,NA,NA,NA,NA,NA,NA,NA,NA,NA,Y,4,0,1,2,A,-,09,21802,A,N,D,C,A,A,H,-,A,A,0,NA,NA,NA,NA,Y,NA,A,01,0,0,1,0,0,0,0,0,0,-,-,NA,NA,LOS ANGELES,LOS ANGELES,-118.28713007,33.99874002
8055662,2016,2016-06-02,1942,2016-04-08,1415,34735,NA,5,5,7,1942,0,0,0,NA,0,NA,VALLEY BL,BEATIE PL,0,NA,Y,B,-,N,NA,NA,NA,NA,NA,NA,NA,NA,NA,N,4,0,2,2,A,-,08,22102,NA,N,B,C,A,B,H,-,A,D,0,NA,NA,NA,NA,Y,NA,A,01,0,0,2,0,0,0,0,0,0,-,-,NA,NA,LOS ANGELES,LOS ANGELES,-118.17270011,34.07159012
8055664,2016,2016-06-07,1942,2016-05-11,1300,41704,1273,3,5,7,1942,0,0,0,L,0,3T5,WESTERN AV,89TH ST,0,NA,Y,A,-,N,NA,NA,NA,NA,NA,NA,NA,NA,NA,N,4,0,2,2,A,-,12,21453,A,N,D,C,A,-,H,-,A,B,0,NA,NA,NA,NA,Y,NA,-,-,0,0,2,0,0,0,0,0,0,-,-,NA,NA,LOS ANGELES,LOS ANGELES,-118.30902,33.95633