CASE_ID,ACCIDENT_YEAR,PROC_DATE,JURIS,COLLISION_DATE,COLLISION_TIME,OFFICER_ID,REPORTING_DISTRICT,DAY_OF_WEEK,CHP_SHIFT,POPULATION,CNTY_CITY_LOC,SPECIAL_COND,BEAT_TYPE,CHP_BEAT_TYPE,CITY_DIVISION_LAPD,CHP_BEAT_CLASS,BEAT_NUMBER,PRIMARY_RD,SECONDARY_RD,DISTANCE,DIRECTION,INTERSECTION,WEATHER_1,WEATHER_2,STATE_HWY_IND,CALTRANS_COUNTY,CALTRANS_DISTRICT,STATE_ROUTE,ROUTE_SUFFIX,POSTMILE_PREFIX,POSTMILE,LOCATION_TYPE,RAMP_INTERSECTION,SIDE_OF_HWY,TOW_AWAY,COLLISION_SEVERITY,NUMBER_KILLED,NUMBER_INJURED,PARTY_COUNT,PRIMARY_COLL_FACTOR,PCF_CODE_OF_VIOL,PCF_VIOL_CATEGORY,PCF_VIOLATION,PCF_VIOL_SUBSECTION,HIT_AND_RUN,TYPE_OF_COLLISION,MVIW,PED_ACTION,ROAD_SURFACE,ROAD_COND_1,ROAD_COND_2,LIGHTING,CONTROL_DEVICE,CHP_ROAD_TYPE,PEDESTRIAN_ACCIDENT,BICYCLE_ACCIDENT,MOTORCYCLE_ACCIDENT,TRUCK_ACCIDENT,NOT_PRIVATE_PROPERTY,ALCOHOL_INVOLVED,STWD_VEHTYPE_AT_FAULT,CHP_VEHTYPE_AT_FAULT,COUNT_SEVERE_INJ,COUNT_VISIBLE_INJ,COUNT_COMPLAINT_PAIN,COUNT_PED_KILLED,COUNT_PED_INJURED,COUNT_BICYCLIST_KILLED,COUNT_BICYCLIST_INJURED,COUNT_MC_KILLED,COUNT_MC_INJURED,PRIMARY_RAMP,SECONDARY_RAMP,LATITUDE,LONGITUDE,COUNTY,CITY,POINT_X,POINT_Y
8060188,2016,2016-06-15,1976,2016-05-20,1749,384,NA,5,5,5,1976,0,0,0,NA,0,004,SCOTT AV,JUPITER ST,13,N,N,B,-,N,NA,NA,NA,NA,NA,NA,NA,NA,NA,Y,2,0,1,2,A,-,09,21804,A,N,D,C,A,A,H,-,A,D,0,NA,NA,Y,NA,Y,NA,A,07,1,0,0,0,0,0,0,0,1,-,-,NA,NA,LOS ANGELES,WHITTIER,-118.00082,33.94530564
8060190,2016,2016-06-15,1900,2016-05-29,1105,533762,0633,7,5,6,1985,0,0,0,NA,0,61T1,VIA PRINCESSA,JASON DR,0,NA,Y,A,-,N,NA,NA,NA,NA,NA,NA,NA,NA,NA,N,4,0,1,3,A,-,04,21703,NA,N,C,C,A,A,H,-,A,A,0,NA,NA,NA,NA,Y,NA,A,01,0,0,1,0,0,0,0,0,0,-,-,NA,NA,LOS ANGELES,SANTA CLARITA,-118.45649008,34.40317006
8060192,2016,2016-06-15,1976,2016-05-18,0952,502,WHITT,3,5,5,1976,0,0,0,NA,0,NA,MULBERRY DR,GREENLEAF AV,265,W,N,A,-,N,NA,NA,NA,NA,NA,NA,NA,NA,NA,Y,4,0,1,2,A,-,03,22350,NA,N,C,C,A,A,H,-,A,D,0,NA,NA,NA,NA,Y,NA,A,01,0,0,1,0,0,0,0,0,0,-,-,NA,NA,LOS ANGELES,WHITTIER,-118.04749421,33.95658022
8060194,2016,2016-06-15,1900,2016-05-26,1925,509580,0631,4,5,6,1985,0,0,0,NA,0,61T1,SOLEDAD CANYON RD,SOLAMINT RD,780,E,N,A,-,N,NA,NA,NA,NA,NA,NA,NA,NA,NA,Y,3,0,1,2,A,-,03,22350,NA,N,C,C,A,A,H,-,A,D,0,NA,NA,Y,NA,Y,NA,C,02,0,1,0,0,0,0,0,0,1,-,-,NA,NA,LOS ANGELES,SANTA CLARITA,-118.44985849,34.41655
8060198,2016,2016-06-15,1900,2016-05-28,1550,523421,0645,6,5,6,1985,0,0,0,NA,0,64T1,NEWHALL RANCH RD,DICKASON DR,28,W,N,A,-,N,NA,NA,NA,NA,NA,NA,NA,NA,NA,Y,4,0,1,2,A,-,03,22350,NA,N,C,C,A,A,H,-,A,D,0,NA,NA,NA,NA,Y,NA,A,01,0,0,1,0,0,0,0,0,0,-,-,NA,NA,LOS ANGELES,SANTA CLARITA,-118.56436134,34.43657905
8060202,2016,2016-06-15,1900,2016-05-26,0750,489619,0621,4,5,6,1985,0,0,0,NA,0,62T1,MCBEAN PKWY,ROCKWELL CYN RD,36,W,N,A,-,N,NA,NA,NA,NA,NA,NA,NA,NA,NA,N,4,0,1,3,A,-,04,21703,NA,N,C,C,A,A,H,-,A,A,0,NA,NA,NA,NA,Y,NA,A,07,0,0,1,0,0,0,0,0,0,-,-,NA,NA,LOS ANGELES,SANTA CLARITA,-118.56521913,34.39486
8060206,2016,2016-06-15,1900,2016-05-29,1020,502210,0628,7,5,6,1985,0,0,0,NA,0,62T1,CALGROVE BL,WILEY CANYON RD,0,NA,Y,A,-,N,NA,NA,NA,NA,NA,NA,NA,NA,NA,Y,3,0,2,2,A,-,08,22100,5,N,D,C,A,A,H,-,A,A,0,NA,NA,NA,NA,Y,NA,A,07,0,1,1,0,0,0,0,0,0,-,-,NA,NA,LOS ANGELES,SANTA CLARITA,-118.55286003,34.36428008
8060208,2016,2016-06-15,1976,2016-05-17,1652,380,NA,2,5,5,1976,0,0,0,NA,0,004,SANTA GERTRUDES AV,LEFFINGWELL RD,120,N,N,A,-,N,NA,NA,NA,NA,NA,NA,NA,NA,NA,Y,4,0,1,2,A,-,09,21804,A,N,D,C,A,A,H,-,A,D,0,NA,NA,NA,NA,Y,NA,A,07,0,0,1,0,0,0,0,0,0,-,-,NA,NA,LOS ANGELES,WHITTIER,-117.99314543,33.93151137
8060210,2016,2016-06-15,1965,2016-05-20,2222,3765,OB2C,5,5,5,1965,0,0,0,NA,0,B002,PICO BL,16TH ST,290,E,N,A,-,N,NA,NA,NA,NA,NA,NA,NA,NA,NA,Y,4,0,1,2,A,-,09,21804,A,N,A,C,A,A,H,-,C,D,0,NA,NA,NA,NA,Y,NA,A,01,0,0,1,0,0,0,0,0,0,-,-,NA,NA,LOS ANGELES,SANTA MONICA,-118.47342738,34.01737139
8060214,2016,2016-06-15,1965,2016-05-26,0855,3765,OB1H,4,5,5,1965,0,0,0,NA,0,B001,4TH ST,COLORADO,99,S,N,A,-,N,NA,NA,NA,NA,NA,NA,NA,NA,NA,Y,4,0,1,2,A,-,04,21703,NA,N,C,C,A,A,H,-,A,A,0,NA,NA,NA,NA,Y,NA,A,01,0,0,1,0,0,0,0,0,0,-,-,NA,NA,LOS ANGELES,SANTA MONICA,-118.491829,34.01355832
8060218,2016,2016-06-15,1965,2016-05-26,1205,3238,OB3C,4,5,5,1965,0,0,0,NA,0,003,14TH ST,BROADWAY,246,S,N,A,-,N,NA,NA,NA,NA,NA,NA,NA,NA,NA,N,4,0,1,2,A,-,00,21955,A,N,G,B,D,A,H,-,A,D,0,Y,NA,NA,NA,Y,NA,N,60,0,0,1,0,1,0,0,0,0,-,-,NA,NA,LOS ANGELES,SANTA MONICA,-118.48360926,34.02227283
8060222,2016,2016-06-15,1965,2016-05-19,1705,3866,OB3A,4,5,5,1965,0,0,0,NA,0,B003,WILSHIRE BL,PRINCETON ST,0,NA,Y,A,-,N,NA,NA,NA,NA,NA,NA,NA,NA,NA,N,4,0,3,2,A,-,03,22350,NA,N,C,C,A,A,H,-,A,A,0,NA,NA,NA,NA,Y,NA,A,01,0,0,3,0,0,0,0,0,0,-,-,NA,NA,LOS ANGELES,SANTA MONICA,-118.47652007,34.03676003
8060226,2016,2016-06-15,1965,2016-05-22,1910,3865,0B1F,7,5,5,1965,0,0,0,NA,0,A001,PICO BL,OCEAN AV,0,NA,Y,A,-,N,NA,NA,NA,NA,NA,NA,NA,NA,NA,N,3,0,1,2,A,-,00,21450,NA,F,D,G,A,A,H,-,A,A,0,NA,Y,NA,NA,Y,Y,A,07,0,1,0,0,0,0,1,0,0,-,-,NA,NA,LOS ANGELES,SANTA MONICA,-118.4903301,34.00750008
8060230,2016,2016-06-15,1965,2016-05-25,1725,3158,0B2B,3,5,5,1965,0,0,0,NA,0,B002,PICO BL,EUCLID ST,135,W,N,A,-,N,NA,NA,NA,NA,NA,NA,NA,NA,NA,N,3,0,1,2,A,-,07,21658,A,F,H,A,A,A,H,-,A,A,0,NA,NA,Y,NA,Y,NA,C,02,0,1,0,0,0,0,0,0,1,-,-,NA,NA,LOS ANGELES,SANTA MONICA,-118.47802609,34.01491247
8060235,2016,2016-06-15,1925,2016-05-27,1844,24967,222,5,5,6,1925,0,0,0,NA,0,002,CENTRAL AV,PIONEER/CENTRAL,26,S,N,A,-,N,NA,NA,NA,NA,NA,NA,NA,NA,NA,N,4,0,1,2,A,-,01,23152,E,N,C,C,A,A,H,-,A,A,0,NA,NA,NA,NA,Y,NA,A,01,0,0,1,0,0,0,0,0,0,-,-,NA,NA,LOS ANGELES,GLENDALE,-118.257934,34.155188
8060238,2016,2016-06-15,1965,2016-05-27,1550,3483,0B1F,5,5,5,1965,0,0,0,NA,0,B001,MAIN ST,NORMAN PL,0,NA,Y,A,-,N,NA,NA,NA,NA,NA,NA,NA,NA,NA,N,3,0,1,2,A,-,09,21801,A,N,D,G,A,A,H,-,A,D,0,NA,Y,NA,NA,Y,NA,A,01,0,1,0,0,0,0,1,0,0,-,-,NA,NA,LOS ANGELES,SANTA MONICA,-118.48417003,34.00255012
8060239,2016,2017-04-12,1925,2016-05-09,1309,25664,239,1,5,6,1925,0,0,0,NA,0,004,BROADWAY,CHEVY CHASE,300,E,N,A,-,N,NA,NA,NA,NA,NA,NA,NA,NA,NA,Y,3,0,1,2,A,-,09,21801,A,N,A,I,A,A,H,-,A,D,0,NA,NA,NA,NA,Y,NA,-,NA,0,1,0,0,0,0,0,0,0,-,-,NA,NA,LOS ANGELES,GLENDALE,-118.23863085,34.14617765
8060322,2016,2016-06-14,1920,2016-05-10,0920,10216,NA,2,5,6,1920,0,0,0,NA,0,006,PARAMOUNT BL,STEWART AND GRAY RD,0,NA,Y,B,-,N,NA,NA,NA,NA,NA,NA,NA,NA,NA,N,4,0,2,2,A,-,12,21453,A,N,D,C,A,A,H,-,A,A,0,NA,NA,NA,NA,Y,NA,A,01,0,0,2,0,0,0,0,0,0,-,-,NA,NA,LOS ANGELES,DOWNEY,-118.14378013,33.93480006
8060324,2016,2016-06-15,1907,2016-06-04,0835,226,2,6,5,4,1907,0,0,0,NA,0,NA,FLORENCE AV,WOODWARD AV,150,E,N,A,-,N,NA,NA,NA,NA,NA,NA,NA,NA,NA,N,3,0,1,2,A,-,08,22107,NA,N,D,C,A,A,H,-,A,D,0,NA,NA,Y,NA,Y,NA,A,01,0,1,0,0,0,0,0,0,1,-,-,33.97028,-118.18795,LOS ANGELES,BELL,-118.18651996,33.97014
8060326,2016,2016-06-14,1920,2016-05-10,0911,10705,NA,2,5,6,1920,0,0,0,NA,0,003,FLORENCE AV,HORLEY AV,0,NA,Y,B,-,N,NA,NA,NA,NA,NA,NA,NA,NA,NA,N,4,0,1,3,A,-,09,21801,A,N,D,C,A,A,H,-,A,D,0,NA,NA,NA,NA,Y,NA,-,NA,0,0,1,0,0,0,0,0,0,-,-,NA,NA,LOS ANGELES,DOWNEY,-118.13616003,33.95641011
8060328,2016,2016-06-14,1907,2016-06-09,1555,191,1,4,5,4,1907,0,0,0,NA,0,NA,FLORENCE AV,BEAR AV,20,E,N,A,-,N,NA,NA,NA,NA,NA,NA,NA,NA,NA,N,4,0,1,2,A,-,03,22350,NA,N,C,C,A,A,H,-,A,A,0,NA,NA,NA,NA,Y,NA,A,01,0,0,1,0,0,0,0,0,0,-,-,33.97145,-118.19894,LOS ANGELES,BELL,-118.19889467,33.97145328
8060330,2016,2016-06-14,1920,2016-05-04,2347,12323,NA,3,5,6,1920,0,0,0,NA,0,005,DOWNEY AV,FLORENCE AV,0,NA,Y,A,-,N,NA,NA,NA,NA,NA,NA,NA,NA,NA,Y,4,0,1,2,A,-,09,21801,A,N,D,C,A,A,H,-,C,A,0,NA,NA,NA,NA,Y,NA,A,01,0,0,1,0,0,0,0,0,0,-,-,NA,NA,LOS ANGELES,DOWNEY,-118.12575001,33.95142006
8060332,2016,2016-06-14,1907,2016-06-01,2111,237,2,3,5,4,1907,0,0,0,NA,0,NA,FLORENCE AV,SHERMAN WY,0,NA,Y,A,-,N,NA,NA,NA,NA,NA,NA,NA,NA,NA,N,4,0,1,2,A,-,05,21650,1,N,H,G,A,A,H,-,C,A,0,NA,Y,NA,NA,Y,NA,L,04,0,0,1,0,0,0,1,0,0,-,-,33.96906,-118.17608,LOS ANGELES,BELL,-118.17611008,33.96905006
8060334,2016,2016-06-14,1920,2016-05-02,0202,12645,NA,1,5,6,1920,0,0,0,NA,0,006,BROOKSHIRE AV,FIRESTONE BL,0,NA,Y,A,-,N,NA,NA,NA,NA,NA,NA,NA,NA,NA,Y,4,0,1,2,D,-,00,NA,NA,N,D,C,A,A,H,-,C,A,0,NA,NA,NA,NA,Y,NA,-,-,0,0,1,0,0,0,0,0,0,-,-,NA,NA,LOS ANGELES,DOWNEY,-118.12966004,33.93822004
8060336,2016,2016-06-15,1907,2016-06-06,0106,233,1,1,5,4,1907,0,0,0,NA,0,NA,ATLANTIC AV,FLORENCE AV,0,NA,Y,A,-,N,NA,NA,NA,NA,NA,NA,NA,NA,NA,N,4,0,1,2,A,-,12,21453,A,N,D,E,A,A,H,-,C,A,0,NA,NA,NA,NA,Y,NA,A,01,0,0,1,0,0,0,0,0,0,-,-,33.97032,-118.18815,LOS ANGELES,BELL,-118.18820001,33.97031004
8060338,2016,2017-04-22,1920,2016-05-06,1817,11859,1920,5,5,6,1920,0,0,0,NA,0,006,IMPERIAL HWY,DOWNEY AV,0,NA,Y,B,-,N,NA,NA,NA,NA,NA,NA,NA,NA,NA,N,4,0,3,3,A,-,09,21801,A,N,D,C,A,B,H,-,A,A,0,NA,NA,NA,NA,Y,NA,A,01,0,0,3,0,0,0,0,0,0,-,-,NA,NA,LOS ANGELES,DOWNEY,-118.14688009,33.92131006
8060342,2016,2016-06-14,1920,2016-05-08,1357,12476,NA,7,5,6,1920,0,0,0,NA,0,002,RIVES AV,FIRESTONE BL,72,S,N,A,-,N,NA,NA,NA,NA,NA,NA,NA,NA,NA,N,4,0,1,3,A,-,09,21804,A,N,B,C,A,A,H,-,A,D,0,NA,NA,NA,NA,Y,NA,A,01,0,0,1,0,0,0,0,0,0,-,-,NA,NA,LOS ANGELES,DOWNEY,-118.14224047,33.9447152
8060344,2016,2016-06-14,1942,2016-06-04,2150,37511,0782,6,5,7,1942,0,0,0,G,0,7T23,LA CIENEGA BL,DAVID ST,0,NA,Y,A,-,N,NA,NA,NA,NA,NA,NA,NA,NA,NA,N,3,0,1,2,A,-,09,21801,A,F,A,C,A,A,H,-,C,A,0,NA,NA,NA,NA,Y,NA,-,99,0,1,0,0,0,0,0,0,0,-,-,NA,NA,LOS ANGELES,LOS ANGELES,-118.37742004,34.03728002
8060346,2016,2016-06-14,1920,2016-05-10,1600,12476,NA,2,5,6,1920,0,0,0,NA,0,004,FIRESTONE BL,NEWVILLE AV,0,NA,Y,A,-,N,NA,NA,NA,NA,NA,NA,NA,NA,NA,Y,3,0,1,2,A,-,12,21453,A,N,D,C,A,A,H,-,A,A,0,NA,NA,NA,NA,Y,NA,A,07,0,1,0,0,0,0,0,0,0,-,-,NA,NA,LOS ANGELES,DOWNEY,-118.11164001,33.92948005
8060349,2016,2016-06-14,1942,2016-05-28,0150,25495,0711,6,5,7,1942,0,0,0,G,0,7T23,KILKEA DR,BEVERLY BL,300,N,N,A,-,N,NA,NA,NA,NA,NA,NA,NA,NA,NA,Y,3,0,2,2,A,-,01,23152,A,N,C,E,A,A,H,-,C,D,0,NA,NA,NA,NA,Y,Y,A,01,0,2,0,0,0,0,0,0,0,-,-,NA,NA,LOS ANGELES,LOS ANGELES,-118.36692431,34.07691273
8060350,2016,2016-06-14,1920,2016-05-08,0238,12605,DOWNE,7,5,6,1920,0,0,0,NA,0,005,FLORENCE AV,LAKEWOOD BL,0,NA,Y,A,-,N,NA,NA,NA,NA,NA,NA,NA,NA,NA,N,4,0,1,2,A,-,09,21801,A,M,D,C,A,A,H,-,C,A,0,NA,NA,NA,NA,Y,NA,A,01,0,0,1,0,0,0,0,0,0,-,-,NA,NA,LOS ANGELES,DOWNEY,-118.11725003,33.9475001
8060353,2016,2016-06-14,1955,2016-05-17,2159,42210,0028,2,5,6,1955,0,0,0,NA,0,002,TOWNE AV,BONITA AV,0,NA,Y,A,-,N,NA,NA,NA,NA,NA,NA,NA,NA,NA,Y,4,0,1,2,A,-,09,21801,A,N,D,C,A,A,H,-,C,A,0,NA,NA,NA,NA,Y,NA,A,01,0,0,1,0,0,0,0,0,0,-,-,NA,NA,LOS ANGELES,POMONA,-117.73679002,34.09620012
8060354,2016,2016-06-14,1920,2016-05-09,0531,10216,NA,1,5,6,1920,0,0,0,NA,0,005,PARAMOUNT BL,LUBEC ST,0,NA,Y,A,-,N,NA,NA,NA,NA,NA,NA,NA,NA,NA,Y,3,0,2,2,D,-,00,NA,NA,N,D,C,A,A,H,-,C,A,0,NA,NA,NA,NA,Y,NA,-,-,0,1,1,0,0,0,0,0,0,-,-,NA,NA,LOS ANGELES,DOWNEY,-118.12763003,33.95675006
8060358,2016,2016-06-14,1920,2016-05-11,1446,10705,NA,3,5,6,1920,0,0,0,NA,0,001,STEWART AND GRAY RD,BELLFLOWER BL,68,W,N,A,-,N,NA,NA,NA,NA,NA,NA,NA,NA,NA,Y,4,0,2,3,A,-,03,22350,NA,N,C,C,A,A,H,-,A,A,0,NA,NA,NA,NA,Y,NA,-,NA,0,0,2,0,0,0,0,0,0,-,-,NA,NA,LOS ANGELES,DOWNEY,-118.12567369,33.92783
8060362,2016,2016-06-14,1920,2016-05-04,1805,12323,NA,3,5,6,1920,0,0,0,NA,0,006,DOWNEY AV,ADOREE ST,205,N,N,A,-,N,NA,NA,NA,NA,NA,NA,NA,NA,NA,Y,4,0,2,2,A,-,09,21801,A,N,D,C,A,A,H,-,A,D,0,NA,NA,NA,NA,Y,NA,A,01,0,0,2,0,0,0,0,0,0,-,-,NA,NA,LOS ANGELES,DOWNEY,-118.14847847,33.91921452
8060366,2016,2016-06-14,1920,2016-05-10,0830,19354,NA,2,5,6,1920,0,0,0,NA,0,NA,STEWART AND GRAY RD,WOODRUFF AV,310,E,N,A,-,N,NA,NA,NA,NA,NA,NA,NA,NA,NA,Y,4,0,1,2,A,-,09,21804,A,N,D,C,A,A,H,-,A,D,0,NA,NA,NA,NA,Y,NA,A,01,0,0,1,0,0,0,0,0,0,-,-,NA,NA,LOS ANGELES,DOWNEY,-118.11576657,33.9281815
8060368,2016,2016-06-14,1962,2016-06-02,1725,102,1962,4,5,4,1962,0,0,0,NA,0,022,LAS TUNAS DR,SAN MARINO AV,150,W,N,A,-,N,NA,NA,NA,NA,NA,NA,NA,NA,NA,Y,3,0,1,2,A,-,09,21801,A,N,D,C,A,A,H,-,A,D,0,NA,NA,NA,NA,Y,NA,A,01,0,1,0,0,0,0,0,0,0,-,-,NA,NA,LOS ANGELES,SAN GABRIEL,-118.10298433,34.10248162
8060369,2016,2016-06-14,1955,2016-05-18,0841,40348,0010,3,5,6,1955,0,0,0,NA,0,003,ORANGE GROVE AV,GAREY AV,228,W,N,A,-,N,NA,NA,NA,NA,NA,NA,NA,NA,NA,N,4,0,2,2,A,-,09,21804,A,N,D,C,A,A,H,-,A,D,0,NA,NA,NA,NA,Y,NA,A,01,0,0,2,0,0,0,0,0,0,-,-,NA,NA,LOS ANGELES,POMONA,-117.75293061,34.07234869
8060370,2016,2016-06-14,1920,2016-05-12,1545,11992,NA,4,5,6,1920,0,0,0,NA,0,006,DOWNEY AV,IMPERIAL HWY,0,NA,Y,A,-,N,NA,NA,NA,NA,NA,NA,NA,NA,NA,Y,2,0,3,2,A,-,09,21801,A,N,D,C,A,A,H,-,A,A,0,NA,NA,NA,NA,Y,NA,A,08,1,1,1,0,0,0,0,0,0,-,-,NA,NA,LOS ANGELES,DOWNEY,-118.14688009,33.92131006
8060372,2016,2016-06-14,1902,2016-06-03,0811,699,20,5,5,5,1902,0,0,0,NA,0,004,BALDWIN AV,FAIRVIEW AV,27,S,N,A,-,N,NA,NA,NA,NA,NA,NA,NA,NA,NA,N,4,0,1,2,A,-,03,22350,NA,N,C,C,A,A,H,-,A,A,0,NA,NA,NA,NA,Y,NA,A,07,0,0,1,0,0,0,0,0,0,-,-,NA,NA,LOS ANGELES,ARCADIA,-118.05476605,34.12888614
8060373,2016,2016-06-14,1955,2016-05-27,1904,30497,0030,5,5,6,1955,0,0,0,NA,0,002,GAREY AV,DRAKE ST,0,NA,Y,A,-,N,NA,NA,NA,NA,NA,NA,NA,NA,NA,N,4,0,1,1,A,-,08,22107,NA,N,E,I,A,A,H,-,A,A,0,NA,NA,Y,NA,Y,NA,C,03,0,0,1,0,0,0,0,0,1,-,-,NA,NA,LOS ANGELES,POMONA,-117.74858002,34.10603006
8060374,2016,2016-06-14,1920,2016-05-14,1426,12609,NA,6,5,6,1920,0,0,0,NA,0,004,FIRESTONE BL,LAKEWOOD BL,85,E,N,A,-,N,NA,NA,NA,NA,NA,NA,NA,NA,NA,N,4,0,1,2,D,-,00,NA,NA,N,H,C,A,A,H,-,A,A,0,NA,NA,NA,NA,Y,NA,-,-,0,0,1,0,0,0,0,0,0,-,-,NA,NA,LOS ANGELES,DOWNEY,-118.1237802,33.9354101
8060380,2016,2016-06-14,1902,2016-06-01,1133,694,20,3,5,5,1902,0,0,0,NA,0,003,HOLLY AV,FAIRVIEW AV,0,NA,Y,A,-,N,NA,NA,NA,NA,NA,NA,NA,NA,NA,N,3,0,1,2,A,-,09,21802,A,N,D,G,A,A,H,-,A,D,0,NA,Y,NA,NA,Y,NA,-,NA,0,1,0,0,0,0,1,0,0,-,-,NA,NA,LOS ANGELES,ARCADIA,-118.0459,34.12957011
8060386,2016,2016-06-14,1920,2016-05-17,0951,10705,NA,2,5,6,1920,0,0,0,NA,0,001,IMPERIAL HWY,WOODRUFF AV,38,E,N,B,-,N,NA,NA,NA,NA,NA,NA,NA,NA,NA,Y,3,0,1,2,A,-,08,22100,A,N,D,C,A,A,H,-,A,A,0,NA,NA,NA,NA,Y,NA,-,NA,0,1,0,0,0,0,0,0,0,-,-,NA,NA,LOS ANGELES,DOWNEY,-118.11687,33.91686
8060388,2016,2016-06-20,1953,2016-06-02,1358,5850,1953,4,5,6,1953,0,0,0,NA,0,004,SAN GABRIEL,COLORADO BL,250,S,N,A,-,N,NA,NA,NA,NA,NA,NA,NA,NA,NA,Y,2,0,1,2,C,-,18,NA,NA,N,D,C,A,A,H,-,A,D,0,NA,NA,NA,NA,Y,NA,-,-,1,0,0,0,0,0,0,0,0,-,-,NA,NA,LOS ANGELES,PASADENA,-118.09459,34.14614
8060392,2016,2016-06-14,1902,2016-06-02,1726,728,28,4,5,5,1902,0,0,0,NA,0,005,SANTA ANITA AV,LAS FLORES AV,3,S,N,A,-,N,NA,NA,NA,NA,NA,NA,NA,NA,NA,Y,4,0,2,2,A,-,09,21801,A,N,D,C,A,A,H,-,A,D,0,NA,NA,NA,NA,Y,NA,-,NA,0,0,2,0,0,0,0,0,0,-,-,NA,NA,LOS ANGELES,ARCADIA,-118.03104976,34.11605178
8060394,2016,2016-06-14,1920,2016-05-13,1224,10705,NA,5,5,6,1920,0,0,0,NA,0,005,5TH ST,WESTERN AV,72,W,N,A,-,N,NA,NA,NA,NA,NA,NA,NA,NA,NA,Y,3,0,1,1,A,-,03,22350,NA,M,F,I,A,A,H,-,A,D,0,NA,NA,NA,NA,Y,NA,-,NA,0,1,0,0,0,0,0,0,0,-,-,NA,NA,LOS ANGELES,DOWNEY,-118.13333944,33.94527655
8060396,2016,2016-06-20,1953,2016-06-05,0033,5620,1953,7,5,6,1953,0,0,0,NA,0,NA,GREEN ST,RAYMOND AV,70,E,N,A,-,N,NA,NA,NA,NA,NA,NA,NA,NA,NA,N,3,0,1,2,A,-,11,21955,NA,N,H,B,E,A,H,-,A,D,0,Y,NA,NA,NA,Y,Y,N,60,0,1,0,0,1,0,0,0,0,-,-,NA,NA,LOS ANGELES,PASADENA,-118.14865914,34.1445
8060398,2016,2016-06-14,1920,2016-05-15,1539,10216,NA,7,5,6,1920,0,0,0,NA,0,003,FLORENCE AV,SUSAN AV,365,W,N,B,-,N,NA,NA,NA,NA,NA,NA,NA,NA,NA,Y,4,0,1,2,A,-,09,21802,A,N,D,C,A,A,H,-,A,A,0,NA,NA,NA,NA,Y,NA,A,01,0,0,1,0,0,0,0,0,0,-,-,NA,NA,LOS ANGELES,DOWNEY,-118.14254256,33.95984128
8060484,2016,2016-06-15,1942,2016-05-22,2250,41704,1253,7,5,7,1942,0,0,0,L,0,18T23,WESTERN AV,FLORENCE AV,0,NA,Y,A,-,N,NA,NA,NA,NA,NA,NA,NA,NA,NA,Y,4,0,1,2,A,-,09,21801,A,N,D,C,A,A,H,-,C,D,0,NA,NA,NA,NA,Y,Y,A,01,0,0,1,0,0,0,0,0,0,-,-,NA,NA,LOS ANGELES,LOS ANGELES,-118.30898006,33.97457001
8060488,2016,2016-06-15,1942,2016-05-27,0840,41072,1253,5,5,7,1942,0,0,0,L,0,12T41,FLORENCE AV,VAN NESS AV,8,E,N,B,-,N,NA,NA,NA,NA,NA,NA,NA,NA,NA,Y,4,0,1,2,A,-,03,22350,NA,F,C,C,A,A,H,-,A,D,0,NA,NA,NA,NA,Y,NA,A,01,0,0,1,0,0,0,0,0,0,-,-,NA,NA,LOS ANGELES,LOS ANGELES,-118.31770366,33.9746
8060492,2016,2016-06-28,1942,2016-05-06,1110,42120,1256,5,5,7,1942,0,0,0,L,0,12A49,FLORENCE,GRAND,0,NA,Y,C,-,N,NA,NA,NA,NA,NA,NA,NA,NA,NA,Y,4,0,2,2,A,-,12,21453,A,N,D,C,A,B,H,-,A,A,0,NA,NA,NA,NA,Y,NA,A,01,0,0,2,0,0,0,0,0,0,-,-,NA,NA,LOS ANGELES,LOS ANGELES,-118.28030011,33.97466009
8060496,2016,2016-06-20,1942,2016-05-02,1145,38817,1213,1,5,7,1942,0,0,0,L,0,12A3,VAN NESS AV,54TH ST,0,NA,Y,A,-,N,NA,NA,NA,NA,NA,NA,NA,NA,NA,Y,4,0,2,2,A,-,12,21453,A,N,D,C,A,A,H,-,A,A,0,NA,NA,NA,NA,Y,NA,-,-,0,0,2,0,0,0,0,0,0,-,-,NA,NA,LOS ANGELES,LOS ANGELES,-118.31766012,33.99320004
8060500,2016,2016-06-15,1942,2016-05-18,1325,37807,1207,3,5,7,1942,0,0,0,L,0,18TL23,VERMONT AV,47TH ST,70,S,N,A,-,N,NA,NA,NA,NA,NA,NA,NA,NA,NA,Y,4,0,1,5,A,-,09,21801,A,N,D,C,A,A,H,-,A,A,0,NA,NA,NA,NA,Y,NA,A,01,0,0,1,0,0,0,0,0,0,-,-,NA,NA,LOS ANGELES,LOS ANGELES,-118.291541,34.000382
8060504,2016,2016-06-15,1942,2016-05-11,2000,42148,1283,3,5,7,1942,0,0,0,L,0,12A31,94TH ST,HOBART,15,W,N,A,-,N,NA,NA,NA,NA,NA,NA,NA,NA,NA,Y,3,0,1,2,A,-,03,22350,A,N,A,C,A,A,H,-,C,D,0,NA,NA,NA,NA,Y,NA,A,07,0,1,0,0,0,0,0,0,0,-,-,NA,NA,LOS ANGELES,LOS ANGELES,-118.30792937,33.95112
8060516,2016,2016-06-15,1942,2016-05-26,2000,36463,1824,4,5,7,1942,0,0,0,R,0,18A35,AVALON BL,104TH ST,0,NA,Y,B,-,N,NA,NA,NA,NA,NA,NA,NA,NA,NA,Y,2,0,1,2,A,-,09,21801,A,N,D,C,A,A,H,-,C,A,0,NA,NA,Y,NA,Y,NA,A,07,1,0,0,0,0,0,0,0,1,-,-,NA,NA,LOS ANGELES,LOS ANGELES,-118.26518005,33.94195004