CASE_ID,ACCIDENT_YEAR,PROC_DATE,JURIS,COLLISION_DATE,COLLISION_TIME,OFFICER_ID,REPORTING_DISTRICT,DAY_OF_WEEK,CHP_SHIFT,POPULATION,CNTY_CITY_LOC,SPECIAL_COND,BEAT_TYPE,CHP_BEAT_TYPE,CITY_DIVISION_LAPD,CHP_BEAT_CLASS,BEAT_NUMBER,PRIMARY_RD,SECONDARY_RD,DISTANCE,DIRECTION,INTERSECTION,WEATHER_1,WEATHER_2,STATE_HWY_IND,CALTRANS_COUNTY,CALTRANS_DISTRICT,STATE_ROUTE,ROUTE_SUFFIX,POSTMILE_PREFIX,POSTMILE,LOCATION_TYPE,RAMP_INTERSECTION,SIDE_OF_HWY,TOW_AWAY,COLLISION_SEVERITY,NUMBER_KILLED,NUMBER_INJURED,PARTY_COUNT,PRIMARY_COLL_FACTOR,PCF_CODE_OF_VIOL,PCF_VIOL_CATEGORY,PCF_VIOLATION,PCF_VIOL_SUBSECTION,HIT_AND_RUN,TYPE_OF_COLLISION,MVIW,PED_ACTION,ROAD_SURFACE,ROAD_COND_1,ROAD_COND_2,LIGHTING,CONTROL_DEVICE,CHP_ROAD_TYPE,PEDESTRIAN_ACCIDENT,BICYCLE_ACCIDENT,MOTORCYCLE_ACCIDENT,TRUCK_ACCIDENT,NOT_PRIVATE_PROPERTY,ALCOHOL_INVOLVED,STWD_VEHTYPE_AT_FAULT,CHP_VEHTYPE_AT_FAULT,COUNT_SEVERE_INJ,COUNT_VISIBLE_INJ,COUNT_COMPLAINT_PAIN,COUNT_PED_KILLED,COUNT_PED_INJURED,COUNT_BICYCLIST_KILLED,COUNT_BICYCLIST_INJURED,COUNT_MC_KILLED,COUNT_MC_INJURED,PRIMARY_RAMP,SECONDARY_RAMP,LATITUDE,LONGITUDE,COUNTY,CITY,POINT_X,POINT_Y
8061097,2016,2016-07-21,1942,2016-06-12,2030,41439,1824,7,5,7,1942,0,0,0,R,0,3T5,CENTRAL AV,103RD ST,0,NA,Y,A,-,N,NA,NA,NA,NA,NA,NA,NA,NA,NA,Y,3,0,2,2,A,-,09,21801,A,N,A,C,A,A,H,-,C,A,0,NA,NA,NA,NA,Y,NA,A,01,0,1,1,0,0,0,0,0,0,-,-,NA,NA,LOS ANGELES,LOS ANGELES,-118.25411013,33.94327005
8061098,2016,2016-07-21,1942,2016-06-11,1730,40869,1802,6,5,7,1942,0,0,0,R,0,18TL39,MANCHESTER AV,MAIN ST,320,E,N,A,-,N,NA,NA,NA,NA,NA,NA,NA,NA,NA,N,3,0,1,4,A,-,01,23152,A,N,C,E,A,A,H,-,A,D,0,NA,NA,NA,NA,Y,Y,A,01,0,1,0,0,0,0,0,0,0,-,-,NA,NA,LOS ANGELES,LOS ANGELES,-118.27388,33.96009
8061107,2016,2016-07-21,1942,2016-06-12,1715,39177,1835,7,5,7,1942,0,0,0,R,0,3TL57,107TH ST,CENTRAL AV,43,E,N,A,-,N,NA,NA,NA,NA,NA,NA,NA,NA,NA,N,4,0,1,2,A,-,03,22350,NA,N,A,C,A,A,H,-,A,-,0,NA,NA,NA,NA,Y,NA,A,01,0,0,1,0,0,0,0,0,0,-,-,NA,NA,LOS ANGELES,LOS ANGELES,-118.25418,33.93924
8061108,2016,2016-07-21,1942,2016-06-12,1850,39177,1846,7,5,7,1942,0,0,0,R,0,3TL57,112TH ST,EVERS AV,0,NA,Y,A,-,N,NA,NA,NA,NA,NA,NA,NA,NA,NA,N,4,0,1,2,A,-,05,21650,1,N,A,G,A,A,H,-,A,A,0,NA,Y,NA,NA,Y,NA,L,04,0,0,1,0,0,0,1,0,0,-,-,NA,NA,LOS ANGELES,LOS ANGELES,-118.24737004,33.93317004
8061109,2016,2016-08-29,1942,2016-06-07,1850,40415,1862,2,5,7,1942,0,0,0,R,0,12T41,IMPERIAL HWY,FIGUEROA ST,0,NA,Y,A,-,N,NA,NA,NA,NA,NA,NA,NA,NA,NA,Y,4,0,2,2,A,-,09,21801,A,N,D,C,A,A,H,-,A,A,0,NA,NA,NA,NA,Y,NA,A,01,0,0,2,0,0,0,0,0,0,-,-,NA,NA,LOS ANGELES,LOS ANGELES,-118.28260006,33.9310001
8061110,2016,2016-07-21,1942,2016-06-04,1845,40440,1841,6,5,7,1942,0,0,0,R,0,12TL73,VERMONT AV,104TH ST,0,NA,Y,A,-,N,NA,NA,NA,NA,NA,NA,NA,NA,NA,Y,3,0,1,2,A,-,09,21802,A,N,D,C,A,A,H,-,A,A,0,NA,NA,NA,NA,Y,NA,A,08,0,1,0,0,0,0,0,0,0,-,-,NA,NA,LOS ANGELES,LOS ANGELES,-118.29159,33.94229
8061111,2016,2016-07-21,1942,2016-06-01,1540,41921,1823,3,5,7,1942,0,0,0,R,0,18A1,SAN PEDRO,103RD ST,6,N,N,A,-,N,NA,NA,NA,NA,NA,NA,NA,NA,NA,N,4,0,1,2,A,-,03,22350,NA,N,C,C,A,A,H,-,A,D,0,NA,NA,NA,NA,Y,NA,A,01,0,0,1,0,0,0,0,0,0,-,-,NA,NA,LOS ANGELES,LOS ANGELES,-118.26953,33.94285646
8061112,2016,2016-07-21,1942,2016-06-01,0755,38503,1824,3,5,7,1942,0,0,0,R,0,3TL5,AVALON BL,93RD ST,0,NA,Y,B,-,N,NA,NA,NA,NA,NA,NA,NA,NA,NA,Y,4,0,1,3,A,-,09,21802,A,N,B,C,A,A,H,-,A,A,0,NA,NA,NA,NA,Y,NA,A,01,0,0,1,0,0,0,0,0,0,-,-,NA,NA,LOS ANGELES,LOS ANGELES,-118.26516004,33.95201011
8061113,2016,2016-07-21,1942,2016-06-16,2235,41056,1862,4,5,7,1942,0,0,0,R,0,12T41,MAIN ST,117TH ST,35,N,N,A,-,N,NA,NA,NA,NA,NA,NA,NA,NA,NA,N,4,0,3,1,A,-,03,22350,NA,N,E,I,A,A,H,-,C,A,0,NA,NA,NA,NA,Y,NA,A,01,0,0,3,0,0,0,0,0,0,-,-,NA,NA,LOS ANGELES,LOS ANGELES,-118.2739,33.92749599
8061158,2016,2016-07-25,1942,2016-07-04,2135,41729,1837,1,5,7,1942,0,0,0,R,0,18T23,COMPTON AV,113TH ST,10,S,N,A,-,N,NA,NA,NA,NA,NA,NA,NA,NA,NA,Y,3,0,3,2,A,-,09,21801,A,F,D,C,A,A,H,-,A,D,0,NA,NA,NA,NA,Y,NA,A,01,0,2,1,0,0,0,0,0,0,-,-,NA,NA,LOS ANGELES,LOS ANGELES,-118.24630886,33.93202259
8061161,2015,2016-07-21,1942,2015-07-06,1635,26101,1265,1,5,7,1942,0,0,0,L,0,18T23,BUDLONG AV,MANCHESTER AV,18,S,N,A,-,N,NA,NA,NA,NA,NA,NA,NA,NA,NA,Y,4,0,1,2,A,-,05,21650,NA,F,B,C,A,A,H,-,A,A,0,NA,NA,NA,NA,Y,NA,-,99,0,0,1,0,0,0,0,0,0,-,-,NA,NA,LOS ANGELES,LOS ANGELES,-118.2959188,33.95996064
8061164,2016,2016-07-21,1902,2016-07-11,1709,699,19,1,5,5,1902,0,0,0,NA,0,004,DUARTE RD,SANTA ANITA AV,759,W,N,A,-,N,NA,NA,NA,NA,NA,NA,NA,NA,NA,Y,3,0,2,2,A,-,03,22350,NA,N,C,C,A,A,H,-,A,D,0,NA,NA,Y,NA,Y,NA,C,03,0,2,0,0,0,0,0,0,2,-,-,NA,NA,LOS ANGELES,ARCADIA,-118.03376519,34.12913286
8061165,2016,2016-07-21,1902,2016-07-12,0054,711,11,2,5,5,1902,0,0,0,NA,0,001,HUNTINGTON DR,1ST AV,0,NA,Y,A,-,N,NA,NA,NA,NA,NA,NA,NA,NA,NA,Y,4,0,1,2,A,-,12,21453,A,N,D,C,A,A,H,-,C,A,0,NA,NA,NA,NA,Y,NA,A,07,0,0,1,0,0,0,0,0,0,-,-,NA,NA,LOS ANGELES,ARCADIA,-118.02835,34.1400801
8061183,2016,2016-07-26,1941,2016-07-04,2352,10154,NA,1,5,7,1941,0,0,0,NA,0,NA,MARTIN LUTHER KING JR AV,PACIFIC COAST HWY,0,NA,Y,A,-,N,NA,NA,NA,NA,NA,NA,NA,NA,NA,Y,4,0,1,2,A,-,08,22107,NA,N,A,-,A,A,H,-,B,A,0,NA,NA,NA,NA,Y,NA,A,NA,0,0,1,0,0,0,0,0,0,-,-,NA,NA,LOS ANGELES,LONG BEACH,-118.18069013,33.78987004
8061191,2016,2016-07-21,1942,2016-07-11,1450,38471,1934,1,5,7,1942,0,0,0,NA,0,16TL26,SEPULVEDA BL,RINALDI ST,35,S,N,A,-,N,NA,NA,NA,NA,NA,NA,NA,NA,NA,N,4,0,1,2,A,-,04,21703,NA,N,C,C,A,A,H,-,A,A,0,NA,NA,NA,NA,Y,NA,M,44,0,0,1,0,0,0,0,0,0,-,-,NA,NA,LOS ANGELES,LOS ANGELES,-118.46877357,34.27899497
8061193,2016,2016-07-21,1942,2016-07-09,1050,38185,0963,6,5,7,1942,0,0,0,I,0,9TL57,MAGNOLIA BL,KESTER AV,50,S,N,A,-,N,NA,NA,NA,NA,NA,NA,NA,NA,NA,Y,3,0,1,1,B,-,22,NA,NA,N,E,I,A,A,H,-,A,A,0,NA,NA,NA,NA,Y,NA,A,01,0,1,0,0,0,0,0,0,0,-,-,NA,NA,LOS ANGELES,LOS ANGELES,-118.45741,34.16485
8061194,2016,2016-07-21,1942,2016-07-09,0930,40165,1988,6,5,7,1942,0,0,0,NA,0,10TL39,WOODMAN AV,BRANFORD ST,0,NA,Y,A,-,N,NA,NA,NA,NA,NA,NA,NA,NA,NA,N,4,0,1,2,A,-,09,21804,A,M,D,G,A,A,H,-,A,A,0,NA,Y,NA,NA,Y,NA,L,04,0,0,1,0,0,0,1,0,0,-,-,NA,NA,LOS ANGELES,LOS ANGELES,-118.43297004,34.22652005
8061195,2016,2017-02-11,1942,2016-07-03,1900,38687,1636,7,5,7,1942,0,0,0,P,0,16T23,SUNLAND BL,RT 210,300,E,N,A,-,N,NA,NA,NA,NA,NA,NA,NA,NA,NA,N,3,0,1,2,A,-,03,22350,NA,F,C,C,A,A,H,-,A,D,0,NA,NA,NA,NA,Y,NA,-,99,0,1,0,0,0,0,0,0,0,-,EF,NA,NA,LOS ANGELES,LOS ANGELES,-118.32917929,34.25937929
8061196,2016,2017-07-28,1942,2016-07-09,1910,39980,1531,6,5,7,1942,0,0,0,O,0,15T43,OXNARD ST,WHITSETT AV,80,W,N,A,-,N,NA,NA,NA,NA,NA,NA,NA,NA,NA,N,4,0,1,2,A,-,04,21703,NA,F,C,C,A,A,H,-,B,D,0,NA,NA,NA,NA,Y,NA,-,99,0,0,1,0,0,0,0,0,0,-,-,NA,NA,LOS ANGELES,LOS ANGELES,-118.40552402,34.17941
8061197,2016,2016-07-21,1942,2016-07-11,2015,36336,1001,1,5,7,1942,0,0,0,J,0,9T53,ROSCOE BL,ZELZAH AV,40,W,N,A,-,N,NA,NA,NA,NA,NA,NA,NA,NA,NA,Y,4,0,2,3,A,-,07,21658,A,F,B,C,A,A,H,-,A,D,0,NA,NA,NA,NA,Y,NA,A,01,0,0,2,0,0,0,0,0,0,-,-,NA,NA,LOS ANGELES,LOS ANGELES,-118.52312204,34.22091693
8061198,2016,2016-07-21,1942,2016-07-06,1640,33779,0971,3,5,7,1942,0,0,0,I,0,15TL44,SEPULVEDA BL,MOORPARK ST,120,N,N,A,-,N,NA,NA,NA,NA,NA,NA,NA,NA,NA,N,4,0,1,2,A,-,07,21658,A,N,D,C,A,A,H,-,A,A,0,NA,NA,NA,NA,Y,NA,-,99,0,0,1,0,0,0,0,0,0,-,-,NA,NA,LOS ANGELES,LOS ANGELES,-118.46615,34.15508916
8061199,2016,2016-07-21,1942,2016-07-02,2220,35346,0984,6,5,7,1942,0,0,0,I,0,35M1,VENTURA BL,WILLIS AV,100,E,N,A,-,N,NA,NA,NA,NA,NA,NA,NA,NA,NA,N,4,0,3,3,A,-,03,22350,NA,F,C,C,A,A,H,-,C,D,0,NA,NA,NA,NA,Y,NA,-,99,0,0,3,0,0,0,0,0,0,-,-,NA,NA,LOS ANGELES,LOS ANGELES,-118.4549665,34.15194608
8061200,2016,2016-07-21,1942,2016-07-06,0335,39059,0901,3,5,7,1942,0,0,0,I,0,9A89,SEPULVEDA BL,COHASSET ST,0,NA,Y,A,-,N,NA,NA,NA,NA,NA,NA,NA,NA,NA,N,4,0,1,2,A,-,09,21804,A,F,D,B,A,A,H,-,C,D,0,NA,Y,NA,NA,Y,NA,L,04,0,0,1,0,0,0,1,0,0,-,-,NA,NA,LOS ANGELES,LOS ANGELES,-118.46621006,34.20663005
8061202,2016,2016-07-25,1941,2016-07-02,1717,10328,NA,6,5,7,1941,0,0,0,NA,0,NA,ANAHEIM ST,ATLANTIC AV,0,NA,Y,A,-,N,NA,NA,NA,NA,NA,NA,NA,NA,NA,N,2,0,1,2,A,-,10,21950,A,N,G,B,B,A,H,-,A,A,0,Y,NA,NA,NA,Y,NA,A,NA,1,0,0,0,1,0,0,0,0,-,-,NA,NA,LOS ANGELES,LONG BEACH,-118.18504008,33.78261005
8061203,2016,2016-07-25,1941,2016-07-08,0817,10795,NA,5,5,7,1941,0,0,0,NA,0,NA,COVINA AV,BROADWAY,61,N,N,A,-,N,NA,NA,NA,NA,NA,NA,NA,NA,NA,N,3,0,1,2,D,-,00,NA,NA,N,D,G,A,A,H,-,A,D,0,NA,Y,NA,NA,Y,NA,-,-,0,1,0,0,0,0,1,0,0,-,-,NA,NA,LOS ANGELES,LONG BEACH,-118.13075985,33.76372823
8061204,2016,2016-07-25,1941,2016-07-08,2148,6260,NA,5,5,7,1941,0,0,0,NA,0,NA,7TH ST,PARK AV,0,NA,Y,A,-,N,NA,NA,NA,NA,NA,NA,NA,NA,NA,Y,4,0,1,2,A,-,08,22107,NA,N,D,C,A,A,H,-,C,A,0,NA,NA,NA,NA,Y,NA,A,NA,0,0,1,0,0,0,0,0,0,-,-,NA,NA,LOS ANGELES,LONG BEACH,-118.13747011,33.77536006
8061205,2016,2016-07-25,1941,2016-07-07,2042,6296,NA,4,5,7,1941,0,0,0,NA,0,NA,MAGNOLIA AV,S 10TH ST,21,N,N,A,-,N,NA,NA,NA,NA,NA,NA,NA,NA,NA,Y,3,0,1,2,A,-,12,21453,A,F,D,C,A,A,H,-,C,A,0,NA,NA,Y,NA,Y,NA,D,NA,0,1,0,0,0,0,0,0,1,-,-,NA,NA,LOS ANGELES,LONG BEACH,-118.19804,33.77903759
8061206,2016,2016-07-25,1941,2016-07-09,0326,6068,NA,6,5,7,1941,0,0,0,NA,0,NA,CHERRY AV,36TH ST,21,N,N,A,-,N,NA,NA,NA,NA,NA,NA,NA,NA,NA,Y,3,0,2,2,A,-,03,22350,NA,F,C,C,A,A,H,-,C,A,0,NA,NA,NA,NA,Y,NA,D,NA,0,1,1,0,0,0,0,0,0,-,-,NA,NA,LOS ANGELES,LONG BEACH,-118.167556,33.822183
8061248,2016,2016-07-21,1942,2016-07-01,1545,39217,0969,5,5,7,1942,0,0,0,I,0,9T52,MAGNOLIA BL,COLDWATER CANYON BL,50,E,N,A,-,N,NA,NA,NA,NA,NA,NA,NA,NA,NA,N,3,0,1,2,A,-,03,22350,NA,M,-,C,A,A,H,-,A,D,0,NA,NA,NA,NA,Y,NA,-,99,0,1,0,0,0,0,0,0,0,-,-,NA,NA,LOS ANGELES,LOS ANGELES,-118.41363506,34.164873300000004
8061303,2016,2016-07-22,1941,2016-07-04,1649,10547,NA,1,5,7,1941,0,0,0,NA,0,NA,LONG BEACH BL,36TH ST,21,S,N,A,-,N,NA,NA,NA,NA,NA,NA,NA,NA,NA,Y,4,0,2,3,A,-,04,21703,NA,N,C,C,A,A,H,-,A,A,0,NA,NA,NA,NA,Y,NA,A,NA,0,0,2,0,0,0,0,0,0,-,-,NA,NA,LOS ANGELES,LONG BEACH,-118.18935,33.82208241
8061521,2016,2016-06-20,1942,2016-05-09,0750,39930,2021,1,5,7,1942,0,0,0,NA,0,7T23,WILSHIRE BL,WINDSOR BL,0,NA,Y,A,-,N,NA,NA,NA,NA,NA,NA,NA,NA,NA,N,4,0,1,2,A,-,08,22100,A,N,B,C,A,A,H,-,A,D,0,NA,NA,NA,NA,Y,NA,A,01,0,0,1,0,0,0,0,0,0,-,-,NA,NA,LOS ANGELES,LOS ANGELES,-118.32143006,34.06176
8061522,2016,2016-06-17,1942,2016-05-22,0050,41056,1267,7,5,7,1942,0,0,0,L,0,12T41,HOOVER ST,85TH ST,92,S,N,A,-,N,NA,NA,NA,NA,NA,NA,NA,NA,NA,N,4,0,1,2,A,-,08,22100,A,F,D,C,A,A,H,-,E,A,0,NA,NA,NA,NA,Y,NA,A,01,0,0,1,0,0,0,0,0,0,-,-,NA,NA,LOS ANGELES,LOS ANGELES,-118.2871,33.96099768
8061524,2016,2016-06-20,1941,2016-06-05,1632,5854,NA,7,5,7,1941,0,0,0,NA,0,NA,BROADWAY,PACIFIC,40,W,N,A,-,N,NA,NA,NA,NA,NA,NA,NA,NA,NA,N,4,0,1,2,A,-,07,21658,A,N,B,G,A,A,H,-,A,D,0,NA,Y,NA,NA,Y,NA,A,NA,0,0,1,0,0,0,1,0,0,-,-,NA,NA,LOS ANGELES,LONG BEACH,-118.19386135,33.7693
8061526,2016,2016-06-17,1942,2016-05-23,1400,40440,1273,1,5,7,1942,0,0,0,L,0,12TL73,MANCHESTER AV,ST ANDREW PL,0,NA,Y,A,-,N,NA,NA,NA,NA,NA,NA,NA,NA,NA,N,3,0,3,2,A,-,09,21802,A,N,D,C,A,A,H,-,A,A,0,NA,NA,Y,NA,Y,NA,A,07,0,1,2,0,0,0,0,0,1,-,-,NA,NA,LOS ANGELES,LOS ANGELES,-118.31120007,33.95996009
8061528,2016,2016-06-20,1941,2016-06-05,1205,10245,NA,7,5,7,1941,0,0,0,NA,0,NA,MONTAIR AV,STEARNS ST,0,NA,Y,A,-,N,NA,NA,NA,NA,NA,NA,NA,NA,NA,N,4,0,1,2,A,-,05,21650,1,N,D,G,A,A,H,-,A,A,0,NA,Y,NA,NA,Y,Y,L,NA,0,0,1,0,0,0,1,0,0,-,-,NA,NA,LOS ANGELES,LONG BEACH,-118.12696006,33.79603007
8061529,2016,2016-06-20,1942,2016-05-26,1220,39022,743,4,5,7,1942,0,0,0,NA,0,6TL4,MASSELIN AV,WILSHIRE BL,100,N,N,A,-,N,NA,NA,NA,NA,NA,NA,NA,NA,NA,N,3,0,1,2,A,-,08,22107,NA,N,B,C,A,A,H,-,A,D,0,NA,NA,Y,NA,Y,NA,A,01,0,1,0,0,0,0,0,0,1,-,-,NA,NA,LOS ANGELES,LOS ANGELES,-118.35250692,34.06267289
8061530,2016,2016-06-17,1942,2016-05-27,1803,37743,1239,5,5,7,1942,0,0,0,L,0,12X56,GAGE AV,HOOVER ST,0,NA,Y,A,-,N,NA,NA,NA,NA,NA,NA,NA,NA,NA,N,4,0,1,3,A,-,03,22350,A,M,C,C,A,A,H,-,A,A,0,NA,NA,NA,NA,Y,NA,-,99,0,0,1,0,0,0,0,0,0,-,-,NA,NA,LOS ANGELES,LOS ANGELES,-118.28708003,33.9825101
8061532,2016,2016-06-20,1941,2016-06-05,1602,5146,NA,7,5,7,1941,0,0,0,NA,0,NA,CARSON ST,BELLFLOWER BL,0,NA,Y,A,-,N,NA,NA,NA,NA,NA,NA,NA,NA,NA,Y,4,0,1,2,A,-,03,22350,NA,N,C,C,A,A,H,-,A,A,0,NA,NA,NA,NA,Y,NA,A,NA,0,0,1,0,0,0,0,0,0,-,-,NA,NA,LOS ANGELES,LONG BEACH,-118.12516006,33.83235004
8061533,2016,2016-06-20,1942,2016-05-25,1800,41548,1412,3,5,7,1942,0,0,0,N,0,14FBL1,ROSE AV,SPEEDWAY,600,E,N,A,-,N,NA,NA,NA,NA,NA,NA,NA,NA,NA,N,3,0,1,2,A,-,17,22517,NA,N,H,G,A,A,H,-,A,D,0,NA,Y,NA,NA,Y,NA,A,01,0,1,0,0,0,0,1,0,0,-,-,NA,NA,LOS ANGELES,LOS ANGELES,-118.47843923,33.99576792
8061534,2016,2016-06-17,1942,2016-05-22,0815,40971,1245,7,5,7,1942,0,0,0,L,0,12TL41,DENKER AV,FLORENCE AV,118,S,N,A,-,N,NA,NA,NA,NA,NA,NA,NA,NA,NA,N,3,0,1,2,A,-,03,22350,NA,N,C,E,A,A,H,-,A,D,0,NA,NA,NA,NA,Y,NA,A,01,0,1,0,0,0,0,0,0,0,-,-,NA,NA,LOS ANGELES,LOS ANGELES,-118.30463,33.97424637
8061535,2016,2016-06-17,1900,2016-06-03,1120,542860,0632,5,5,6,1985,0,0,0,NA,0,61T1,COMET WY,SAND CANYON RD,25,E,N,A,-,N,NA,NA,NA,NA,NA,NA,NA,NA,NA,Y,4,0,1,2,A,-,03,22350,NA,N,E,I,A,A,H,-,A,D,0,NA,NA,NA,NA,Y,NA,A,07,0,0,1,0,0,0,0,0,0,-,-,NA,NA,LOS ANGELES,SANTA CLARITA,-118.4207647,34.41470841
8061536,2016,2016-06-20,1941,2016-06-04,1936,10799,NA,6,5,7,1941,0,0,0,NA,0,NA,2ND ST,COVINA AV,0,NA,Y,A,-,N,NA,NA,NA,NA,NA,NA,NA,NA,NA,N,3,0,1,2,A,-,08,22107,NA,N,B,G,A,A,H,-,A,D,0,NA,Y,NA,NA,Y,NA,-,-,0,1,0,0,0,0,1,0,0,-,-,NA,NA,LOS ANGELES,LONG BEACH,-118.13394008,33.75982005
8061538,2016,2016-06-17,1942,2016-05-25,1030,42038,1269,3,5,7,1942,0,0,0,L,0,3A55,MANCHESTER AV,WADSWORTH AV,0,NA,Y,A,-,N,NA,NA,NA,NA,NA,NA,NA,NA,NA,Y,4,0,1,2,A,-,08,22102,NA,N,D,C,A,A,H,-,A,D,0,NA,NA,Y,NA,Y,NA,A,01,0,0,1,0,0,0,0,0,1,-,-,NA,NA,LOS ANGELES,LOS ANGELES,-118.25862002,33.96016004
8061539,2016,2016-06-17,1976,2016-06-01,1754,491,NA,3,5,5,1976,0,0,0,NA,0,004,MILLS AV,DALMAN ST,112,N,N,A,-,N,NA,NA,NA,NA,NA,NA,NA,NA,NA,N,4,0,1,4,A,-,03,22350,NA,F,C,C,A,A,H,-,A,A,0,NA,NA,NA,NA,Y,Y,A,07,0,0,1,0,0,0,0,0,0,-,-,NA,NA,LOS ANGELES,WHITTIER,-118.01102324,33.95002833
8061540,2016,2016-06-20,1942,2016-06-05,2055,41439,1243,7,5,7,1942,0,0,0,L,0,18T23,WESTERN AV,65TH ST,89,N,N,A,-,N,NA,NA,NA,NA,NA,NA,NA,NA,NA,N,2,0,1,2,A,-,07,21658,A,N,A,G,A,A,H,-,C,D,0,NA,Y,NA,NA,Y,NA,L,04,1,0,0,0,0,0,1,0,0,-,-,NA,NA,LOS ANGELES,LOS ANGELES,-118.308962,33.980843
8061542,2016,2016-06-17,1942,2016-05-26,0910,39397,1231,4,5,7,1942,0,0,0,L,0,3T5,64TH ST,GAY ST,0,NA,Y,A,-,N,NA,NA,NA,NA,NA,NA,NA,NA,NA,Y,4,0,3,2,A,-,09,21802,A,N,D,D,A,A,A,-,A,-,0,NA,NA,NA,NA,Y,NA,A,01,0,0,3,0,0,0,0,0,0,-,-,NA,NA,LOS ANGELES,LOS ANGELES,-118.34176004,33.98170001
8061543,2016,2016-06-20,1942,2016-06-09,0415,36589,2071,4,5,7,1942,0,0,0,NA,0,6TL7,15TH ST,WILTON PL,40,W,N,A,-,N,NA,NA,NA,NA,NA,NA,NA,NA,NA,Y,2,0,1,1,A,-,03,22350,NA,N,E,I,A,A,H,-,B,D,0,NA,NA,NA,NA,Y,Y,A,01,1,0,0,0,0,0,0,0,0,-,-,NA,NA,LOS ANGELES,LOS ANGELES,-118.31461178,34.04534109
8061544,2016,2016-06-20,1941,2016-06-06,0554,5636,NA,1,5,7,1941,0,0,0,NA,0,NA,REDONDO,8TH,275,S,N,A,-,N,NA,NA,NA,NA,NA,NA,NA,NA,NA,Y,4,0,1,2,A,-,07,21658,A,N,D,C,A,A,H,-,B,D,0,NA,NA,Y,NA,Y,NA,A,NA,0,0,1,0,0,0,0,0,1,-,-,NA,NA,LOS ANGELES,LONG BEACH,-118.15242,33.77638588
8061546,2016,2016-06-17,1942,2016-05-17,1630,27259,1241,2,5,7,1942,0,0,0,L,0,18TL23,CRENSHAW BL,63RD ST,60,S,N,A,-,N,NA,NA,NA,NA,NA,NA,NA,NA,NA,N,4,0,2,2,A,-,21,22106,NA,N,C,C,A,A,H,-,A,D,0,NA,NA,NA,NA,Y,NA,A,01,0,0,2,0,0,0,0,0,0,-,-,NA,NA,LOS ANGELES,LOS ANGELES,-118.330881,33.982738
8061547,2016,2016-06-20,1942,2016-06-04,0850,36553,1497,6,5,7,1942,0,0,0,N,0,14TL49,AVIATION BL,W CENTURY BL,225,S,N,A,-,N,NA,NA,NA,NA,NA,NA,NA,NA,NA,N,4,0,1,2,A,-,00,21760,B,F,B,G,A,A,H,-,A,A,0,NA,Y,NA,NA,Y,NA,-,99,0,0,1,0,0,0,1,0,0,-,-,NA,NA,LOS ANGELES,LOS ANGELES,-118.37892241,33.94455568
8061548,2016,2016-06-20,1941,2016-06-06,1242,10793,901,1,5,7,1941,0,0,0,NA,0,NA,MARKET ST,CHERRY AV,0,NA,Y,A,-,N,NA,NA,NA,NA,NA,NA,NA,NA,NA,N,3,0,1,2,A,-,11,21456,B,N,D,G,A,A,H,-,A,A,0,NA,Y,NA,NA,Y,NA,L,NA,0,1,0,0,0,0,1,0,0,-,-,NA,NA,LOS ANGELES,LONG BEACH,-118.16776001,33.85441005
8061550,2016,2016-06-20,1942,2016-05-21,1300,40975,1801,6,5,7,1942,0,0,0,R,0,SOE,MANCHESTER AV,FIGUEROA,150,E,N,A,-,N,NA,NA,NA,NA,NA,NA,NA,NA,NA,Y,3,0,1,2,A,-,03,22350,NA,N,C,C,A,A,H,-,A,A,0,NA,NA,NA,NA,Y,NA,A,01,0,1,0,0,0,0,0,0,0,-,-,NA,NA,LOS ANGELES,LOS ANGELES,-118.28223636,33.96006633
8061551,2016,2016-06-20,1953,2016-06-01,1000,9296,NA,3,5,6,1953,0,0,0,NA,0,NA,WILSON AV,CORDOVA ST,0,NA,Y,A,-,N,NA,NA,NA,NA,NA,NA,NA,NA,NA,Y,4,0,1,2,A,-,12,21453,A,N,D,C,A,A,H,-,A,A,0,NA,NA,NA,NA,Y,NA,-,-,0,0,1,0,0,0,0,0,0,-,-,NA,NA,LOS ANGELES,PASADENA,-118.12804013,34.14293002
8061554,2016,2016-06-17,1942,2016-05-19,1440,39177,1241,4,5,7,1942,0,0,0,L,0,3TL57,CRENSHAW BL,HYDE PARK BL,0,NA,Y,A,-,N,NA,NA,NA,NA,NA,NA,NA,NA,NA,Y,4,0,1,3,A,-,12,21453,A,N,D,C,A,A,H,-,A,A,0,NA,NA,NA,NA,Y,NA,A,07,0,0,1,0,0,0,0,0,0,-,-,NA,NA,LOS ANGELES,LOS ANGELES,-118.33088013,33.98062001
8061558,2016,2016-06-17,1942,2016-05-22,2215,37724,1249,7,5,7,1942,0,0,0,L,0,18T23,FIGUEROA ST,62ND ST,37,N,N,A,-,N,NA,NA,NA,NA,NA,NA,NA,NA,NA,N,3,0,1,2,A,-,00,21760,C,F,B,G,A,A,H,-,C,D,0,NA,Y,NA,NA,Y,NA,-,99,0,1,0,0,0,0,1,0,0,-,-,NA,NA,LOS ANGELES,LOS ANGELES,-118.28267242,33.98335145