CASE_ID,ACCIDENT_YEAR,PROC_DATE,JURIS,COLLISION_DATE,COLLISION_TIME,OFFICER_ID,REPORTING_DISTRICT,DAY_OF_WEEK,CHP_SHIFT,POPULATION,CNTY_CITY_LOC,SPECIAL_COND,BEAT_TYPE,CHP_BEAT_TYPE,CITY_DIVISION_LAPD,CHP_BEAT_CLASS,BEAT_NUMBER,PRIMARY_RD,SECONDARY_RD,DISTANCE,DIRECTION,INTERSECTION,WEATHER_1,WEATHER_2,STATE_HWY_IND,CALTRANS_COUNTY,CALTRANS_DISTRICT,STATE_ROUTE,ROUTE_SUFFIX,POSTMILE_PREFIX,POSTMILE,LOCATION_TYPE,RAMP_INTERSECTION,SIDE_OF_HWY,TOW_AWAY,COLLISION_SEVERITY,NUMBER_KILLED,NUMBER_INJURED,PARTY_COUNT,PRIMARY_COLL_FACTOR,PCF_CODE_OF_VIOL,PCF_VIOL_CATEGORY,PCF_VIOLATION,PCF_VIOL_SUBSECTION,HIT_AND_RUN,TYPE_OF_COLLISION,MVIW,PED_ACTION,ROAD_SURFACE,ROAD_COND_1,ROAD_COND_2,LIGHTING,CONTROL_DEVICE,CHP_ROAD_TYPE,PEDESTRIAN_ACCIDENT,BICYCLE_ACCIDENT,MOTORCYCLE_ACCIDENT,TRUCK_ACCIDENT,NOT_PRIVATE_PROPERTY,ALCOHOL_INVOLVED,STWD_VEHTYPE_AT_FAULT,CHP_VEHTYPE_AT_FAULT,COUNT_SEVERE_INJ,COUNT_VISIBLE_INJ,COUNT_COMPLAINT_PAIN,COUNT_PED_KILLED,COUNT_PED_INJURED,COUNT_BICYCLIST_KILLED,COUNT_BICYCLIST_INJURED,COUNT_MC_KILLED,COUNT_MC_INJURED,PRIMARY_RAMP,SECONDARY_RAMP,LATITUDE,LONGITUDE,COUNTY,CITY,POINT_X,POINT_Y
8062346,2016,2016-07-05,1942,2016-06-12,1210,42215,1412,7,5,7,1942,0,0,0,N,0,14A27,MAIN ST,ROSE AV,200,S,N,B,-,N,NA,NA,NA,NA,NA,NA,NA,NA,NA,N,4,0,1,2,B,-,22,NA,NA,N,C,C,A,A,H,-,A,D,0,NA,NA,NA,NA,Y,NA,A,01,0,0,1,0,0,0,0,0,0,-,-,NA,NA,LOS ANGELES,LOS ANGELES,-118.47765513,33.99555888
8062347,2016,2017-04-15,1942,2016-06-16,0940,37807,1263,4,5,7,1942,0,0,0,L,0,5TL21,MANCHESTER AV,WESTERN AV,100,W,N,A,-,N,NA,NA,NA,NA,NA,NA,NA,NA,NA,N,4,0,1,2,A,-,11,21956,A,F,G,B,E,A,H,-,A,D,0,Y,NA,NA,NA,Y,NA,N,60,0,0,1,0,1,0,0,0,0,-,-,NA,NA,LOS ANGELES,LOS ANGELES,-118.30933909,33.95996516
8062351,2016,2016-12-17,1942,2016-06-01,1420,37614,1253,3,5,7,1942,0,0,0,L,0,12X66,FLORENCE AV,WESTERN AV,360,W,N,A,-,N,NA,NA,NA,NA,NA,NA,NA,NA,NA,Y,4,0,3,4,A,-,03,22350,NA,N,C,C,A,A,H,-,A,D,0,NA,NA,NA,NA,Y,NA,-,99,0,0,3,0,0,0,0,0,0,-,-,NA,NA,LOS ANGELES,LOS ANGELES,-118.3101651,33.97457
8062355,2016,2016-07-05,1942,2016-06-16,2010,10996,1824,4,5,7,1942,0,0,0,R,0,50E,94TH ST,STANFORD AV,5,W,N,A,-,N,NA,NA,NA,NA,NA,NA,NA,NA,NA,N,3,0,1,2,A,-,10,21950,A,F,G,B,B,A,H,-,A,A,0,Y,NA,NA,NA,Y,NA,-,99,0,1,0,0,1,0,0,0,0,-,-,NA,NA,LOS ANGELES,LOS ANGELES,-118.26301645,33.95111
8062358,2016,2016-07-05,1942,2016-06-06,1710,41376,1497,1,5,7,1942,0,0,0,N,0,7TL38,CENTURY BL,GLASGOW PL,0,NA,Y,A,-,N,NA,NA,NA,NA,NA,NA,NA,NA,NA,N,4,0,1,2,A,-,07,21658,A,N,B,C,A,A,H,-,A,D,0,NA,NA,Y,NA,Y,NA,-,-,0,0,1,0,0,0,0,0,1,-,-,NA,NA,LOS ANGELES,LOS ANGELES,-118.37114005,33.94539003
8062359,2016,2016-07-05,1942,2016-06-20,1945,40415,1268,1,5,7,1942,0,0,0,L,0,12T41,MANCHESTER,SAN PEDRO ST,171,W,N,A,-,N,NA,NA,NA,NA,NA,NA,NA,NA,NA,Y,3,0,3,2,A,-,08,22107,NA,F,D,C,A,A,H,-,B,A,0,NA,NA,NA,NA,Y,Y,A,01,0,1,2,0,0,0,0,0,0,-,-,NA,NA,LOS ANGELES,LOS ANGELES,-118.27006281,33.96010998
8062363,2016,2016-07-05,1942,2016-06-25,2045,35936,1245,6,5,7,1942,0,0,0,L,0,25Q62,VERMONT AV,FLORENCE AV,25,S,N,A,-,N,NA,NA,NA,NA,NA,NA,NA,NA,NA,Y,3,0,1,2,A,-,01,23152,A,F,D,C,A,A,H,-,A,A,0,NA,NA,NA,NA,Y,Y,A,01,0,1,0,0,0,0,0,0,0,-,-,NA,NA,LOS ANGELES,LOS ANGELES,-118.29174,33.97456144
8062366,2016,2017-02-04,1942,2016-06-07,0225,07885,1494,2,5,7,1942,0,0,0,N,0,3A101,RT 105,SEPULVEDA BL,37,S,N,A,-,Y,LA,7,105,-,R,0.485,R,3,E,Y,3,0,1,1,A,-,01,23152,A,N,E,I,A,A,H,-,C,D,0,NA,NA,NA,NA,Y,Y,A,01,0,1,0,0,0,0,0,0,0,-,-,33.93308,-118.39626,LOS ANGELES,LOS ANGELES,-118.39647967,33.93122147
8062367,2016,2016-07-05,1942,2016-06-17,1500,32705,1831,5,5,7,1942,0,0,0,R,0,18HL54,FIGUEROA ST,120TH ST,30,S,N,A,-,N,NA,NA,NA,NA,NA,NA,NA,NA,NA,N,3,0,1,2,A,-,09,21804,A,F,D,C,A,A,H,-,A,A,0,NA,NA,NA,NA,Y,NA,-,99,0,1,0,0,0,0,0,0,0,-,-,NA,NA,LOS ANGELES,LOS ANGELES,-118.28260514,33.92363783
8062372,2016,2016-07-05,1942,2016-06-01,1235,40472,1323,3,5,7,1942,0,0,0,M,0,0LA,21ST ST,STANFORD AV,5,W,N,A,-,N,NA,NA,NA,NA,NA,NA,NA,NA,NA,N,4,0,1,2,D,-,00,NA,NA,F,C,C,A,A,H,-,A,A,0,NA,NA,NA,NA,Y,NA,-,-,0,0,1,0,0,0,0,0,0,-,-,NA,NA,LOS ANGELES,LOS ANGELES,-118.25672469,34.0249862
8062373,2016,2016-07-05,1965,2016-06-20,0611,3693,0B3A,1,5,5,1965,0,0,0,NA,0,B003,WILSHIRE BL,24TH ST,5,W,N,A,-,N,NA,NA,NA,NA,NA,NA,NA,NA,NA,Y,3,0,1,1,A,-,08,22107,NA,N,E,I,A,A,H,-,A,D,0,NA,NA,NA,NA,Y,NA,A,01,0,1,0,0,0,0,0,0,0,-,-,NA,NA,LOS ANGELES,SANTA MONICA,-118.47991184,34.03403046
8062375,2016,2016-07-05,1942,2016-06-14,0150,35355,1239,2,5,7,1942,0,0,0,L,0,3A9,SLAUSON AV,BUDLONG AV,90,W,N,A,-,N,NA,NA,NA,NA,NA,NA,NA,NA,NA,Y,4,0,1,2,A,-,03,22350,NA,F,B,C,A,A,H,-,C,D,0,NA,NA,NA,NA,Y,NA,-,99,0,0,1,0,0,0,0,0,0,-,-,NA,NA,LOS ANGELES,LOS ANGELES,-118.29614632,33.98913
8062376,2016,2016-07-05,1942,2016-06-03,1405,34458,1364,5,5,7,1942,0,0,0,M,0,4T4,CENTRAL AV,43RD ST,5,N,N,A,-,N,NA,NA,NA,NA,NA,NA,NA,NA,NA,N,4,0,1,2,A,-,10,21950,C,F,G,B,B,A,H,-,A,D,0,Y,NA,NA,NA,Y,NA,-,99,0,0,1,0,1,0,0,0,0,-,-,NA,NA,LOS ANGELES,LOS ANGELES,-118.25649015,34.00574371
8062377,2016,2016-07-05,1965,2016-06-20,0724,3693,0B1M,1,5,5,1965,0,0,0,NA,0,B001,3RD ST,CALIFORNIA AV,0,NA,Y,A,-,N,NA,NA,NA,NA,NA,NA,NA,NA,NA,N,4,0,1,2,A,-,09,21800,A,N,D,C,A,A,H,-,A,D,0,NA,NA,NA,NA,Y,NA,A,01,0,0,1,0,0,0,0,0,0,-,-,NA,NA,LOS ANGELES,SANTA MONICA,-118.50095011,34.01976008
8062381,2016,2016-07-05,1965,2016-06-04,1010,3178,B1G,6,5,5,1965,0,0,0,NA,0,B001,7TH CT,MICHIGAN AV,223,S,N,B,-,N,NA,NA,NA,NA,NA,NA,NA,NA,NA,N,4,0,1,1,A,-,08,22107,NA,N,E,J,A,A,H,-,A,D,0,NA,NA,NA,NA,Y,NA,A,01,0,0,1,0,0,0,0,0,0,-,-,NA,NA,LOS ANGELES,SANTA MONICA,-118.48513987,34.01254198
8062383,2016,2016-07-05,1942,2016-06-19,0220,37618,1263,7,5,7,1942,0,0,0,L,0,12T41,WESTERN AV,85TH ST,0,NA,Y,B,-,N,NA,NA,NA,NA,NA,NA,NA,NA,NA,N,3,0,1,2,A,-,01,23153,A,N,C,G,A,A,H,-,C,A,0,NA,Y,NA,NA,Y,Y,A,01,0,1,0,0,0,0,1,0,0,-,-,NA,NA,LOS ANGELES,LOS ANGELES,-118.30902,33.9609
8062385,2016,2016-07-05,1965,2016-06-07,0840,3693,0B4E,2,5,5,1965,0,0,0,NA,0,004,MONTANA AV,9TH ST,0,NA,Y,A,-,N,NA,NA,NA,NA,NA,NA,NA,NA,NA,N,4,0,1,2,A,-,10,21950,A,F,G,B,B,A,H,-,A,D,0,Y,NA,NA,NA,Y,NA,A,01,0,0,1,0,1,0,0,0,0,-,-,NA,NA,LOS ANGELES,SANTA MONICA,-118.49993005,34.02837011
8062387,2016,2016-07-05,1942,2016-06-18,0925,41545,1239,6,5,7,1942,0,0,0,L,0,18T23,BUDLONG AV,60TH PL,13,S,N,A,-,N,NA,NA,NA,NA,NA,NA,NA,NA,NA,Y,4,0,1,3,A,-,12,22450,NA,M,D,C,A,A,H,-,A,A,0,NA,NA,NA,NA,Y,NA,A,01,0,0,1,0,0,0,0,0,0,-,-,NA,NA,LOS ANGELES,LOS ANGELES,-118.29587,33.98498435
8062389,2016,2016-07-05,1965,2016-06-21,0833,3693,0B1J,2,5,5,1965,0,0,0,NA,0,B001,5TH ST,ARIZONA AV,0,NA,Y,A,-,N,NA,NA,NA,NA,NA,NA,NA,NA,NA,N,3,0,1,2,A,-,09,21801,A,N,A,G,A,A,H,-,A,A,0,NA,Y,NA,NA,Y,NA,A,01,0,1,0,0,0,0,1,0,0,-,-,NA,NA,LOS ANGELES,SANTA MONICA,-118.49582007,34.01854004
8062391,2016,2016-07-05,1942,2016-06-14,0130,42169,1464,2,5,7,1942,0,0,0,N,0,14A73,CENTINELA AV,ALVERN ST,250,E,N,A,-,N,NA,NA,NA,NA,NA,NA,NA,NA,NA,Y,4,0,1,2,A,-,03,22350,NA,N,C,C,A,A,H,-,A,A,0,NA,NA,NA,Y,Y,NA,A,01,0,0,1,0,0,0,0,0,0,-,-,NA,NA,LOS ANGELES,LOS ANGELES,-118.37600834,33.97710008
8062392,2016,2016-07-05,1942,2016-06-08,0940,31321,1373,3,5,7,1942,0,0,0,M,0,11T32,54TH ST,MAIN ST,278,S,N,B,-,N,NA,NA,NA,NA,NA,NA,NA,NA,NA,N,4,0,1,3,A,-,09,21804,A,N,A,C,A,A,H,-,A,A,0,NA,NA,NA,NA,Y,NA,A,01,0,0,1,0,0,0,0,0,0,-,-,NA,NA,LOS ANGELES,LOS ANGELES,-118.27397,33.99333
8062393,2016,2016-07-05,1965,2016-06-19,1127,3693,0B2E,7,5,5,1965,0,0,0,NA,0,B002,23RD ST,PEARL ST,0,NA,Y,A,-,N,NA,NA,NA,NA,NA,NA,NA,NA,NA,N,3,0,1,2,A,-,09,21800,NA,N,D,G,A,A,H,-,A,D,0,NA,Y,NA,NA,Y,NA,A,01,0,1,0,0,0,0,1,0,0,-,-,NA,NA,LOS ANGELES,SANTA MONICA,-118.46439001,34.01843009
8062396,2016,2016-07-05,1942,2016-06-02,1620,32271,1303,4,5,7,1942,0,0,0,M,0,13X28,STAFFORD AV,11TH ST,0,NA,Y,A,-,N,NA,NA,NA,NA,NA,NA,NA,NA,NA,N,4,0,1,2,A,-,10,21950,A,N,A,G,A,A,H,-,A,A,0,NA,Y,NA,NA,Y,NA,A,01,0,0,1,0,0,0,0,0,0,-,-,NA,NA,LOS ANGELES,LOS ANGELES,-118.24933003,34.03291001
8062397,2016,2016-07-05,1965,2016-06-21,0952,3693,0B3A,2,5,5,1965,0,0,0,NA,0,B003,WILSHIRE BL,HARVARD ST,0,NA,Y,A,-,N,NA,NA,NA,NA,NA,NA,NA,NA,NA,Y,4,0,2,2,A,-,03,22350,NA,N,C,C,A,A,H,-,A,D,0,NA,NA,NA,NA,Y,NA,A,01,0,0,2,0,0,0,0,0,0,-,-,NA,NA,LOS ANGELES,SANTA MONICA,-118.47571005,34.03743004
8062399,2016,2016-07-05,1942,2016-06-05,1625,42338,0817,7,5,7,1942,0,0,0,H,0,8A98,LE CONTE AV,LE CONTE AV 10860,0,NA,Y,-,-,N,NA,NA,NA,NA,NA,NA,NA,NA,NA,N,4,0,1,2,A,-,10,21952,NA,N,G,B,D,-,H,-,-,D,0,Y,NA,NA,NA,Y,NA,A,07,0,0,1,0,1,0,0,0,0,-,-,NA,NA,LOS ANGELES,LOS ANGELES,-118.443701,34.06369
8062400,2016,2016-07-05,1942,2016-06-08,2100,34332,1116,3,5,7,1942,0,0,0,K,0,13T55,OLYMPIC BL,ALAMEDA ST,0,NA,Y,A,-,N,NA,NA,NA,NA,NA,NA,NA,NA,NA,Y,4,0,2,2,A,-,09,21801,A,N,D,C,A,A,H,-,C,A,0,NA,NA,NA,NA,Y,NA,A,01,0,0,2,0,0,0,0,0,0,-,-,NA,NA,LOS ANGELES,LOS ANGELES,-118.23909011,34.0276501
8062403,2016,2016-07-05,1965,2016-05-28,1727,3727,0B2A,6,5,5,1965,0,0,0,NA,0,002,5TH ST,BAY ST,0,NA,Y,B,-,N,NA,NA,NA,NA,NA,NA,NA,NA,NA,N,4,0,1,2,A,-,09,21800,A,N,D,G,A,A,H,-,A,D,0,NA,Y,NA,NA,Y,NA,L,04,0,0,1,0,0,0,1,0,0,-,-,NA,NA,LOS ANGELES,SANTA MONICA,-118.48570005,34.00952004
8062404,2016,2016-08-29,1965,2016-05-29,2129,3813,OBIK,7,5,5,1965,0,0,0,NA,0,B001,4TH ST,BROADWAY,0,NA,Y,A,-,N,NA,NA,NA,NA,NA,NA,NA,NA,NA,N,4,0,1,2,A,-,05,21202,A,N,D,G,A,A,H,-,C,A,0,NA,Y,NA,NA,Y,NA,L,04,0,0,1,0,0,0,1,0,0,-,-,NA,NA,LOS ANGELES,SANTA MONICA,-118.4936201,34.0150801
8062415,2016,2016-07-05,1942,2016-05-28,2055,41210,1454,6,5,7,1942,0,0,0,N,0,14T47,GLENCOE AV,MAXELLA AV,560,S,N,A,-,N,NA,NA,NA,NA,NA,NA,NA,NA,NA,Y,3,0,1,2,A,-,09,21804,A,N,D,C,A,A,H,-,C,D,0,NA,NA,NA,NA,Y,Y,A,07,0,1,0,0,0,0,0,0,0,-,-,NA,NA,LOS ANGELES,LOS ANGELES,-118.43903359,33.98612569
8062419,2016,2016-07-05,1942,2016-05-26,1030,36553,1449,4,5,7,1942,0,0,0,N,0,14TL49,VENICE BL,MCLAUGHLIN AV,0,NA,Y,A,-,N,NA,NA,NA,NA,NA,NA,NA,NA,NA,N,4,0,1,3,A,-,12,21453,A,N,D,C,A,A,H,-,A,A,0,NA,NA,NA,NA,Y,NA,A,07,0,0,1,0,0,0,0,0,0,-,-,NA,NA,LOS ANGELES,LOS ANGELES,-118.42465009,34.00872011
8062424,2016,2016-07-05,1942,2016-05-29,1040,40971,1283,7,5,7,1942,0,0,0,L,0,18T71,WESTERN AV,96TH ST,103,N,N,A,-,N,NA,NA,NA,NA,NA,NA,NA,NA,NA,N,4,0,1,3,C,-,18,NA,NA,N,C,E,A,A,H,-,A,A,0,NA,NA,NA,NA,Y,NA,-,-,0,0,1,0,0,0,0,0,0,-,-,NA,NA,LOS ANGELES,LOS ANGELES,-118.308994,33.948931
8062427,2016,2016-07-05,1942,2016-05-26,1930,40773,1407,4,5,7,1942,0,0,0,N,0,14T47,VENICE BL,CLARINGTON AV,0,NA,Y,A,-,N,NA,NA,NA,NA,NA,NA,NA,NA,NA,Y,4,0,2,3,A,-,03,22350,NA,N,D,B,F,A,H,-,A,A,0,Y,NA,NA,NA,Y,NA,A,01,0,0,2,0,1,0,0,0,0,-,-,NA,NA,LOS ANGELES,LOS ANGELES,-118.40036001,34.02255007
8062436,2016,2016-07-05,1942,2016-05-22,0720,31816,266,7,5,7,1942,0,0,0,NA,0,DESK,UNION AV,JAMES M WOOD BL,0,NA,Y,A,-,N,NA,NA,NA,NA,NA,NA,NA,NA,NA,Y,4,0,2,2,A,-,00,20015,NA,N,D,C,A,A,H,-,A,A,0,NA,NA,NA,NA,Y,NA,A,01,0,0,2,0,0,0,0,0,0,-,-,NA,NA,LOS ANGELES,LOS ANGELES,-118.27316,34.05083
8062440,2016,2016-07-05,1942,2016-05-20,1245,38476,1367,5,5,7,1942,0,0,0,M,0,13XL3,COMPTON AV,47TH ST,0,NA,Y,B,-,N,NA,NA,NA,NA,NA,NA,NA,NA,NA,Y,4,0,1,2,A,-,09,21802,A,N,D,C,A,A,H,-,A,A,0,NA,NA,NA,NA,Y,NA,-,NA,0,0,1,0,0,0,0,0,0,-,-,NA,NA,LOS ANGELES,LOS ANGELES,-118.24778013,34.00109007
8062448,2016,2016-07-05,1942,2016-05-29,1530,40971,1268,7,5,7,1942,0,0,0,L,0,18T71,MANCHESTER AV,SAN PEDRO ST,200,W,N,A,-,N,NA,NA,NA,NA,NA,NA,NA,NA,NA,Y,3,0,1,3,A,-,07,21658,A,N,D,C,A,A,H,-,A,A,0,NA,NA,NA,NA,Y,NA,A,07,0,1,0,0,0,0,0,0,0,-,-,NA,NA,LOS ANGELES,LOS ANGELES,-118.27015825,33.96010925
8062452,2016,2016-07-05,1942,2016-05-25,1035,31324,1313,3,5,7,1942,0,0,0,M,0,1T24,SAN PEDRO ST,21ST ST,190,N,N,A,-,N,NA,NA,NA,NA,NA,NA,NA,NA,NA,N,3,0,1,3,A,-,17,22517,NA,N,B,C,A,A,H,-,A,A,0,NA,Y,NA,NA,Y,NA,A,01,0,1,0,0,0,0,1,0,0,-,-,NA,NA,LOS ANGELES,LOS ANGELES,-118.25827765,34.02630501
8062456,2016,2016-07-05,1942,2016-05-27,1055,39397,1321,5,5,7,1942,0,0,0,M,0,3TL5,HOOVER ST,58TH PL,60,N,N,A,-,N,NA,NA,NA,NA,NA,NA,NA,NA,NA,N,3,0,1,2,A,-,17,22517,NA,F,B,C,A,A,H,-,A,D,0,NA,NA,NA,NA,Y,NA,-,99,0,1,0,0,0,0,0,0,0,-,-,NA,NA,LOS ANGELES,LOS ANGELES,-118.287056,33.988404009999996
8062460,2016,2016-07-05,1942,2016-05-26,0825,37398,1353,4,5,7,1942,0,0,0,M,0,11TL32,VERNON AV,MCKINLEY AV,251,W,N,A,-,N,NA,NA,NA,NA,NA,NA,NA,NA,NA,N,4,0,1,2,A,-,09,21804,A,N,D,G,A,A,H,-,A,D,0,NA,Y,NA,NA,Y,NA,L,04,0,0,1,0,0,0,1,0,0,-,-,NA,NA,LOS ANGELES,LOS ANGELES,-118.26172652,34.00389805
8062464,2016,2016-07-05,1942,2016-05-23,2205,41867,1327,1,5,7,1942,0,0,0,M,0,13A75,HOOPER AV,25TH ST,0,NA,Y,A,-,N,NA,NA,NA,NA,NA,NA,NA,NA,NA,N,3,0,1,2,A,-,03,22350,NA,F,G,B,B,A,H,-,C,D,0,Y,NA,NA,NA,Y,NA,-,99,0,1,0,0,1,0,0,0,0,-,-,NA,NA,LOS ANGELES,LOS ANGELES,-118.24946001,34.01740006
8062468,2016,2016-07-05,1942,2016-05-24,1845,40800,1391,2,5,7,1942,0,0,0,M,0,13X28,GAGE AV,GRAND AV,0,NA,Y,A,-,N,NA,NA,NA,NA,NA,NA,NA,NA,NA,N,3,0,2,2,A,-,09,21801,A,N,F,C,A,A,H,-,A,A,0,NA,NA,NA,NA,Y,NA,A,01,0,1,1,0,0,0,0,0,0,-,-,NA,NA,LOS ANGELES,LOS ANGELES,-118.28017005,33.98237011
8062488,2016,2016-06-13,1942,2016-05-15,2135,40065,1964,7,5,7,1942,0,0,0,NA,0,35Q43,VAN NUYS BL,NORDHOFF ST,0,NA,Y,A,-,N,NA,NA,NA,NA,NA,NA,NA,NA,NA,Y,3,0,1,2,A,-,09,21801,A,N,A,C,A,A,H,-,C,A,0,NA,NA,NA,NA,Y,NA,D,22,0,1,0,0,0,0,0,0,0,-,-,NA,NA,LOS ANGELES,LOS ANGELES,-118.45025009,34.2354101
8062492,2016,2016-06-15,1942,2016-05-24,1320,37353,1964,2,5,7,1942,0,0,0,NA,0,19TL72,NORDHOFF ST,KESTER AV,150,W,N,A,-,N,NA,NA,NA,NA,NA,NA,NA,NA,NA,N,3,0,1,2,A,-,07,21658,A,N,B,C,A,A,H,-,A,D,0,NA,NA,Y,NA,Y,NA,-,-,0,1,0,0,0,0,0,0,1,-,-,NA,NA,LOS ANGELES,LOS ANGELES,-118.45742518,34.23546192
8062496,2016,2016-06-13,1942,2016-05-16,0943,40290,1981,1,5,7,1942,0,0,0,NA,0,21TL67,SEPULVEDA BL,CHASE ST,40,N,N,A,-,N,NA,NA,NA,NA,NA,NA,NA,NA,NA,N,3,0,1,2,A,-,03,22350,NA,N,C,C,A,A,H,-,A,D,0,NA,NA,NA,NA,Y,NA,A,01,0,1,0,0,0,0,0,0,0,-,-,NA,NA,LOS ANGELES,LOS ANGELES,-118.46770767,34.2247297
8062500,2016,2016-06-13,1942,2016-05-22,1550,35844,1934,7,5,7,1942,0,0,0,NA,0,19X74,N SEPULVEDA BL,RINALDI ST,150,N,N,A,-,N,NA,NA,NA,NA,NA,NA,NA,NA,NA,Y,4,0,1,2,A,-,08,22102,NA,N,D,C,A,A,H,-,A,D,0,NA,NA,NA,NA,Y,NA,A,07,0,0,1,0,0,0,0,0,0,-,-,NA,NA,LOS ANGELES,LOS ANGELES,-118.46885556,34.27949782
8062504,2016,2016-06-13,1942,2016-05-30,1155,34436,1969,1,5,7,1942,0,0,0,NA,0,15TL42,ARLETA AV,GARBER ST,95,S,N,A,-,N,NA,NA,NA,NA,NA,NA,NA,NA,NA,Y,3,0,2,2,A,-,03,22350,NA,N,C,E,A,A,H,-,A,D,0,NA,NA,NA,NA,Y,NA,A,01,0,1,1,0,0,0,0,0,0,-,-,NA,NA,LOS ANGELES,LOS ANGELES,-118.43138181,34.24705505
8062505,2016,2016-06-13,1900,2016-05-11,1330,528678,1510,3,5,5,1954,0,0,0,NA,0,151T1D,WHITTIER BL,PARAMOUNT BL,580,W,N,A,-,N,NA,NA,NA,NA,NA,NA,NA,NA,NA,N,4,0,1,2,A,-,08,22107,NA,N,D,C,A,A,H,-,A,D,0,NA,NA,NA,NA,Y,NA,A,01,0,0,1,0,0,0,0,0,0,-,-,NA,NA,LOS ANGELES,PICO RIVERA,-118.08905729,34.00365109
8062508,2016,2016-06-13,1942,2016-05-19,0645,40290,0933,4,5,7,1942,0,0,0,I,0,21TL67,VAN NUYS BL,VICTORY BL,0,NA,Y,B,-,N,NA,NA,NA,NA,NA,NA,NA,NA,NA,Y,3,0,1,2,A,-,09,21801,A,N,A,C,A,A,H,-,A,D,0,NA,NA,NA,NA,Y,NA,A,07,0,1,0,0,0,0,0,0,0,-,-,NA,NA,LOS ANGELES,LOS ANGELES,-118.4487401,34.18667005
8062511,2016,2016-06-28,1941,2016-05-30,1825,5586,NA,1,5,7,1941,0,0,0,NA,0,NA,10TH ST,FASHION AV,12,W,N,A,-,N,NA,NA,NA,NA,NA,NA,NA,NA,NA,Y,4,0,1,1,-,-,-,NA,NA,N,E,-,A,A,H,-,A,D,0,NA,NA,NA,Y,Y,NA,-,-,0,0,1,0,0,0,0,0,0,-,-,NA,NA,LOS ANGELES,LONG BEACH,-118.20885941,33.78019
8062512,2016,2016-06-13,1942,2016-05-20,2200,35471,0946,5,5,7,1942,0,0,0,I,0,10T35,BURBANK BL,WOODMAN AV,40,E,N,B,-,N,NA,NA,NA,NA,NA,NA,NA,NA,NA,Y,4,0,1,3,A,-,09,21801,NA,N,B,C,A,A,H,-,C,A,0,NA,NA,NA,NA,Y,NA,A,07,0,0,1,0,0,0,0,0,0,-,-,NA,NA,LOS ANGELES,LOS ANGELES,-118.431128,34.17213
8062513,2016,2016-06-21,1900,2016-05-27,0838,528678,1519,5,5,5,1954,0,0,0,NA,0,151T1D,SLAUSON AV,PASSONS BL,321,E,N,A,-,N,NA,NA,NA,NA,NA,NA,NA,NA,NA,Y,4,0,1,2,D,-,00,NA,NA,N,C,C,A,A,H,-,A,-,0,NA,NA,NA,Y,Y,NA,-,-,0,0,1,0,0,0,0,0,0,-,-,NA,NA,LOS ANGELES,PICO RIVERA,-118.0962356,33.968243029999996
8062516,2016,2016-06-13,1942,2016-05-31,1905,39281,0969,2,5,7,1942,0,0,0,I,0,9T57,MAGNOLIA BL,LONGRIDGE AV,255,E,N,A,-,N,NA,NA,NA,NA,NA,NA,NA,NA,NA,Y,3,0,1,3,A,-,03,22350,NA,N,C,E,A,A,H,-,A,D,0,NA,NA,NA,NA,Y,NA,A,01,0,1,0,0,0,0,0,0,0,-,-,NA,NA,LOS ANGELES,LOS ANGELES,-118.42003857,34.16487
8062517,2016,2016-06-13,1900,2016-05-22,1150,528678,1512,7,5,5,1954,0,0,0,NA,0,151T1D,WHITTIER BL,ESPERANZA AV,675,W,N,A,-,N,NA,NA,NA,NA,NA,NA,NA,NA,NA,N,4,0,2,4,A,-,03,22350,NA,N,C,C,A,A,H,-,A,A,0,NA,NA,NA,NA,Y,NA,A,01,0,0,2,0,0,0,0,0,0,-,-,NA,NA,LOS ANGELES,PICO RIVERA,-118.07232605,33.9956406
8062518,2016,2016-06-15,1900,2016-05-17,1600,533015,NA,2,5,5,1954,0,0,0,NA,0,0PM,PARAMOUNT BL,GOODBEE ST,100,N,N,A,-,N,NA,NA,NA,NA,NA,NA,NA,NA,NA,N,4,0,1,4,A,-,03,22350,NA,N,C,D,A,A,H,-,A,A,0,NA,NA,NA,NA,Y,NA,-,NA,0,0,1,0,0,0,0,0,0,-,-,NA,NA,LOS ANGELES,PICO RIVERA,-118.10419741,33.98851328
8062520,2016,2016-06-13,1942,2016-05-30,0705,40928,0919,1,5,7,1942,0,0,0,I,0,16T23,SHERMAN WY,WOODMAN AV,0,NA,Y,A,-,N,NA,NA,NA,NA,NA,NA,NA,NA,NA,Y,4,0,2,2,A,-,09,21801,A,N,D,C,A,A,H,-,A,A,0,NA,NA,NA,NA,Y,NA,D,22,0,0,2,0,0,0,0,0,0,-,-,NA,NA,LOS ANGELES,LOS ANGELES,-118.43124006,34.20119003
8062524,2016,2016-06-13,1942,2016-05-27,1740,38285,0981,5,5,7,1942,0,0,0,I,0,9TL54,VENTURA BL,KESTER AV,365,W,N,A,-,N,NA,NA,NA,NA,NA,NA,NA,NA,NA,Y,3,0,1,2,A,-,03,22350,NA,N,C,E,A,A,H,-,A,D,0,NA,NA,NA,NA,Y,NA,D,22,0,1,0,0,0,0,0,0,0,-,-,NA,NA,LOS ANGELES,LOS ANGELES,-118.4586107,34.15254695