CASE_ID,ACCIDENT_YEAR,PROC_DATE,JURIS,COLLISION_DATE,COLLISION_TIME,OFFICER_ID,REPORTING_DISTRICT,DAY_OF_WEEK,CHP_SHIFT,POPULATION,CNTY_CITY_LOC,SPECIAL_COND,BEAT_TYPE,CHP_BEAT_TYPE,CITY_DIVISION_LAPD,CHP_BEAT_CLASS,BEAT_NUMBER,PRIMARY_RD,SECONDARY_RD,DISTANCE,DIRECTION,INTERSECTION,WEATHER_1,WEATHER_2,STATE_HWY_IND,CALTRANS_COUNTY,CALTRANS_DISTRICT,STATE_ROUTE,ROUTE_SUFFIX,POSTMILE_PREFIX,POSTMILE,LOCATION_TYPE,RAMP_INTERSECTION,SIDE_OF_HWY,TOW_AWAY,COLLISION_SEVERITY,NUMBER_KILLED,NUMBER_INJURED,PARTY_COUNT,PRIMARY_COLL_FACTOR,PCF_CODE_OF_VIOL,PCF_VIOL_CATEGORY,PCF_VIOLATION,PCF_VIOL_SUBSECTION,HIT_AND_RUN,TYPE_OF_COLLISION,MVIW,PED_ACTION,ROAD_SURFACE,ROAD_COND_1,ROAD_COND_2,LIGHTING,CONTROL_DEVICE,CHP_ROAD_TYPE,PEDESTRIAN_ACCIDENT,BICYCLE_ACCIDENT,MOTORCYCLE_ACCIDENT,TRUCK_ACCIDENT,NOT_PRIVATE_PROPERTY,ALCOHOL_INVOLVED,STWD_VEHTYPE_AT_FAULT,CHP_VEHTYPE_AT_FAULT,COUNT_SEVERE_INJ,COUNT_VISIBLE_INJ,COUNT_COMPLAINT_PAIN,COUNT_PED_KILLED,COUNT_PED_INJURED,COUNT_BICYCLIST_KILLED,COUNT_BICYCLIST_INJURED,COUNT_MC_KILLED,COUNT_MC_INJURED,PRIMARY_RAMP,SECONDARY_RAMP,LATITUDE,LONGITUDE,COUNTY,CITY,POINT_X,POINT_Y
8063851,2016,2016-06-21,1942,2016-05-19,1310,33599,0343,4,5,7,1942,0,0,0,C,0,12TL41,RODEO RD,SYCAMORE AV,0,NA,Y,A,-,N,NA,NA,NA,NA,NA,NA,NA,NA,NA,Y,3,0,3,2,A,-,09,21802,A,N,D,C,A,A,H,-,A,A,0,NA,NA,NA,NA,Y,NA,A,01,0,1,2,0,0,0,0,0,0,-,-,NA,NA,LOS ANGELES,LOS ANGELES,-118.35711013,34.02153008
8063855,2016,2016-06-22,1942,2016-04-28,1400,36023,0392,4,5,7,1942,0,0,0,C,0,18X36,VERNON AV,8TH AV,12,E,N,B,-,N,NA,NA,NA,NA,NA,NA,NA,NA,NA,Y,4,0,3,5,A,-,03,22350,NA,N,B,E,A,A,H,-,A,D,0,NA,NA,NA,NA,Y,NA,D,22,0,0,3,0,0,0,0,0,0,-,-,NA,NA,LOS ANGELES,LOS ANGELES,-118.32573049,34.00366065
8063856,2016,2016-06-21,1942,2016-05-24,1810,42101,0443,2,5,7,1942,0,0,0,D,0,1A12,VALLEY BL,SAN PABLO ST,0,NA,Y,A,-,N,NA,NA,NA,NA,NA,NA,NA,NA,NA,Y,4,0,4,2,A,-,09,21801,A,N,A,C,A,A,H,-,A,A,0,NA,NA,NA,NA,Y,NA,-,-,0,0,4,0,0,0,0,0,0,-,-,NA,NA,LOS ANGELES,LOS ANGELES,-118.20219009,34.06550011
8063863,2016,2016-06-21,1942,2016-05-02,1040,42038,0361,1,5,7,1942,0,0,0,C,0,NA,S LA BREA AV,COLISEUM ST,250,N,N,A,-,N,NA,NA,NA,NA,NA,NA,NA,NA,NA,Y,4,0,2,3,A,-,09,21801,A,N,A,C,A,A,H,-,A,D,0,NA,NA,NA,NA,Y,NA,A,01,0,0,2,0,0,0,0,0,0,-,-,NA,NA,LOS ANGELES,LOS ANGELES,-118.35559291,34.01899567
8063867,2016,2016-06-21,1942,2016-05-22,0050,37623,0331,7,5,7,1942,0,0,0,C,0,3A31,LA BREA AV,JEFFERSON BL,0,NA,Y,A,-,N,NA,NA,NA,NA,NA,NA,NA,NA,NA,Y,4,0,1,2,A,-,09,21801,A,N,D,C,A,A,H,-,C,A,0,NA,NA,NA,NA,Y,NA,A,01,0,0,1,0,0,0,0,0,0,-,-,NA,NA,LOS ANGELES,LOS ANGELES,-118.35487009,34.0255201
8063868,2016,2016-06-21,1942,2016-05-29,2040,42278,1125,7,5,7,1942,0,0,0,K,0,11A48,YORK BL,ARMADALE,18,E,N,A,-,N,NA,NA,NA,NA,NA,NA,NA,NA,NA,Y,4,0,1,2,A,-,09,21801,A,N,A,C,A,A,H,-,C,A,0,NA,NA,NA,NA,Y,NA,D,22,0,0,1,0,0,0,0,0,0,-,-,NA,NA,LOS ANGELES,LOS ANGELES,-118.21199229,34.12244846
8063872,2016,2016-06-21,1942,2016-05-27,1715,36240,1144,5,5,7,1942,0,0,0,K,0,NA,SILVER LAKE BL,EARL ST,0,NA,Y,A,-,N,NA,NA,NA,NA,NA,NA,NA,NA,NA,N,4,0,1,2,A,-,-,NA,NA,N,G,B,D,A,H,-,A,D,0,Y,NA,NA,NA,Y,NA,-,-,0,0,1,0,1,0,0,0,0,-,-,NA,NA,LOS ANGELES,LOS ANGELES,-118.26125013,34.0970601
8063881,2016,2016-06-20,1941,2016-06-07,1854,5690,NA,2,5,7,1941,0,0,0,NA,0,NA,ARTESIA BL,MYRTLE AV,32,E,N,A,-,N,NA,NA,NA,NA,NA,NA,NA,NA,NA,Y,4,0,2,2,A,-,09,21453,NA,F,C,C,A,A,H,-,B,A,0,NA,NA,NA,NA,Y,Y,A,NA,0,0,2,0,0,0,0,0,0,-,-,NA,NA,LOS ANGELES,LONG BEACH,-118.18204479,33.87466
8063884,2016,2016-06-21,1942,2016-05-21,0650,42089,1352,6,5,7,1942,0,0,0,M,0,13A63,VERNON AV,WALL ST,0,NA,Y,A,-,N,NA,NA,NA,NA,NA,NA,NA,NA,NA,Y,4,0,1,2,D,-,00,NA,NA,N,C,C,A,A,H,-,A,A,0,NA,NA,NA,NA,Y,NA,-,-,0,0,1,0,0,0,0,0,0,-,-,NA,NA,LOS ANGELES,LOS ANGELES,-118.27176014,34.00384002
8063885,2016,2016-06-20,1941,2016-06-02,1543,5870,NA,4,5,7,1941,0,0,0,NA,0,NA,CHERRY AV,3RD ST,0,NA,Y,A,-,N,NA,NA,NA,NA,NA,NA,NA,NA,NA,Y,4,0,2,2,A,-,12,21453,A,N,D,C,A,A,H,-,A,A,0,NA,NA,NA,NA,Y,NA,A,NA,0,0,2,0,0,0,0,0,0,-,-,NA,NA,LOS ANGELES,LONG BEACH,-118.16767,33.76898
8063891,2016,2016-06-21,1942,2016-06-02,1445,38590,0824,4,5,7,1942,0,0,0,H,0,14T52,SAN LORENZO ST,ENTRADA DR,100,N,N,A,-,N,NA,NA,NA,NA,NA,NA,NA,NA,NA,N,4,0,1,2,C,-,18,NA,NA,N,G,B,E,A,H,-,A,D,0,Y,NA,NA,NA,Y,NA,-,-,0,0,1,0,1,0,0,0,0,-,-,NA,NA,LOS ANGELES,LOS ANGELES,-118.50953373,34.03461617
8063895,2016,2016-06-20,1942,2016-06-02,0830,36553,0847,4,5,7,1942,0,0,0,H,0,14TL49,PICO BL,FOX HILLS DR,320,W,N,A,-,N,NA,NA,NA,NA,NA,NA,NA,NA,NA,N,4,0,1,2,A,-,04,21703,NA,N,C,C,A,A,H,-,A,D,0,NA,NA,NA,NA,Y,NA,D,22,0,0,1,0,0,0,0,0,0,-,-,NA,NA,LOS ANGELES,LOS ANGELES,-118.41397166,34.04809615
8063902,2016,2016-06-21,1942,2016-05-31,2030,35936,0531,2,5,7,1942,0,0,0,E,0,18T23,PCH,SENATOR AV,80,E,N,A,-,N,NA,NA,NA,NA,NA,NA,NA,NA,NA,N,4,0,1,2,A,-,05,21650,NA,F,B,C,A,A,H,-,C,A,0,NA,NA,NA,NA,Y,NA,-,99,0,0,1,0,0,0,0,0,0,-,-,NA,NA,LOS ANGELES,LOS ANGELES,-118.30250722,33.78945
8063904,2016,2016-06-21,1942,2016-05-16,1850,38687,1908,1,5,7,1942,0,0,0,NA,0,9T53,FENTON AV,BEAVER ST,220,S,N,A,-,N,NA,NA,NA,NA,NA,NA,NA,NA,NA,N,3,0,1,2,A,-,05,21650,NA,N,A,E,A,A,H,-,A,D,0,NA,NA,NA,NA,Y,NA,D,22,0,1,0,0,0,0,0,0,0,-,-,NA,NA,LOS ANGELES,LOS ANGELES,-118.42556784,34.31364
8063908,2016,2016-06-21,1942,2016-05-14,1035,39217,1917,6,5,7,1942,0,0,0,NA,0,9TL55,FOOTHILL BL,SAYRE ST,750,E,N,A,-,N,NA,NA,NA,NA,NA,NA,NA,NA,NA,N,3,0,2,2,A,-,09,21801,A,N,D,C,A,A,H,-,A,D,0,NA,NA,NA,NA,Y,NA,D,22,0,2,0,0,0,0,0,0,0,-,-,NA,NA,LOS ANGELES,LOS ANGELES,-118.43195365,34.308739
8063910,2016,2016-06-28,1942,2016-05-16,1535,37410,0509,1,5,7,1942,0,0,0,E,0,523,LOMITA BL,BELLE PORTE AV,0,NA,Y,A,-,N,NA,NA,NA,NA,NA,NA,NA,NA,NA,N,4,0,1,4,A,-,04,21703,NA,N,C,C,A,A,H,-,A,A,0,NA,NA,NA,NA,Y,NA,I,11,0,0,1,0,0,0,0,0,0,-,-,NA,NA,LOS ANGELES,LOS ANGELES,-118.30116007,33.79780005
8063912,2016,2016-06-20,1942,2016-06-01,0545,39217,1994,3,5,7,1942,0,0,0,NA,0,9TL55,ROSCOE BL,VAN NUYS BL,0,NA,Y,A,-,N,NA,NA,NA,NA,NA,NA,NA,NA,NA,N,3,0,1,2,A,-,09,21804,A,N,D,C,A,A,H,-,A,D,0,NA,NA,NA,NA,Y,NA,A,08,0,1,0,0,0,0,0,0,0,-,-,NA,NA,LOS ANGELES,LOS ANGELES,-118.44878005,34.2215301
8063916,2016,2016-06-20,1942,2016-06-07,1500,38356,1902,2,5,7,1942,0,0,0,NA,0,9TL58,GLENOAKS BL,COBALT ST,0,NA,Y,A,-,N,NA,NA,NA,NA,NA,NA,NA,NA,NA,Y,4,0,1,2,A,-,09,21802,A,N,D,C,A,A,H,-,A,A,0,NA,NA,NA,NA,Y,NA,A,01,0,0,1,0,0,0,0,0,0,-,-,NA,NA,LOS ANGELES,LOS ANGELES,-118.46021004,34.3157001
8063919,2016,2016-06-21,1942,2016-05-27,1715,39060,0424,5,5,7,1942,0,0,0,D,0,4T4,SOTO ST,VALLEY BL,590,N,N,A,-,N,NA,NA,NA,NA,NA,NA,NA,NA,NA,N,4,0,1,2,A,-,04,21703,NA,F,C,C,A,A,H,-,A,A,0,NA,NA,NA,NA,Y,NA,-,99,0,0,1,0,0,0,0,0,0,-,-,NA,NA,LOS ANGELES,LOS ANGELES,-118.19624299,34.06601682
8063920,2016,2016-06-20,1942,2016-06-07,0800,40383,1908,2,5,7,1942,0,0,0,NA,0,16T23,HERRON ST,ELDRIDGE AV,240,E,N,A,-,N,NA,NA,NA,NA,NA,NA,NA,NA,NA,Y,4,0,3,2,A,-,09,21804,A,N,C,C,A,A,H,-,A,D,0,NA,NA,NA,NA,Y,NA,A,07,0,0,3,0,0,0,0,0,0,-,-,NA,NA,LOS ANGELES,LOS ANGELES,-118.42337742,34.31788027
8063921,2016,2016-06-20,1942,2016-06-02,1455,41316,1999,4,5,7,1942,0,0,0,NA,0,9T58,WOODMAN AV,ROSCOE BL,200,S,N,A,-,N,NA,NA,NA,NA,NA,NA,NA,NA,NA,Y,4,0,1,2,A,-,09,21801,A,N,A,C,A,A,H,-,A,D,0,NA,NA,NA,NA,Y,NA,A,01,0,0,1,0,0,0,0,0,0,-,-,NA,NA,LOS ANGELES,LOS ANGELES,-118.43273356,34.22113205
8063922,2016,2016-06-20,1942,2016-05-17,1700,38356,1921,2,5,7,1942,0,0,0,NA,0,9TL58,ENCINITAS AV,ROXFORD ST,130,S,N,A,-,N,NA,NA,NA,NA,NA,NA,NA,NA,NA,Y,3,0,1,2,A,-,06,21755,A,N,D,C,A,A,H,-,A,A,0,NA,NA,NA,NA,Y,NA,A,01,0,1,0,0,0,0,0,0,0,-,-,NA,NA,LOS ANGELES,LOS ANGELES,-118.47855297,34.30358054
8063924,2016,2016-06-20,1942,2016-06-06,1620,37966,2031,1,5,7,1942,0,0,0,NA,0,6TL4,WILSHIRE BL,MANHATTAN PL,90,W,N,A,-,N,NA,NA,NA,NA,NA,NA,NA,NA,NA,N,4,0,1,2,A,-,08,22107,NA,F,B,C,A,A,H,-,A,D,0,NA,NA,NA,NA,Y,NA,-,99,0,0,1,0,0,0,0,0,0,-,-,NA,NA,LOS ANGELES,LOS ANGELES,-118.31065658,34.0617
8063925,2016,2016-06-20,1942,2016-06-02,1920,37304,19,4,5,7,1942,0,0,0,NA,0,9TL53,TERRA BELLA ST,TUPPER ST,150,S,N,A,-,N,NA,NA,NA,NA,NA,NA,NA,NA,NA,Y,3,0,2,3,A,-,07,21658,A,N,D,C,A,A,H,-,A,A,0,NA,NA,NA,NA,Y,Y,A,01,0,1,1,0,0,0,0,0,0,-,-,NA,NA,LOS ANGELES,LOS ANGELES,-118.44527293,34.23862918
8063926,2016,2017-02-18,1942,2016-05-17,1405,34436,1918,2,5,7,1942,0,0,0,NA,0,19TL74,MACLAY ST,RT 210,10,N,N,A,-,Y,LA,7,210,-,R,5.057,R,4,W,N,4,0,1,2,A,-,12,21453,A,N,D,C,A,A,H,-,A,A,0,NA,NA,NA,NA,Y,NA,-,-,0,0,1,0,0,0,0,0,0,-,WF,NA,NA,LOS ANGELES,LOS ANGELES,-118.41810601,34.29820649
8063928,2016,2016-06-20,1942,2016-06-06,1455,39022,2091,1,5,7,1942,0,0,0,NA,0,8TL26,WASHINGTON BL,GRAMERCY PL,15,E,N,A,-,N,NA,NA,NA,NA,NA,NA,NA,NA,NA,N,4,0,2,3,A,-,04,21703,NA,F,C,C,A,A,H,-,A,D,0,NA,NA,NA,NA,Y,NA,-,99,0,0,2,0,0,0,0,0,0,-,-,NA,NA,LOS ANGELES,LOS ANGELES,-118.31327058,34.03991
8063929,2016,2017-02-18,1942,2016-06-02,2330,37304,1918,4,5,7,1942,0,0,0,NA,0,9TL53,MACLAY ST,FOOTHILL BL,507,E,N,A,-,Y,LA,7,210,-,R,5.057,R,4,W,Y,3,0,2,2,A,-,12,21453,A,N,D,C,A,A,H,-,C,A,0,NA,NA,NA,NA,Y,NA,-,-,0,1,1,0,0,0,0,0,0,-,-,NA,NA,LOS ANGELES,LOS ANGELES,-118.41810601,34.29820649
8063930,2016,2016-06-20,1942,2016-05-17,1215,34436,1985,2,5,7,1942,0,0,0,NA,0,19TL74,CHASE ST,TILDEN AV,0,NA,Y,A,-,N,NA,NA,NA,NA,NA,NA,NA,NA,NA,Y,3,0,3,3,A,-,12,22450,A,N,D,C,A,A,H,-,A,A,0,NA,NA,NA,NA,Y,NA,A,07,0,1,2,0,0,0,0,0,0,-,-,NA,NA,LOS ANGELES,LOS ANGELES,-118.44683008,34.22476004
8063932,2016,2016-06-20,1942,2016-06-09,2100,41089,0831,4,5,7,1942,0,0,0,H,0,8T35,SAN VICENTE BL,26TH ST,150,E,N,A,-,N,NA,NA,NA,NA,NA,NA,NA,NA,NA,N,4,0,1,3,A,-,03,22350,NA,F,C,C,A,A,H,-,C,D,0,NA,NA,NA,NA,Y,NA,-,99,0,0,1,0,0,0,0,0,0,-,-,NA,NA,LOS ANGELES,LOS ANGELES,-118.49154937,34.04853613
8063933,2016,2016-06-20,1942,2016-06-01,1545,33779,1966,3,5,7,1942,0,0,0,NA,0,15T44,VAN NUYS BL,PLUMMER ST,0,NA,Y,A,-,N,NA,NA,NA,NA,NA,NA,NA,NA,NA,Y,3,0,3,3,A,-,09,21801,A,N,D,C,A,A,H,-,A,A,0,NA,NA,NA,NA,Y,NA,D,22,0,3,0,0,0,0,0,0,0,-,-,NA,NA,LOS ANGELES,LOS ANGELES,-118.45023001,34.24268001
8063934,2016,2016-06-20,1942,2016-05-13,1015,38273,1971,5,5,7,1942,0,0,0,NA,0,21TL67,SEPULVEDA BL,NORDHOFF ST,65,S,N,A,-,N,NA,NA,NA,NA,NA,NA,NA,NA,NA,N,4,0,1,2,A,-,07,21658,A,N,B,C,A,A,E,-,A,A,0,NA,NA,NA,NA,Y,NA,A,01,0,0,1,0,0,0,0,0,0,-,-,NA,NA,LOS ANGELES,LOS ANGELES,-118.46771258,34.23535172
8063936,2016,2016-06-20,1942,2016-06-02,2155,39779,1412,4,5,7,1942,0,0,0,N,0,20T59,MAIN ST,ROSE AV,280,N,N,A,-,N,NA,NA,NA,NA,NA,NA,NA,NA,NA,N,3,0,1,2,A,-,17,22517,NA,N,D,G,A,A,H,-,C,D,0,NA,Y,NA,NA,Y,NA,A,01,0,1,0,0,0,0,1,0,0,-,-,NA,NA,LOS ANGELES,LOS ANGELES,-118.47814,33.99593
8063937,2016,2016-06-20,1942,2016-06-01,1610,34796,1975,3,5,7,1942,0,0,0,NA,0,NA,NORDHOFF ST,WOODMAN,100,W,N,A,-,N,NA,NA,NA,NA,NA,NA,NA,NA,NA,Y,4,0,2,2,A,-,09,21804,A,N,D,C,A,A,H,-,A,D,0,NA,NA,NA,NA,Y,NA,D,22,0,0,2,0,0,0,0,0,0,-,-,NA,NA,LOS ANGELES,LOS ANGELES,-118.44077025,34.23534
8063938,2016,2016-06-20,1942,2016-05-10,0800,38356,1904,2,5,7,1942,0,0,0,NA,0,9TL57,FOOTHILL BL,BLEDSOE ST,875,N,N,B,-,N,NA,NA,NA,NA,NA,NA,NA,NA,NA,Y,4,0,1,2,A,-,09,21804,A,N,D,C,A,A,H,-,A,A,0,NA,NA,NA,NA,Y,NA,A,01,0,0,1,0,0,0,0,0,0,-,-,NA,NA,LOS ANGELES,LOS ANGELES,-118.44986482,34.32257655
8063940,2016,2016-06-20,1942,2016-06-03,2340,40321,1118,5,5,7,1942,0,0,0,K,0,11A48,MARMION WY,AVENUE 59,0,NA,Y,A,-,N,NA,NA,NA,NA,NA,NA,NA,NA,NA,Y,4,0,1,2,A,-,12,22450,A,N,A,C,A,A,H,-,C,D,0,NA,NA,NA,NA,Y,Y,A,01,0,0,1,0,0,0,0,0,0,-,-,NA,NA,LOS ANGELES,LOS ANGELES,-118.19149005,34.11150003
8063941,2016,2016-06-21,1942,2016-05-31,1600,33620,1902,2,5,7,1942,0,0,0,NA,0,19A61,ROXFORD ST,HERRICK AV,0,NA,Y,A,-,N,NA,NA,NA,NA,NA,NA,NA,NA,NA,Y,4,0,2,3,A,-,12,21453,A,N,D,C,A,A,H,-,A,A,0,NA,NA,NA,NA,Y,NA,A,01,0,0,2,0,0,0,0,0,0,-,-,NA,NA,LOS ANGELES,LOS ANGELES,-118.46672006,34.31572001
8063944,2016,2016-06-20,1942,2016-06-02,1340,31713,1139,4,5,7,1942,0,0,0,K,0,1A41,FIGUEROA ST,AVE 60,60,S,N,A,-,N,NA,NA,NA,NA,NA,NA,NA,NA,NA,N,4,0,1,2,A,-,04,21703,NA,N,C,C,A,A,H,-,A,A,0,NA,NA,NA,NA,Y,NA,A,01,0,0,1,0,0,0,0,0,0,-,-,NA,NA,LOS ANGELES,LOS ANGELES,-118.1899512,34.11098757
8063945,2016,2016-06-21,1942,2016-05-13,0555,38996,1999,5,5,7,1942,0,0,0,NA,0,16TL25,WOODMAN AV,WILLARD ST,4,S,N,B,-,N,NA,NA,NA,NA,NA,NA,NA,NA,NA,Y,3,0,1,2,A,-,07,21658,A,N,B,C,A,A,H,-,A,D,0,NA,NA,Y,NA,Y,NA,-,-,0,1,0,0,0,0,0,0,1,-,-,NA,NA,LOS ANGELES,LOS ANGELES,-118.43091007,34.21769903
8063948,2016,2016-07-11,1942,2016-06-02,1315,37540,1105,4,5,7,1942,0,0,0,K,0,4TL4,HILL DR,ELLENWOOD DR,0,NA,Y,A,-,N,NA,NA,NA,NA,NA,NA,NA,NA,NA,N,4,0,1,2,A,-,09,21802,A,N,D,C,A,A,H,-,A,D,0,NA,NA,NA,NA,Y,NA,-,-,0,0,1,0,0,0,0,0,0,-,-,NA,NA,LOS ANGELES,LOS ANGELES,-118.21816009,34.14365012
8063952,2016,2016-06-20,1942,2016-06-02,1645,40735,1999,4,5,7,1942,0,0,0,NA,0,9TL54,WOODMAN AV,STRATHERN ST,15,S,N,A,-,N,NA,NA,NA,NA,NA,NA,NA,NA,NA,N,4,0,1,2,A,-,08,22107,NA,F,B,C,A,A,H,-,A,D,0,NA,NA,NA,NA,Y,NA,-,99,0,0,1,0,0,0,0,0,0,-,-,NA,NA,LOS ANGELES,LOS ANGELES,-118.43113879,34.21560887
8063955,2016,2016-07-12,1941,2016-06-04,2015,6242,NA,6,5,7,1941,0,0,0,NA,0,NA,ANAHEIM ST,TEMPLE,0,NA,Y,-,-,N,NA,NA,NA,NA,NA,NA,NA,NA,NA,N,4,0,1,2,-,-,-,NA,NA,N,-,G,A,-,-,-,-,-,0,NA,Y,NA,NA,Y,NA,-,-,0,0,1,0,0,0,1,0,0,-,-,NA,NA,LOS ANGELES,LONG BEACH,-118.15895007,33.78260007
8063956,2016,2016-06-20,1942,2016-06-07,0210,36336,1985,2,5,7,1942,0,0,0,NA,0,10T35,VAN NUYS BL,RAYEN ST,225,S,N,A,-,N,NA,NA,NA,NA,NA,NA,NA,NA,NA,Y,4,0,1,4,A,-,01,23152,A,N,B,E,A,A,H,-,C,D,0,NA,NA,NA,NA,Y,NA,A,08,0,0,1,0,0,0,0,0,0,-,-,NA,NA,LOS ANGELES,LOS ANGELES,-118.45025,34.23112284
8063960,2016,2016-06-20,1942,2016-06-05,1410,37080,1985,7,5,7,1942,0,0,0,NA,0,19TL76,TOBIAS AV,CHASE ST,0,NA,Y,A,-,N,NA,NA,NA,NA,NA,NA,NA,NA,NA,N,3,0,2,2,A,-,03,22350,NA,N,D,C,A,A,H,-,A,D,0,NA,NA,NA,NA,Y,NA,A,01,0,1,1,0,0,0,0,0,0,-,-,NA,NA,LOS ANGELES,LOS ANGELES,-118.45168006,34.22475002
8063964,2016,2016-07-11,1942,2016-06-02,0650,38471,1917,4,5,7,1942,0,0,0,NA,0,19TL75,FOOTHILL BL,ASTORIA ST,0,NA,Y,A,-,N,NA,NA,NA,NA,NA,NA,NA,NA,NA,N,4,0,1,2,A,-,10,21950,A,N,A,B,B,A,H,-,A,A,0,Y,NA,NA,NA,Y,NA,A,01,0,0,1,0,1,0,0,0,0,-,-,NA,NA,LOS ANGELES,LOS ANGELES,-118.43726002,34.31284001
8063968,2016,2016-06-20,1942,2016-06-03,0935,39217,1983,5,5,7,1942,0,0,0,NA,0,9TL55,SEPULVEDA BL,PARTHENIA ST,335,N,N,A,-,N,NA,NA,NA,NA,NA,NA,NA,NA,NA,N,4,0,1,2,A,-,09,21804,A,N,D,C,A,A,H,-,A,D,0,NA,NA,NA,NA,Y,NA,A,01,0,0,1,0,0,0,0,0,0,-,-,NA,NA,LOS ANGELES,LOS ANGELES,-118.46764207,34.22918877
8063972,2016,2016-06-24,1942,2016-06-07,1440,32366,1987,2,5,7,1942,0,0,0,NA,0,35MQ13,WOODMAN AV,COMMUNITY ST,0,NA,Y,A,-,N,NA,NA,NA,NA,NA,NA,NA,NA,NA,Y,3,0,3,2,A,-,09,21801,A,N,D,C,A,A,H,-,A,D,0,NA,NA,NA,NA,Y,NA,A,07,0,1,2,0,0,0,0,0,0,-,-,NA,NA,LOS ANGELES,LOS ANGELES,-118.43274004,34.22279005
8063973,2016,2016-06-20,1942,2016-05-13,1705,40193,1962,5,5,7,1942,0,0,0,NA,0,17TL14,SEPULVEDA BL,LASSEN ST,15,N,N,A,-,N,NA,NA,NA,NA,NA,NA,NA,NA,NA,Y,3,0,1,2,A,-,07,21658,A,N,B,C,A,A,H,-,A,A,0,NA,NA,Y,NA,Y,NA,A,01,0,1,0,0,0,0,0,0,1,-,-,NA,NA,LOS ANGELES,LOS ANGELES,-118.46753,34.25008114
8063976,2016,2016-06-20,1942,2016-06-06,0700,39473,1993,1,5,7,1942,0,0,0,NA,0,10TL57,NOBLE AV,LANARK ST,200,N,N,A,-,N,NA,NA,NA,NA,NA,NA,NA,NA,NA,Y,3,0,1,2,A,-,03,22350,NA,N,B,E,A,A,H,-,A,D,0,NA,NA,NA,NA,Y,NA,A,07,0,1,0,0,0,0,0,0,0,-,-,NA,NA,LOS ANGELES,LOS ANGELES,-118.46186,34.21842859
8063977,2016,2016-06-20,1942,2016-05-13,1145,41316,1918,5,5,7,1942,0,0,0,NA,0,9TL58,FOOTHILL BL,HUBBARD ST,60,N,N,A,-,N,NA,NA,NA,NA,NA,NA,NA,NA,NA,NA,4,0,1,2,A,-,09,21804,A,N,D,C,A,A,H,-,A,D,0,NA,NA,NA,NA,Y,NA,A,01,0,0,1,0,0,0,0,0,0,-,-,NA,NA,LOS ANGELES,LOS ANGELES,-118.43042494,34.30756233
8063980,2016,2016-06-20,1942,2016-06-02,1550,37353,1918,4,5,7,1942,0,0,0,NA,0,19TL72,FOOTHILL BL,GRIDLEY ST,0,NA,Y,A,-,N,NA,NA,NA,NA,NA,NA,NA,NA,NA,Y,4,0,2,2,A,-,09,21801,A,N,A,C,A,A,H,-,A,A,0,NA,NA,NA,NA,Y,NA,A,07,0,0,2,0,0,0,0,0,0,-,-,NA,NA,LOS ANGELES,LOS ANGELES,-118.42632006,34.30395011
8063981,2016,2016-06-20,1942,2016-05-10,0825,40735,1999,2,5,7,1942,0,0,0,NA,0,15TL45,COMMUNITY ST,WOODMAN AV,0,NA,Y,A,-,N,NA,NA,NA,NA,NA,NA,NA,NA,NA,N,4,0,2,2,A,-,09,21801,B,N,D,C,A,A,H,-,A,D,0,NA,NA,NA,NA,Y,NA,A,01,0,0,2,0,0,0,0,0,0,-,-,NA,NA,LOS ANGELES,LOS ANGELES,-118.43274004,34.22279005
8063984,2016,2016-06-20,1942,2016-06-02,2310,36733,1958,4,5,7,1942,0,0,0,NA,0,17T17,VAN NUYS BL,ARLETA AV,200,W,N,A,-,N,NA,NA,NA,NA,NA,NA,NA,NA,NA,N,4,0,1,2,A,-,08,22103,NA,N,D,G,A,A,H,-,C,D,0,NA,Y,NA,NA,Y,NA,A,01,0,0,1,0,0,0,1,0,0,-,-,NA,NA,LOS ANGELES,LOS ANGELES,-118.43918746,34.25363904
8063985,2016,2016-06-21,1942,2016-05-21,0620,38185,1934,6,5,7,1942,0,0,0,NA,0,9TL57,SEPULVEDA BL,RINALDI ST,0,NA,Y,A,-,N,NA,NA,NA,NA,NA,NA,NA,NA,NA,Y,4,0,2,3,A,-,12,21453,A,N,D,C,A,A,H,-,A,A,0,NA,NA,NA,NA,Y,NA,-,-,0,0,2,0,0,0,0,0,0,-,-,NA,NA,LOS ANGELES,LOS ANGELES,-118.46879001,34.27909011
8063988,2016,2016-06-20,1942,2016-06-03,1950,41198,1974,5,5,7,1942,0,0,0,NA,0,10T37,NORDHOFF ST,CEDROS AV,10,W,N,A,-,N,NA,NA,NA,NA,NA,NA,NA,NA,NA,Y,3,0,2,3,A,-,09,21801,A,N,A,C,A,A,H,-,C,A,0,NA,NA,NA,NA,Y,NA,A,01,0,1,1,0,0,0,0,0,0,-,-,NA,NA,LOS ANGELES,LOS ANGELES,-118.45358302,34.23544072
8063989,2016,2017-02-18,1942,2016-05-22,1120,40383,1981,7,5,7,1942,0,0,0,NA,0,15T45,ROSCOE BL,RT 405,0,NA,Y,A,-,Y,LA,7,405,-,-,43.925,R,4,N,Y,3,0,1,2,D,-,00,NA,NA,N,A,C,A,A,H,-,A,A,0,NA,NA,NA,NA,Y,NA,-,-,0,1,0,0,0,0,0,0,0,-,NO,NA,NA,LOS ANGELES,LOS ANGELES,-118.47306528,34.22358629