CASE_ID,ACCIDENT_YEAR,PROC_DATE,JURIS,COLLISION_DATE,COLLISION_TIME,OFFICER_ID,REPORTING_DISTRICT,DAY_OF_WEEK,CHP_SHIFT,POPULATION,CNTY_CITY_LOC,SPECIAL_COND,BEAT_TYPE,CHP_BEAT_TYPE,CITY_DIVISION_LAPD,CHP_BEAT_CLASS,BEAT_NUMBER,PRIMARY_RD,SECONDARY_RD,DISTANCE,DIRECTION,INTERSECTION,WEATHER_1,WEATHER_2,STATE_HWY_IND,CALTRANS_COUNTY,CALTRANS_DISTRICT,STATE_ROUTE,ROUTE_SUFFIX,POSTMILE_PREFIX,POSTMILE,LOCATION_TYPE,RAMP_INTERSECTION,SIDE_OF_HWY,TOW_AWAY,COLLISION_SEVERITY,NUMBER_KILLED,NUMBER_INJURED,PARTY_COUNT,PRIMARY_COLL_FACTOR,PCF_CODE_OF_VIOL,PCF_VIOL_CATEGORY,PCF_VIOLATION,PCF_VIOL_SUBSECTION,HIT_AND_RUN,TYPE_OF_COLLISION,MVIW,PED_ACTION,ROAD_SURFACE,ROAD_COND_1,ROAD_COND_2,LIGHTING,CONTROL_DEVICE,CHP_ROAD_TYPE,PEDESTRIAN_ACCIDENT,BICYCLE_ACCIDENT,MOTORCYCLE_ACCIDENT,TRUCK_ACCIDENT,NOT_PRIVATE_PROPERTY,ALCOHOL_INVOLVED,STWD_VEHTYPE_AT_FAULT,CHP_VEHTYPE_AT_FAULT,COUNT_SEVERE_INJ,COUNT_VISIBLE_INJ,COUNT_COMPLAINT_PAIN,COUNT_PED_KILLED,COUNT_PED_INJURED,COUNT_BICYCLIST_KILLED,COUNT_BICYCLIST_INJURED,COUNT_MC_KILLED,COUNT_MC_INJURED,PRIMARY_RAMP,SECONDARY_RAMP,LATITUDE,LONGITUDE,COUNTY,CITY,POINT_X,POINT_Y
8068422,2016,2016-06-28,1942,2016-05-12,0900,37961,1266,4,5,7,1942,0,0,0,L,0,12A51,FIGUEROA ST,83RD ST,120,N,N,A,-,N,NA,NA,NA,NA,NA,NA,NA,NA,NA,N,4,0,3,3,A,-,03,22350,NA,N,C,C,A,A,H,-,A,D,0,NA,NA,NA,NA,Y,NA,D,22,0,0,3,0,0,0,0,0,0,-,-,NA,NA,LOS ANGELES,LOS ANGELES,-118.28273,33.96447911
8068427,2016,2016-07-08,1942,2016-05-27,1645,39177,0563,5,5,7,1942,0,0,0,E,0,5TL25,GAFFEY ST,13TH ST,189,S,N,A,-,N,NA,NA,NA,NA,NA,NA,NA,NA,NA,N,4,0,1,2,A,-,06,21750,NA,N,B,C,A,A,H,-,A,D,0,NA,NA,NA,Y,Y,NA,A,01,0,0,1,0,0,0,0,0,0,-,-,NA,NA,LOS ANGELES,LOS ANGELES,-118.29237,33.73189164
8068430,2016,2016-07-06,1942,2016-04-05,0300,37456,RD125,2,5,7,1942,0,0,0,NA,0,NA,74TH ST,FIGUEROA ST,290,W,N,A,-,N,NA,NA,NA,NA,NA,NA,NA,NA,NA,N,4,0,1,3,A,-,03,22350,NA,N,C,B,E,A,H,-,C,D,0,Y,NA,NA,NA,Y,NA,D,22,0,0,1,0,1,0,0,0,0,-,-,NA,NA,LOS ANGELES,LOS ANGELES,-118.28366271,33.97268903
8068442,2016,2016-06-23,1942,2016-06-02,0825,33599,1268,4,5,7,1942,0,0,0,L,0,T27L41,MAIN ST,81ST ST,0,NA,Y,A,-,N,NA,NA,NA,NA,NA,NA,NA,NA,NA,Y,4,0,2,2,A,-,07,21658,A,N,D,C,A,A,H,-,A,D,0,NA,NA,NA,NA,Y,NA,D,22,0,0,2,0,0,0,0,0,0,-,-,NA,NA,LOS ANGELES,LOS ANGELES,-118.27390013,33.96620011
8068447,2016,2016-06-23,1942,2016-05-14,1640,40700,2585,6,5,7,1942,0,0,0,NA,0,2SMQ61,20TH ST,GRAND AV,110,E,N,A,-,N,NA,NA,NA,NA,NA,NA,NA,NA,NA,Y,4,0,1,2,A,-,03,22350,NA,M,B,E,A,A,H,-,A,D,0,NA,NA,NA,NA,Y,NA,A,01,0,0,1,0,0,0,0,0,0,-,-,NA,NA,LOS ANGELES,LOS ANGELES,-118.28987894,33.72605
8068450,2016,2016-06-23,1942,2016-06-04,1230,33599,1252,6,5,7,1942,0,0,0,L,0,12TL41,74TH ST,VAN NESS AV,0,NA,Y,A,-,N,NA,NA,NA,NA,NA,NA,NA,NA,NA,Y,3,0,2,2,A,-,09,21802,A,N,D,C,A,A,H,-,A,A,0,NA,NA,NA,NA,Y,NA,A,07,0,1,1,0,0,0,0,0,0,-,-,NA,NA,LOS ANGELES,LOS ANGELES,-118.31774011,33.97276002
8068454,2016,2016-06-23,1942,2016-06-04,1740,40440,1252,6,5,7,1942,0,0,0,L,0,12TL73,FLORENCE AV,5TH AV,30,E,N,A,-,N,NA,NA,NA,NA,NA,NA,NA,NA,NA,Y,3,0,1,2,A,-,07,21658,A,F,B,C,A,A,H,-,A,A,0,NA,NA,Y,NA,Y,NA,C,02,0,1,0,0,0,0,0,0,1,-,-,NA,NA,LOS ANGELES,LOS ANGELES,-118.32255124,33.97458
8068455,2016,2016-06-28,1942,2016-06-12,2225,35393,0376,7,5,7,1942,0,0,0,C,0,3T5,NORMANDIE AV,BROWNING BL,0,NA,Y,A,-,N,NA,NA,NA,NA,NA,NA,NA,NA,NA,Y,3,0,3,4,A,-,01,23152,A,F,C,C,A,A,H,-,C,A,0,NA,NA,NA,NA,Y,Y,D,22,0,1,2,0,0,0,0,0,0,-,-,NA,NA,LOS ANGELES,LOS ANGELES,-118.30018007,34.01211011
8068458,2016,2016-06-23,1942,2016-06-05,1400,40869,1256,7,5,7,1942,0,0,0,L,0,3TL57,FIGUEROA ST,79TH ST,4,S,N,A,-,N,NA,NA,NA,NA,NA,NA,NA,NA,NA,Y,4,0,3,2,A,-,09,21800,D,N,D,C,A,A,H,-,A,B,0,NA,NA,NA,NA,Y,NA,D,22,0,0,3,0,0,0,0,0,0,-,-,NA,NA,LOS ANGELES,LOS ANGELES,-118.28272,33.96782903
8068459,2016,2016-06-23,1942,2016-05-29,2140,41729,0555,7,5,7,1942,0,0,0,E,0,5TL21,SUMMERLAND AV,BANDINI ST,160,E,N,A,-,N,NA,NA,NA,NA,NA,NA,NA,NA,NA,Y,3,0,1,3,A,-,01,23152,A,F,C,E,A,A,H,-,C,D,0,NA,NA,NA,NA,Y,Y,A,01,0,1,0,0,0,0,0,0,0,-,-,NA,NA,LOS ANGELES,LOS ANGELES,-118.29839469,33.74763
8068462,2016,2016-06-23,1942,2016-05-05,1645,41941,1842,4,5,7,1942,0,0,0,R,0,18A18,108TH ST,BROADWAY,36,W,N,A,-,N,NA,NA,NA,NA,NA,NA,NA,NA,NA,N,4,0,1,3,A,-,03,22350,NA,N,C,C,A,A,H,-,A,A,0,NA,NA,NA,NA,Y,NA,D,22,0,0,1,0,0,0,0,0,0,-,-,NA,NA,LOS ANGELES,LOS ANGELES,-118.27849843,33.93827788
8068466,2016,2016-06-23,1942,2016-05-16,1700,35046,1269,1,5,7,1942,0,0,0,L,0,12A31,AVALON BL,80TH ST,52,S,N,B,-,N,NA,NA,NA,NA,NA,NA,NA,NA,NA,N,4,0,1,2,A,-,21,22106,NA,N,B,C,A,A,H,-,A,D,0,NA,NA,NA,NA,Y,NA,A,01,0,0,1,0,0,0,0,0,0,-,-,NA,NA,LOS ANGELES,LOS ANGELES,-118.26515715,33.96632741
8068482,2016,2016-06-22,1942,2016-05-15,0450,31749,1283,7,5,7,1942,0,0,0,L,0,12L30,CENTURY BL,VAN NESS,255,E,N,A,-,N,NA,NA,NA,NA,NA,NA,NA,NA,NA,Y,3,0,1,4,A,-,03,22350,NA,N,C,C,A,A,H,-,C,D,0,NA,NA,NA,NA,Y,Y,A,07,0,1,0,0,0,0,0,0,0,-,-,NA,NA,LOS ANGELES,LOS ANGELES,-118.31688083,33.94546
8068484,2016,2016-06-22,1942,2016-06-13,0730,41545,0507,1,5,7,1942,0,0,0,E,0,18T27,WESTERN AV,224TH ST,8,N,N,A,-,N,NA,NA,NA,NA,NA,NA,NA,NA,NA,Y,3,0,1,2,A,-,09,21804,A,N,A,C,A,A,H,-,A,D,0,NA,NA,NA,NA,Y,NA,A,07,0,1,0,0,0,0,0,0,0,-,-,NA,NA,LOS ANGELES,LOS ANGELES,-118.308938,33.823359
8068486,2016,2016-06-22,1942,2016-05-13,1505,37614,1273,5,5,7,1942,0,0,0,L,0,12EL2,MANCHESTER AV,SAINT ANDREWS PL,500,E,N,A,-,N,NA,NA,NA,NA,NA,NA,NA,NA,NA,Y,3,0,5,2,A,-,09,21801,A,N,D,C,A,A,H,-,A,D,0,NA,NA,NA,NA,Y,NA,A,01,0,1,4,0,0,0,0,0,0,-,-,NA,NA,LOS ANGELES,LOS ANGELES,-118.30955433,33.959962
8068488,2016,2016-06-22,1942,2016-06-06,0845,38818,0361,1,5,7,1942,0,0,0,C,0,3A73,PINAFORE ST,NICOLET AV,200,W,N,A,-,N,NA,NA,NA,NA,NA,NA,NA,NA,NA,N,4,0,1,2,A,-,09,21804,A,F,D,C,A,A,H,-,A,D,0,NA,NA,NA,NA,Y,NA,A,07,0,0,1,0,0,0,0,0,0,-,-,NA,NA,LOS ANGELES,LOS ANGELES,-118.35186091,34.01472773
8068490,2016,2016-06-22,1942,2016-05-14,1140,42313,1265,6,5,7,1942,0,0,0,L,0,12A69,NORMANDIE,84TH PL,0,NA,Y,A,-,N,NA,NA,NA,NA,NA,NA,NA,NA,NA,N,3,0,1,2,A,-,09,21802,A,N,G,G,A,A,H,-,A,D,0,NA,Y,NA,NA,Y,NA,L,04,0,1,0,0,0,0,1,0,0,-,-,NA,NA,LOS ANGELES,LOS ANGELES,-118.3002601,33.96183008
8068492,2016,2016-06-22,1942,2016-06-08,1820,41704,0399,3,5,7,1942,0,0,0,C,0,18T23,FIGUEROA ST,43RD ST,9,N,N,A,-,N,NA,NA,NA,NA,NA,NA,NA,NA,NA,N,2,0,1,2,A,-,10,21950,A,F,A,B,B,A,H,-,A,D,0,Y,NA,NA,NA,Y,NA,-,99,1,0,0,0,1,0,0,0,0,-,-,NA,NA,LOS ANGELES,LOS ANGELES,-118.28274,34.00560468
8068494,2016,2016-06-22,1942,2016-05-11,1510,38478,1213,3,5,7,1942,0,0,0,L,0,12FB33,SLAUSON AV,WESTERN AV,2,E,N,A,-,N,NA,NA,NA,NA,NA,NA,NA,NA,NA,N,3,0,2,4,A,-,09,21801,A,F,D,C,A,A,H,-,A,A,0,NA,NA,NA,NA,Y,NA,-,99,0,1,1,0,0,0,0,0,0,-,-,NA,NA,LOS ANGELES,LOS ANGELES,-118.30894342,33.98914988
8068496,2016,2016-06-22,1942,2016-06-08,0830,42161,0531,3,5,7,1942,0,0,0,E,0,5A1,PCH,FIGUEROA,0,NA,Y,B,-,N,NA,NA,NA,NA,NA,NA,NA,NA,NA,N,4,0,1,2,A,-,08,22103,NA,F,A,C,A,A,H,-,A,D,0,NA,NA,NA,NA,Y,NA,-,NA,0,0,1,0,0,0,0,0,0,-,-,NA,NA,LOS ANGELES,LOS ANGELES,-118.28289001,33.79065003
8068498,2016,2016-06-22,1942,2016-05-09,1900,40740,1267,1,5,7,1942,0,0,0,L,0,12A67,MANCHESTER,BARING CROSS,50,W,N,A,-,N,NA,NA,NA,NA,NA,NA,NA,NA,NA,Y,4,0,1,2,A,-,03,22350,NA,N,C,C,A,A,H,-,B,D,0,NA,NA,NA,NA,Y,NA,A,01,0,0,1,0,0,0,0,0,0,-,-,NA,NA,LOS ANGELES,LOS ANGELES,-118.28953457,33.96004
8068500,2016,2016-06-22,1942,2016-06-06,0820,40971,0513,1,5,7,1942,0,0,0,E,0,5TL21,PACIFIC COAST HWY,VERMONT AV,454,W,N,A,-,N,NA,NA,NA,NA,NA,NA,NA,NA,NA,Y,2,0,2,2,A,-,09,21801,A,N,D,C,A,A,H,-,A,A,0,NA,NA,NA,NA,Y,NA,A,07,1,0,1,0,0,0,0,0,0,-,-,NA,NA,LOS ANGELES,LOS ANGELES,-118.29323118,33.79100035
8068502,2016,2016-06-22,1942,2016-05-10,1645,37614,1267,2,5,7,1942,0,0,0,L,0,12EL2,VERMONT AV,85TH ST,0,NA,Y,A,-,N,NA,NA,NA,NA,NA,NA,NA,NA,NA,N,4,0,1,2,A,-,12,22450,A,N,D,C,A,A,H,-,A,A,0,NA,NA,NA,NA,Y,NA,A,01,0,0,1,0,0,0,0,0,0,-,-,NA,NA,LOS ANGELES,LOS ANGELES,-118.291777,33.960959
8068504,2016,2016-06-22,1942,2016-06-03,2130,37724,1255,5,5,7,1942,0,0,0,L,0,12T41,FLORENCE AV,VERMONT AV,0,NA,Y,A,-,N,NA,NA,NA,NA,NA,NA,NA,NA,NA,N,3,0,1,2,A,-,09,21801,A,N,D,C,A,A,H,-,C,A,0,NA,NA,NA,NA,Y,NA,A,01,0,1,0,0,0,0,0,0,0,-,-,NA,NA,LOS ANGELES,LOS ANGELES,-118.29174013,33.97463007
8068508,2016,2016-06-28,1942,2016-06-02,1820,40697,1273,4,5,7,1942,0,0,0,L,0,12T73,89TH ST,WESTERN AV,20,E,N,-,-,N,NA,NA,NA,NA,NA,NA,NA,NA,NA,N,4,0,2,3,A,-,03,22350,NA,F,-,-,A,-,-,-,-,-,0,NA,NA,NA,NA,Y,NA,-,99,0,0,2,0,0,0,0,0,0,-,-,NA,NA,LOS ANGELES,LOS ANGELES,-118.30895419,33.95632887
8068512,2016,2016-06-23,1942,2016-06-05,1910,37618,1273,7,5,7,1942,0,0,0,L,0,12T41,91ST ST,WESTERN AV,30,E,N,A,-,N,NA,NA,NA,NA,NA,NA,NA,NA,NA,N,3,0,1,2,A,-,03,22350,NA,F,G,B,B,A,H,-,A,A,0,Y,NA,NA,NA,Y,NA,-,99,0,1,0,0,1,0,0,0,0,-,-,NA,NA,LOS ANGELES,LOS ANGELES,-118.30892128,33.95451164
8068513,2016,2016-06-22,1942,2016-05-05,1450,41921,1835,4,5,7,1942,0,0,0,R,0,18E15,107TH ST,CENTRAL AV,35,E,N,B,-,N,NA,NA,NA,NA,NA,NA,NA,NA,NA,N,4,0,1,3,A,-,03,22350,NA,F,B,E,A,A,H,-,A,A,0,NA,NA,NA,NA,Y,NA,-,99,0,0,1,0,0,0,0,0,0,-,-,NA,NA,LOS ANGELES,LOS ANGELES,-118.25418,33.93924
8068516,2016,2016-06-22,1942,2016-06-05,2050,40053,1243,7,5,7,1942,0,0,0,L,0,18TL39,WESTERN AV,64TH ST,10,N,N,A,-,N,NA,NA,NA,NA,NA,NA,NA,NA,NA,N,4,0,1,2,A,-,10,21950,A,N,G,B,-,A,H,-,C,A,0,Y,NA,NA,NA,Y,NA,A,01,0,0,1,0,1,0,0,0,0,-,-,NA,NA,LOS ANGELES,LOS ANGELES,-118.308962,33.981432
8068517,2016,2016-06-22,1942,2016-05-04,0840,40994,1837,3,5,7,1942,0,0,0,R,0,SOE,WILMINGTON,107TH,0,NA,Y,A,-,N,NA,NA,NA,NA,NA,NA,NA,NA,NA,N,4,0,2,2,A,-,09,21802,A,N,D,C,A,A,H,-,A,D,0,NA,NA,NA,NA,Y,NA,A,07,0,0,2,0,0,0,0,0,0,-,-,NA,NA,LOS ANGELES,LOS ANGELES,-118.23904005,33.93895011
8068520,2016,2016-06-22,1942,2016-06-05,1030,31814,1263,7,5,7,1942,0,0,0,L,0,12TL41,WESTERN AV,82ND ST,12,E,N,A,-,N,NA,NA,NA,NA,NA,NA,NA,NA,NA,Y,4,0,1,2,A,-,09,21801,A,N,-,C,A,A,H,-,A,D,0,NA,NA,NA,NA,Y,NA,A,08,0,0,1,0,0,0,0,0,0,-,-,NA,NA,LOS ANGELES,LOS ANGELES,NA,NA
8068521,2016,2016-06-22,1942,2016-05-03,1810,42118,1849,2,5,7,1942,0,0,0,R,0,18A49,IMPERIAL HWY,CROESUS AV,350,W,N,A,-,N,NA,NA,NA,NA,NA,NA,NA,NA,NA,Y,4,0,1,4,A,-,03,22350,NA,N,A,C,A,A,H,-,B,D,0,NA,NA,NA,NA,Y,NA,A,01,0,0,1,0,0,0,0,0,0,-,-,NA,NA,LOS ANGELES,LOS ANGELES,-118.23469628,33.92920689
8068524,2016,2016-06-22,1942,2016-06-04,2025,15547,1251,6,5,7,1942,0,0,0,L,0,12TL73,FLORENCE AV,CRENSHAW BL,50,W,N,A,-,N,NA,NA,NA,NA,NA,NA,NA,NA,NA,N,4,0,1,2,A,-,07,21658,A,N,B,C,A,A,H,-,C,A,0,NA,NA,NA,NA,Y,NA,A,08,0,0,1,0,0,0,0,0,0,-,-,NA,NA,LOS ANGELES,LOS ANGELES,-118.33105459,33.97453813
8068525,2016,2016-06-22,1942,2016-05-02,1300,39472,1801,1,5,7,1942,0,0,0,R,0,5A62,MANCHESTER,MENLO AV,30,E,N,A,-,N,NA,NA,NA,NA,NA,NA,NA,NA,NA,N,4,0,1,2,A,-,03,22350,NA,N,C,C,A,A,H,-,A,A,0,NA,NA,NA,NA,Y,NA,A,01,0,0,1,0,0,0,0,0,0,-,-,NA,NA,LOS ANGELES,LOS ANGELES,-118.29033128,33.96003167
8068528,2016,2016-06-23,1942,2016-06-04,1150,33599,1256,6,5,7,1942,0,0,0,L,0,12TL41,FLORENCE AV,FLOWER ST,70,W,N,A,-,N,NA,NA,NA,NA,NA,NA,NA,NA,NA,N,4,0,2,3,A,-,03,22350,NA,N,C,C,A,A,H,-,A,D,0,NA,NA,NA,NA,Y,NA,A,01,0,0,2,0,0,0,0,0,0,-,-,NA,NA,LOS ANGELES,LOS ANGELES,-118.28149043,33.97465
8068529,2016,2016-06-22,1942,2016-05-09,1710,41465,77THD,1,5,7,1942,0,0,0,NA,0,12X55,MANCHESTER AV,GRAMERCY PL,0,NA,Y,A,-,N,NA,NA,NA,NA,NA,NA,NA,NA,NA,Y,4,0,3,2,A,-,12,21453,A,N,D,C,A,A,H,-,A,A,0,NA,NA,NA,NA,Y,NA,A,01,0,0,3,0,0,0,0,0,0,-,-,NA,NA,LOS ANGELES,LOS ANGELES,-118.31338001,33.95996004
8068531,2016,2016-06-22,1942,2016-06-03,1645,38707,0505,5,5,7,1942,0,0,0,E,0,3TL57,190TH ST,VERMONT AV,45,E,N,A,-,N,NA,NA,NA,NA,NA,NA,NA,NA,NA,N,4,0,1,2,A,-,03,22350,NA,F,C,C,A,A,H,-,A,A,0,NA,NA,NA,NA,Y,NA,-,99,0,0,1,0,0,0,0,0,0,-,-,NA,NA,LOS ANGELES,LOS ANGELES,-118.29041136,33.85889094
8068532,2016,2016-06-22,1942,2016-06-03,1810,40869,1255,5,5,7,1942,0,0,0,L,0,5TL25,FLORENCE AV,NORMANDIE AV,55,E,N,A,-,N,NA,NA,NA,NA,NA,NA,NA,NA,NA,N,4,0,1,2,A,-,03,22350,NA,N,C,C,A,A,H,-,A,D,0,NA,NA,NA,NA,Y,NA,A,01,0,0,1,0,0,0,0,0,0,-,-,NA,NA,LOS ANGELES,LOS ANGELES,-118.30011897,33.97458259
8068533,2016,2016-06-22,1942,2016-05-10,0755,38067,1251,2,5,7,1942,0,0,0,L,0,12A45,FLORENCE AV,BRYNHURST AV,0,NA,Y,B,-,N,NA,NA,NA,NA,NA,NA,NA,NA,NA,Y,4,0,1,2,A,-,09,21801,A,N,D,C,A,A,H,-,A,D,0,NA,NA,NA,NA,Y,NA,A,01,0,0,1,0,0,0,0,0,0,-,-,NA,NA,LOS ANGELES,LOS ANGELES,-118.33415,33.9745101
8068535,2016,2016-06-22,1942,2016-06-08,0715,31814,0392,3,5,7,1942,0,0,0,C,0,3TL5,ARLINGTON AV,51ST ST,579,N,N,A,-,N,NA,NA,NA,NA,NA,NA,NA,NA,NA,Y,2,0,4,2,A,-,08,22103,NA,N,D,C,A,A,H,-,A,D,0,NA,NA,NA,NA,Y,NA,A,01,2,0,2,0,0,0,0,0,0,-,-,NA,NA,LOS ANGELES,LOS ANGELES,NA,NA
8068536,2016,2016-06-22,1942,2016-06-03,1440,40869,1267,5,5,7,1942,0,0,0,L,0,5TL25,FIGUEROA ST,83RD ST,100,N,N,A,-,N,NA,NA,NA,NA,NA,NA,NA,NA,NA,N,3,0,4,3,A,-,03,22350,NA,N,C,C,A,A,H,-,A,D,0,NA,NA,NA,NA,Y,NA,A,08,0,1,3,0,0,0,0,0,0,-,-,NA,NA,LOS ANGELES,LOS ANGELES,-118.28273,33.96442426
8068539,2016,2017-02-07,1942,2016-06-06,1510,40869,313,1,5,7,1942,0,0,0,NA,0,12TL73,CRENSHAW BL,RT 10,10,NA,Y,A,-,Y,LA,7,10,-,R,11.218,R,4,E,Y,4,0,1,2,A,-,01,23152,A,N,D,C,A,A,H,-,A,A,0,NA,NA,NA,NA,Y,Y,A,01,0,0,1,0,0,0,0,0,0,-,-,NA,NA,LOS ANGELES,LOS ANGELES,-118.33682505,34.03481764
8068541,2016,2016-06-22,1942,2016-05-21,1615,41807,1251,6,5,7,1942,0,0,0,L,0,12A31,10TH AV,75TH ST,0,NA,Y,A,-,N,NA,NA,NA,NA,NA,NA,NA,NA,NA,Y,4,0,2,2,A,-,12,22450,A,N,D,C,A,A,H,-,A,D,0,NA,NA,NA,NA,Y,NA,A,01,0,0,2,0,0,0,0,0,0,-,-,NA,NA,LOS ANGELES,LOS ANGELES,-118.32866013,33.97180575
8068543,2016,2016-06-22,1942,2016-06-11,1535,40971,0392,6,5,7,1942,0,0,0,C,0,18TL23,48TH ST,5TH AV,0,NA,Y,A,-,N,NA,NA,NA,NA,NA,NA,NA,NA,NA,N,2,0,1,1,A,-,03,22350,NA,N,H,I,A,A,H,-,A,A,0,NA,NA,Y,NA,Y,NA,C,02,1,0,0,0,0,0,0,0,1,-,-,NA,NA,LOS ANGELES,LOS ANGELES,-118.32253009,34
8068545,2016,2016-06-22,1942,2016-05-19,1630,37470,1252,4,5,7,1942,0,0,0,L,0,12X58,67TH ST,4TH AV,0,NA,Y,A,-,N,NA,NA,NA,NA,NA,NA,NA,NA,NA,N,3,0,2,3,A,-,03,22350,A,N,C,C,A,A,H,-,A,A,0,NA,NA,NA,NA,Y,NA,A,01,0,1,1,0,0,0,0,0,0,-,-,NA,NA,LOS ANGELES,LOS ANGELES,-118.32165003,33.97819002
8068547,2016,2016-06-22,1942,2016-06-10,0540,40971,0394,5,5,7,1942,0,0,0,C,0,18TL23,ARLINGTON AV,42ND ST,135,N,N,B,-,N,NA,NA,NA,NA,NA,NA,NA,NA,NA,Y,3,0,1,2,A,-,05,21651,A,F,D,C,A,A,H,-,A,A,0,NA,NA,NA,NA,Y,NA,A,01,0,1,0,0,0,0,0,0,0,-,-,NA,NA,LOS ANGELES,LOS ANGELES,-118.318246,34.007616
8068549,2016,2016-06-22,1942,2016-05-14,2030,37743,1235,6,5,7,1942,0,0,0,L,0,12X56,SLAUSON AV,NORMANDIE AV,0,NA,Y,A,-,N,NA,NA,NA,NA,NA,NA,NA,NA,NA,Y,4,0,1,2,A,-,09,21801,A,N,D,C,A,A,H,-,C,A,0,NA,NA,NA,NA,Y,NA,A,01,0,0,1,0,0,0,0,0,0,-,-,NA,NA,LOS ANGELES,LOS ANGELES,-118.30019011,33.98914002
8068551,2016,2016-06-22,1942,2016-06-08,1800,42293,0519,3,5,7,1942,0,0,0,E,0,5A24W5,ALAMEDA ST,LOMITA BL,0,NA,Y,A,-,N,NA,NA,NA,NA,NA,NA,NA,NA,NA,Y,2,0,2,2,A,-,09,21802,A,F,-,C,A,A,H,-,A,D,0,NA,NA,NA,NA,Y,NA,A,01,2,0,0,0,0,0,0,0,0,-,-,NA,NA,LOS ANGELES,LOS ANGELES,-118.237907,33.799217
8068553,2016,2016-06-22,1942,2016-05-15,1350,37614,1269,7,5,7,1942,0,0,0,L,0,12X32,CENTRAL AV,83RD ST,20,N,N,A,-,N,NA,NA,NA,NA,NA,NA,NA,NA,NA,N,4,0,1,2,A,-,06,21750,A,N,B,G,A,A,D,-,A,D,0,NA,Y,NA,NA,Y,NA,A,01,0,0,1,0,0,0,1,0,0,-,-,NA,NA,LOS ANGELES,LOS ANGELES,-118.25643,33.96385485
8068555,2016,2016-06-22,1942,2016-06-07,1710,40697,0392,2,5,7,1942,0,0,0,C,0,12T73,ARLINGTON AV,52ND ST,742,N,N,A,-,N,NA,NA,NA,NA,NA,NA,NA,NA,NA,Y,4,0,1,2,A,-,01,23152,A,N,A,J,A,A,H,-,A,D,0,NA,NA,NA,NA,Y,Y,A,07,0,0,1,0,0,0,0,0,0,-,-,NA,NA,LOS ANGELES,LOS ANGELES,-118.318169,33.997075
8068557,2016,2016-06-22,1942,2016-05-16,0810,41111,1251,1,5,7,1942,0,0,0,L,0,3A99,WEST BL,67TH ST,0,NA,Y,A,-,N,NA,NA,NA,NA,NA,NA,NA,NA,NA,Y,4,0,1,2,A,-,03,22350,NA,N,C,C,A,A,H,-,A,A,0,NA,NA,NA,NA,Y,NA,A,01,0,0,1,0,0,0,0,0,0,-,-,NA,NA,LOS ANGELES,LOS ANGELES,-118.33522003,33.97810004
8068559,2016,2016-06-22,1942,2016-06-06,1730,35688,0374,1,5,7,1942,0,0,0,C,0,3TL57,VAN NESS AV,MLK KING JR BL,0,NA,Y,A,-,N,NA,NA,NA,NA,NA,NA,NA,NA,NA,Y,4,0,1,2,A,-,09,21801,A,F,D,C,A,A,H,-,A,A,0,NA,NA,Y,NA,Y,NA,A,01,0,0,1,0,0,0,0,0,1,-,-,NA,NA,LOS ANGELES,LOS ANGELES,-118.31711,34.01081
8068602,2016,2016-06-27,1942,2016-05-30,1500,39177,0519,1,5,7,1942,0,0,0,E,0,5TL25,HENRY FORD AV,DENNI ST,21,S,N,A,-,N,NA,NA,NA,NA,NA,NA,NA,NA,NA,Y,4,0,1,2,A,-,12,21453,A,N,D,C,A,A,H,-,A,A,0,NA,NA,NA,NA,Y,NA,A,01,0,0,1,0,0,0,0,0,0,-,-,NA,NA,LOS ANGELES,LOS ANGELES,-118.2423543,33.78566392
8068606,2016,2017-02-11,1942,2016-05-18,1200,37622,531,3,5,7,1942,0,0,0,NA,0,5E6,PACIFIC COAST HWY,WESTERN AV,381,E,N,A,-,Y,LA,7,1,-,-,13.04,H,-,S,N,4,0,1,2,A,-,09,21804,A,F,D,G,A,A,H,-,A,D,0,NA,Y,NA,NA,Y,NA,L,04,0,0,1,0,0,0,1,0,0,-,-,NA,NA,LOS ANGELES,LOS ANGELES,-118.30650427,33.78941605
8068610,2016,2016-06-23,1942,2016-05-24,0820,37807,567,2,5,7,1942,0,0,0,NA,0,18TL23,PACIFIC AV,22ND ST,50,N,N,A,-,N,NA,NA,NA,NA,NA,NA,NA,NA,NA,Y,4,0,1,2,A,-,09,21804,A,N,B,C,A,A,H,-,A,A,0,NA,NA,NA,NA,Y,NA,A,01,0,0,1,0,0,0,0,0,0,-,-,NA,NA,LOS ANGELES,LOS ANGELES,-118.28799,33.72438713
8068614,2016,2016-06-23,1942,2016-05-26,0725,40697,0522,4,5,7,1942,0,0,0,E,0,3T5,WILMINGTON BL,G ST,25,S,N,A,-,N,NA,NA,NA,NA,NA,NA,NA,NA,NA,Y,3,0,2,2,A,-,09,21802,A,N,D,C,A,A,H,-,A,D,0,NA,NA,NA,NA,Y,NA,A,01,0,1,1,0,0,0,0,0,0,-,-,NA,NA,LOS ANGELES,LOS ANGELES,-118.2740346,33.77781158
8068618,2016,2016-06-23,1942,2016-05-26,2045,41704,0529,4,5,7,1942,0,0,0,E,0,12TL41,LAKME AV,ANAHEIM ST,10,S,N,A,-,N,NA,NA,NA,NA,NA,NA,NA,NA,NA,N,4,0,1,2,A,-,10,21950,A,N,G,B,B,A,H,-,C,D,0,Y,NA,NA,NA,Y,NA,A,08,0,0,1,0,1,0,0,0,0,-,-,NA,NA,LOS ANGELES,LOS ANGELES,-118.25986792,33.78009263