CASE_ID,ACCIDENT_YEAR,PROC_DATE,JURIS,COLLISION_DATE,COLLISION_TIME,OFFICER_ID,REPORTING_DISTRICT,DAY_OF_WEEK,CHP_SHIFT,POPULATION,CNTY_CITY_LOC,SPECIAL_COND,BEAT_TYPE,CHP_BEAT_TYPE,CITY_DIVISION_LAPD,CHP_BEAT_CLASS,BEAT_NUMBER,PRIMARY_RD,SECONDARY_RD,DISTANCE,DIRECTION,INTERSECTION,WEATHER_1,WEATHER_2,STATE_HWY_IND,CALTRANS_COUNTY,CALTRANS_DISTRICT,STATE_ROUTE,ROUTE_SUFFIX,POSTMILE_PREFIX,POSTMILE,LOCATION_TYPE,RAMP_INTERSECTION,SIDE_OF_HWY,TOW_AWAY,COLLISION_SEVERITY,NUMBER_KILLED,NUMBER_INJURED,PARTY_COUNT,PRIMARY_COLL_FACTOR,PCF_CODE_OF_VIOL,PCF_VIOL_CATEGORY,PCF_VIOLATION,PCF_VIOL_SUBSECTION,HIT_AND_RUN,TYPE_OF_COLLISION,MVIW,PED_ACTION,ROAD_SURFACE,ROAD_COND_1,ROAD_COND_2,LIGHTING,CONTROL_DEVICE,CHP_ROAD_TYPE,PEDESTRIAN_ACCIDENT,BICYCLE_ACCIDENT,MOTORCYCLE_ACCIDENT,TRUCK_ACCIDENT,NOT_PRIVATE_PROPERTY,ALCOHOL_INVOLVED,STWD_VEHTYPE_AT_FAULT,CHP_VEHTYPE_AT_FAULT,COUNT_SEVERE_INJ,COUNT_VISIBLE_INJ,COUNT_COMPLAINT_PAIN,COUNT_PED_KILLED,COUNT_PED_INJURED,COUNT_BICYCLIST_KILLED,COUNT_BICYCLIST_INJURED,COUNT_MC_KILLED,COUNT_MC_INJURED,PRIMARY_RAMP,SECONDARY_RAMP,LATITUDE,LONGITUDE,COUNTY,CITY,POINT_X,POINT_Y
8069909,2016,2016-06-27,1942,2016-06-13,1315,38590,739,1,5,7,1942,0,0,0,NA,0,7TL38,6TH ST,ROSSMORE AV,0,NA,Y,A,-,N,NA,NA,NA,NA,NA,NA,NA,NA,NA,Y,3,0,2,2,A,-,09,21801,A,N,A,C,A,A,H,-,A,A,0,NA,NA,NA,NA,Y,NA,A,07,0,2,0,0,0,0,0,0,0,-,-,NA,NA,LOS ANGELES,LOS ANGELES,-118.32758006,34.06389011
8069910,2016,2016-06-27,1942,2016-06-13,1430,38590,743,1,5,7,1942,0,0,0,NA,0,7TL38,WILSHIRE BL,OGDEN AV,50,W,N,A,-,N,NA,NA,NA,NA,NA,NA,NA,NA,NA,N,4,0,1,2,A,-,04,21703,NA,N,C,C,A,A,H,-,A,D,0,NA,NA,NA,NA,Y,NA,A,01,0,0,1,0,0,0,0,0,0,-,-,NA,NA,LOS ANGELES,LOS ANGELES,-118.35946374,34.06275535
8069911,2016,2016-06-27,1942,2016-06-07,1615,37613,701,2,5,7,1942,0,0,0,NA,0,14TL54,MELROSE PL,ALFRED ST,3,W,N,A,-,N,NA,NA,NA,NA,NA,NA,NA,NA,NA,Y,3,0,1,2,A,-,05,21650,NA,N,D,C,A,A,H,-,A,D,0,NA,NA,Y,NA,Y,NA,C,02,0,1,0,0,0,0,0,0,1,-,-,NA,NA,LOS ANGELES,LOS ANGELES,-118.37531989,34.08361992
8069912,2016,2016-06-27,1942,2016-06-09,1115,39061,833,4,5,7,1942,0,0,0,NA,0,14TL52,WILSHIRE BL,GLENDON AV,0,NA,Y,A,-,N,NA,NA,NA,NA,NA,NA,NA,NA,NA,Y,3,0,1,2,A,-,12,21453,A,N,D,C,A,A,H,-,A,A,0,NA,NA,Y,NA,Y,NA,C,02,0,1,0,0,0,0,0,0,1,-,-,NA,NA,LOS ANGELES,LOS ANGELES,-118.4425301,34.05916009
8069913,2016,2016-06-27,1942,2016-06-04,1700,NA,843,6,5,7,1942,0,0,0,NA,0,20TL56,SEPULVEDA BL,HERSCHER WY,200,N,N,A,-,N,NA,NA,NA,NA,NA,NA,NA,NA,NA,N,3,0,1,1,C,-,18,NA,NA,N,E,I,A,A,A,-,A,D,0,NA,NA,Y,NA,Y,NA,-,-,0,1,0,0,0,0,0,0,1,-,-,NA,NA,LOS ANGELES,LOS ANGELES,NA,NA
8069914,2016,2016-06-27,1942,2016-06-10,0620,38282,809,5,5,7,1942,0,0,0,NA,0,20TL59,MULHOLLAND DR,COLDWATER CANYON DR,430,N,N,B,-,N,NA,NA,NA,NA,NA,NA,NA,NA,NA,Y,3,0,1,1,A,-,03,22350,NA,N,F,I,A,A,H,-,A,D,0,NA,NA,NA,NA,Y,NA,A,07,0,1,0,0,0,0,0,0,0,-,-,NA,NA,LOS ANGELES,LOS ANGELES,-118.40287087,34.12528522
8069915,2016,2016-06-27,1942,2016-06-04,1910,40024,833,6,5,7,1942,0,0,0,NA,0,14T47,WILSHIRE BL,WESTWOOD BL,0,NA,Y,B,-,N,NA,NA,NA,NA,NA,NA,NA,NA,NA,Y,4,0,4,2,A,-,09,21801,A,N,B,C,A,A,H,-,A,A,0,NA,NA,NA,NA,Y,NA,A,01,0,0,4,0,0,0,0,0,0,-,-,NA,NA,LOS ANGELES,LOS ANGELES,-118.44392006,34.05878
8069916,2016,2016-06-27,1942,2016-06-07,1400,39022,851,2,5,7,1942,0,0,0,NA,0,8TL26,BROCKTON AV,SANTA MONICA BL,100,S,N,A,-,N,NA,NA,NA,NA,NA,NA,NA,NA,NA,Y,4,0,2,2,A,-,09,21804,A,N,D,C,A,A,H,-,A,D,0,NA,NA,NA,NA,Y,NA,A,01,0,0,2,0,0,0,0,0,0,-,-,NA,NA,LOS ANGELES,LOS ANGELES,-118.46110861,34.04119671
8069917,2016,2016-06-27,1942,2016-06-12,1430,40690,819,7,5,7,1942,0,0,0,NA,0,6T4,BEVERLY GLEN BL,COMSTOCK AV,467,S,N,A,-,N,NA,NA,NA,NA,NA,NA,NA,NA,NA,Y,3,0,1,1,A,-,03,22350,NA,N,E,I,A,A,H,-,A,D,0,NA,NA,NA,NA,Y,NA,A,01,0,1,0,0,0,0,0,0,0,-,-,NA,NA,LOS ANGELES,LOS ANGELES,-118.43177877,34.07220209
8069918,2016,2016-06-27,1942,2016-06-10,1130,40157,885,5,5,7,1942,0,0,0,NA,0,6TL7,MONTE MAR DR,MOTOR AV,0,NA,Y,A,-,N,NA,NA,NA,NA,NA,NA,NA,NA,NA,Y,3,0,2,2,A,-,12,21453,A,N,D,C,A,A,H,-,A,A,0,NA,NA,NA,NA,Y,NA,A,01,0,1,1,0,0,0,0,0,0,-,-,NA,NA,LOS ANGELES,LOS ANGELES,-118.40549012,34.04379007
8069919,2016,2016-06-27,1942,2016-06-13,2330,42264,849,1,5,7,1942,0,0,0,NA,0,8A59,LA CIENEGA,PACKARD ST,168,S,N,A,-,N,NA,NA,NA,NA,NA,NA,NA,NA,NA,N,3,0,1,2,D,-,00,NA,NA,F,H,G,A,A,H,-,C,D,0,NA,Y,NA,NA,Y,NA,-,-,0,1,0,0,0,0,1,0,0,-,-,NA,NA,LOS ANGELES,LOS ANGELES,-118.37619232,34.05460926
8069920,2016,2016-06-27,1942,2016-06-10,1520,40440,1269,5,5,7,1942,0,0,0,L,0,12TL73,STANFORD AV,82ND ST,0,NA,Y,A,-,N,NA,NA,NA,NA,NA,NA,NA,NA,NA,Y,4,0,3,2,A,-,01,23152,A,N,D,C,A,A,H,-,A,A,0,NA,NA,NA,NA,Y,Y,A,07,0,0,3,0,0,0,0,0,0,-,-,NA,NA,LOS ANGELES,LOS ANGELES,-118.26298011,33.96467008
8069942,2016,2017-02-28,1976,2016-06-06,1057,233,NA,1,5,5,1976,0,0,0,NA,0,NA,WHITTIER BL,COLE RD,31,W,N,B,-,Y,LA,7,72,-,-,1.79,H,-,S,N,3,0,1,2,A,-,03,22350,NA,N,C,C,A,A,H,-,A,D,0,NA,NA,NA,NA,Y,NA,A,01,0,1,0,0,0,0,0,0,0,-,-,NA,NA,LOS ANGELES,WHITTIER,-118.00553235,33.94842927
8069943,2016,2017-02-28,1976,2016-06-04,1603,507,NA,6,5,5,1976,0,0,0,NA,0,NA,WHITTIER BL,OCEAN VIEW AV,25,W,N,A,-,Y,LA,7,72,-,-,2.76,H,-,S,N,4,0,2,2,A,-,03,22350,NA,N,C,C,A,A,H,-,A,A,0,NA,NA,NA,NA,Y,NA,A,01,0,0,2,0,0,0,0,0,0,-,-,NA,NA,LOS ANGELES,WHITTIER,-118.01992084,33.95581621
8069952,2016,2016-07-11,1926,2016-06-17,0716,7570,NA,5,5,5,1926,0,0,0,NA,0,001,SIERRA MADRE,YUCCA RIDGE RD,0,NA,Y,A,-,N,NA,NA,NA,NA,NA,NA,NA,NA,NA,Y,3,0,2,2,A,-,09,21802,A,N,D,C,A,A,H,-,A,A,0,NA,NA,NA,NA,Y,NA,A,07,0,1,1,0,0,0,0,0,0,-,-,NA,NA,LOS ANGELES,GLENDORA,-117.8878601,34.14687004
8069953,2016,2016-07-11,1942,2016-06-11,1900,40113,1215,6,5,7,1942,0,0,0,L,0,23R42,54TH ST,NORMANDIE AV,70,NA,N,A,-,N,NA,NA,NA,NA,NA,NA,NA,NA,NA,Y,4,0,1,2,A,-,04,21703,NA,N,C,C,A,A,H,-,A,D,0,NA,NA,NA,NA,Y,NA,A,01,0,0,1,0,0,0,0,0,0,-,-,NA,NA,LOS ANGELES,LOS ANGELES,-118.30021008,33.993230080000004
8069954,2016,2016-07-13,1942,2016-06-10,2120,41056,1245,5,5,7,1942,0,0,0,L,0,12T41,NORMANDIE AV,70TH ST,0,NA,Y,-,-,N,NA,NA,NA,NA,NA,NA,NA,NA,NA,Y,4,0,2,2,A,-,01,23153,NA,N,-,-,A,-,-,-,-,-,0,NA,NA,NA,NA,Y,NA,A,01,0,0,2,0,0,0,0,0,0,-,-,NA,NA,LOS ANGELES,LOS ANGELES,-118.30029008,33.97619004
8069958,2016,2016-07-11,1942,2016-06-09,1245,40123,2038,4,5,7,1942,0,0,0,NA,0,20A45,8TH ST,VERMONT AV,0,NA,Y,A,-,N,NA,NA,NA,NA,NA,NA,NA,NA,NA,Y,4,0,2,2,A,-,12,21453,A,N,D,C,A,A,H,-,A,A,0,NA,NA,NA,NA,Y,NA,A,01,0,0,2,0,0,0,0,0,0,-,-,NA,NA,LOS ANGELES,LOS ANGELES,-118.29165012,34.05776005
8069959,2016,2016-07-11,1942,2016-06-11,1205,39065,1438,6,5,7,1942,0,0,0,N,0,7T38,REGENT ST,VETERAN AV,125,W,N,A,-,N,NA,NA,NA,NA,NA,NA,NA,NA,NA,N,4,0,1,1,B,-,22,NA,NA,N,B,I,A,A,H,-,A,D,0,NA,NA,NA,NA,Y,NA,A,01,0,0,1,0,0,0,0,0,0,-,-,NA,NA,LOS ANGELES,LOS ANGELES,-118.41441556,34.01742358
8069960,2016,2016-07-11,1942,2016-06-10,1320,41376,1454,5,5,7,1942,0,0,0,N,0,70TL58,MCCONNELL AV,CULVER BL,3,S,N,A,-,N,NA,NA,NA,NA,NA,NA,NA,NA,NA,N,4,0,1,2,A,-,05,21650,1,N,H,G,A,A,H,-,A,A,0,NA,Y,NA,NA,Y,NA,L,04,0,0,1,0,0,0,1,0,0,-,-,NA,NA,LOS ANGELES,LOS ANGELES,-118.42582,33.98548
8070001,2016,2016-08-29,1920,2016-05-25,1955,12610,1920,3,5,6,1920,0,0,0,NA,0,001,IMPERIAL HWY,COLUMBIA WY,0,NA,Y,A,-,N,NA,NA,NA,NA,NA,NA,NA,NA,NA,Y,4,0,1,2,A,-,09,21801,A,N,D,C,A,A,H,-,A,A,0,NA,NA,NA,NA,Y,NA,A,07,0,0,1,0,0,0,0,0,0,-,-,NA,NA,LOS ANGELES,DOWNEY,-118.13415006,33.91701001
8070017,2016,2016-10-11,1942,2016-05-30,1600,41048,1441,1,5,7,1942,0,0,0,N,0,14A27,DELL AV,COURT D,0,NA,Y,A,-,N,NA,NA,NA,NA,NA,NA,NA,NA,NA,N,4,0,1,2,A,-,21,22106,NA,N,D,C,A,A,H,-,A,D,0,NA,NA,NA,NA,Y,NA,-,-,0,0,1,0,0,0,0,0,0,-,-,NA,NA,LOS ANGELES,LOS ANGELES,-118.46685004,33.98487009
8070018,2016,2016-07-13,1942,2016-05-29,0550,40695,1469,7,5,7,1942,0,0,0,N,0,14A13,CENTINELA,ALVERN,0,NA,Y,A,-,N,NA,NA,NA,NA,NA,NA,NA,NA,NA,Y,4,0,2,1,A,-,03,22350,A,N,B,I,A,A,H,-,B,D,0,NA,NA,NA,NA,Y,NA,A,01,0,0,2,0,0,0,0,0,0,-,-,NA,NA,LOS ANGELES,LOS ANGELES,-118.37683007,33.97706003
8070019,2016,2016-07-13,1942,2016-05-18,1750,37613,1406,3,5,7,1942,0,0,0,N,0,14TL52,NATIONAL BL,ROSE AV,65,N,N,A,-,N,NA,NA,NA,NA,NA,NA,NA,NA,NA,N,3,0,1,3,A,-,09,21801,A,N,D,G,A,A,H,-,A,D,0,NA,Y,NA,NA,Y,NA,A,01,0,1,0,0,0,0,1,0,0,-,-,NA,NA,LOS ANGELES,LOS ANGELES,-118.41161062,34.02876736
8070020,2016,2016-07-13,1942,2016-05-29,0240,35154,1437,7,5,7,1942,0,0,0,N,0,14A11,VENICE BL,SEPULVEDA BL,0,NA,Y,B,-,N,NA,NA,NA,NA,NA,NA,NA,NA,NA,Y,4,0,1,2,A,-,12,21453,A,N,D,C,A,A,H,-,C,A,0,NA,NA,NA,NA,Y,NA,A,01,0,0,1,0,0,0,0,0,0,-,-,NA,NA,LOS ANGELES,LOS ANGELES,-118.41725,34.01298004
8070021,2016,2016-07-13,1942,2016-05-26,1740,36646,1454,4,5,7,1942,0,0,0,N,0,14A28,GLENCOE AV,MINDANAO WY,297,W,N,A,-,N,NA,NA,NA,NA,NA,NA,NA,NA,NA,Y,4,0,2,2,A,-,09,21801,B,N,D,C,A,A,H,-,A,D,0,NA,NA,NA,NA,Y,NA,A,01,0,0,2,0,0,0,0,0,0,-,-,NA,NA,LOS ANGELES,LOS ANGELES,-118.43819992,33.98578727
8070022,2016,2016-07-13,1942,2016-05-25,1819,41633,1432,3,5,7,1942,0,0,0,N,0,8A53,PALMS BL,LINDEN AV,0,NA,Y,A,-,N,NA,NA,NA,NA,NA,NA,NA,NA,NA,N,3,0,1,2,A,-,12,22450,A,N,B,G,A,A,H,-,A,D,0,NA,Y,NA,NA,Y,NA,L,04,0,1,0,0,0,0,1,0,0,-,-,NA,NA,LOS ANGELES,LOS ANGELES,-118.46020007,33.99544004
8070023,2016,2016-08-02,1942,2016-05-29,1745,37430,1433,7,5,7,1942,0,0,0,N,0,8A36,LINCOLN BL,SUPERBA AV,0,NA,Y,A,-,N,NA,NA,NA,NA,NA,NA,NA,NA,NA,Y,3,0,1,2,A,-,12,21453,A,N,D,C,A,A,H,-,A,A,0,NA,NA,NA,NA,Y,NA,A,01,0,1,0,0,0,0,0,0,0,-,-,NA,NA,LOS ANGELES,LOS ANGELES,-118.45763009,33.99641005
8070024,2016,2016-07-13,1942,2016-05-31,1755,31255,0777,2,5,7,1942,0,0,0,G,0,20TL58,VENICE BL,LA FAYETTE RD,0,NA,Y,A,-,N,NA,NA,NA,NA,NA,NA,NA,NA,NA,N,4,0,1,2,A,-,09,21801,A,N,D,C,A,A,H,-,A,D,0,NA,NA,NA,NA,Y,NA,A,01,0,0,1,0,0,0,0,0,0,-,-,NA,NA,LOS ANGELES,LOS ANGELES,-118.33377012,34.04641012
8070025,2016,2016-07-13,1942,2016-05-28,0020,37511,0742,6,5,7,1942,0,0,0,G,0,7T23,WILSHIRE BL,CRESCENT HEIGHTS,0,NA,Y,A,-,N,NA,NA,NA,NA,NA,NA,NA,NA,NA,N,4,0,1,2,A,-,08,22100,A,N,D,C,A,A,H,-,C,A,0,NA,NA,NA,NA,Y,NA,A,01,0,0,1,0,0,0,0,0,0,-,-,NA,NA,LOS ANGELES,LOS ANGELES,-118.36536008,34.06342006
8070026,2016,2016-07-13,1942,2016-05-24,1250,37613,0714,2,5,7,1942,0,0,0,G,0,14TL54,BEVERLY BL,MARTEL AV,85,W,N,A,-,N,NA,NA,NA,NA,NA,NA,NA,NA,NA,Y,4,0,1,2,A,-,03,22350,NA,N,C,C,A,A,H,-,A,A,0,NA,NA,NA,NA,Y,NA,A,01,0,0,1,0,0,0,0,0,0,-,-,NA,NA,LOS ANGELES,LOS ANGELES,-118.35141016,34.07615
8070027,2016,2016-07-13,1942,2016-05-27,1310,41376,0727,5,5,7,1942,0,0,0,G,0,7TL38,CITRUS AV,BEVERLY BL,0,NA,Y,A,-,N,NA,NA,NA,NA,NA,NA,NA,NA,NA,Y,4,0,2,2,A,-,09,21802,A,N,D,C,A,A,H,-,A,D,0,NA,NA,NA,NA,Y,NA,A,01,0,0,2,0,0,0,0,0,0,-,-,NA,NA,LOS ANGELES,LOS ANGELES,-118.33968006,34.07618002
8070028,2016,2016-08-02,1942,2016-05-29,1535,39022,0774,7,5,7,1942,0,0,0,G,0,15T454,LA BREA AV,PICKFORD,35,N,N,A,-,N,NA,NA,NA,NA,NA,NA,NA,NA,NA,Y,4,0,1,2,A,-,08,22103,NA,N,D,C,A,A,H,-,A,D,0,NA,NA,NA,NA,Y,NA,A,01,0,0,1,0,0,0,0,0,0,-,-,NA,NA,LOS ANGELES,LOS ANGELES,-118.34671313,34.04248095
8070029,2016,2016-08-01,1942,2016-05-31,1730,38590,0783,2,5,7,1942,0,0,0,G,0,7TL38,WASHINGTON BL,THURMAN AV,50,W,N,A,-,N,NA,NA,NA,NA,NA,NA,NA,NA,NA,Y,4,0,1,2,A,-,21,22106,NA,N,B,C,A,A,H,-,A,A,0,NA,NA,NA,NA,Y,NA,A,01,0,0,1,0,0,0,0,0,0,-,-,NA,NA,LOS ANGELES,LOS ANGELES,-118.3673,34.03552774
8070032,2016,2016-07-13,1942,2016-05-27,1601,34735,426,5,5,7,1942,0,0,0,NA,0,4A9,HUNTINGTON DR,PUEBLO AV,0,NA,Y,A,-,N,NA,NA,NA,NA,NA,NA,NA,NA,NA,N,3,0,1,2,A,-,07,21658,NA,F,B,C,A,A,H,-,A,A,0,NA,NA,NA,NA,Y,NA,-,99,0,1,0,0,0,0,0,0,0,-,-,NA,NA,LOS ANGELES,LOS ANGELES,-118.17492007,34.08768007
8070033,2016,2016-12-09,1942,2016-05-30,1820,41863,1126,1,5,7,1942,0,0,0,K,0,11A26,YORK BL,AVENUE 51,0,NA,Y,A,-,N,NA,NA,NA,NA,NA,NA,NA,NA,NA,N,4,0,3,2,A,-,03,22350,NA,F,C,C,A,A,H,-,A,A,0,NA,NA,NA,NA,Y,NA,-,99,0,0,3,0,0,0,0,0,0,-,-,NA,NA,LOS ANGELES,LOS ANGELES,-118.20477013,34.12107008
8070034,2016,2016-07-13,1942,2016-05-29,0245,39130,1125,7,5,7,1942,0,0,0,K,0,11A25,YORK BL,CAMPUS RD,125,W,N,B,-,N,NA,NA,NA,NA,NA,NA,NA,NA,NA,Y,3,0,1,6,A,-,01,23152,A,N,A,E,A,A,H,-,C,D,0,NA,NA,NA,NA,Y,NA,A,07,0,1,0,0,0,0,0,0,0,-,-,NA,NA,LOS ANGELES,LOS ANGELES,-118.21131177,34.12231653
8070036,2016,2016-12-10,1942,2016-05-25,1815,36020,203X,3,5,7,1942,0,0,0,NA,0,2029,VERMONT,WILSHIRE BL,50,S,N,A,-,N,NA,NA,NA,NA,NA,NA,NA,NA,NA,N,4,0,1,2,A,-,-,NA,NA,N,G,B,F,A,H,-,A,D,0,Y,NA,NA,NA,Y,NA,N,60,0,0,1,0,1,0,0,0,0,-,-,NA,NA,LOS ANGELES,LOS ANGELES,-118.29167666,34.0616629
8070037,2016,2016-07-13,1942,2016-05-30,1335,37715,2069,1,5,7,1942,0,0,0,NA,0,8TL26W,VERMONT AV,OLYMPIC BL,210,N,N,A,-,N,NA,NA,NA,NA,NA,NA,NA,NA,NA,N,4,0,1,2,A,-,07,21658,A,N,B,C,A,A,H,-,A,D,0,NA,NA,NA,NA,Y,NA,A,01,0,0,1,0,0,0,0,0,0,-,-,NA,NA,LOS ANGELES,LOS ANGELES,-118.29162122,34.05312593
8070038,2016,2016-07-13,1942,2016-05-23,0610,04604,1494,1,5,7,1942,0,0,0,N,0,5M43,CENTURY BL,SEPULVEDA BL,0,NA,Y,A,-,N,NA,NA,NA,NA,NA,NA,NA,NA,NA,Y,4,0,1,2,A,-,03,22350,NA,N,C,C,A,A,H,-,A,D,0,NA,NA,NA,NA,Y,NA,A,01,0,0,1,0,0,0,0,0,0,-,-,NA,NA,LOS ANGELES,LOS ANGELES,-118.39634005,33.94555003
8070093,2016,2016-08-29,1931,2016-06-20,0224,5308,1931,1,5,5,1931,0,0,0,NA,0,004,FLORENCE AV,CALIFORNIA AV,12,W,N,A,-,N,NA,NA,NA,NA,NA,NA,NA,NA,NA,Y,4,0,1,2,A,-,03,22350,NA,N,C,C,A,A,H,-,C,A,0,NA,NA,NA,NA,Y,Y,D,22,0,0,1,0,0,0,0,0,0,-,-,NA,NA,LOS ANGELES,HUNTINGTON PARK,-118.20344,33.971940000000004
8070109,2016,2016-06-30,1920,2016-05-30,1506,12476,NA,1,5,6,1920,0,0,0,NA,0,004,LAKEWOOD BL,CECILIA ST,326,S,N,A,-,N,NA,NA,NA,NA,NA,NA,NA,NA,NA,Y,3,0,2,4,A,-,03,22350,NA,N,C,C,A,A,H,-,A,D,0,NA,NA,NA,NA,Y,NA,A,01,0,1,1,0,0,0,0,0,0,-,-,NA,NA,LOS ANGELES,DOWNEY,-118.12242337,33.938259360000004
8070119,2016,2016-06-28,1942,2016-06-04,1650,41574,1444,6,5,7,1942,0,0,0,N,0,14EL2,LINCOLN BL,WASHINGTON BL,0,NA,Y,B,-,N,NA,NA,NA,NA,NA,NA,NA,NA,NA,Y,4,0,1,2,A,-,09,21801,A,N,H,C,A,A,H,-,A,A,0,NA,NA,NA,NA,Y,NA,D,22,0,0,1,0,0,0,0,0,0,-,-,NA,NA,LOS ANGELES,LOS ANGELES,-118.44785008,33.99047004
8070120,2016,2016-06-28,1942,2016-06-03,2040,42095,1467,5,5,7,1942,0,0,0,N,0,14A13,SEPULVEDA BL,CENTER DR,200,S,N,C,-,N,NA,NA,NA,NA,NA,NA,NA,NA,NA,Y,4,0,1,2,A,-,00,21703,B,N,C,C,A,B,H,-,C,D,0,NA,NA,NA,NA,Y,NA,A,01,0,0,1,0,0,0,0,0,0,-,-,NA,NA,LOS ANGELES,LOS ANGELES,-118.39400173,33.97771891
8070122,2016,2016-07-15,1942,2016-06-01,0335,39764,0702,3,5,7,1942,0,0,0,G,0,7TL23,MELROSE AV,FULLER AV,31,W,N,A,-,N,NA,NA,NA,NA,NA,NA,NA,NA,NA,Y,3,0,1,2,A,-,03,22350,NA,N,D,D,A,A,H,-,C,D,0,NA,NA,NA,NA,Y,NA,A,01,0,1,0,0,0,0,0,0,0,-,-,NA,NA,LOS ANGELES,LOS ANGELES,-118.34995215,34.08357238
8070128,2016,2016-07-07,1942,2016-06-10,2121,40008,0412,5,5,7,1942,0,0,0,D,0,13T55,W AVE 26,HUMBOLDT ST,0,NA,Y,A,-,N,NA,NA,NA,NA,NA,NA,NA,NA,NA,Y,3,0,1,2,A,-,01,23152,A,F,C,C,A,A,H,-,C,D,0,NA,NA,NA,NA,Y,Y,D,22,0,1,0,0,0,0,0,0,0,-,-,NA,NA,LOS ANGELES,LOS ANGELES,-118.21849011,34.0798101
8070131,2016,2016-08-29,1942,2016-06-04,1415,34458,1353,6,5,7,1942,0,0,0,M,0,4T4,CENTRAL AV,43RD ST,20,N,N,A,-,N,NA,NA,NA,NA,NA,NA,NA,NA,NA,N,4,0,1,2,A,-,03,22350,NA,F,C,C,A,A,H,-,A,D,0,NA,NA,NA,NA,Y,NA,-,99,0,0,1,0,0,0,0,0,0,-,-,NA,NA,LOS ANGELES,LOS ANGELES,-118.2564906,34.00578485
8070139,2016,2016-08-29,1942,2016-05-31,1630,31255,0645,2,5,7,1942,0,0,0,F,0,20TL58,SUNSET BL,HIGHLAND AV,45,E,N,A,-,N,NA,NA,NA,NA,NA,NA,NA,NA,NA,N,4,0,1,2,A,-,08,22107,A,N,C,C,A,A,H,-,A,D,0,NA,NA,NA,NA,Y,NA,A,01,0,0,1,0,0,0,0,0,0,-,-,NA,NA,LOS ANGELES,LOS ANGELES,-118.33851164,34.09797
8070142,2016,2016-06-28,1942,2016-06-14,0805,42113,20416,2,5,7,1942,0,0,0,NA,0,20A53,VERMONT,JAMES M WOOD,0,NA,Y,A,-,N,NA,NA,NA,NA,NA,NA,NA,NA,NA,Y,3,0,2,2,A,-,12,21453,A,N,A,C,A,A,H,-,A,A,0,NA,NA,NA,NA,Y,NA,-,-,0,1,1,0,0,0,0,0,0,-,-,NA,NA,LOS ANGELES,LOS ANGELES,-118.29163,34.05594
8070143,2016,2016-06-28,1942,2016-06-16,1100,40957,2071,4,5,7,1942,0,0,0,NA,0,20A13,WESTERN AV,PICO BL,0,NA,Y,A,-,N,NA,NA,NA,NA,NA,NA,NA,NA,NA,N,4,0,1,2,A,-,07,21658,A,N,B,C,A,A,H,-,A,A,0,NA,NA,NA,Y,Y,NA,G,25,0,0,1,0,0,0,0,0,0,-,-,NA,NA,LOS ANGELES,LOS ANGELES,-118.30904008,34.04720011
8070144,2016,2016-06-28,1942,2016-06-09,1520,38590,2081,4,5,7,1942,0,0,0,NA,0,20TL58,VENICE BL,VAN NESS AV,60,W,N,A,-,N,NA,NA,NA,NA,NA,NA,NA,NA,NA,Y,3,0,1,5,A,-,05,21460,A,N,A,E,A,A,H,-,A,A,0,NA,NA,NA,NA,Y,NA,A,01,0,1,0,0,0,0,0,0,0,-,-,NA,NA,LOS ANGELES,LOS ANGELES,-118.31661768,34.04356
8070146,2016,2016-08-29,1942,2016-06-08,1440,42066,2002,3,5,7,1942,0,0,0,NA,0,20A53,WILTON,CLINTON ST,0,NA,Y,A,-,N,NA,NA,NA,NA,NA,NA,NA,NA,NA,N,4,0,1,2,A,-,09,21802,A,N,D,C,A,A,H,-,A,D,0,NA,NA,NA,NA,Y,NA,D,22,0,0,1,0,0,0,0,0,0,-,-,NA,NA,LOS ANGELES,LOS ANGELES,-118.31354004,34.08166011
8070147,2016,2016-06-28,1942,2016-06-10,1630,39710,2074,5,5,7,1942,0,0,0,NA,0,20A39,PICO BL,NORMANDIE AV,5,E,N,A,-,N,NA,NA,NA,NA,NA,NA,NA,NA,NA,N,4,0,1,2,A,-,09,21801,B,N,D,C,A,A,H,-,A,A,0,NA,NA,NA,NA,Y,NA,A,01,0,0,1,0,0,0,0,0,0,-,-,NA,NA,LOS ANGELES,LOS ANGELES,-118.29998353,34.04724
8070148,2016,2016-06-30,1942,2016-05-18,0500,41402,2002,3,5,7,1942,0,0,0,NA,0,6A79,WESTERN AV,MAPLEWOOD AV,351,N,N,A,-,N,NA,NA,NA,NA,NA,NA,NA,NA,NA,Y,3,0,1,2,A,-,07,21658,A,N,B,C,A,A,H,-,B,D,0,NA,NA,NA,NA,Y,NA,D,22,0,1,0,0,0,0,0,0,0,-,-,NA,NA,LOS ANGELES,LOS ANGELES,-118.30914,34.08124258
8070167,2016,2016-08-29,1931,2016-06-06,1840,5308,1931,1,5,5,1931,0,0,0,NA,0,001,SLAUSON AV,SANTA FE AV,165,E,N,A,-,N,NA,NA,NA,NA,NA,NA,NA,NA,NA,N,4,0,1,2,A,-,01,21200,5,N,G,G,A,A,H,-,A,A,0,NA,Y,NA,NA,Y,NA,L,04,0,0,1,0,0,0,1,0,0,-,-,NA,NA,LOS ANGELES,HUNTINGTON PARK,-118.22977678,33.98921
8070180,2016,2016-06-28,1920,2016-06-01,0746,19354,NA,3,5,6,1920,0,0,0,NA,0,006,ARNETT ST,GURLEY AV,33,E,N,A,-,N,NA,NA,NA,NA,NA,NA,NA,NA,NA,Y,4,0,1,2,A,-,05,21650,NA,N,A,C,A,A,H,-,A,D,0,NA,NA,NA,NA,Y,NA,A,01,0,0,1,0,0,0,0,0,0,-,-,NA,NA,LOS ANGELES,DOWNEY,-118.1361169,33.93785345