CASE_ID,ACCIDENT_YEAR,PROC_DATE,JURIS,COLLISION_DATE,COLLISION_TIME,OFFICER_ID,REPORTING_DISTRICT,DAY_OF_WEEK,CHP_SHIFT,POPULATION,CNTY_CITY_LOC,SPECIAL_COND,BEAT_TYPE,CHP_BEAT_TYPE,CITY_DIVISION_LAPD,CHP_BEAT_CLASS,BEAT_NUMBER,PRIMARY_RD,SECONDARY_RD,DISTANCE,DIRECTION,INTERSECTION,WEATHER_1,WEATHER_2,STATE_HWY_IND,CALTRANS_COUNTY,CALTRANS_DISTRICT,STATE_ROUTE,ROUTE_SUFFIX,POSTMILE_PREFIX,POSTMILE,LOCATION_TYPE,RAMP_INTERSECTION,SIDE_OF_HWY,TOW_AWAY,COLLISION_SEVERITY,NUMBER_KILLED,NUMBER_INJURED,PARTY_COUNT,PRIMARY_COLL_FACTOR,PCF_CODE_OF_VIOL,PCF_VIOL_CATEGORY,PCF_VIOLATION,PCF_VIOL_SUBSECTION,HIT_AND_RUN,TYPE_OF_COLLISION,MVIW,PED_ACTION,ROAD_SURFACE,ROAD_COND_1,ROAD_COND_2,LIGHTING,CONTROL_DEVICE,CHP_ROAD_TYPE,PEDESTRIAN_ACCIDENT,BICYCLE_ACCIDENT,MOTORCYCLE_ACCIDENT,TRUCK_ACCIDENT,NOT_PRIVATE_PROPERTY,ALCOHOL_INVOLVED,STWD_VEHTYPE_AT_FAULT,CHP_VEHTYPE_AT_FAULT,COUNT_SEVERE_INJ,COUNT_VISIBLE_INJ,COUNT_COMPLAINT_PAIN,COUNT_PED_KILLED,COUNT_PED_INJURED,COUNT_BICYCLIST_KILLED,COUNT_BICYCLIST_INJURED,COUNT_MC_KILLED,COUNT_MC_INJURED,PRIMARY_RAMP,SECONDARY_RAMP,LATITUDE,LONGITUDE,COUNTY,CITY,POINT_X,POINT_Y
8071769,2016,2016-07-29,1942,2016-06-15,1455,40735,1684,3,5,7,1942,0,0,0,P,0,9TL54,TUXFORD ST,LANKERSHIM BL,30,E,N,A,-,N,NA,NA,NA,NA,NA,NA,NA,NA,NA,N,4,0,2,2,A,-,21,22106,NA,N,C,C,A,A,H,-,A,D,0,NA,NA,NA,NA,Y,NA,A,01,0,0,2,0,0,0,0,0,0,-,-,NA,NA,LOS ANGELES,LOS ANGELES,-118.38773196,34.2225398
8071770,2016,2016-07-29,1942,2016-06-15,1430,34599,1668,3,5,7,1942,0,0,0,P,0,21TL62,FOOTHILL BL,COMMERCE AV,0,NA,Y,A,-,N,NA,NA,NA,NA,NA,NA,NA,NA,NA,N,4,0,1,2,A,-,12,21453,A,N,A,C,A,A,H,-,A,A,0,NA,NA,NA,NA,Y,NA,A,01,0,0,1,0,0,0,0,0,0,-,-,NA,NA,LOS ANGELES,LOS ANGELES,-118.2886201,34.24863007
8071771,2016,2016-07-29,1942,2016-06-16,1300,36755,165B,4,5,7,1942,0,0,0,P,0,10TL38,FOOTHILL BL,HAINES CANYON AV,300,N,N,A,-,N,NA,NA,NA,NA,NA,NA,NA,NA,NA,N,4,0,1,2,A,-,09,21801,A,N,D,G,A,A,H,-,A,D,0,NA,Y,NA,NA,Y,NA,D,22,0,0,1,0,0,0,1,0,0,-,-,NA,NA,LOS ANGELES,LOS ANGELES,-118.28041468,34.24769698
8071774,2016,2016-07-29,1942,2016-06-20,2058,37593,1621,1,5,7,1942,0,0,0,P,0,16A11,PAXTON ST,HADDON AV,15,E,N,A,-,N,NA,NA,NA,NA,NA,NA,NA,NA,NA,N,2,0,1,2,A,-,03,22350,NA,N,G,G,A,A,H,-,C,A,0,NA,Y,NA,NA,Y,NA,D,22,1,0,0,0,0,0,1,0,0,-,-,NA,NA,LOS ANGELES,LOS ANGELES,-118.43513211,34.26715652
8071775,2016,2016-08-01,1942,2016-06-18,1000,32553,1675,6,5,7,1942,0,0,0,P,0,16A77,SUNLAND BL,NETTLETON ST,25,N,N,A,-,N,NA,NA,NA,NA,NA,NA,NA,NA,NA,N,3,0,1,2,A,-,00,21760,C,N,B,G,A,A,H,-,A,D,0,NA,Y,NA,NA,Y,NA,D,22,0,1,0,0,0,0,1,0,0,-,-,NA,NA,LOS ANGELES,LOS ANGELES,-118.36580096,34.22535796
8071776,2016,2016-08-29,1942,2016-06-16,1130,38772,NA,4,5,7,1942,0,0,0,NA,0,16A59,SAN FERNANDO RD,FILMORE ST,0,NA,Y,A,-,N,NA,NA,NA,NA,NA,NA,NA,NA,NA,Y,4,0,1,2,A,-,09,21804,A,N,D,C,A,A,H,-,A,D,0,NA,NA,NA,Y,Y,NA,A,07,0,0,1,0,0,0,0,0,0,-,-,NA,NA,LOS ANGELES,LOS ANGELES,-118.42526011,34.26907001
8071777,2016,2016-08-01,1942,2016-06-26,1205,37080,2113,7,5,7,1942,0,0,0,NA,0,19TL76,INGOMAR ST,FALLBROOK AV,0,NA,Y,A,-,N,NA,NA,NA,NA,NA,NA,NA,NA,NA,Y,4,0,2,3,A,-,09,21802,A,N,D,C,A,A,H,-,A,A,0,NA,NA,NA,NA,Y,NA,A,01,0,0,2,0,0,0,0,0,0,-,-,NA,NA,LOS ANGELES,LOS ANGELES,-118.62344003,34.21186006
8071778,2016,2016-08-01,1942,2016-06-24,0725,38185,2146,5,5,7,1942,0,0,0,NA,0,9TL57,CANOGA AV,SHERMAN WY,60,S,N,A,-,N,NA,NA,NA,NA,NA,NA,NA,NA,NA,N,4,0,1,2,A,-,00,21703,A,N,C,C,A,A,H,-,A,A,0,NA,NA,NA,Y,Y,NA,A,01,0,0,1,0,0,0,0,0,0,-,-,NA,NA,LOS ANGELES,LOS ANGELES,-118.59771598,34.20086548
8071779,2016,2016-08-01,1942,2016-06-24,1650,40735,2155,5,5,7,1942,0,0,0,NA,0,97L54,SHOUP AV,VICTORY BL,76,S,N,A,-,N,NA,NA,NA,NA,NA,NA,NA,NA,NA,N,4,0,1,2,A,-,03,22350,NA,N,C,C,A,A,H,-,A,D,0,NA,NA,NA,NA,Y,NA,A,01,0,0,1,0,0,0,0,0,0,-,-,NA,NA,LOS ANGELES,LOS ANGELES,-118.61457458,34.18624154
8071780,2016,2016-08-01,1942,2016-06-16,1345,42322,2143,4,5,7,1942,0,0,0,NA,0,21A42,FALLBROOK,SYLVAN ST,100,N,N,A,-,N,NA,NA,NA,NA,NA,NA,NA,NA,NA,N,4,0,1,2,A,-,08,22107,NA,N,D,C,A,A,-,-,A,A,0,NA,NA,NA,NA,Y,NA,D,22,0,0,1,0,0,0,0,0,0,-,-,NA,NA,LOS ANGELES,LOS ANGELES,-118.62337773,34.18489425
8071781,2016,2016-08-01,1942,2016-06-17,1045,33514,2175,5,5,7,1942,0,0,0,NA,0,21A773,BURBANK BL,FALLBROOK AV,700,E,N,A,-,N,NA,NA,NA,NA,NA,NA,NA,NA,NA,Y,4,0,2,2,A,-,08,22107,NA,N,D,C,A,A,H,-,A,D,0,NA,NA,NA,NA,Y,NA,A,01,0,0,2,0,0,0,0,0,0,-,-,NA,NA,LOS ANGELES,LOS ANGELES,-118.62101978,34.17195
8071782,2016,2016-08-15,1942,2016-06-18,1525,34599,2118,6,5,7,1942,0,0,0,NA,0,21TL62,ROSCOE BL,MASON AV,0,NA,Y,A,-,N,NA,NA,NA,NA,NA,NA,NA,NA,NA,N,3,0,2,2,A,-,12,21453,A,N,D,C,A,A,H,-,A,A,0,NA,NA,NA,NA,Y,NA,-,-,0,2,0,0,0,0,0,0,0,-,-,NA,NA,LOS ANGELES,LOS ANGELES,-118.57978012,34.22009003
8071783,2016,2016-08-01,1942,2016-06-25,0720,39701,2148,6,5,7,1942,0,0,0,NA,0,15TL45,MASON AV,SHERMAN WY,0,NA,Y,A,-,N,NA,NA,NA,NA,NA,NA,NA,NA,NA,Y,3,0,4,3,A,-,12,21453,A,N,D,C,A,A,H,-,A,A,0,NA,NA,NA,NA,Y,NA,A,01,0,1,3,0,0,0,0,0,0,-,-,NA,NA,LOS ANGELES,LOS ANGELES,-118.57973003,34.20101007
8071784,2016,2016-08-01,1942,2016-06-09,0800,39096,2177,4,5,7,1942,0,0,0,NA,0,15TL47,DE SOTO AV,BURBANK BL,160,S,N,A,-,N,NA,NA,NA,NA,NA,NA,NA,NA,NA,N,4,0,1,2,A,-,07,21658,A,N,B,C,A,A,H,-,A,D,0,NA,NA,NA,NA,Y,NA,A,08,0,0,1,0,0,0,0,0,0,-,-,NA,NA,LOS ANGELES,LOS ANGELES,-118.58812463,34.17289274
8071785,2016,2016-08-01,1942,2016-06-26,1330,37080,1979,7,5,7,1942,0,0,0,NA,0,19TL&6,ARLETA AV,WENTWORTH ST,0,NA,Y,A,-,N,NA,NA,NA,NA,NA,NA,NA,NA,NA,Y,4,0,1,2,A,-,09,21801,A,N,A,C,A,A,H,-,A,A,0,NA,NA,NA,NA,Y,NA,D,22,0,0,1,0,0,0,0,0,0,-,-,NA,NA,LOS ANGELES,LOS ANGELES,-118.41659003,34.23311001
8071786,2016,2016-08-01,1942,2016-06-17,1400,26947,1989,5,5,7,1942,0,0,0,NA,0,35M25,ARLETA AV,SHELDON ST,0,NA,Y,A,-,N,NA,NA,NA,NA,NA,NA,NA,NA,NA,Y,4,0,1,4,A,-,12,21453,A,N,D,C,A,A,H,-,A,A,0,NA,NA,NA,NA,Y,NA,D,22,0,0,1,0,0,0,0,0,0,-,-,NA,NA,LOS ANGELES,LOS ANGELES,-118.41119013,34.22749002
8071787,2016,2016-08-05,1942,2016-06-10,1350,26319,1902,5,5,7,1942,0,0,0,NA,0,19TL74,GLENOAKS BL,COBALT ST,0,NA,Y,A,-,N,NA,NA,NA,NA,NA,NA,NA,NA,NA,Y,3,0,3,2,A,-,06,21750,A,N,D,C,A,A,H,-,A,A,0,NA,NA,NA,NA,Y,NA,D,22,0,2,1,0,0,0,0,0,0,-,-,NA,NA,LOS ANGELES,LOS ANGELES,-118.46021004,34.3157001
8071788,2016,2016-08-01,1942,2016-06-09,1155,30452,1985,4,5,7,1942,0,0,0,NA,0,9TL53,ROSCOE BL,TOBIAS AV,0,NA,Y,A,-,N,NA,NA,NA,NA,NA,NA,NA,NA,NA,N,4,0,2,2,A,-,12,21453,A,N,D,C,A,A,H,-,A,A,0,NA,NA,NA,NA,Y,NA,A,01,0,0,2,0,0,0,0,0,0,-,-,NA,NA,LOS ANGELES,LOS ANGELES,-118.45169003,34.22152006
8071789,2016,2017-02-14,1942,2016-06-16,0730,40928,1952,4,5,7,1942,0,0,0,NA,0,9T53,DEVONSHIRE ST,RT 405,29,N,N,A,-,Y,LA,7,405,-,-,46.115,R,4,N,Y,4,0,1,2,A,-,07,21658,A,N,B,C,A,A,H,-,A,D,0,NA,NA,NA,NA,Y,NA,D,22,0,0,1,0,0,0,0,0,0,-,NF,NA,NA,LOS ANGELES,LOS ANGELES,-118.47215044,34.25532726
8071790,2016,2016-07-29,1942,2016-07-19,1820,41110,2081,2,5,7,1942,0,0,0,NA,0,20A34,VENICE BL,SAINT ANDREWS PL,0,NA,Y,A,-,N,NA,NA,NA,NA,NA,NA,NA,NA,NA,Y,3,0,1,2,A,-,09,21801,A,N,D,C,A,A,H,-,A,A,0,NA,NA,NA,NA,Y,NA,A,01,0,1,0,0,0,0,0,0,0,-,-,NA,NA,LOS ANGELES,LOS ANGELES,-118.31160004,34.04357009
8071792,2016,2016-07-29,1942,2016-07-09,0710,38282,2011,6,5,7,1942,0,0,0,NA,0,20TL59,BEVERLY BL,WILTON PL,0,NA,Y,B,-,N,NA,NA,NA,NA,NA,NA,NA,NA,NA,Y,3,0,4,2,A,-,12,21453,A,N,D,C,A,A,H,-,A,A,0,NA,NA,NA,NA,Y,NA,D,22,0,2,2,0,0,0,0,0,0,-,-,NA,NA,LOS ANGELES,LOS ANGELES,-118.31353011,34.07625008
8071793,2016,2016-07-29,1942,2016-07-08,1955,39299,2019,5,5,7,1942,0,0,0,NA,0,20T59,VERMONT AV,3RD ST,0,NA,Y,A,-,N,NA,NA,NA,NA,NA,NA,NA,NA,NA,Y,4,0,2,3,A,-,12,21453,A,N,D,C,A,A,H,-,B,A,0,NA,NA,NA,NA,Y,NA,A,01,0,0,2,0,0,0,0,0,0,-,-,NA,NA,LOS ANGELES,LOS ANGELES,-118.29165,34.06905
8071794,2016,2016-07-29,1942,2016-07-02,1420,37966,2054,6,5,7,1942,0,0,0,NA,0,20TL56,IROLO ST,SAN MARINO ST,0,NA,Y,A,-,N,NA,NA,NA,NA,NA,NA,NA,NA,NA,Y,3,0,1,2,A,-,03,22350,NA,N,C,C,A,A,H,-,A,D,0,NA,NA,NA,NA,Y,NA,D,22,0,1,0,0,0,0,0,0,0,-,-,NA,NA,LOS ANGELES,LOS ANGELES,-118.3009,34.05449008
8071796,2016,2016-07-29,1942,2016-07-20,1445,39022,1494,3,5,7,1942,0,0,0,N,0,14T52,SEPULVEDA BL,CENTURY BL,0,NA,Y,A,-,N,NA,NA,NA,NA,NA,NA,NA,NA,NA,Y,4,0,1,3,A,-,12,21453,A,N,D,C,A,A,H,-,A,A,0,NA,NA,NA,Y,Y,NA,A,01,0,0,1,0,0,0,0,0,0,-,-,NA,NA,LOS ANGELES,LOS ANGELES,-118.39634005,33.94555003
8071797,2016,2016-07-29,1942,2016-07-05,1550,42123,0835,2,5,7,1942,0,0,0,H,0,8X48,WESTWOOD BL,TENNESSEE AV,44,S,N,A,-,N,NA,NA,NA,NA,NA,NA,NA,NA,NA,N,4,0,1,2,A,-,06,21755,A,N,G,B,A,A,H,-,A,D,0,NA,Y,NA,NA,Y,NA,D,22,0,0,1,0,0,0,1,0,0,-,-,NA,NA,LOS ANGELES,LOS ANGELES,-118.43037479,34.04232236
8071799,2016,2016-07-29,1942,2016-07-01,1550,41179,0836,5,5,7,1942,0,0,0,H,0,8T26,BEVERLY GLEN BL,EASTBORNE AV,0,NA,N,A,-,N,NA,NA,NA,NA,NA,NA,NA,NA,NA,Y,4,0,1,4,A,-,12,22450,A,N,D,C,A,A,H,-,A,A,0,NA,NA,NA,NA,Y,NA,A,01,0,0,1,0,0,0,0,0,0,-,-,NA,NA,LOS ANGELES,LOS ANGELES,-118.42479003,34.05839009
8071801,2016,2016-07-29,1942,2016-06-15,0950,30452,2189,3,5,7,1942,0,0,0,NA,0,9TL53,VENTURA BL,QUAKERTOWN AV,160,E,N,B,-,N,NA,NA,NA,NA,NA,NA,NA,NA,NA,Y,4,0,2,3,A,-,03,22350,NA,N,C,C,A,A,H,-,A,D,0,NA,NA,NA,NA,Y,NA,A,07,0,0,2,0,0,0,0,0,0,-,-,NA,NA,LOS ANGELES,LOS ANGELES,-118.569337,34.17154743
8071802,2016,2016-07-29,1942,2016-06-16,1715,40119,2147,4,5,7,1942,0,0,0,NA,0,21TL64,DE SOTO AV,SHERMAN WY,375,N,N,A,-,N,NA,NA,NA,NA,NA,NA,NA,NA,NA,N,4,0,1,2,A,-,04,21703,NA,N,C,C,A,A,H,-,A,D,0,NA,NA,Y,NA,Y,NA,A,01,0,0,1,0,0,0,0,0,1,-,-,NA,NA,LOS ANGELES,LOS ANGELES,-118.58846,34.20214867
8071803,2016,2016-07-29,1942,2016-06-16,1904,35471,2137,4,5,7,1942,0,0,0,NA,0,9TL53,SATICOY ST,DE SOTO AV,0,NA,Y,A,-,N,NA,NA,NA,NA,NA,NA,NA,NA,NA,N,4,0,2,2,A,-,04,21703,NA,N,C,C,A,A,H,-,A,A,0,NA,NA,NA,NA,Y,NA,A,01,0,0,2,0,0,0,0,0,0,-,-,NA,NA,LOS ANGELES,LOS ANGELES,-118.58848007,34.2083301
8071804,2016,2016-07-29,1942,2016-06-16,1335,33779,2139,4,5,7,1942,0,0,0,NA,0,15TL44,CORBIN AV,SATICOY ST,227,S,N,A,-,N,NA,NA,NA,NA,NA,NA,NA,NA,NA,Y,4,0,1,2,A,-,03,22350,NA,N,C,C,A,A,H,-,A,A,0,NA,NA,NA,NA,Y,NA,A,07,0,0,1,0,0,0,0,0,0,-,-,NA,NA,LOS ANGELES,LOS ANGELES,-118.56226916,34.20771729
8071805,2016,2016-07-29,1942,2016-06-16,2245,38273,2185,4,5,7,1942,0,0,0,NA,0,15T43,VENTURA BL,FARRALONE AV,35,W,N,A,-,N,NA,NA,NA,NA,NA,NA,NA,NA,NA,Y,4,0,2,2,A,-,09,21801,A,N,D,C,A,A,H,-,C,A,0,NA,NA,NA,NA,Y,NA,A,01,0,0,2,0,0,0,0,0,0,-,-,NA,NA,LOS ANGELES,LOS ANGELES,-118.61036455,34.16873238
8071806,2016,2016-07-29,1942,2016-06-09,1845,40124,2143,4,5,7,1942,0,0,0,NA,0,21A2,FALLBROOK AV,VANOWEN ST,0,NA,Y,A,-,N,NA,NA,NA,NA,NA,NA,NA,NA,NA,N,3,0,3,2,A,-,09,21801,A,N,A,C,A,A,H,-,A,A,0,NA,NA,NA,NA,Y,NA,A,01,0,3,0,0,0,0,0,0,0,-,-,NA,NA,LOS ANGELES,LOS ANGELES,-118.62341011,34.19372007
8071807,2016,2016-07-29,1942,2016-06-17,1205,39701,2129,5,5,7,1942,0,0,0,NA,0,15TL45,WINNETKA AV,ROSCOE BL,0,N,N,A,-,N,NA,NA,NA,NA,NA,NA,NA,NA,NA,Y,2,0,2,2,A,-,09,21804,A,N,D,C,A,A,H,-,A,D,0,NA,NA,Y,NA,Y,NA,A,01,2,0,0,0,0,0,0,0,2,-,-,NA,NA,LOS ANGELES,LOS ANGELES,-118.57105005,34.22025005
8071808,2016,2016-07-29,1942,2016-06-09,0210,33504,2114,4,5,7,1942,0,0,0,NA,0,21T65,TOPANGA CANYON BL,ROSCOE BL,0,NA,Y,A,-,N,NA,NA,NA,NA,NA,NA,NA,NA,NA,Y,4,0,4,3,A,-,12,21453,A,N,D,C,A,A,H,-,C,A,0,NA,NA,NA,NA,Y,NA,A,01,0,0,4,0,0,0,0,0,0,-,-,NA,NA,LOS ANGELES,LOS ANGELES,-118.60600002,34.21963005
8071809,2016,2016-07-29,1942,2016-06-27,1600,39217,1961,1,5,7,1942,0,0,0,NA,0,9TL52,PLUMMER ST,ORION AV,0,NA,Y,A,-,N,NA,NA,NA,NA,NA,NA,NA,NA,NA,N,3,0,4,2,A,-,08,22100,B,N,-,C,A,A,H,-,A,A,0,NA,NA,NA,NA,Y,NA,A,07,0,3,1,0,0,0,0,0,0,-,-,NA,NA,LOS ANGELES,LOS ANGELES,-118.47192006,34.24281006
8071810,2016,2016-07-29,1942,2016-06-10,1320,34436,1917,5,5,7,1942,0,0,0,NA,0,15TL42,FOOTHILL BL,ASTORIA ST,0,NA,Y,A,-,N,NA,NA,NA,NA,NA,NA,NA,NA,NA,Y,3,0,5,2,A,-,09,21801,A,N,D,C,A,A,H,-,A,D,0,NA,NA,NA,NA,Y,NA,A,01,0,3,2,0,0,0,0,0,0,-,-,NA,NA,LOS ANGELES,LOS ANGELES,-118.43726002,34.31284001
8071811,2016,2016-07-29,1942,2016-06-08,0815,38471,1969,3,5,7,1942,0,0,0,NA,0,19TL75,TERRA BELLA ST,VENA AV,0,NA,Y,A,-,N,NA,NA,NA,NA,NA,NA,NA,NA,NA,N,4,0,2,2,A,-,03,22350,NA,N,C,C,A,A,H,-,A,A,0,NA,NA,NA,NA,Y,NA,A,07,0,0,2,0,0,0,0,0,0,-,-,NA,NA,LOS ANGELES,LOS ANGELES,-118.42989,34.24985
8071812,2016,2016-07-29,1942,2016-06-07,1645,39752,LOS A,2,5,7,1942,0,0,0,NA,0,19X74,FOOTHILL BL,TYLER ST,13,S,N,A,-,N,NA,NA,NA,NA,NA,NA,NA,NA,NA,Y,3,0,2,2,A,-,03,22350,NA,N,C,C,A,A,H,-,A,A,0,NA,NA,NA,NA,Y,NA,A,01,0,1,1,0,0,0,0,0,0,-,-,NA,NA,LOS ANGELES,LOS ANGELES,-118.44421828,34.31823594
8071813,2016,2016-07-29,1942,2016-06-26,1530,37080,1987,7,5,7,1942,0,0,0,NA,0,19TL76,CHASE ST,WOODMAN AV,0,NA,Y,A,-,N,NA,NA,NA,NA,NA,NA,NA,NA,NA,Y,3,0,1,2,A,-,09,21801,A,N,A,C,A,A,H,-,A,A,0,NA,NA,NA,NA,Y,NA,A,01,0,1,0,0,0,0,0,0,0,-,-,NA,NA,LOS ANGELES,LOS ANGELES,-118.43439002,34.22795005
8071814,2016,2016-07-29,1942,2016-06-25,1300,34599,1964,6,5,7,1942,0,0,0,NA,0,21TL62,VAN NUYS BL,NORDHOFF ST,0,NA,Y,A,-,N,NA,NA,NA,NA,NA,NA,NA,NA,NA,N,4,0,3,2,A,-,09,21801,A,N,A,C,A,A,H,-,A,A,0,NA,NA,NA,NA,Y,NA,A,01,0,0,3,0,0,0,0,0,0,-,-,NA,NA,LOS ANGELES,LOS ANGELES,-118.45025009,34.2354101
8071815,2016,2016-07-29,1942,2016-06-20,1700,26947,1982,1,5,7,1942,0,0,0,NA,0,35M25,SEPULVEDA BL,CHASE ST,100,N,N,A,-,N,NA,NA,NA,NA,NA,NA,NA,NA,NA,N,4,0,1,2,A,-,04,21703,NA,N,C,C,A,A,H,-,A,A,0,NA,NA,NA,NA,Y,NA,-,NA,0,0,1,0,0,0,0,0,0,-,-,NA,NA,LOS ANGELES,LOS ANGELES,-118.46770417,34.22489425
8071816,2016,2016-07-29,1942,2016-06-17,0815,38471,1966,5,5,7,1942,0,0,0,NA,0,19TL75,PLUMMER ST,VAN NUYS BL,0,NA,Y,A,-,N,NA,NA,NA,NA,NA,NA,NA,NA,NA,Y,4,0,2,2,A,-,09,21801,A,N,D,C,A,A,H,-,A,A,0,NA,NA,NA,NA,Y,NA,A,01,0,0,2,0,0,0,0,0,0,-,-,NA,NA,LOS ANGELES,LOS ANGELES,-118.45023001,34.24268001
8071817,2016,2016-08-09,1942,2016-06-16,0730,38471,1993,4,5,7,1942,0,0,0,NA,0,19TL75,SEPULVEDA BL,LANARK ST,0,NA,Y,A,-,N,NA,NA,NA,NA,NA,NA,NA,NA,NA,N,4,0,1,2,A,-,-,NA,NA,N,D,G,A,A,H,-,A,A,0,NA,Y,NA,NA,Y,NA,L,04,0,0,1,0,0,0,1,0,0,-,-,NA,NA,LOS ANGELES,LOS ANGELES,-118.46642005,34.21805008
8071818,2016,2016-07-29,1942,2016-06-15,0705,40165,1954,3,5,7,1942,0,0,0,NA,0,10TL39,LASSEN ST,LEMONA AV,0,NA,Y,B,-,N,NA,NA,NA,NA,NA,NA,NA,NA,NA,Y,4,0,2,2,A,-,12,21453,A,N,D,C,A,A,H,-,A,A,0,NA,NA,NA,NA,Y,NA,-,-,0,0,2,0,0,0,0,0,0,-,-,NA,NA,LOS ANGELES,LOS ANGELES,-118.45870002,34.24999011
8071819,2016,2016-07-29,1942,2016-06-14,1710,39258,1656,2,5,7,1942,0,0,0,P,0,16TL26,WOODMAN AV,PARTHENIA ST,0,NA,Y,A,-,N,NA,NA,NA,NA,NA,NA,NA,NA,NA,N,3,0,2,2,A,-,09,21801,A,N,D,C,A,A,H,-,A,A,0,NA,NA,NA,NA,Y,NA,A,01,0,2,0,0,0,0,0,0,0,-,-,NA,NA,LOS ANGELES,LOS ANGELES,-118.43619011,34.22967006
8071820,2016,2016-07-29,1942,2016-06-09,1410,40193,1916,4,5,7,1942,0,0,0,NA,0,17TL14,RAVEN ST,FELLOWS AV,0,NA,Y,A,-,N,NA,NA,NA,NA,NA,NA,NA,NA,NA,N,3,0,4,2,A,-,12,22450,A,N,D,C,A,A,H,-,A,C,0,NA,NA,NA,NA,Y,NA,A,01,0,1,3,0,0,0,0,0,0,-,-,NA,NA,LOS ANGELES,LOS ANGELES,-118.44215011,34.30416003
8071821,2016,2016-07-29,1942,2016-06-09,1220,38356,1901,4,5,7,1942,0,0,0,NA,0,9TL58,YARNELL ST,FOOTHILL BL,400,N,N,A,-,N,NA,NA,NA,NA,NA,NA,NA,NA,NA,Y,3,0,1,2,A,-,09,21802,A,N,D,C,A,A,H,-,A,A,0,NA,NA,NA,NA,Y,NA,A,01,0,1,0,0,0,0,0,0,0,-,-,NA,NA,LOS ANGELES,LOS ANGELES,-118.47909676,34.32243147
8071822,2016,2016-07-29,1942,2016-06-09,1820,40193,1902,4,5,7,1942,0,0,0,NA,0,17TL14,POLK ST,FOOTHILL BL,30,W,N,A,-,N,NA,NA,NA,NA,NA,NA,NA,NA,NA,Y,3,0,1,2,A,-,09,21801,A,N,D,E,A,A,H,-,A,D,0,NA,NA,NA,NA,Y,NA,A,01,0,1,0,0,0,0,0,0,0,-,-,NA,NA,LOS ANGELES,LOS ANGELES,-118.44085748,34.3154897
8071823,2016,2017-02-04,1942,2016-06-06,1700,40763,NA,1,5,7,1942,0,0,0,NA,0,16X58,HUBBARD ST,RT 210,0,NA,Y,A,-,Y,LA,7,210,-,R,3.949,R,4,W,Y,3,0,1,2,A,-,12,21453,A,N,B,C,A,A,H,-,A,A,0,NA,NA,NA,NA,Y,NA,-,-,0,1,0,0,0,0,0,0,0,-,-,34.30792,-118.42965,LOS ANGELES,LOS ANGELES,-118.43129384,34.31004444
8071824,2016,2016-07-29,1942,2016-06-06,2030,36336,1916,1,5,7,1942,0,0,0,NA,0,10T35,POLK ST,DRONFIELD AV,30,W,N,A,-,N,NA,NA,NA,NA,NA,NA,NA,NA,NA,N,3,0,1,2,A,-,11,21954,A,N,G,B,D,A,H,-,C,A,0,Y,NA,NA,NA,Y,Y,N,60,0,1,0,0,1,0,0,0,0,-,-,NA,NA,LOS ANGELES,LOS ANGELES,-118.44383758,34.31282978
8071825,2016,2016-07-29,1942,2016-06-23,1925,38356,1985,4,5,7,1942,0,0,0,NA,0,9TL58,VAN NUYS BL,RAYEN ST,0,NA,Y,A,-,N,NA,NA,NA,NA,NA,NA,NA,NA,NA,Y,3,0,2,2,A,-,09,21801,A,N,D,C,A,A,H,-,A,A,0,NA,NA,NA,NA,Y,NA,A,01,0,1,1,0,0,0,0,0,0,-,-,NA,NA,LOS ANGELES,LOS ANGELES,-118.45025009,34.23174009
8071826,2016,2016-07-29,1942,2016-06-23,1300,36755,1956,4,5,7,1942,0,0,0,NA,0,10TL38,WOODMAN AV,DEVONSHIRE ST,0,NA,Y,A,-,N,NA,NA,NA,NA,NA,NA,NA,NA,NA,Y,3,0,2,2,A,-,09,21801,A,N,D,C,A,A,H,-,A,A,0,NA,NA,NA,NA,Y,NA,A,01,0,1,1,0,0,0,0,0,0,-,-,NA,NA,LOS ANGELES,LOS ANGELES,-118.45425012,34.25720005
8071827,2016,2016-07-29,1942,2016-06-27,1700,38613,1985,1,5,7,1942,0,0,0,NA,0,16TL26,VAN NUYS BL,PARTHENIA ST,15,W,N,A,-,N,NA,NA,NA,NA,NA,NA,NA,NA,NA,N,4,0,2,3,A,-,09,21801,A,N,B,C,A,A,H,-,A,A,0,NA,NA,NA,NA,Y,NA,A,01,0,0,2,0,0,0,0,0,0,-,-,NA,NA,LOS ANGELES,LOS ANGELES,-118.45023,34.22882
8071828,2016,2016-07-29,1942,2016-06-28,1440,40193,1952,2,5,7,1942,0,0,0,NA,0,17TL14,DEVONSHIRE ST,SEPULVEDA BL,50,E,N,A,-,N,NA,NA,NA,NA,NA,NA,NA,NA,NA,N,3,0,1,2,A,-,09,21801,A,N,B,C,A,A,H,-,A,D,0,NA,NA,Y,NA,Y,NA,A,07,0,1,0,0,0,0,0,0,1,-,-,NA,NA,LOS ANGELES,LOS ANGELES,-118.46730483,34.2573097
8071829,2016,2016-07-29,1942,2016-06-23,1820,38356,1991,4,5,7,1942,0,0,0,NA,0,9TL58,LANGDON AV,ROSCOE BL,15,S,N,A,-,N,NA,NA,NA,NA,NA,NA,NA,NA,NA,N,4,0,1,2,A,-,05,21650,1,N,G,G,A,A,H,-,A,A,0,NA,Y,NA,NA,Y,NA,L,04,0,0,1,0,0,0,1,0,0,-,-,NA,NA,LOS ANGELES,LOS ANGELES,-118.46992965,34.22134886