CASE_ID,ACCIDENT_YEAR,PROC_DATE,JURIS,COLLISION_DATE,COLLISION_TIME,OFFICER_ID,REPORTING_DISTRICT,DAY_OF_WEEK,CHP_SHIFT,POPULATION,CNTY_CITY_LOC,SPECIAL_COND,BEAT_TYPE,CHP_BEAT_TYPE,CITY_DIVISION_LAPD,CHP_BEAT_CLASS,BEAT_NUMBER,PRIMARY_RD,SECONDARY_RD,DISTANCE,DIRECTION,INTERSECTION,WEATHER_1,WEATHER_2,STATE_HWY_IND,CALTRANS_COUNTY,CALTRANS_DISTRICT,STATE_ROUTE,ROUTE_SUFFIX,POSTMILE_PREFIX,POSTMILE,LOCATION_TYPE,RAMP_INTERSECTION,SIDE_OF_HWY,TOW_AWAY,COLLISION_SEVERITY,NUMBER_KILLED,NUMBER_INJURED,PARTY_COUNT,PRIMARY_COLL_FACTOR,PCF_CODE_OF_VIOL,PCF_VIOL_CATEGORY,PCF_VIOLATION,PCF_VIOL_SUBSECTION,HIT_AND_RUN,TYPE_OF_COLLISION,MVIW,PED_ACTION,ROAD_SURFACE,ROAD_COND_1,ROAD_COND_2,LIGHTING,CONTROL_DEVICE,CHP_ROAD_TYPE,PEDESTRIAN_ACCIDENT,BICYCLE_ACCIDENT,MOTORCYCLE_ACCIDENT,TRUCK_ACCIDENT,NOT_PRIVATE_PROPERTY,ALCOHOL_INVOLVED,STWD_VEHTYPE_AT_FAULT,CHP_VEHTYPE_AT_FAULT,COUNT_SEVERE_INJ,COUNT_VISIBLE_INJ,COUNT_COMPLAINT_PAIN,COUNT_PED_KILLED,COUNT_PED_INJURED,COUNT_BICYCLIST_KILLED,COUNT_BICYCLIST_INJURED,COUNT_MC_KILLED,COUNT_MC_INJURED,PRIMARY_RAMP,SECONDARY_RAMP,LATITUDE,LONGITUDE,COUNTY,CITY,POINT_X,POINT_Y
8075604,2016,2016-07-12,1942,2016-06-26,1640,37080,0909,7,5,7,1942,0,0,0,I,0,19TL76,VALERIO ST,WOODMAN AV,0,NA,Y,A,-,N,NA,NA,NA,NA,NA,NA,NA,NA,NA,NA,3,0,2,2,A,-,12,21453,A,N,D,C,A,A,H,-,A,A,0,NA,NA,NA,NA,Y,NA,A,01,0,1,1,0,0,0,0,0,0,-,-,NA,NA,LOS ANGELES,LOS ANGELES,-118.43125013,34.20482004
8075606,2016,2016-07-12,1941,2016-06-25,0401,10544,NA,6,5,7,1941,0,0,0,NA,0,NA,3RD ST,MAINE AV,56,E,N,A,-,N,NA,NA,NA,NA,NA,NA,NA,NA,NA,Y,4,0,1,4,A,-,07,21658,A,N,C,E,A,A,H,-,C,A,0,NA,NA,NA,NA,Y,Y,A,NA,0,0,1,0,0,0,0,0,0,-,-,NA,NA,LOS ANGELES,LONG BEACH,-118.20040611,33.77051
8075608,2016,2016-07-12,1942,2016-06-01,2020,38885,0941,3,5,7,1942,0,0,0,I,0,10X1,SEPULVEDA BL,HATTERAS ST,35,N,N,A,-,N,NA,NA,NA,NA,NA,NA,NA,NA,NA,N,4,0,2,2,A,-,08,22102,NA,N,D,C,A,A,H,-,C,D,0,NA,NA,NA,NA,Y,NA,A,01,0,0,2,0,0,0,0,0,0,-,-,NA,NA,LOS ANGELES,LOS ANGELES,-118.46616,34.175826
8075610,2016,2016-08-02,1942,2016-06-23,0845,36356,1454,4,5,7,1942,0,0,0,N,0,14T49,ALLA RD,MARINA EXPWY,0,NA,Y,A,-,N,NA,NA,NA,NA,NA,NA,NA,NA,NA,N,4,0,1,2,A,-,12,21453,A,N,D,C,A,A,H,-,A,A,0,NA,NA,NA,NA,Y,NA,-,-,0,0,1,0,0,0,0,0,0,-,-,NA,NA,LOS ANGELES,LOS ANGELES,-118.42924,33.98226
8075612,2016,2016-07-12,1942,2016-06-03,0455,40337,0969,5,5,7,1942,0,0,0,I,0,10T37,FULTON AV,HESBY ST,109,N,N,A,-,N,NA,NA,NA,NA,NA,NA,NA,NA,NA,Y,4,0,1,2,A,-,08,22107,NA,N,C,E,A,A,H,-,C,D,0,NA,NA,NA,NA,Y,NA,A,01,0,0,1,0,0,0,0,0,0,-,-,NA,NA,LOS ANGELES,LOS ANGELES,-118.4225234,34.16244896
8075614,2016,2016-08-02,1942,2016-06-19,1340,40452,1431,7,5,7,1942,0,0,0,N,0,14TL52,VENICE WY,RIVIERA AV,0,NA,Y,A,-,N,NA,NA,NA,NA,NA,NA,NA,NA,NA,Y,4,0,1,2,A,-,09,21802,A,N,D,C,A,A,H,-,A,A,0,NA,NA,NA,NA,Y,NA,-,-,0,0,1,0,0,0,0,0,0,-,-,NA,NA,LOS ANGELES,LOS ANGELES,-118.46857006,33.98742003
8075616,2016,2017-02-18,1942,2016-06-22,2300,36801,1716,3,5,7,1942,0,0,0,Q,0,16T23,BALBOA BL,RT 118,0,NA,Y,A,-,Y,LA,7,118,-,R,8.056,R,4,W,N,3,0,1,2,A,-,10,21950,A,F,G,B,C,A,H,-,C,A,0,Y,NA,NA,NA,Y,Y,-,99,0,1,0,0,1,0,0,0,0,-,WF,NA,NA,LOS ANGELES,LOS ANGELES,-118.49779797,34.27746264
8075618,2016,2016-07-12,1942,2016-06-22,1450,37614,14TL5,3,5,7,1942,0,0,0,N,0,1496,JENNY AV,93RD ST,250,N,N,A,-,N,NA,NA,NA,NA,NA,NA,NA,NA,NA,Y,4,0,1,2,A,-,09,21801,A,N,D,C,A,A,H,-,A,D,0,NA,NA,NA,NA,Y,NA,A,07,0,0,1,0,0,0,0,0,0,-,-,NA,NA,LOS ANGELES,LOS ANGELES,NA,NA
8075620,2016,2016-07-13,1942,2016-06-22,1855,41138,1798,3,5,7,1942,0,0,0,Q,0,192135,NORDHOFF ST,HASKELL AV,0,NA,Y,A,-,N,NA,NA,NA,NA,NA,NA,NA,NA,NA,Y,3,0,3,3,A,-,09,21801,A,N,D,C,A,A,H,-,A,A,0,NA,NA,NA,NA,Y,NA,A,07,0,1,2,0,0,0,0,0,0,-,-,NA,NA,LOS ANGELES,LOS ANGELES,-118.47634004,34.23557008
8075622,2016,2017-02-18,1942,2016-06-22,1945,40773,1463,3,5,7,1942,0,0,0,N,0,14T47,LINCOLN BL,JEFFERSON WY,0,NA,Y,A,-,Y,LA,7,1,-,-,31.57,H,-,S,Y,4,0,1,2,A,-,09,21801,A,N,D,C,A,A,H,-,A,A,0,NA,NA,NA,NA,Y,NA,A,07,0,0,1,0,0,0,0,0,0,-,-,NA,NA,LOS ANGELES,LOS ANGELES,-118.44562849,33.98803996
8075624,2016,2016-07-12,1941,2016-06-20,0750,5569,NA,1,5,7,1941,0,0,0,NA,0,NA,SOUTH ST,SOUTH ST 1025,0,NA,-,A,-,N,NA,NA,NA,NA,NA,NA,NA,NA,NA,Y,2,0,1,2,A,-,08,22107,NA,N,D,C,A,A,H,-,A,D,0,NA,NA,Y,NA,Y,NA,A,NA,1,0,0,0,0,0,0,0,1,-,-,NA,NA,LOS ANGELES,LONG BEACH,-118.180572,33.86011
8075626,2016,2016-07-12,1942,2016-06-21,1420,38590,1479,2,5,7,1942,0,0,0,N,0,8T26,LA TIJERA BL,74TH ST,0,NA,Y,A,-,N,NA,NA,NA,NA,NA,NA,NA,NA,NA,Y,4,0,1,2,A,-,09,21801,A,N,D,D,A,A,H,-,A,A,0,NA,NA,NA,NA,Y,NA,A,01,0,0,1,0,0,0,0,0,0,-,-,NA,NA,LOS ANGELES,LOS ANGELES,-118.37942001,33.97055001
8075630,2016,2016-07-12,1942,2016-06-21,2200,39611,1467,2,5,7,1942,0,0,0,N,0,14A73,LA CIENEGA BL,LA TIJERA BL,0,NA,Y,B,-,N,NA,NA,NA,NA,NA,NA,NA,NA,NA,Y,4,0,1,2,D,-,00,NA,NA,N,C,A,A,A,A,H,C,D,0,NA,NA,NA,NA,Y,NA,-,-,0,0,1,0,0,0,0,0,0,-,-,NA,NA,LOS ANGELES,LOS ANGELES,-118.37025009,33.97873002
8075632,2016,2016-07-12,1941,2016-06-22,0819,5839,NA,3,5,7,1941,0,0,0,NA,0,NA,MAGNOLIA AV,HILL ST,330,N,N,A,-,N,NA,NA,NA,NA,NA,NA,NA,NA,NA,N,4,0,1,2,A,-,06,21750,A,N,D,C,A,A,H,-,A,D,0,NA,NA,NA,NA,Y,NA,A,NA,0,0,1,0,0,0,0,0,0,-,-,NA,NA,LOS ANGELES,LONG BEACH,-118.19812497,33.79803497
8075634,2016,2016-07-12,1942,2016-06-17,2245,39611,1492,5,5,7,1942,0,0,0,N,0,14A67,VISTA DEL MAR,IMPERIAL HWY,30,N,N,A,-,N,NA,NA,NA,NA,NA,NA,NA,NA,NA,Y,4,0,2,2,A,-,07,21658,A,N,D,C,A,A,H,-,C,D,0,NA,NA,NA,NA,Y,NA,A,01,0,0,2,0,0,0,0,0,0,-,-,NA,NA,LOS ANGELES,LOS ANGELES,-118.43502798,33.93095596
8075635,2016,2017-04-15,1942,2016-06-28,1630,38356,1049,2,5,7,1942,0,0,0,J,0,9TL58,VICTORY BL,WOODLEY AV,0,NA,Y,B,-,N,NA,NA,NA,NA,NA,NA,NA,NA,NA,Y,3,0,1,2,A,-,09,21801,A,F,A,C,A,A,H,-,A,A,0,NA,NA,NA,NA,Y,NA,A,01,0,1,0,0,0,0,0,0,0,-,-,NA,NA,LOS ANGELES,LOS ANGELES,-118.48365001,34.18662001
8075636,2016,2017-01-09,1941,2016-06-22,1800,6278,NA,3,5,7,1941,0,0,0,NA,0,NA,WILLOW,FASHION,0,NA,Y,A,-,N,NA,NA,NA,NA,NA,NA,NA,NA,NA,Y,4,0,3,2,A,-,09,21802,A,N,D,C,A,A,H,-,A,A,0,NA,NA,NA,NA,Y,NA,A,NA,0,0,3,0,0,0,0,0,0,-,-,NA,NA,LOS ANGELES,LONG BEACH,-118.20896011,33.80439001
8075638,2016,2016-07-12,1942,2016-06-13,1720,40452,1488,1,5,7,1942,0,0,0,N,0,14TL52,MANCHESTER BL,OSAGE AV,180,W,N,A,-,N,NA,NA,NA,NA,NA,NA,NA,NA,NA,Y,4,0,3,3,A,-,03,22350,NA,N,C,C,A,A,H,-,A,D,0,NA,NA,NA,NA,Y,NA,A,07,0,0,3,0,0,0,0,0,0,-,-,NA,NA,LOS ANGELES,LOS ANGELES,-118.37941249000001,33.95989
8075639,2016,2017-02-11,1942,2016-06-26,0815,38996,1569,7,5,7,1942,0,0,0,O,0,9TL53,LANKERSHIM BL,CAHUENGA BL,330,N,N,A,-,Y,LA,7,101,-,-,10.227,R,4,N,Y,4,0,1,2,A,-,12,21453,A,F,D,C,A,A,H,-,A,A,0,NA,NA,NA,NA,Y,NA,A,01,0,0,1,0,0,0,0,0,0,-,-,NA,NA,LOS ANGELES,LOS ANGELES,-118.36113147,34.13663081
8075640,2016,2017-02-18,1941,2016-06-23,1842,5462,NA,4,5,7,1941,0,0,0,NA,0,NA,RT 1,HAVANA AV,0,NA,Y,A,-,Y,LA,7,1,-,-,2.27,H,-,S,Y,4,0,1,2,A,-,03,22350,NA,N,C,C,A,A,H,-,A,D,0,NA,NA,NA,NA,Y,NA,A,NA,0,0,1,0,0,0,0,0,0,-,-,NA,NA,LOS ANGELES,LONG BEACH,-118.12626756,33.77786903
8075642,2016,2016-07-12,1942,2016-06-17,1215,40452,1424,5,5,7,1942,0,0,0,N,0,14TL52,BUNDY DR,AIRPORT AV,0,NA,Y,A,-,N,NA,NA,NA,NA,NA,NA,NA,NA,NA,Y,3,0,2,2,A,-,09,21801,A,N,D,C,A,A,H,-,-,A,0,NA,NA,NA,NA,Y,NA,A,07,0,1,1,0,0,0,0,0,0,-,-,NA,NA,LOS ANGELES,LOS ANGELES,-118.44385013,34.01717009
8075643,2016,2016-07-12,1942,2016-06-27,2330,38980,1566,1,5,7,1942,0,0,0,O,0,15TL43,MOORPARK ST,VINELAND AV,250,E,N,A,-,N,NA,NA,NA,NA,NA,NA,NA,NA,NA,Y,4,0,2,2,A,-,09,21804,A,N,D,C,A,A,H,-,C,D,0,NA,NA,NA,NA,Y,NA,A,01,0,0,2,0,0,0,0,0,0,-,-,NA,NA,LOS ANGELES,LOS ANGELES,-118.36949542,34.15037
8075644,2016,2016-07-12,1941,2016-06-25,0310,10519,NA,6,5,7,1941,0,0,0,NA,0,NA,JUNIPERO AV,17TH ST,20,S,N,A,-,N,NA,NA,NA,NA,NA,NA,NA,NA,NA,Y,3,0,2,2,A,-,03,22350,NA,N,C,E,A,A,H,-,C,A,0,NA,NA,NA,NA,Y,Y,A,NA,0,2,0,0,0,0,0,0,0,-,-,NA,NA,LOS ANGELES,LONG BEACH,-118.1633303,33.78796516
8075646,2016,2016-07-12,1942,2016-06-17,1950,37575,1412,5,5,7,1942,0,0,0,N,0,14T47,MAIN ST,ROSE AV,250,N,N,A,-,N,NA,NA,NA,NA,NA,NA,NA,NA,NA,N,3,0,1,2,A,-,07,21658,A,N,C,C,A,A,H,-,B,D,0,NA,Y,NA,NA,Y,NA,A,01,0,1,0,0,0,0,1,0,0,-,-,NA,NA,LOS ANGELES,LOS ANGELES,-118.47814,33.99593
8075647,2016,2016-07-13,1942,2016-06-27,2220,36599,1735,1,5,7,1942,0,0,0,Q,0,9T57,SAN FERNANDO MISSION BL,BALBOA BL,570,W,N,A,-,N,NA,NA,NA,NA,NA,NA,NA,NA,NA,Y,3,0,1,1,A,-,01,23152,A,N,E,I,A,A,H,-,C,A,0,NA,NA,NA,NA,Y,NA,A,01,0,1,0,0,0,0,0,0,0,-,-,NA,NA,LOS ANGELES,LOS ANGELES,-118.50408323,34.27203284
8075648,2016,2016-07-12,1941,2016-06-26,1055,5129,NA,7,5,7,1941,0,0,0,NA,0,NA,WILLOW ST,GRAND AV,0,NA,Y,A,-,N,NA,NA,NA,NA,NA,NA,NA,NA,NA,Y,4,0,1,2,A,-,03,22350,NA,N,C,C,A,A,H,-,A,A,0,NA,NA,NA,NA,Y,NA,A,NA,0,0,1,0,0,0,0,0,0,-,-,NA,NA,LOS ANGELES,LONG BEACH,-118.1479401,33.80401005
8075650,2016,2016-07-12,1942,2016-06-17,1920,25495,1435,5,5,7,1942,0,0,0,N,0,7T23,MCLAUGHLIN AV,VICTORIA AV,80,N,N,A,-,N,NA,NA,NA,NA,NA,NA,NA,NA,NA,Y,3,0,4,3,A,-,03,22350,NA,N,C,C,A,A,H,-,A,D,0,NA,NA,NA,NA,Y,NA,A,01,0,3,1,0,0,0,0,0,0,-,-,NA,NA,LOS ANGELES,LOS ANGELES,-118.42632387,34.01077384
8075651,2016,2016-08-24,1942,2016-06-26,1855,41239,1664,7,5,7,1942,0,0,0,P,0,16T23,GLENOAKS BL,SHELDON ST,0,NA,Y,A,-,N,NA,NA,NA,NA,NA,NA,NA,NA,NA,Y,2,0,8,2,A,-,01,23152,A,N,D,C,A,A,H,-,A,A,0,NA,NA,NA,NA,Y,Y,A,01,4,2,2,0,0,0,0,0,0,-,-,NA,NA,LOS ANGELES,LOS ANGELES,-118.38394002,34.24643002
8075655,2016,2016-08-02,1942,2016-06-26,1950,36801,0937,7,5,7,1942,0,0,0,I,0,9T53,HAZELTINE AV,SYLVAN ST,150,N,N,A,-,N,NA,NA,NA,NA,NA,NA,NA,NA,NA,N,3,0,1,2,A,-,00,21760,NA,F,B,G,A,A,H,-,C,D,0,NA,Y,NA,NA,Y,Y,-,99,0,1,0,0,0,0,1,0,0,-,-,NA,NA,LOS ANGELES,LOS ANGELES,-118.43997,34.18507144
8075659,2016,2016-07-12,1942,2016-06-24,2040,38326,0952,5,5,7,1942,0,0,0,I,0,15T45,BURBANK BL,NOBLE AV,20,W,N,A,-,N,NA,NA,NA,NA,NA,NA,NA,NA,NA,N,4,0,1,2,A,-,04,21703,NA,F,C,C,A,A,H,-,C,A,0,NA,NA,NA,NA,Y,NA,-,99,0,0,1,0,0,0,0,0,0,-,-,NA,NA,LOS ANGELES,LOS ANGELES,-118.461906,34.172110000000004
8075663,2016,2016-07-12,1942,2016-06-24,1825,38285,0941,5,5,7,1942,0,0,0,I,0,16TL28,VAN NUYS BL,HORTENSE ST,0,NA,Y,A,-,N,NA,NA,NA,NA,NA,NA,NA,NA,NA,N,4,0,1,2,A,-,09,21801,A,N,A,C,A,A,H,-,A,D,0,NA,NA,NA,NA,Y,NA,A,01,0,0,1,0,0,0,0,0,0,-,-,NA,NA,LOS ANGELES,LOS ANGELES,-118.44870012,34.15476009
8075665,2016,2016-07-12,1941,2016-06-21,2048,5540,NA,2,5,7,1941,0,0,0,NA,0,NA,LAKEWOOD,CARSON,0,N,N,A,-,N,NA,NA,NA,NA,NA,NA,NA,NA,NA,N,3,0,1,2,A,-,11,21956,A,F,H,B,E,A,H,-,C,D,0,Y,NA,NA,NA,Y,Y,N,NA,0,1,0,0,1,0,0,0,0,-,-,NA,NA,LOS ANGELES,LONG BEACH,-118.14264007,33.83241003
8075667,2016,2016-07-12,1942,2016-06-26,1730,39194,0985,7,5,7,1942,0,0,0,I,0,9TL58,MILBANK ST,MURIETTA AV,98,E,N,A,-,N,NA,NA,NA,NA,NA,NA,NA,NA,NA,Y,4,0,1,2,A,-,08,22107,NA,N,C,E,A,A,H,-,A,D,0,NA,NA,NA,NA,Y,NA,A,01,0,0,1,0,0,0,0,0,0,-,-,NA,NA,LOS ANGELES,LOS ANGELES,-118.43797668,34.15302812
8075669,2016,2016-07-12,1941,2016-06-16,2140,5668,NA,4,5,7,1941,0,0,0,NA,0,NA,SPRING ST,ATLANTIC AV,0,NA,Y,A,-,N,NA,NA,NA,NA,NA,NA,NA,NA,NA,Y,4,0,1,2,A,-,12,21453,A,F,D,C,A,A,H,-,C,A,0,NA,NA,NA,NA,Y,NA,A,NA,0,0,1,0,0,0,0,0,0,-,-,NA,NA,LOS ANGELES,LONG BEACH,-118.18503012,33.81169004
8075671,2016,2016-07-12,1942,2016-06-03,1820,40119,0955,5,5,7,1942,0,0,0,I,0,21TL64,MAGNOLIA BL,HAZELTINE AV,0,NA,Y,A,-,N,NA,NA,NA,NA,NA,NA,NA,NA,NA,Y,4,0,1,2,A,-,12,21453,A,N,C,C,A,A,H,-,A,A,0,NA,NA,NA,NA,Y,NA,A,01,0,0,1,0,0,0,0,0,0,-,-,NA,NA,LOS ANGELES,LOS ANGELES,-118.44000012,34.1648601
8075673,2016,2016-08-15,1941,2016-06-21,1518,5870,NA,2,5,7,1941,0,0,0,NA,0,NA,PACIFIC AV,7TH ST,0,NA,Y,A,-,N,NA,NA,NA,NA,NA,NA,NA,NA,NA,Y,4,0,1,2,A,-,12,21453,A,N,H,C,A,A,H,-,A,A,0,NA,NA,NA,NA,Y,NA,A,NA,0,0,1,0,0,0,0,0,0,-,-,NA,NA,LOS ANGELES,LONG BEACH,-118.1937301,33.77536001
8075675,2016,2016-07-12,1942,2016-06-23,1715,34599,0914,4,5,7,1942,0,0,0,I,0,21TL62,KESTER AV,VANOWEN ST,0,NA,Y,A,-,N,NA,NA,NA,NA,NA,NA,NA,NA,NA,N,2,0,2,2,A,-,09,21801,A,N,D,C,A,A,H,-,A,A,0,NA,NA,NA,NA,Y,NA,A,01,1,0,1,0,0,0,0,0,0,-,-,NA,NA,LOS ANGELES,LOS ANGELES,-118.45744003,34.19392004
8075677,2016,2016-07-12,1941,2016-06-26,1327,6196,NA,7,5,7,1941,0,0,0,NA,0,NA,CERRITOS AV,3RD ST,0,NA,Y,A,-,N,NA,NA,NA,NA,NA,NA,NA,NA,NA,N,4,0,1,2,A,-,12,22450,A,N,G,B,D,A,H,-,A,A,0,Y,NA,NA,NA,Y,NA,A,NA,0,0,1,0,1,0,0,0,0,-,-,NA,NA,LOS ANGELES,LONG BEACH,-118.17831003,33.77041009
8075679,2016,2016-07-12,1942,2016-06-18,2230,40337,0906,6,5,7,1942,0,0,0,I,0,9T53,VALERIO ST,TYRONE AV,25,W,N,A,-,N,NA,NA,NA,NA,NA,NA,NA,NA,NA,N,4,0,4,2,A,-,04,21703,NA,N,C,C,A,A,H,-,C,A,0,NA,NA,NA,NA,Y,NA,A,01,0,0,4,0,0,0,0,0,0,-,-,NA,NA,LOS ANGELES,LOS ANGELES,-118.44444253,34.20482
8075718,2016,2017-02-11,1956,2016-06-27,0850,1192,02,1,5,5,1956,0,0,0,NA,0,001,RT 1,AVENUE F,40,N,N,A,-,Y,LA,7,1,-,-,18.42,H,-,S,N,4,0,1,2,A,-,03,22350,NA,N,C,C,A,A,H,-,A,A,0,NA,NA,NA,NA,Y,NA,A,01,0,0,1,0,0,0,0,0,0,-,-,NA,NA,LOS ANGELES,REDONDO BEACH,-118.3854378,33.82264139
8075734,2016,2016-07-12,1942,2016-06-25,1640,42261,2054,6,5,7,1942,0,0,0,NA,0,20A34,OLYMPIC BL,ARDMORE AV,10,W,N,A,-,N,NA,NA,NA,NA,NA,NA,NA,NA,NA,Y,4,0,2,3,A,-,03,22350,NA,N,C,C,A,A,H,-,A,D,0,NA,NA,NA,NA,Y,NA,A,01,0,0,2,0,0,0,0,0,0,-,-,NA,NA,LOS ANGELES,LOS ANGELES,-118.30212295,34.05263
8075750,2016,2016-07-12,1900,2016-06-21,1810,281409,2913,2,5,4,1974,0,0,0,NA,0,293K4P,LEMON AV,VALLEY BL,150,N,N,A,-,N,NA,NA,NA,NA,NA,NA,NA,NA,NA,N,4,0,1,2,A,-,04,21703,NA,N,C,C,A,A,H,-,A,D,0,NA,NA,NA,NA,Y,NA,A,01,0,0,1,0,0,0,0,0,0,-,-,NA,NA,LOS ANGELES,WALNUT,-117.85919093,34.01009601
8075760,2016,2017-02-18,1941,2016-06-25,1143,6049,NA,6,5,7,1941,0,0,0,NA,0,NA,PCH,LEMON ST,100,W,N,A,-,Y,LA,7,1,-,-,5.66,H,-,N,Y,2,0,1,2,-,-,-,NA,NA,N,C,C,A,A,H,-,A,A,0,NA,NA,Y,NA,Y,NA,-,-,1,0,0,0,0,0,0,0,1,-,-,NA,NA,LOS ANGELES,LONG BEACH,-118.17879338,33.78991494
8075818,2016,2016-07-07,1941,2016-06-23,1942,6052,NA,4,5,7,1941,0,0,0,NA,0,NA,REDONDO AV,10TH ST,64,S,N,A,-,N,NA,NA,NA,NA,NA,NA,NA,NA,NA,Y,4,0,1,3,A,-,03,22350,NA,N,C,-,A,A,H,-,A,A,0,NA,NA,NA,NA,Y,NA,A,NA,0,0,1,0,0,0,0,0,0,-,-,NA,NA,LOS ANGELES,LONG BEACH,-118.15242903,33.7787745
8075841,2016,2017-02-28,1955,2016-06-20,0906,40180,0075,1,5,6,1955,0,0,0,NA,0,005,RT 71,POMONA,300,N,N,A,-,Y,LA,7,71,-,-,3.21,H,-,S,Y,4,0,2,3,A,-,03,22350,NA,N,C,C,A,A,H,-,A,A,0,NA,NA,NA,NA,Y,NA,D,22,0,0,2,0,0,0,0,0,0,-,-,NA,NA,LOS ANGELES,POMONA,-117.76298363,34.03619509
8075842,2016,2016-07-12,1906,2016-06-16,1512,1791,1906,4,5,5,1906,0,0,0,NA,0,003,GARVEY AV,VINELAND AV,0,NA,Y,A,-,N,NA,NA,NA,NA,NA,NA,NA,NA,NA,Y,4,0,3,3,A,-,12,22450,NA,N,D,C,A,A,H,-,A,A,0,NA,NA,NA,NA,Y,NA,D,22,0,0,3,0,0,0,0,0,0,-,-,NA,NA,LOS ANGELES,BALDWIN PARK,-117.97109007,34.06961012
8075843,2016,2016-07-13,1955,2016-06-17,1303,42150,0031,5,5,6,1955,0,0,0,NA,0,002,GAREY AV,HARRISON AV,550,N,N,A,-,N,NA,NA,NA,NA,NA,NA,NA,NA,NA,Y,4,0,2,2,A,-,03,22350,NA,N,C,C,A,A,H,-,A,A,0,NA,NA,NA,NA,Y,NA,A,01,0,0,2,0,0,0,0,0,0,-,-,NA,NA,LOS ANGELES,POMONA,-117.74860676,34.10070754
8075844,2016,2016-07-13,1906,2016-06-03,1648,2872,1906,5,5,5,1906,0,0,0,NA,0,003,VINELAND AV,PACIFIC AV,5,S,N,A,-,N,NA,NA,NA,NA,NA,NA,NA,NA,NA,N,3,0,1,2,A,-,05,21202,A,N,A,G,A,A,H,-,A,A,0,NA,Y,NA,NA,Y,NA,L,04,0,1,0,0,0,0,1,0,0,-,-,NA,NA,LOS ANGELES,BALDWIN PARK,-117.95712084,34.08274968
8075845,2016,2017-02-07,1955,2016-06-22,2008,40624,0021,3,5,6,1955,0,0,0,NA,0,002,TOWNE AV,VINTON AV,0,NA,Y,A,-,Y,LA,7,10,-,-,46.596,R,4,W,N,4,0,1,2,A,-,03,22350,NA,N,C,C,A,A,H,-,A,A,0,NA,NA,NA,NA,Y,NA,D,22,0,0,1,0,0,0,0,0,0,-,-,NA,NA,LOS ANGELES,POMONA,-117.73869027,34.07952013
8075847,2016,2016-07-13,1955,2016-06-19,2000,42254,0080,7,5,6,1955,0,0,0,NA,0,005,WHITE AV,11TH ST,0,NA,Y,A,-,N,NA,NA,NA,NA,NA,NA,NA,NA,NA,Y,4,0,1,2,A,-,09,21801,A,N,D,C,A,A,H,-,A,D,0,NA,NA,NA,NA,Y,NA,A,01,0,0,1,0,0,0,0,0,0,-,-,NA,NA,LOS ANGELES,POMONA,-117.75860009,34.04943007
8075850,2016,2016-07-18,1906,2016-05-26,1651,1791,1906,4,5,5,1906,0,0,0,NA,0,003,FRANCISQUITO AV,BIG DALTON AV,0,NA,Y,A,-,N,NA,NA,NA,NA,NA,NA,NA,NA,NA,N,3,0,1,2,A,-,05,21650,NA,N,D,G,A,A,H,-,A,A,0,NA,Y,NA,NA,Y,NA,L,04,0,1,0,0,0,0,1,0,0,-,-,NA,NA,LOS ANGELES,BALDWIN PARK,-117.97064,34.06601002
8075851,2016,2017-02-28,1955,2016-06-05,1726,42150,0078,7,5,6,1955,0,0,0,NA,0,005,RT 71,PHILLIPS BL,650,N,N,A,-,Y,LA,7,71,-,-,2.15,H,-,S,N,4,0,1,3,A,-,03,22350,NA,N,C,C,A,A,H,-,A,A,0,NA,NA,NA,NA,Y,NA,A,01,0,0,1,0,0,0,0,0,0,-,-,NA,NA,LOS ANGELES,POMONA,-117.77526448,34.04771178
8075854,2016,2016-07-12,1906,2016-06-05,2242,4406,NA,7,5,5,1906,0,0,0,NA,0,002,OLIVE ST,EDISON POLE #181494SE,6,W,N,A,-,N,NA,NA,NA,NA,NA,NA,NA,NA,NA,Y,4,0,1,2,A,-,09,21801,A,N,D,C,A,A,H,-,A,D,0,NA,NA,NA,NA,Y,NA,D,22,0,0,1,0,0,0,0,0,0,-,-,NA,NA,LOS ANGELES,BALDWIN PARK,NA,NA
8075855,2016,2016-07-13,1955,2016-06-23,2142,42273,0084,4,5,6,1955,0,0,0,NA,0,004,GAREY AV,PHILADELPHIA AV,490,N,N,A,-,N,NA,NA,NA,NA,NA,NA,NA,NA,NA,Y,4,0,1,2,A,-,09,21804,A,N,D,C,A,A,H,-,C,A,0,NA,NA,NA,NA,Y,NA,A,01,0,0,1,0,0,0,0,0,0,-,-,NA,NA,LOS ANGELES,POMONA,-117.74925178,34.034632
8075859,2016,2016-07-13,1955,2016-06-19,1205,41971,0054,7,5,6,1955,0,0,0,NA,0,001,HOLT AV,ERIE ST,450,W,N,A,-,N,NA,NA,NA,NA,NA,NA,NA,NA,NA,Y,4,0,1,2,A,-,07,21658,A,N,A,C,A,A,H,-,A,D,0,NA,NA,NA,NA,Y,NA,A,01,0,0,1,0,0,0,0,0,0,-,-,NA,NA,LOS ANGELES,POMONA,-117.78036155,34.06163756
8075863,2016,2016-07-13,1955,2016-06-24,1119,41872,0005,5,5,6,1955,0,0,0,NA,0,004,GAREY AV,3RD ST,0,NA,Y,A,-,N,NA,NA,NA,NA,NA,NA,NA,NA,NA,Y,4,0,1,2,A,-,12,21453,A,N,D,C,A,A,H,-,A,A,0,NA,NA,NA,NA,Y,NA,A,01,0,0,1,0,0,0,0,0,0,-,-,NA,NA,LOS ANGELES,POMONA,-117.75014002,34.05689003