CASE_ID,ACCIDENT_YEAR,PROC_DATE,JURIS,COLLISION_DATE,COLLISION_TIME,OFFICER_ID,REPORTING_DISTRICT,DAY_OF_WEEK,CHP_SHIFT,POPULATION,CNTY_CITY_LOC,SPECIAL_COND,BEAT_TYPE,CHP_BEAT_TYPE,CITY_DIVISION_LAPD,CHP_BEAT_CLASS,BEAT_NUMBER,PRIMARY_RD,SECONDARY_RD,DISTANCE,DIRECTION,INTERSECTION,WEATHER_1,WEATHER_2,STATE_HWY_IND,CALTRANS_COUNTY,CALTRANS_DISTRICT,STATE_ROUTE,ROUTE_SUFFIX,POSTMILE_PREFIX,POSTMILE,LOCATION_TYPE,RAMP_INTERSECTION,SIDE_OF_HWY,TOW_AWAY,COLLISION_SEVERITY,NUMBER_KILLED,NUMBER_INJURED,PARTY_COUNT,PRIMARY_COLL_FACTOR,PCF_CODE_OF_VIOL,PCF_VIOL_CATEGORY,PCF_VIOLATION,PCF_VIOL_SUBSECTION,HIT_AND_RUN,TYPE_OF_COLLISION,MVIW,PED_ACTION,ROAD_SURFACE,ROAD_COND_1,ROAD_COND_2,LIGHTING,CONTROL_DEVICE,CHP_ROAD_TYPE,PEDESTRIAN_ACCIDENT,BICYCLE_ACCIDENT,MOTORCYCLE_ACCIDENT,TRUCK_ACCIDENT,NOT_PRIVATE_PROPERTY,ALCOHOL_INVOLVED,STWD_VEHTYPE_AT_FAULT,CHP_VEHTYPE_AT_FAULT,COUNT_SEVERE_INJ,COUNT_VISIBLE_INJ,COUNT_COMPLAINT_PAIN,COUNT_PED_KILLED,COUNT_PED_INJURED,COUNT_BICYCLIST_KILLED,COUNT_BICYCLIST_INJURED,COUNT_MC_KILLED,COUNT_MC_INJURED,PRIMARY_RAMP,SECONDARY_RAMP,LATITUDE,LONGITUDE,COUNTY,CITY,POINT_X,POINT_Y
8077489,2016,2016-07-13,1969,2016-06-07,1254,10211,PATRO,2,5,5,1969,0,0,0,NA,0,002,STATE ST,SOUTHERN AV,0,NA,Y,A,-,N,NA,NA,NA,NA,NA,NA,NA,NA,NA,Y,3,0,1,2,A,-,08,22107,NA,N,D,C,A,A,H,-,A,A,0,NA,NA,NA,NA,Y,NA,D,22,0,1,0,0,0,0,0,0,0,-,-,NA,NA,LOS ANGELES,SOUTH GATE,-118.21267005,33.95174004
8077514,2016,2016-07-13,1942,2016-06-15,1200,40869,1265,3,5,7,1942,0,0,0,L,0,18T23,NORMANDIE AV,82ND ST,65,S,N,A,-,N,NA,NA,NA,NA,NA,NA,NA,NA,NA,Y,3,0,5,5,A,-,08,22103,NA,N,D,C,A,A,H,-,A,D,0,NA,NA,NA,NA,Y,NA,A,01,0,2,3,0,0,0,0,0,0,-,-,NA,NA,LOS ANGELES,LOS ANGELES,-118.30026192,33.96440174
8077518,2016,2016-07-13,1942,2016-06-06,1830,40415,1251,1,5,7,1942,0,0,0,L,0,NA,FLORENCE AV,VICTORIA AV,0,NA,Y,A,-,N,NA,NA,NA,NA,NA,NA,NA,NA,NA,Y,4,0,2,2,A,-,09,21801,A,N,A,C,A,A,H,-,A,A,0,NA,NA,NA,NA,Y,NA,A,01,0,0,2,0,0,0,0,0,0,-,-,NA,NA,LOS ANGELES,LOS ANGELES,-118.33299003,33.97452004
8077524,2016,2017-03-16,1942,2016-06-18,1020,36238,1347,6,5,7,1942,0,0,0,M,0,4TL45,VERNON AV,ALAMEDA ST,275,W,N,A,-,N,NA,NA,NA,NA,NA,NA,NA,NA,NA,N,3,0,1,2,A,-,09,21804,A,F,D,C,A,A,H,-,A,D,0,NA,NA,Y,NA,Y,NA,-,99,0,1,0,0,0,0,0,0,1,-,-,NA,NA,LOS ANGELES,LOS ANGELES,-118.24008552,34.00392645
8077528,2016,2016-07-05,1942,2016-06-11,2330,37705,0427,6,5,7,1942,0,0,0,D,0,2T15,HUNTINGTON DR,COLLIS AV,0,NA,Y,A,-,N,NA,NA,NA,NA,NA,NA,NA,NA,NA,N,3,0,1,2,A,-,09,21800,A,N,H,G,A,A,H,-,C,A,0,NA,Y,NA,NA,Y,NA,A,01,0,1,0,0,0,0,1,0,0,-,-,NA,NA,LOS ANGELES,LOS ANGELES,-118.18420005,34.08629005
8077532,2016,2016-07-05,1942,2016-06-10,0700,37398,0497,5,5,7,1942,0,0,0,D,0,11TL32,OLYMPIC BL,CAMULOS ST,0,NA,Y,A,-,N,NA,NA,NA,NA,NA,NA,NA,NA,NA,N,3,0,2,2,A,-,09,21802,A,N,D,D,A,A,H,-,A,A,0,NA,NA,NA,NA,Y,NA,A,01,0,1,1,0,0,0,0,0,0,-,-,NA,NA,LOS ANGELES,LOS ANGELES,-118.2156501,34.02247003
8077535,2016,2016-07-01,1942,2016-06-17,0220,37807,1256,5,5,7,1942,0,0,0,L,0,12T41,76TH ST,FIGUEROA,0,NA,N,A,-,N,NA,NA,NA,NA,NA,NA,NA,NA,NA,Y,2,0,2,4,A,-,03,22350,A,F,B,E,A,A,H,-,C,A,0,NA,NA,NA,NA,Y,NA,A,01,1,1,0,0,0,0,0,0,0,-,-,NA,NA,LOS ANGELES,LOS ANGELES,-118.28271014,33.97076002
8077536,2016,2016-07-05,1942,2016-06-10,0555,37540,497,5,5,7,1942,0,0,0,NA,0,4TL4,SOTO ST,WASHINGTON BL,0,NA,Y,A,-,N,NA,NA,NA,NA,NA,NA,NA,NA,NA,N,4,0,1,2,A,-,09,21801,A,N,A,C,A,A,H,-,A,A,0,NA,NA,NA,NA,Y,NA,A,01,0,0,1,0,0,0,0,0,0,-,-,NA,NA,LOS ANGELES,LOS ANGELES,-118.22004999,34.01729011
8077539,2016,2016-07-05,1942,2016-06-16,1530,40697,1256,4,5,7,1942,0,0,0,L,0,3TL57,FLORENCE,HOOVER ST,0,NA,Y,A,-,N,NA,NA,NA,NA,NA,NA,NA,NA,NA,NA,4,0,2,2,A,-,12,21453,A,N,D,C,A,A,H,-,A,A,0,NA,NA,NA,NA,Y,NA,A,01,0,0,2,0,0,0,0,0,0,-,-,NA,NA,LOS ANGELES,LOS ANGELES,-118.28711011,33.97464011
8077540,2016,2016-07-05,1942,2016-06-05,1100,31476,0235,7,5,7,1942,0,0,0,B,0,2TL15,N ALVARADO ST,TEMPLE ST,0,NA,Y,A,-,N,NA,NA,NA,NA,NA,NA,NA,NA,NA,N,4,0,5,2,A,-,09,21801,A,N,A,C,A,A,H,-,A,A,0,NA,NA,NA,NA,Y,NA,A,01,0,0,5,0,0,0,0,0,0,-,-,NA,NA,LOS ANGELES,LOS ANGELES,-118.26805011,34.07027005
8077543,2016,2016-07-01,1942,2016-06-16,1410,40440,1253,4,5,7,1942,0,0,0,L,0,12T73,WESTERN AV,78TH ST,0,NA,Y,A,-,N,NA,NA,NA,NA,NA,NA,NA,NA,NA,Y,4,0,1,2,A,-,09,21801,A,N,D,C,A,A,H,-,A,D,0,NA,NA,NA,NA,Y,NA,A,01,0,0,1,0,0,0,0,0,0,-,-,NA,NA,LOS ANGELES,LOS ANGELES,-118.30901,33.96907
8077544,2016,2016-07-05,1942,2016-06-04,2250,36814,0218,6,5,7,1942,0,0,0,B,0,1T11,SUNSET BL,DOUGLAS ST,0,NA,Y,A,-,N,NA,NA,NA,NA,NA,NA,NA,NA,NA,Y,3,0,2,2,A,-,09,21801,A,N,D,C,A,A,H,-,C,A,0,NA,NA,NA,NA,Y,NA,A,01,0,1,1,0,0,0,0,0,0,-,-,NA,NA,LOS ANGELES,LOS ANGELES,-118.25198003,34.07419004
8077546,2016,2016-07-06,1909,2016-06-23,2326,541,1909,4,5,4,1909,0,0,0,NA,0,NORTH,GAGE AV,COLMAR AV,126,E,N,A,-,N,NA,NA,NA,NA,NA,NA,NA,NA,NA,Y,4,0,1,4,A,-,08,22107,NA,N,B,E,A,A,H,-,C,D,0,NA,NA,NA,NA,Y,Y,A,01,0,0,1,0,0,0,0,0,0,-,-,NA,NA,LOS ANGELES,BELL GARDENS,-118.15655862,33.97473624
8077547,2016,2016-07-01,1942,2016-06-18,0930,33599,1203,6,5,7,1942,0,0,0,L,0,3TL5,HARVARD BL,49TH ST,0,NA,N,A,-,N,NA,NA,NA,NA,NA,NA,NA,NA,NA,Y,4,0,1,2,A,-,03,22350,NA,N,B,E,A,A,H,-,A,D,0,NA,NA,NA,NA,Y,NA,A,01,0,0,1,0,0,0,0,0,0,-,-,NA,NA,LOS ANGELES,LOS ANGELES,-118.30674002,33.99913009
8077548,2016,2016-07-05,1942,2016-06-01,0847,31476,0235,3,5,7,1942,0,0,0,B,0,4TL43,ALVARADO ST,MIRAMAR ST,5,S,N,A,-,N,NA,NA,NA,NA,NA,NA,NA,NA,NA,N,2,0,1,2,C,-,18,NA,NA,N,C,E,A,A,H,-,A,D,0,NA,NA,NA,NA,Y,NA,-,-,1,0,0,0,0,0,0,0,0,-,-,NA,NA,LOS ANGELES,LOS ANGELES,-118.2720879,34.06389797
8077551,2016,2016-07-01,1942,2016-06-18,1110,33599,1211,6,5,7,1942,0,0,0,L,0,3TL5,54TH ST,3RD AV,166,E,N,A,-,N,NA,NA,NA,NA,NA,NA,NA,NA,NA,Y,3,0,2,4,A,-,05,21650,NA,N,D,B,F,A,H,-,A,D,0,Y,NA,Y,NA,Y,NA,A,01,0,1,1,0,1,0,0,0,0,-,-,NA,NA,LOS ANGELES,LOS ANGELES,-118.31982341,33.9932
8077552,2016,2016-07-05,1942,2016-06-03,1500,34426,0211,5,5,7,1942,0,0,0,B,0,2TL28,MELROSE AV,NORMANDIE AV,0,NA,Y,A,-,N,NA,NA,NA,NA,NA,NA,NA,NA,NA,N,4,0,1,2,A,-,10,21950,A,F,H,B,B,A,H,-,A,A,0,Y,NA,NA,NA,Y,NA,-,99,0,0,1,0,1,0,0,0,0,-,-,NA,NA,LOS ANGELES,LOS ANGELES,-118.30048004,34.08355007
8077555,2016,2016-07-01,1942,2016-06-20,2300,41704,1251,1,5,7,1942,0,0,0,L,0,18T23,10TH AV,75TH ST,0,NA,Y,A,-,N,NA,NA,NA,NA,NA,NA,NA,NA,NA,N,4,0,1,2,A,-,09,21802,A,F,D,C,A,A,H,-,D,A,0,NA,NA,NA,NA,Y,NA,-,99,0,0,1,0,0,0,0,0,0,-,-,NA,NA,LOS ANGELES,LOS ANGELES,-118.328661,33.971805
8077556,2016,2016-07-05,1942,2016-06-17,0555,37540,0217,5,5,7,1942,0,0,0,B,0,11TL32,WESTLAKE AV,BELLEVUE AV,76,S,N,A,-,N,NA,NA,NA,NA,NA,NA,NA,NA,NA,N,2,0,1,2,A,-,11,21954,A,N,G,B,E,A,H,-,A,D,0,Y,NA,NA,NA,Y,NA,N,60,1,0,0,0,1,0,0,0,0,-,-,NA,NA,LOS ANGELES,LOS ANGELES,-118.265093,34.07206843
8077559,2016,2016-07-01,1942,2016-06-21,0100,41056,1269,2,5,7,1942,0,0,0,L,0,12T41,WADSWORTH AV,80TH,117,S,N,A,-,N,NA,NA,NA,NA,NA,NA,NA,NA,NA,N,4,0,1,6,A,-,03,22350,NA,N,B,E,A,A,H,-,C,D,0,NA,NA,NA,NA,Y,NA,A,01,0,0,1,0,0,0,0,0,0,-,-,NA,NA,LOS ANGELES,LOS ANGELES,-118.25861287,33.96617918
8077560,2016,2016-07-05,1942,2016-06-16,2035,40326,1142,4,5,7,1942,0,0,0,K,0,4T43,HILLHURST AV,KINGSWELL AV,0,NA,Y,A,-,N,NA,NA,NA,NA,NA,NA,NA,NA,NA,N,2,0,1,1,A,-,03,22350,NA,N,H,I,A,A,H,-,C,A,0,NA,NA,Y,NA,Y,NA,C,02,1,0,0,0,0,0,0,0,1,-,-,NA,NA,LOS ANGELES,LOS ANGELES,-118.28743002,34.10270006
8077563,2016,2016-07-01,1942,2016-06-22,1510,36722,1802,3,5,7,1942,0,0,0,R,0,12T73,MANCHESTER AV,BROADWAY BL,0,NA,Y,A,-,N,NA,NA,NA,NA,NA,NA,NA,NA,NA,Y,3,0,2,2,A,-,09,21801,A,F,D,C,A,A,H,-,A,D,0,NA,NA,NA,NA,Y,NA,A,01,0,2,0,0,0,0,0,0,0,-,-,NA,NA,LOS ANGELES,LOS ANGELES,-118.27828005,33.96008008
8077567,2016,2016-07-05,1942,2016-06-16,0800,31814,1263,4,5,7,1942,0,0,0,L,0,18T23,WESTERN AV,79TH ST,20,E,N,A,-,N,NA,NA,NA,NA,NA,NA,NA,NA,NA,Y,4,0,1,2,A,-,09,21801,A,M,D,C,A,A,H,-,A,D,0,NA,NA,NA,NA,Y,NA,A,01,0,0,1,0,0,0,0,0,0,-,-,NA,NA,LOS ANGELES,LOS ANGELES,NA,NA
8077571,2016,2016-07-05,1942,2016-06-11,0650,38503,1215,6,5,7,1942,0,0,0,L,0,3TL5,FIGUEROA ST,56TH ST,30,N,N,B,-,N,NA,NA,NA,NA,NA,NA,NA,NA,NA,N,4,0,2,2,A,-,03,22350,NA,N,C,C,A,A,H,-,A,A,0,NA,NA,NA,NA,Y,NA,A,01,0,0,2,0,0,0,0,0,0,-,-,NA,NA,LOS ANGELES,LOS ANGELES,-118.28268165,33.99154226
8077575,2016,2016-07-05,1942,2016-06-11,1700,40053,1255,6,5,7,1942,0,0,0,L,0,12TL73,77TH ST,NORMANDIE AV,0,NA,Y,B,-,N,NA,NA,NA,NA,NA,NA,NA,NA,NA,N,4,0,1,2,A,-,09,21802,A,N,-,C,A,A,H,-,A,A,0,NA,NA,NA,NA,Y,NA,A,01,0,0,1,0,0,0,0,0,0,-,-,NA,NA,LOS ANGELES,LOS ANGELES,-118.30031008,33.97020003
8077576,2016,2016-07-05,1942,2016-06-10,0220,37705,0111,5,5,7,1942,0,0,0,A,0,2T15,HILL ST,COLLEGE ST,54,N,N,A,-,N,NA,NA,NA,NA,NA,NA,NA,NA,NA,Y,2,0,1,2,A,-,09,21804,A,N,H,G,A,A,H,-,C,A,0,NA,Y,NA,NA,Y,NA,L,04,1,0,0,0,0,0,1,0,0,-,-,NA,NA,LOS ANGELES,LOS ANGELES,-118.23865164,34.06456672
8077579,2016,2016-07-05,1942,2016-06-11,1410,40869,1243,6,5,7,1942,0,0,0,L,0,18TL39,FLORENCE AV,GRAMERCY PL,155,W,N,A,-,N,NA,NA,NA,NA,NA,NA,NA,NA,NA,N,3,0,2,2,A,-,09,21801,A,N,D,C,A,A,H,-,A,A,0,NA,NA,NA,NA,Y,NA,A,01,0,1,1,0,0,0,0,0,0,-,-,NA,NA,LOS ANGELES,LOS ANGELES,-118.31389025,33.97458
8077580,2016,2016-07-05,1942,2016-06-08,1910,35024,0147,3,5,7,1942,0,0,0,A,0,1A29,5TH ST,SAN JULIAN ST,50,W,N,A,-,N,NA,NA,NA,NA,NA,NA,NA,NA,NA,N,2,0,1,2,A,-,11,21954,A,N,G,B,D,A,H,-,A,D,0,Y,NA,NA,NA,Y,NA,N,60,1,0,0,0,1,0,0,0,0,-,-,NA,NA,LOS ANGELES,LOS ANGELES,-118.24511451,34.04464754
8077583,2016,2016-07-05,1942,2016-06-11,2205,41056,1267,6,5,7,1942,0,0,0,L,0,12T41,FIGUEROA ST,82ND ST,30,S,N,A,-,N,NA,NA,NA,NA,NA,NA,NA,NA,NA,N,2,0,2,4,A,-,08,22100,A,F,A,B,B,A,H,-,C,A,0,Y,NA,NA,NA,Y,NA,-,99,1,0,1,0,2,0,0,0,0,-,-,NA,NA,LOS ANGELES,LOS ANGELES,-118.28272183,33.96494774
8077584,2016,2016-12-17,1942,2016-06-14,1640,36926,0201,2,5,7,1942,0,0,0,B,0,13T22,SANTA MONICA BL,KENMORE AV,0,NA,Y,A,-,N,NA,NA,NA,NA,NA,NA,NA,NA,NA,N,4,0,1,2,A,-,09,21801,A,F,D,C,A,A,H,-,A,D,0,NA,NA,NA,NA,Y,NA,A,01,0,0,1,0,0,0,0,0,0,-,-,NA,NA,LOS ANGELES,LOS ANGELES,-118.29738006,34.09084002
8077587,2016,2016-07-05,1942,2016-06-12,1845,40053,1253,7,5,7,1942,0,0,0,L,0,12TL73,WESTERN AV,73RD ST,0,NA,Y,A,-,N,NA,NA,NA,NA,NA,NA,NA,NA,NA,Y,4,0,1,2,A,-,09,21801,A,N,D,C,A,-,H,-,A,A,0,NA,NA,NA,NA,Y,NA,A,01,0,0,1,0,0,0,0,0,0,-,-,NA,NA,LOS ANGELES,LOS ANGELES,-118.30899,33.97366
8077588,2016,2016-07-05,1969,2016-06-15,2305,10068,PATRO,3,5,5,1969,0,0,0,NA,0,003,OTIS AV,SOUTHERN AV,0,NA,Y,A,-,N,NA,NA,NA,NA,NA,NA,NA,NA,NA,N,4,0,1,2,A,-,10,21950,A,M,G,G,A,A,H,-,C,A,0,NA,Y,NA,NA,Y,Y,A,07,0,0,1,0,0,0,1,0,0,-,-,NA,NA,LOS ANGELES,SOUTH GATE,-118.19686,33.95006005
8077591,2016,2016-07-05,1942,2016-06-14,1550,40053,1241,2,5,7,1942,0,0,0,L,0,3TL57,HYDE PARK BL,VICTORIA AV,0,NA,Y,B,-,N,NA,NA,NA,NA,NA,NA,NA,NA,NA,Y,4,0,1,2,A,-,03,22350,NA,F,D,C,A,A,H,-,A,A,0,NA,NA,NA,NA,Y,NA,-,99,0,0,1,0,0,0,0,0,0,-,-,NA,NA,LOS ANGELES,LOS ANGELES,-118.33233003,33.98061001
8077592,2016,2016-07-05,1969,2016-06-15,1108,10119,PATRO,3,5,5,1969,0,0,0,NA,0,0A3,FIRESTONE BL,SAN JUAN AV,50,E,N,A,-,N,NA,NA,NA,NA,NA,NA,NA,NA,NA,Y,4,0,1,2,A,-,03,22350,NA,N,C,C,A,A,H,-,A,A,0,NA,NA,NA,NA,Y,NA,A,01,0,0,1,0,0,0,0,0,0,-,-,NA,NA,LOS ANGELES,SOUTH GATE,-118.2012769,33.95373188
8077595,2016,2016-07-05,1942,2016-06-09,1745,40440,1219,4,5,7,1942,0,0,0,L,0,12TL73,54TH ST,FIGUEROA ST,25,W,N,A,-,N,NA,NA,NA,NA,NA,NA,NA,NA,NA,Y,4,0,1,2,A,-,03,22350,NA,N,C,C,A,A,H,-,A,D,0,NA,NA,NA,NA,Y,NA,A,01,0,0,1,0,0,0,0,0,0,-,-,NA,NA,LOS ANGELES,LOS ANGELES,-118.28276232,33.99329
8077596,2016,2016-07-05,1969,2016-06-16,1819,10116,PATRO,4,5,5,1969,0,0,0,NA,0,0A2,LONG BEACH BL,SOUTHERN AV,162,S,N,A,-,N,NA,NA,NA,NA,NA,NA,NA,NA,NA,Y,4,0,1,3,A,-,08,22107,NA,N,A,C,A,A,H,-,A,A,0,NA,NA,NA,NA,Y,NA,A,01,0,0,1,0,0,0,0,0,0,-,-,NA,NA,LOS ANGELES,SOUTH GATE,-118.21820993,33.95192916
8077599,2016,2016-07-05,1942,2016-06-10,1430,40971,1239,5,5,7,1942,0,0,0,L,0,18TL23,SLAUSON AV,MENLO AV,60,E,N,A,-,N,NA,NA,NA,NA,NA,NA,NA,NA,NA,Y,4,0,1,2,A,-,03,22350,NA,N,C,C,A,A,H,-,A,D,0,NA,NA,NA,NA,Y,NA,A,07,0,0,1,0,0,0,0,0,0,-,-,NA,NA,LOS ANGELES,LOS ANGELES,-118.28906245,33.98914
8077605,2016,2016-07-01,1969,2016-06-08,1617,20226,TRAFF,3,5,5,1969,0,0,0,NA,0,005,GARFIELD AV,GARDENDALE AV,120,N,N,A,-,N,NA,NA,NA,NA,NA,NA,NA,NA,NA,Y,4,0,1,2,A,-,03,22350,NA,N,C,C,A,A,H,-,A,A,0,NA,NA,NA,NA,Y,NA,A,07,0,0,1,0,0,0,0,0,0,-,-,NA,NA,LOS ANGELES,SOUTH GATE,-118.16902732,33.9232676
8077609,2016,2016-07-01,1969,2016-06-08,0804,10200,PATRO,3,5,5,1969,0,0,0,NA,0,002,GARDEN VIEW AV,ILLINOIS AV,0,NA,Y,B,-,N,NA,NA,NA,NA,NA,NA,NA,NA,NA,N,4,0,1,2,A,-,09,21802,A,N,D,C,A,A,H,-,A,D,0,NA,NA,NA,NA,Y,NA,A,01,0,0,1,0,0,0,0,0,0,-,-,NA,NA,LOS ANGELES,SOUTH GATE,-118.21645003,33.950350040000004
8077611,2016,2016-07-06,1942,2016-05-22,2130,41979,NA,7,5,7,1942,0,0,0,NA,0,0238,COURT ST,DOUGLAS ST,0,NA,Y,A,-,N,NA,NA,NA,NA,NA,NA,NA,NA,NA,Y,4,0,1,2,D,-,00,NA,NA,F,D,C,A,A,H,-,C,A,0,NA,NA,NA,NA,Y,NA,-,-,0,0,1,0,0,0,0,0,0,-,-,NA,NA,LOS ANGELES,LOS ANGELES,-118.25828,34.06475006
8077613,2016,2016-07-01,1969,2016-06-09,2221,20226,TRAFF,4,5,5,1969,0,0,0,NA,0,004,OTIS ST,FIRESTONE BL,50,N,N,A,-,N,NA,NA,NA,NA,NA,NA,NA,NA,NA,Y,3,0,1,2,A,-,09,21801,A,N,F,C,A,A,H,-,C,A,0,NA,NA,NA,NA,Y,NA,A,07,0,1,0,0,0,0,0,0,0,-,-,NA,NA,LOS ANGELES,SOUTH GATE,-118.19650055,33.95339615
8077617,2016,2016-07-05,1969,2016-06-11,2120,10135,PATRO,6,5,5,1969,0,0,0,NA,0,002,TWEEDY BL,VIRGINIA AV,6,E,N,A,-,N,NA,NA,NA,NA,NA,NA,NA,NA,NA,N,4,0,2,2,A,-,03,22350,NA,M,C,C,A,A,H,-,C,D,0,NA,NA,NA,NA,Y,NA,A,07,0,0,2,0,0,0,0,0,0,-,-,NA,NA,LOS ANGELES,SOUTH GATE,-118.20866036,33.94453836
8077621,2016,2016-07-05,1969,2016-06-10,1629,20226,TRAFF,5,5,5,1969,0,0,0,NA,0,004,FIRESTONE BL,RAYO AV,50,E,N,A,-,N,NA,NA,NA,NA,NA,NA,NA,NA,NA,Y,4,0,2,2,A,-,08,22107,NA,N,B,C,A,A,H,-,A,A,0,NA,NA,Y,NA,Y,NA,A,01,0,0,2,0,0,0,0,0,2,-,-,NA,NA,LOS ANGELES,SOUTH GATE,-118.17560767,33.95049766
8077625,2016,2016-08-01,1969,2016-06-11,0907,10203,PATRO,6,5,5,1969,0,0,0,NA,0,002,GARDEN VIEW AV,LIBERTY BL,400,S,N,B,-,N,NA,NA,NA,NA,NA,NA,NA,NA,NA,N,4,0,1,2,A,-,21,22106,NA,N,G,B,-,A,H,-,A,D,0,Y,NA,NA,NA,Y,NA,A,01,0,0,1,0,1,0,0,0,0,-,-,NA,NA,LOS ANGELES,SOUTH GATE,-118.21501503,33.95999171
8077626,2016,2016-07-01,1926,2016-06-17,1330,3877,NA,5,5,5,1926,0,0,0,NA,0,002,GLADSTONE ST,BONNIE COVE AV,0,NA,Y,A,-,N,NA,NA,NA,NA,NA,NA,NA,NA,NA,Y,4,0,1,2,A,-,09,21801,A,N,D,C,A,A,H,-,A,A,0,NA,NA,NA,NA,Y,NA,A,01,0,0,1,0,0,0,0,0,0,-,-,NA,NA,LOS ANGELES,GLENDORA,-117.85508002,34.11395
8077657,2016,2016-07-01,1926,2016-06-19,1303,4784,NA,7,5,5,1926,0,0,0,NA,0,004,SUNFLOWER,PLYMOUTH,0,NA,Y,A,-,N,NA,NA,NA,NA,NA,NA,NA,NA,NA,N,4,0,2,2,A,-,01,23152,A,N,C,C,A,A,H,-,A,D,0,NA,NA,NA,NA,Y,Y,A,01,0,0,2,0,0,0,0,0,0,-,-,NA,NA,LOS ANGELES,GLENDORA,-117.84638008,34.10887006
8077661,2016,2016-07-01,1909,2016-06-10,1631,560,1909,5,5,4,1909,0,0,0,NA,0,NORTH,JABONERIA RD,EDISON POLE #779042E,52,S,N,A,-,N,NA,NA,NA,NA,NA,NA,NA,NA,NA,N,3,0,1,2,A,-,09,21804,A,N,D,G,A,A,H,-,A,D,0,NA,Y,NA,NA,Y,NA,L,04,0,1,0,0,0,0,1,0,0,-,-,NA,NA,LOS ANGELES,BELL GARDENS,NA,NA
8077665,2016,2016-07-01,1909,2016-06-12,1919,563,1909,7,5,4,1909,0,0,0,NA,0,SOUTH,GARFIELD AV,EASTERN AV,0,NA,Y,A,-,N,NA,NA,NA,NA,NA,NA,NA,NA,NA,Y,2,0,3,2,A,-,17,21451,A,N,D,C,A,A,H,-,A,A,0,NA,NA,Y,NA,Y,Y,A,01,2,0,1,0,0,0,0,0,2,-,-,NA,NA,LOS ANGELES,BELL GARDENS,-118.16389005,33.95351008
8077671,2016,2016-07-06,1942,2016-05-21,2230,41424,1347,6,5,7,1942,0,0,0,M,0,13A41,MORGAN AV,43RD ST,20,E,N,A,-,N,NA,NA,NA,NA,NA,NA,NA,NA,NA,Y,4,0,1,2,A,-,03,22350,NA,M,A,C,A,A,H,-,C,D,0,NA,NA,NA,NA,Y,NA,-,99,0,0,1,0,0,0,0,0,0,-,-,NA,NA,LOS ANGELES,LOS ANGELES,-118.24518,34.00559
8077673,2016,2016-07-01,1909,2016-06-23,1605,560,1909,4,5,4,1909,0,0,0,NA,0,NORTH,FLORENCE PL,GARFIELD AV,0,NA,Y,A,-,N,NA,NA,NA,NA,NA,NA,NA,NA,NA,Y,3,0,3,2,A,-,12,21453,A,N,D,C,A,A,H,-,A,A,0,NA,NA,NA,NA,Y,NA,A,01,0,1,2,0,0,0,0,0,0,-,-,NA,NA,LOS ANGELES,BELL GARDENS,-118.15111005,33.96641008
8077704,2016,2016-07-05,1942,2016-04-20,1300,36320,1595,3,5,7,1942,0,0,0,O,0,15A85,VENTURA BL,BLUE CYN,150,W,N,A,-,N,NA,NA,NA,NA,NA,NA,NA,NA,NA,N,4,0,2,3,A,-,04,21703,NA,N,C,C,D,A,H,-,A,D,0,Y,NA,NA,NA,Y,NA,A,01,0,0,2,0,0,0,0,0,0,-,-,NA,NA,LOS ANGELES,LOS ANGELES,-118.38525824,34.14043521
8077719,2016,2016-07-12,1906,2016-02-01,1514,1791,1906,1,5,5,1906,0,0,0,NA,0,003,PUENTE AV,MERCED AV,671,S,N,A,B,N,NA,NA,NA,NA,NA,NA,NA,NA,NA,N,4,0,1,2,A,-,17,21663,NA,N,C,C,E,A,H,-,A,A,0,Y,Y,NA,NA,Y,NA,L,04,0,0,1,0,0,0,1,0,0,-,-,NA,NA,LOS ANGELES,BALDWIN PARK,-117.9618173,34.07041928
8077762,2016,2016-07-14,1900,2016-06-17,1345,523421,0617,5,5,6,1985,0,0,0,NA,0,64T1,VIA PRINCESSA,VISTA DEL CANON,0,NA,Y,A,-,N,NA,NA,NA,NA,NA,NA,NA,NA,NA,Y,3,0,4,2,A,-,12,21453,A,N,D,C,A,A,H,-,A,A,0,NA,NA,NA,NA,Y,NA,D,22,0,3,1,0,0,0,0,0,0,-,-,NA,NA,LOS ANGELES,SANTA CLARITA,-118.46338013,34.40443005
8077763,2016,2016-07-14,1900,2016-05-19,1450,274533,1322,4,5,5,1935,0,0,0,NA,0,132T1,SOUTH ST,AUTRY AV,87,E,N,A,-,N,NA,NA,NA,NA,NA,NA,NA,NA,NA,Y,4,0,1,2,A,-,04,21703,NA,N,C,C,A,A,H,-,A,D,0,NA,NA,NA,NA,Y,NA,D,22,0,0,1,0,0,0,0,0,0,-,-,NA,NA,LOS ANGELES,LAKEWOOD,-118.12694415,33.86011681
8077766,2016,2016-07-14,1900,2016-06-17,1400,528221,0645,5,5,6,1985,0,0,0,NA,0,60T2,AVENUE SCOTT,ANZA DR,0,NA,Y,A,-,N,NA,NA,NA,NA,NA,NA,NA,NA,NA,Y,4,0,5,2,A,-,09,21802,A,N,A,C,A,A,H,-,A,A,0,NA,NA,NA,NA,Y,NA,D,22,0,0,5,0,0,0,0,0,0,-,-,NA,NA,LOS ANGELES,SANTA CLARITA,-118.57133002,34.43341007