CASE_ID,ACCIDENT_YEAR,PROC_DATE,JURIS,COLLISION_DATE,COLLISION_TIME,OFFICER_ID,REPORTING_DISTRICT,DAY_OF_WEEK,CHP_SHIFT,POPULATION,CNTY_CITY_LOC,SPECIAL_COND,BEAT_TYPE,CHP_BEAT_TYPE,CITY_DIVISION_LAPD,CHP_BEAT_CLASS,BEAT_NUMBER,PRIMARY_RD,SECONDARY_RD,DISTANCE,DIRECTION,INTERSECTION,WEATHER_1,WEATHER_2,STATE_HWY_IND,CALTRANS_COUNTY,CALTRANS_DISTRICT,STATE_ROUTE,ROUTE_SUFFIX,POSTMILE_PREFIX,POSTMILE,LOCATION_TYPE,RAMP_INTERSECTION,SIDE_OF_HWY,TOW_AWAY,COLLISION_SEVERITY,NUMBER_KILLED,NUMBER_INJURED,PARTY_COUNT,PRIMARY_COLL_FACTOR,PCF_CODE_OF_VIOL,PCF_VIOL_CATEGORY,PCF_VIOLATION,PCF_VIOL_SUBSECTION,HIT_AND_RUN,TYPE_OF_COLLISION,MVIW,PED_ACTION,ROAD_SURFACE,ROAD_COND_1,ROAD_COND_2,LIGHTING,CONTROL_DEVICE,CHP_ROAD_TYPE,PEDESTRIAN_ACCIDENT,BICYCLE_ACCIDENT,MOTORCYCLE_ACCIDENT,TRUCK_ACCIDENT,NOT_PRIVATE_PROPERTY,ALCOHOL_INVOLVED,STWD_VEHTYPE_AT_FAULT,CHP_VEHTYPE_AT_FAULT,COUNT_SEVERE_INJ,COUNT_VISIBLE_INJ,COUNT_COMPLAINT_PAIN,COUNT_PED_KILLED,COUNT_PED_INJURED,COUNT_BICYCLIST_KILLED,COUNT_BICYCLIST_INJURED,COUNT_MC_KILLED,COUNT_MC_INJURED,PRIMARY_RAMP,SECONDARY_RAMP,LATITUDE,LONGITUDE,COUNTY,CITY,POINT_X,POINT_Y
8082245,2016,2016-07-15,1972,2016-06-03,1841,20050,NA,5,5,6,1972,0,0,0,NA,0,NA,ANZA AV,CATHANN ST,0,NA,Y,A,-,N,NA,NA,NA,NA,NA,NA,NA,NA,NA,N,4,0,1,2,A,-,09,21801,A,N,D,C,A,A,H,-,A,D,0,NA,NA,NA,NA,Y,NA,A,NA,0,0,1,0,0,0,0,0,0,-,-,NA,NA,LOS ANGELES,TORRANCE,-118.36006009,33.8270301
8082247,2016,2016-07-15,1972,2016-06-01,1739,19086,NA,3,5,6,1972,0,0,0,NA,0,NA,CRENSHAW,AMSLER,220,S,N,A,-,N,NA,NA,NA,NA,NA,NA,NA,NA,NA,Y,2,0,1,1,A,-,03,22350,NA,N,E,I,A,A,H,-,A,D,0,NA,NA,NA,NA,Y,NA,A,NA,1,0,0,0,0,0,0,0,0,-,-,NA,NA,LOS ANGELES,TORRANCE,-118.32822074,33.80091509
8082251,2016,2016-07-15,1972,2016-06-02,1903,19999,NA,4,5,6,1972,0,0,0,NA,0,NA,NEWTON ST,TANDEM WY,0,NA,Y,A,-,N,NA,NA,NA,NA,NA,NA,NA,NA,NA,N,4,0,1,2,A,-,10,21950,A,N,A,B,B,A,H,-,B,A,0,Y,NA,NA,NA,Y,NA,A,NA,0,0,1,0,1,0,0,0,0,-,-,NA,NA,LOS ANGELES,TORRANCE,-118.34198009,33.7970601
8082255,2016,2016-07-15,1972,2016-06-02,2200,19999,NA,4,5,6,1972,0,0,0,NA,0,NA,SIERRA ST,PORTOLA AV,30,W,N,A,-,N,NA,NA,NA,NA,NA,NA,NA,NA,NA,N,4,0,1,3,A,-,01,23152,A,N,A,I,A,A,H,-,C,D,0,NA,NA,NA,NA,Y,Y,A,NA,0,0,1,0,0,0,0,0,0,-,-,NA,NA,LOS ANGELES,TORRANCE,-118.32163853,33.83795682
8082256,2016,2016-07-14,1913,2016-06-01,1312,3679,64,3,5,4,1913,0,0,0,NA,0,004,FOOTHILL BL,CLAREMONT BL,463,E,N,A,-,N,NA,NA,NA,NA,NA,NA,NA,NA,NA,N,3,0,1,2,A,-,03,22350,NA,N,C,G,A,A,H,-,A,D,0,NA,Y,NA,NA,Y,NA,L,04,0,1,0,0,0,0,1,0,0,-,-,NA,NA,LOS ANGELES,CLAREMONT,-117.70148571,34.10678093
8082259,2016,2017-02-18,1972,2016-06-06,1536,19086,NA,1,5,6,1972,0,0,0,NA,0,NA,HAWTHORNE,EMERALD,0,NA,Y,A,-,Y,LA,7,107,-,-,2.514,I,5,N,N,4,0,1,2,A,-,10,21950,A,N,G,B,B,A,H,-,A,A,0,Y,NA,NA,NA,Y,NA,A,NA,0,0,1,0,1,0,0,0,0,-,-,NA,NA,LOS ANGELES,TORRANCE,-118.35362319,33.84137083
8082260,2016,2016-08-29,1913,2016-06-07,1807,3678,1913,2,5,4,1913,0,0,0,NA,0,002,INDIAN HILL BL,AUTO CENTER DR,31,N,N,A,-,N,NA,NA,NA,NA,NA,NA,NA,NA,NA,Y,4,0,1,2,A,-,08,22107,NA,F,B,C,A,A,H,-,A,A,0,NA,NA,NA,NA,Y,NA,A,01,0,0,1,0,0,0,0,0,0,-,-,NA,NA,LOS ANGELES,CLAREMONT,-117.71935606,34.080734820000004
8082263,2016,2017-02-18,1972,2016-06-07,1902,17649,NA,2,5,6,1972,0,0,0,NA,0,NA,HAWTHORNE BL,CENTER WY,0,NA,Y,A,-,Y,LA,7,107,-,-,1.616,I,5,S,Y,3,0,2,2,D,-,00,NA,NA,N,D,C,A,A,H,-,A,B,0,NA,NA,NA,NA,Y,NA,-,-,0,1,1,0,0,0,0,0,0,-,-,NA,NA,LOS ANGELES,TORRANCE,-118.35220151,33.82849745
8082264,2016,2017-02-11,1913,2016-06-08,1609,3906,21,3,5,4,1913,0,0,0,NA,0,NA,INDIAN HILL BL,RT 10,0,NA,Y,A,-,Y,LA,7,10,-,-,47.879,R,4,E,N,4,0,1,2,A,-,03,22350,NA,N,C,C,A,A,H,-,A,A,0,NA,NA,NA,NA,Y,NA,A,01,0,0,1,0,0,0,0,0,0,-,-,NA,NA,LOS ANGELES,CLAREMONT,-117.71699297,34.08169934
8082267,2016,2016-07-15,1972,2016-06-10,2334,19999,NA,5,5,6,1972,0,0,0,NA,0,NA,CARSON ST,MADRONA AV,400,E,N,A,-,N,NA,NA,NA,NA,NA,NA,NA,NA,NA,N,3,0,1,4,A,-,01,23152,A,N,A,E,A,A,H,-,C,D,0,NA,NA,NA,Y,Y,Y,A,NA,0,1,0,0,0,0,0,0,0,-,-,NA,NA,LOS ANGELES,TORRANCE,-118.34375539,33.83117
8082268,2016,2016-07-14,1913,2016-06-10,2247,3982,46,5,5,4,1913,0,0,0,NA,0,003,BASELINE RD,TOWNE AV,74,W,N,A,-,N,NA,NA,NA,NA,NA,NA,NA,NA,NA,Y,4,0,2,2,A,-,09,21801,A,N,A,C,A,A,H,-,C,A,0,NA,NA,NA,NA,Y,NA,A,01,0,0,2,0,0,0,0,0,0,-,-,NA,NA,LOS ANGELES,CLAREMONT,-117.73671388,34.12164
8082271,2016,2017-02-18,1972,2016-06-11,2112,18684,NA,6,5,6,1972,0,0,0,NA,0,NA,HAWTHORNE BL,SEPULVEDA,300,S,N,A,-,Y,LA,7,107,-,-,1.33,H,-,S,Y,4,0,1,2,A,-,08,22100,A,N,D,C,A,A,H,-,C,D,0,NA,NA,Y,NA,Y,NA,A,NA,0,0,1,0,0,0,0,0,1,-,-,NA,NA,LOS ANGELES,TORRANCE,-118.35126419,33.82445182
8082272,2016,2016-07-14,1913,2016-06-12,2116,3982,11,7,5,4,1913,0,0,0,NA,0,001,INDIAN HILL BL,6TH ST,0,NA,Y,A,-,N,NA,NA,NA,NA,NA,NA,NA,NA,NA,N,3,0,2,2,A,-,09,21802,A,N,D,C,A,A,H,-,C,D,0,NA,NA,NA,NA,Y,NA,A,01,0,1,1,0,0,0,0,0,0,-,-,NA,NA,LOS ANGELES,CLAREMONT,-117.7202601,34.09963007
8082275,2016,2016-07-15,1972,2016-06-13,1136,18874,NA,1,5,6,1972,0,0,0,NA,0,NA,CARSON ST,DEWEY AV,0,NA,Y,B,-,N,NA,NA,NA,NA,NA,NA,NA,NA,NA,Y,4,0,2,2,A,-,09,21802,A,N,D,C,A,A,H,-,A,A,0,NA,NA,NA,NA,Y,NA,A,NA,0,0,2,0,0,0,0,0,0,-,-,NA,NA,LOS ANGELES,TORRANCE,-118.3675901,33.83140002
8082276,2016,2016-07-14,1913,2016-06-19,2024,3983,POMON,7,5,4,1913,0,0,0,NA,0,003,TOWNE AV,SCRIPPS DR,0,NA,Y,A,-,N,NA,NA,NA,NA,NA,NA,NA,NA,NA,Y,2,0,3,2,A,-,09,21801,A,N,D,C,A,A,H,-,A,A,0,NA,NA,Y,NA,Y,NA,A,01,1,0,2,0,0,0,0,0,1,-,-,NA,NA,LOS ANGELES,CLAREMONT,-117.73676005,34.11677008
8082279,2016,2016-07-15,1972,2016-06-13,1742,17649,NA,1,5,6,1972,0,0,0,NA,0,NA,CARSON ST,DEL AMO CIR EAST,260,E,N,A,-,N,NA,NA,NA,NA,NA,NA,NA,NA,NA,Y,4,0,1,2,A,-,03,22350,NA,N,C,C,A,A,H,-,A,A,0,NA,NA,NA,NA,Y,NA,A,NA,0,0,1,0,0,0,0,0,0,-,-,NA,NA,LOS ANGELES,TORRANCE,-118.3461059,33.83116
8082280,2016,2016-07-14,1913,2016-06-20,0831,3584,05,1,5,4,1913,0,0,0,NA,0,001,SAN JOSE AV,MOUNTAIN AV,43,E,N,A,-,N,NA,NA,NA,NA,NA,NA,NA,NA,NA,Y,4,0,2,3,A,-,00,23153,E,F,C,C,A,A,H,-,A,A,0,NA,NA,NA,NA,Y,Y,A,01,0,0,2,0,0,0,0,0,0,-,-,NA,NA,LOS ANGELES,CLAREMONT,-117.72787111,34.08307315
8082283,2016,2016-07-15,1972,2016-06-14,1548,17649,NA,2,5,6,1972,0,0,0,NA,0,NA,ARTESIA BL,VAN NESS AV,50,W,N,A,-,N,NA,NA,NA,NA,NA,NA,NA,NA,NA,Y,3,0,1,2,A,-,01,23152,A,N,C,C,A,A,H,-,A,A,0,NA,NA,NA,NA,Y,Y,A,NA,0,1,0,0,0,0,0,0,0,-,-,NA,NA,LOS ANGELES,TORRANCE,-118.3180044,33.87292
8082284,2016,2017-02-11,1913,2016-06-24,0001,3479,90,5,5,4,1913,0,0,0,NA,0,002,INDIAN HILL BL,RT 10,8,N,N,A,-,Y,LA,7,10,-,-,47.617,R,4,E,N,4,0,1,2,A,-,12,21453,A,N,D,C,A,A,H,-,C,A,0,NA,NA,NA,NA,Y,NA,A,01,0,0,1,0,0,0,0,0,0,-,-,NA,NA,LOS ANGELES,CLAREMONT,-117.72150965,34.08160889
8082285,2016,2017-02-18,1972,2016-06-18,1451,17624,NA,6,5,6,1972,0,0,0,NA,0,NA,HAWTHORN,SPENCER ST,25,S,N,A,-,Y,LA,7,107,-,-,2.75,H,-,N,N,4,0,1,3,A,-,03,22350,NA,M,C,C,A,A,H,-,A,A,0,NA,NA,NA,NA,Y,NA,-,NA,0,0,1,0,0,0,0,0,0,-,-,NA,NA,LOS ANGELES,TORRANCE,-118.35361447,33.84479994
8082287,2016,2016-07-19,1972,2016-06-21,2147,20783,NA,2,5,6,1972,0,0,0,NA,0,NA,171ST ST,YUKON,250,E,N,A,-,N,NA,NA,NA,NA,NA,NA,NA,NA,NA,N,3,0,2,3,A,-,01,23152,A,N,G,B,D,A,H,-,C,D,0,Y,NA,NA,NA,Y,Y,A,NA,0,1,1,0,2,0,0,0,0,-,-,NA,NA,LOS ANGELES,TORRANCE,-118.33434795,33.87519
8082291,2016,2017-02-11,1972,2016-06-09,0715,14629,NA,4,5,6,1972,0,0,0,NA,0,NA,PACIFIC COAST HWY,CRENSHAW,460,E,N,B,-,Y,LA,7,1,-,-,14.54,H,-,N,Y,4,0,2,2,A,-,09,21804,A,N,D,C,A,A,H,-,A,D,0,NA,NA,NA,NA,Y,NA,A,NA,0,0,2,0,0,0,0,0,0,-,-,NA,NA,LOS ANGELES,TORRANCE,-118.3319002,33.79122007
8082295,2016,2016-07-14,1972,2016-06-10,1643,17649,NA,5,5,6,1972,0,0,0,NA,0,NA,VAN NESS AV,165TH ST,0,NA,Y,A,-,N,NA,NA,NA,NA,NA,NA,NA,NA,NA,Y,3,0,1,2,A,-,05,21460,A,N,D,C,A,A,H,-,A,D,0,NA,NA,NA,NA,Y,NA,A,NA,0,1,0,0,0,0,0,0,0,-,-,NA,NA,LOS ANGELES,TORRANCE,-118.31787008,33.88121004
8082299,2016,2016-07-14,1972,2016-06-20,1733,18450,NA,1,5,6,1972,0,0,0,NA,0,NA,CARSON ST,ABALONE,236,E,N,A,-,N,NA,NA,NA,NA,NA,NA,NA,NA,NA,Y,4,0,2,3,A,-,09,21801,A,N,D,C,A,A,H,-,A,D,0,NA,NA,Y,NA,Y,NA,A,NA,0,0,2,0,0,0,0,0,1,-,-,NA,NA,LOS ANGELES,TORRANCE,-118.3109444,33.83148
8082303,2016,2016-07-14,1972,2016-06-17,1546,17649,NA,5,5,6,1972,0,0,0,NA,0,NA,182ND ST,DOTY AV,132,E,N,A,-,N,NA,NA,NA,NA,NA,NA,NA,NA,NA,Y,3,0,1,2,A,-,05,21460,A,N,A,C,A,A,H,-,A,A,0,NA,NA,NA,NA,Y,NA,A,NA,0,1,0,0,0,0,0,0,0,-,-,NA,NA,LOS ANGELES,TORRANCE,-118.33950606,33.86554594
8082307,2016,2016-07-14,1972,2016-06-11,1503,19767,NA,6,5,6,1972,0,0,0,NA,0,NA,ANZA AV,SPENCER ST,310,N,N,A,-,N,NA,NA,NA,NA,NA,NA,NA,NA,NA,NA,4,0,1,2,A,-,03,22350,NA,N,C,C,A,A,H,-,A,D,0,NA,NA,NA,NA,Y,NA,A,NA,0,0,1,0,0,0,0,0,0,-,-,NA,NA,LOS ANGELES,TORRANCE,-118.36236,33.8458302
8082321,2016,2016-08-03,1942,2016-06-24,0615,39096,1636,5,5,7,1942,0,0,0,P,0,15TL47,FOOTHILL BL,SUNLAND BL,320,N,N,A,-,N,NA,NA,NA,NA,NA,NA,NA,NA,NA,Y,3,0,2,3,A,-,03,22350,NA,N,C,E,E,A,H,-,A,D,0,Y,NA,NA,NA,Y,NA,A,07,0,1,1,0,1,0,0,0,0,-,-,NA,NA,LOS ANGELES,LOS ANGELES,-118.32332537,34.2602164
8082327,2016,2016-07-19,1900,2016-06-25,2330,534713,2111,6,5,5,1943,0,0,0,NA,0,212T4,ALAMEDA ST,MARTIN LUTHER KING JR BL,0,NA,Y,A,-,N,NA,NA,NA,NA,NA,NA,NA,NA,NA,Y,4,0,6,4,A,-,01,23152,A,N,-,C,A,A,H,-,C,A,0,NA,NA,NA,NA,Y,Y,D,22,0,0,6,0,0,0,0,0,0,-,-,NA,NA,LOS ANGELES,LYNWOOD,-118.22656006,33.93820001
8082329,2016,2016-07-18,1942,2016-07-01,1445,38185,0932,5,5,7,1942,0,0,0,I,0,9TL57,KESTER AV,VICTORY BL,0,NA,Y,A,-,N,NA,NA,NA,NA,NA,NA,NA,NA,NA,Y,4,0,2,2,A,-,09,21801,A,F,D,C,A,A,H,-,A,A,0,NA,NA,NA,NA,Y,NA,A,01,0,0,2,0,0,0,0,0,0,-,-,NA,NA,LOS ANGELES,LOS ANGELES,-118.45745,34.18666011
8082331,2016,2016-07-19,1900,2016-06-27,1745,534589,2118,1,5,5,1943,0,0,0,NA,0,212T2,ATLANTIC AV,OLANDA ST,12,S,N,A,-,N,NA,NA,NA,NA,NA,NA,NA,NA,NA,Y,3,0,1,2,A,-,07,21658,A,N,B,C,A,A,H,-,A,D,0,NA,NA,NA,NA,Y,NA,D,22,0,1,0,0,0,0,0,0,0,-,-,NA,NA,LOS ANGELES,LYNWOOD,-118.19316307,33.90757895
8082333,2016,2016-07-18,1942,2016-06-26,1340,37578,1545,7,5,7,1942,0,0,0,O,0,15A44,MORELLA AV,HESBY ST,75,S,N,A,-,N,NA,NA,NA,NA,NA,NA,NA,NA,NA,Y,3,0,1,2,A,-,01,23152,A,M,C,E,A,A,H,-,A,D,0,NA,NA,NA,NA,Y,NA,A,01,0,1,0,0,0,0,0,0,0,-,-,NA,NA,LOS ANGELES,LOS ANGELES,-118.39,34.16196429
8082335,2016,2016-07-19,1900,2016-07-02,1550,223258,563,6,5,3,1968,0,0,0,NA,0,55T1PM,PECK RD,DURFEE AV,0,NA,Y,A,-,N,NA,NA,NA,NA,NA,NA,NA,NA,NA,Y,4,0,4,3,D,-,00,NA,NA,N,A,C,A,A,H,-,A,A,0,NA,NA,NA,NA,Y,NA,-,-,0,0,4,0,0,0,0,0,0,-,-,NA,NA,LOS ANGELES,SOUTH EL MONTE,-118.03856013,34.03625011
8082337,2016,2016-07-18,1942,2016-06-24,0245,38354,1725,5,5,7,1942,0,0,0,Q,0,19T75,CORBIN AV,NASHVILLE ST,162,S,N,A,-,N,NA,NA,NA,NA,NA,NA,NA,NA,NA,Y,3,0,1,1,A,-,01,23152,A,M,E,I,A,A,H,-,C,A,0,NA,NA,NA,NA,Y,Y,D,22,0,1,0,0,0,0,0,0,0,-,-,NA,NA,LOS ANGELES,LOS ANGELES,-118.56248335,34.27029292
8082341,2016,2016-07-18,1942,2016-06-23,0130,42251,0919,4,5,7,1942,0,0,0,I,0,9A5W3,WOODMAN AV,GAULT ST,65,S,N,A,-,N,NA,NA,NA,NA,NA,NA,NA,NA,NA,Y,4,0,1,7,A,-,01,23152,A,N,B,E,A,A,H,-,C,A,0,NA,NA,NA,NA,Y,Y,A,01,0,0,1,0,0,0,0,0,0,-,-,NA,NA,LOS ANGELES,LOS ANGELES,-118.43127,34.19918171
8082343,2016,2016-08-03,1900,2016-06-24,0150,534581,0524,5,5,4,1971,0,0,0,NA,0,52T1EM,TEMPLE CITY BL,ELLIS LN,165,S,N,A,-,N,NA,NA,NA,NA,NA,NA,NA,NA,NA,Y,4,0,1,2,A,-,04,21703,NA,N,C,C,A,A,H,-,C,A,0,NA,NA,NA,Y,Y,NA,A,01,0,0,1,0,0,0,0,0,0,-,-,NA,NA,LOS ANGELES,TEMPLE CITY,-118.05618923,34.0866196
8082359,2016,2016-07-18,1900,2016-06-25,1856,521414,0560,6,5,3,1968,0,0,0,NA,0,55T1PM,GARVEY AV,LEE AV,150,E,N,A,-,N,NA,NA,NA,NA,NA,NA,NA,NA,NA,N,4,0,1,2,A,-,09,21804,A,M,D,C,A,A,H,-,A,A,0,NA,NA,NA,NA,Y,NA,A,01,0,0,1,0,0,0,0,0,0,-,-,NA,NA,LOS ANGELES,SOUTH EL MONTE,-118.06635582,34.06272
8082361,2016,2016-07-18,1942,2016-07-03,0800,40928,1993,7,5,7,1942,0,0,0,NA,0,15T47,COLUMBUS AV,ROSCOE BL,0,NA,Y,A,-,N,NA,NA,NA,NA,NA,NA,NA,NA,NA,N,4,0,1,2,A,-,01,23152,A,N,D,C,A,A,H,-,A,A,0,NA,NA,NA,NA,Y,Y,A,07,0,0,1,0,0,0,0,0,0,-,-,NA,NA,LOS ANGELES,LOS ANGELES,-118.46548002,34.22144008
8082371,2016,2017-02-24,1955,2016-07-05,0520,42014,73,2,5,6,1955,0,0,0,NA,0,005,RT 71,RIO RANCHO RD,1320,N,N,B,-,Y,LA,7,71,-,-,3.36,H,-,N,Y,3,0,1,3,A,-,03,22350,NA,N,C,C,A,A,H,-,B,D,0,NA,NA,NA,NA,Y,NA,D,22,0,1,0,0,0,0,0,0,0,-,-,NA,NA,LOS ANGELES,POMONA,-117.7611151,34.03465297
8082401,2016,2017-02-18,1972,2016-05-20,1745,17267,NA,5,5,6,1972,0,0,0,NA,0,NA,HAWTHORNE BL,DARIAN,75,S,N,A,-,Y,LA,7,107,-,-,3.34,H,-,S,Y,4,0,1,2,A,-,03,22350,NA,N,C,C,A,A,H,-,A,D,0,NA,NA,NA,NA,Y,NA,A,NA,0,0,1,0,0,0,0,0,0,-,-,NA,NA,LOS ANGELES,TORRANCE,-118.35382543,33.85341255
8082402,2016,2016-07-11,1972,2016-05-29,1631,15555,NA,7,5,6,1972,0,0,0,NA,0,NA,DEL AMO BL,HAWTHORNE BL,125,E,N,A,-,N,NA,NA,NA,NA,NA,NA,NA,NA,NA,Y,4,0,2,4,A,-,03,22350,NA,N,C,C,A,A,H,-,A,A,0,NA,NA,NA,NA,Y,NA,A,NA,0,0,2,0,0,0,0,0,0,-,-,NA,NA,LOS ANGELES,TORRANCE,-118.35343914,33.84860654
8082405,2016,2017-02-11,1972,2016-05-01,1729,20245,NA,7,5,6,1972,0,0,0,NA,0,NA,PACIFIC COAST HWY,MADISON ST,250,W,N,A,-,Y,LA,7,1,-,-,15.84,H,-,N,N,4,0,1,2,A,-,09,21804,A,N,D,C,A,A,H,-,A,D,0,NA,NA,NA,NA,Y,NA,A,NA,0,0,1,0,0,0,0,0,0,-,-,NA,NA,LOS ANGELES,TORRANCE,-118.34855206,33.80403044
8082406,2016,2016-07-12,1972,2016-05-21,1247,19938,NA,6,5,6,1972,0,0,0,NA,0,NA,WESTERN AV,205TH ST,150,S,N,A,-,N,NA,NA,NA,NA,NA,NA,NA,NA,NA,N,3,0,1,2,A,-,07,21658,A,N,B,C,A,A,H,-,A,D,0,NA,NA,Y,NA,Y,NA,A,NA,0,1,0,0,0,0,0,0,1,-,-,NA,NA,LOS ANGELES,TORRANCE,-118.3093691,33.84432861
8082409,2016,2017-02-18,1972,2016-05-02,1644,19767,NA,1,5,6,1972,0,0,0,NA,0,NA,HAWTHORNE BL,HALISON ST,220,S,N,A,-,Y,LA,7,107,-,-,3.17,H,-,S,Y,4,0,1,3,A,-,03,22350,NA,N,C,C,A,A,H,-,A,D,0,NA,NA,NA,NA,Y,NA,A,NA,0,0,1,0,0,0,0,0,0,-,-,NA,NA,LOS ANGELES,TORRANCE,-118.35382938,33.85092339
8082410,2016,2017-02-18,1972,2016-05-22,0640,18192,NA,7,5,6,1972,0,0,0,NA,0,NA,WESTERN,205TH,100,S,N,A,-,Y,LA,7,213,-,-,8.89,H,-,N,Y,4,0,1,2,A,-,09,21804,A,N,D,C,A,A,H,-,A,D,0,NA,NA,NA,NA,Y,NA,A,NA,0,0,1,0,0,0,0,0,0,-,-,NA,NA,LOS ANGELES,TORRANCE,-118.30933822,33.84446637
8082413,2016,2016-07-11,1972,2016-05-02,1632,20170,NA,1,5,6,1972,0,0,0,NA,0,NA,VAN NESS,166TH,0,NA,Y,A,-,N,NA,NA,NA,NA,NA,NA,NA,NA,NA,Y,4,0,1,2,A,-,09,21801,A,N,D,C,A,A,H,-,A,A,0,NA,NA,NA,NA,Y,NA,A,NA,0,0,1,0,0,0,0,0,0,-,-,NA,NA,LOS ANGELES,TORRANCE,-118.31786007,33.88012012
8082414,2016,2016-07-12,1972,2016-05-22,2039,20272,NA,7,5,6,1972,0,0,0,NA,0,NA,VAN NESS AV,190TH ST,0,NA,Y,A,-,N,NA,NA,NA,NA,NA,NA,NA,NA,NA,N,4,0,1,2,A,-,12,21453,A,N,D,C,A,A,H,-,C,A,0,NA,NA,NA,NA,Y,NA,A,NA,0,0,1,0,0,0,0,0,0,-,-,NA,NA,LOS ANGELES,TORRANCE,-118.31782,33.85835012
8082417,2016,2016-07-11,1972,2016-05-04,1132,16610,NA,3,5,6,1972,0,0,0,NA,0,NA,CRENSHAW BL,235TH ST,35,S,N,A,-,N,NA,NA,NA,NA,NA,NA,NA,NA,NA,Y,4,0,1,2,A,-,03,22350,NA,N,C,C,A,A,H,-,A,A,0,NA,NA,NA,NA,Y,NA,D,NA,0,0,1,0,0,0,0,0,0,-,-,NA,NA,LOS ANGELES,TORRANCE,-118.32807,33.812674
8082418,2016,2016-07-12,1972,2016-05-24,1223,16610,NA,2,5,6,1972,0,0,0,NA,0,NA,TORRANCE BL,EARL ST,0,NA,Y,A,-,N,NA,NA,NA,NA,NA,NA,NA,NA,NA,Y,4,0,3,3,A,-,09,21801,NA,N,D,C,A,A,H,-,A,A,0,NA,NA,NA,NA,Y,NA,A,NA,0,0,3,0,0,0,0,0,0,-,-,NA,NA,LOS ANGELES,TORRANCE,-118.35805012,33.83757008
8082421,2016,2017-02-18,1972,2016-05-05,1358,18874,NA,4,5,6,1972,0,0,0,NA,0,NA,WESTERN AV,228TH ST,0,NA,Y,B,-,Y,LA,7,213,-,-,7.135,I,5,S,Y,4,0,1,2,A,-,09,21801,A,N,D,C,A,A,H,-,A,D,0,NA,NA,NA,NA,Y,NA,A,NA,0,0,1,0,0,0,0,0,0,-,-,NA,NA,LOS ANGELES,TORRANCE,-118.30895465,33.81932987
8082422,2016,2016-07-12,1972,2016-05-24,1227,19086,NA,2,5,6,1972,0,0,0,NA,0,NA,MAPLE,MARICOPA,0,NA,Y,A,-,N,NA,NA,NA,NA,NA,NA,NA,NA,NA,Y,3,0,2,2,A,-,09,21801,A,N,A,C,A,A,H,-,A,A,0,NA,NA,NA,NA,Y,NA,A,NA,0,1,1,0,0,0,0,0,0,-,-,NA,NA,LOS ANGELES,TORRANCE,-118.34009012,33.83929009
8082425,2016,2016-07-11,1972,2016-05-05,1738,18450,NA,4,5,6,1972,0,0,0,NA,0,NA,PLAZA DEL AMO,CRENSHAW BL,2300,W,N,A,-,N,NA,NA,NA,NA,NA,NA,NA,NA,NA,Y,4,0,1,2,A,-,09,21804,A,N,D,C,A,A,H,-,A,D,0,NA,NA,NA,NA,Y,NA,A,NA,0,0,1,0,0,0,0,0,0,-,-,NA,NA,LOS ANGELES,TORRANCE,-118.33611761,33.82694055
8082426,2016,2016-07-11,1972,2016-05-26,1201,19086,NA,4,5,6,1972,0,0,0,NA,0,NA,MAPLE,NADINE CIR,450,S,N,A,-,N,NA,NA,NA,NA,NA,NA,NA,NA,NA,Y,3,0,1,2,A,-,08,22100,NA,N,B,C,A,A,H,-,A,D,0,NA,NA,NA,NA,Y,NA,A,NA,0,1,0,0,0,0,0,0,0,-,-,NA,NA,LOS ANGELES,TORRANCE,-118.34069983,33.81713474
8082429,2016,2016-07-11,1972,2016-05-19,1948,19999,NA,4,5,6,1972,0,0,0,NA,0,NA,TORRANCE BL,PLAZA LN,0,NA,Y,A,-,N,NA,NA,NA,NA,NA,NA,NA,NA,NA,N,4,0,1,2,A,-,12,21453,A,N,D,C,A,A,H,-,B,A,0,NA,NA,NA,NA,Y,NA,A,NA,0,0,1,0,0,0,0,0,0,-,-,NA,NA,LOS ANGELES,TORRANCE,-118.35580013,33.83757006
8082430,2016,2016-07-11,1972,2016-05-28,1351,19767,NA,6,5,6,1972,0,0,0,NA,0,NA,ARTESIA BL,AINSWORTH AV,0,NA,Y,A,-,N,NA,NA,NA,NA,NA,NA,NA,NA,NA,Y,3,0,2,3,A,-,09,21802,A,N,D,C,A,A,H,-,A,D,0,NA,NA,NA,NA,Y,NA,A,NA,0,1,1,0,0,0,0,0,0,-,-,NA,NA,LOS ANGELES,TORRANCE,-118.33957003,33.87278003
8082434,2016,2016-07-15,1972,2016-05-20,1325,19938,NA,5,5,6,1972,0,0,0,NA,0,NA,WESTERN AV,DEL AMO BL,0,NA,Y,B,-,N,NA,NA,NA,NA,NA,NA,NA,NA,NA,Y,4,0,1,2,A,-,08,22100,A,N,B,C,A,A,H,-,A,A,0,NA,NA,NA,Y,Y,NA,F,NA,0,0,1,0,0,0,0,0,0,-,-,NA,NA,LOS ANGELES,TORRANCE,-118.30930011,33.84684006
8082437,2016,2016-07-11,1972,2016-05-05,1816,19999,NA,4,5,6,1972,0,0,0,NA,0,NA,MERRILL ST,PAUL AV,468,E,N,A,-,N,NA,NA,NA,NA,NA,NA,NA,NA,NA,N,3,0,1,1,A,-,08,22107,NA,N,B,J,A,A,H,-,A,D,0,NA,NA,NA,NA,Y,NA,A,NA,0,1,0,0,0,0,0,0,0,-,-,NA,NA,LOS ANGELES,TORRANCE,-118.36689413,33.82982123
8082438,2016,2016-07-12,1972,2016-05-10,0813,16610,NA,2,5,6,1972,0,0,0,NA,0,NA,PRAIRIE AV,182ND ST,40,N,N,B,-,N,NA,NA,NA,NA,NA,NA,NA,NA,NA,N,4,0,1,2,A,-,03,22350,NA,N,C,C,A,A,H,-,A,A,0,NA,NA,NA,NA,Y,NA,A,NA,0,0,1,0,0,0,0,0,0,-,-,NA,NA,LOS ANGELES,TORRANCE,-118.34380196,33.8656897