CASE_ID,ACCIDENT_YEAR,PROC_DATE,JURIS,COLLISION_DATE,COLLISION_TIME,OFFICER_ID,REPORTING_DISTRICT,DAY_OF_WEEK,CHP_SHIFT,POPULATION,CNTY_CITY_LOC,SPECIAL_COND,BEAT_TYPE,CHP_BEAT_TYPE,CITY_DIVISION_LAPD,CHP_BEAT_CLASS,BEAT_NUMBER,PRIMARY_RD,SECONDARY_RD,DISTANCE,DIRECTION,INTERSECTION,WEATHER_1,WEATHER_2,STATE_HWY_IND,CALTRANS_COUNTY,CALTRANS_DISTRICT,STATE_ROUTE,ROUTE_SUFFIX,POSTMILE_PREFIX,POSTMILE,LOCATION_TYPE,RAMP_INTERSECTION,SIDE_OF_HWY,TOW_AWAY,COLLISION_SEVERITY,NUMBER_KILLED,NUMBER_INJURED,PARTY_COUNT,PRIMARY_COLL_FACTOR,PCF_CODE_OF_VIOL,PCF_VIOL_CATEGORY,PCF_VIOLATION,PCF_VIOL_SUBSECTION,HIT_AND_RUN,TYPE_OF_COLLISION,MVIW,PED_ACTION,ROAD_SURFACE,ROAD_COND_1,ROAD_COND_2,LIGHTING,CONTROL_DEVICE,CHP_ROAD_TYPE,PEDESTRIAN_ACCIDENT,BICYCLE_ACCIDENT,MOTORCYCLE_ACCIDENT,TRUCK_ACCIDENT,NOT_PRIVATE_PROPERTY,ALCOHOL_INVOLVED,STWD_VEHTYPE_AT_FAULT,CHP_VEHTYPE_AT_FAULT,COUNT_SEVERE_INJ,COUNT_VISIBLE_INJ,COUNT_COMPLAINT_PAIN,COUNT_PED_KILLED,COUNT_PED_INJURED,COUNT_BICYCLIST_KILLED,COUNT_BICYCLIST_INJURED,COUNT_MC_KILLED,COUNT_MC_INJURED,PRIMARY_RAMP,SECONDARY_RAMP,LATITUDE,LONGITUDE,COUNTY,CITY,POINT_X,POINT_Y
8082712,2016,2016-07-13,1942,2016-06-20,2020,42362,0782,1,5,7,1942,0,0,0,G,0,7A1,VENICE BL,KAISER WY,0,NA,Y,A,-,N,NA,NA,NA,NA,NA,NA,NA,NA,NA,Y,4,0,2,2,A,-,12,21453,A,N,A,C,A,A,H,-,B,A,0,NA,NA,NA,NA,Y,NA,A,01,0,0,2,0,0,0,0,0,0,-,-,NA,NA,LOS ANGELES,LOS ANGELES,-118.37237003,34.03847002
8082713,2016,2016-07-13,1942,2016-06-27,1735,42197,1424,1,5,7,1942,0,0,0,N,0,14A58,BARRINGTON,INDIANAPOLIS ST,110,N,N,A,-,N,NA,NA,NA,NA,NA,NA,NA,NA,NA,Y,4,0,1,2,A,-,07,21658,NA,N,F,F,A,A,H,-,A,-,0,NA,NA,NA,NA,Y,NA,A,01,0,0,1,0,0,0,0,0,0,-,-,NA,NA,LOS ANGELES,LOS ANGELES,-118.43486191,34.01823684
8082714,2016,2016-07-13,1942,2016-06-11,1210,39930,1479,6,5,7,1942,0,0,0,N,0,6T7,LA TIJERA BL,74TH ST,0,NA,Y,A,-,N,NA,NA,NA,NA,NA,NA,NA,NA,NA,Y,4,0,4,2,A,-,03,22350,NA,N,D,C,A,A,H,-,A,A,0,NA,NA,NA,NA,Y,NA,A,08,0,0,4,0,0,0,0,0,0,-,-,NA,NA,LOS ANGELES,LOS ANGELES,-118.37942001,33.97055001
8082715,2016,2016-07-18,1942,2016-06-27,1340,39022,0835,1,5,7,1942,0,0,0,H,0,6TL2,SANTA MONICA BL,VETERAN AV,25,S,N,A,-,N,NA,NA,NA,NA,NA,NA,NA,NA,NA,N,4,0,2,2,A,-,03,22350,NA,N,C,C,A,A,H,-,A,D,0,NA,NA,NA,NA,Y,NA,A,01,0,0,2,0,0,0,0,0,0,-,-,NA,NA,LOS ANGELES,LOS ANGELES,-118.44020783,34.04889752
8082716,2016,2016-07-13,1942,2016-06-27,1625,40024,0721,1,5,7,1942,0,0,0,G,0,8T35,3RD ST,WILLAMAN DR,45,W,N,B,-,N,NA,NA,NA,NA,NA,NA,NA,NA,NA,N,4,0,1,2,A,-,07,21658,A,N,B,C,A,A,H,-,A,D,0,NA,NA,NA,NA,Y,NA,A,07,0,0,1,0,0,0,0,0,0,-,-,NA,NA,LOS ANGELES,LOS ANGELES,-118.38074831,34.07360139
8082717,2016,2016-07-13,1942,2016-06-25,1440,41376,1452,6,5,7,1942,0,0,0,N,0,14TL52,PACIFIC AV,SPINNAKER ST,90,N,N,A,-,N,NA,NA,NA,NA,NA,NA,NA,NA,NA,Y,4,0,1,3,A,-,21,22106,NA,N,B,C,A,A,H,-,A,D,0,NA,NA,NA,NA,Y,NA,A,01,0,0,1,0,0,0,0,0,0,-,-,NA,NA,LOS ANGELES,LOS ANGELES,-118.45778988000001,33.96962785
8082718,2016,2016-07-13,1942,2016-06-25,1945,40899,1494,6,5,7,1942,0,0,0,N,0,8T35,IMPERIAL HWY,IMPERIAL TERMINAL DWY,0,NA,Y,A,-,N,NA,NA,NA,NA,NA,NA,NA,NA,NA,Y,3,0,1,2,A,-,06,21755,NA,N,B,C,A,A,H,-,A,A,0,NA,NA,Y,NA,Y,NA,-,-,0,1,0,0,0,0,0,0,1,-,-,NA,NA,LOS ANGELES,LOS ANGELES,-118.408152,33.931386
8082720,2016,2016-07-13,1942,2016-06-24,1750,37966,0749,5,5,7,1942,0,0,0,G,0,6TL2,WILSHIRE BL,MUIRFIELD AV,0,NA,Y,A,-,N,NA,NA,NA,NA,NA,NA,NA,NA,NA,NA,4,0,1,2,A,-,09,21804,A,N,H,G,A,A,H,-,A,A,0,NA,Y,NA,NA,Y,NA,L,04,0,0,1,0,0,0,1,0,0,-,-,NA,NA,LOS ANGELES,LOS ANGELES,-118.32943002,34.06195011
8082721,2016,2016-07-14,1942,2016-06-25,0948,41424,1373,6,5,7,1942,0,0,0,M,0,13A93,SAN PEDRO,EAST 53RD ST,55,S,N,A,-,N,NA,NA,NA,NA,NA,NA,NA,NA,NA,Y,4,0,1,2,A,-,03,22350,NA,N,-,C,A,A,H,-,A,D,0,NA,NA,NA,NA,Y,NA,-,NA,0,0,1,0,0,0,0,0,0,-,-,NA,NA,LOS ANGELES,LOS ANGELES,-118.27014343,33.99408919
8082722,2016,2016-07-14,1942,2016-06-20,1810,40697,0311,1,5,7,1942,0,0,0,C,0,12TL77,JEFFERSON BL,LA CIENEGA BL,200,N,N,A,-,N,NA,NA,NA,NA,NA,NA,NA,NA,NA,Y,4,0,1,2,A,-,01,23152,A,N,C,C,A,A,H,-,A,D,0,NA,NA,NA,NA,Y,Y,A,01,0,0,1,0,0,0,0,0,0,-,-,NA,NA,LOS ANGELES,LOS ANGELES,-118.37208,34.02653
8082723,2016,2016-07-15,1942,2016-06-29,0020,39764,0656,3,5,7,1942,0,0,0,F,0,6T7,SANTA MONICA BL,WILCOX AV,0,NA,Y,A,-,N,NA,NA,NA,NA,NA,NA,NA,NA,NA,Y,3,0,1,2,A,-,01,23152,A,N,D,C,A,A,H,-,C,A,0,NA,NA,NA,NA,Y,Y,A,01,0,1,0,0,0,0,0,0,0,-,-,NA,NA,LOS ANGELES,LOS ANGELES,-118.33101002,34.09074001
8082725,2016,2016-07-14,1942,2016-06-17,0145,39299,0783,5,5,7,1942,0,0,0,G,0,20T59,WASHINGTON BL,COCHRAN AV,7,E,N,A,-,N,NA,NA,NA,NA,NA,NA,NA,NA,NA,Y,3,0,1,1,A,-,01,23152,A,N,E,I,A,A,H,-,C,D,0,NA,NA,NA,NA,Y,Y,A,01,0,1,0,0,0,0,0,0,0,-,-,NA,NA,LOS ANGELES,LOS ANGELES,-118.35481723,34.04146696
8082726,2016,2016-07-14,1942,2016-06-12,1045,40971,0529,7,5,7,1942,0,0,0,E,0,12TL41,HENRY FORD AV,ANAHEIM ST,0,NA,Y,A,-,N,NA,NA,NA,NA,NA,NA,NA,NA,NA,Y,3,0,1,2,A,-,12,21453,A,N,D,C,A,A,H,-,A,A,0,NA,NA,NA,NA,Y,NA,A,01,0,1,0,0,0,0,0,0,0,-,-,NA,NA,LOS ANGELES,LOS ANGELES,-118.24174001,33.78114002
8082727,2016,2016-07-15,1942,2016-06-21,2101,37511,0723,2,5,7,1942,0,0,0,G,0,7T23,CRESCENT HEIGHTS BL,BEVERLY BL,0,NA,Y,B,-,N,NA,NA,NA,NA,NA,NA,NA,NA,NA,N,4,0,1,2,A,-,12,21453,A,F,D,C,A,A,H,-,C,A,0,NA,NA,NA,NA,Y,NA,A,07,0,0,1,0,0,0,0,0,0,-,-,NA,NA,LOS ANGELES,LOS ANGELES,-118.36587005,34.07609008
8082729,2016,2016-12-09,1942,2016-06-17,1450,41346,1331,5,5,7,1942,0,0,0,M,0,13X21,MAIN ST,NORTH 30TH ST,10,S,N,A,-,N,NA,NA,NA,NA,NA,NA,NA,NA,NA,Y,4,0,2,3,A,-,12,21453,A,N,B,C,A,A,H,-,A,A,0,NA,NA,NA,NA,Y,NA,-,-,0,0,2,0,0,0,0,0,0,-,-,NA,NA,LOS ANGELES,LOS ANGELES,-118.27066559,34.02173584
8082730,2016,2016-07-14,1942,2016-06-02,1550,41970,0525,4,5,7,1942,0,0,0,E,0,5X6,C ST,GULF ST,0,NA,Y,A,-,N,NA,NA,NA,NA,NA,NA,NA,NA,NA,N,3,0,1,2,C,-,18,NA,NA,N,B,B,D,A,H,-,A,A,0,Y,NA,NA,NA,Y,NA,-,-,0,1,0,0,1,0,0,0,0,-,-,NA,NA,LOS ANGELES,LOS ANGELES,-118.2723301,33.77215005
8082731,2016,2016-07-15,1942,2016-06-21,0930,38282,0881,2,5,7,1942,0,0,0,H,0,20T59,BUNDY DR,LA GRANGE AV,260,S,N,A,-,N,NA,NA,NA,NA,NA,NA,NA,NA,NA,Y,2,0,1,2,A,-,06,21755,A,N,D,C,A,A,H,-,A,A,0,NA,NA,Y,NA,Y,NA,C,02,1,0,0,0,0,0,0,0,1,-,-,NA,NA,LOS ANGELES,LOS ANGELES,-118.45492086,34.03340227
8082733,2016,2016-12-10,1942,2016-06-23,1925,42221,1333,4,5,7,1942,0,0,0,M,0,13X94,30TH ST,SAN PEDRO ST,0,NA,Y,A,-,N,NA,NA,NA,NA,NA,NA,NA,NA,NA,N,4,0,1,2,A,-,05,21650,1,N,H,G,A,A,H,-,A,A,0,NA,Y,NA,NA,Y,NA,L,04,0,0,1,0,0,0,1,0,0,-,-,NA,NA,LOS ANGELES,LOS ANGELES,-118.26335008,34.0184101
8082734,2016,2016-07-14,1942,2016-06-21,1210,33599,377,2,5,7,1942,0,0,0,NA,0,3TL5,BUDLONG AV,39TH ST,65,N,N,A,-,N,NA,NA,NA,NA,NA,NA,NA,NA,NA,N,2,0,1,2,A,-,05,21650,NA,N,D,G,A,A,H,-,A,D,0,NA,Y,NA,NA,Y,NA,L,04,1,0,0,0,0,0,1,0,0,-,-,NA,NA,LOS ANGELES,LOS ANGELES,-118.29586604,34.01568824
8082735,2016,2016-07-18,1942,2016-06-11,1335,42155,0176,6,5,7,1942,0,0,0,A,0,1X45,EAST 8TH ST,SOUTH CECILIA ST,10,E,N,A,-,N,NA,NA,NA,NA,NA,NA,NA,NA,NA,N,3,0,1,2,A,-,21,22106,NA,N,G,B,E,A,H,-,A,D,0,Y,NA,NA,NA,Y,NA,A,07,0,1,0,0,1,0,0,0,0,-,-,NA,NA,LOS ANGELES,LOS ANGELES,-118.25078766,34.04045984
8082737,2016,2016-07-14,1942,2016-06-21,0645,37540,1353,2,5,7,1942,0,0,0,M,0,4TL4,VERNON,MCKINLEY,144,W,N,A,-,N,NA,NA,NA,NA,NA,NA,NA,NA,NA,N,4,0,1,2,A,-,05,21460,A,F,B,C,A,A,H,-,A,D,0,NA,NA,NA,NA,Y,NA,-,99,0,0,1,0,0,0,0,0,0,-,-,NA,NA,LOS ANGELES,LOS ANGELES,-118.26137418,34.00389983
8082738,2016,2016-07-14,1942,2016-06-20,1600,40766,0585,1,5,7,1942,0,0,0,E,0,5FB96,GAFFEY ST,21ST ST,0,NA,Y,A,-,N,NA,NA,NA,NA,NA,NA,NA,NA,NA,N,2,0,1,2,A,-,11,21954,A,N,-,B,D,A,-,-,A,D,0,Y,NA,NA,NA,Y,NA,N,60,1,0,0,0,1,0,0,0,0,-,-,NA,NA,LOS ANGELES,LOS ANGELES,-118.29240005,33.72518007
8082739,2016,2016-07-19,1942,2016-06-11,1425,40931,CENTR,6,5,7,1942,0,0,0,NA,0,0162,W 8TH ST,FIGUEROA ST,0,NA,Y,A,-,N,NA,NA,NA,NA,NA,NA,NA,NA,NA,N,4,0,1,2,A,-,10,21950,A,N,G,B,B,A,H,-,A,A,0,Y,NA,NA,NA,Y,NA,A,01,0,0,1,0,1,0,0,0,0,-,-,NA,NA,LOS ANGELES,LOS ANGELES,-118.26120007,34.04794011
8082741,2016,2016-07-27,1942,2016-06-07,0755,38614,1139,2,5,7,1942,0,0,0,K,0,11A17,BENNER ST,AVENUE 80,0,NA,Y,A,-,N,NA,NA,NA,NA,NA,NA,NA,NA,NA,N,4,0,1,2,A,-,12,22450,A,N,D,-,A,A,H,-,A,A,0,NA,NA,NA,NA,Y,NA,-,-,0,0,1,0,0,0,0,0,0,-,-,NA,NA,LOS ANGELES,LOS ANGELES,NA,NA
8082742,2016,2017-02-11,1942,2016-06-17,2200,41314,0314,5,5,7,1942,0,0,0,C,0,3Z1,CRENSHAW BL,RT 10,30,N,N,A,-,Y,LA,7,10,-,R,11.559,R,4,E,N,4,0,1,2,A,-,03,22350,NA,M,B,C,A,A,H,-,C,A,0,NA,NA,NA,NA,Y,NA,-,99,0,0,1,0,0,0,0,0,0,-,-,NA,NA,LOS ANGELES,LOS ANGELES,-118.33084912,34.03508895
8082743,2016,2016-07-27,1942,2016-06-15,1810,41307,0105,3,5,7,1942,0,0,0,A,0,1A12,NORTH BROADWAY,COTTAGE HOME ST,15,S,N,A,-,N,NA,NA,NA,NA,NA,NA,NA,NA,NA,N,4,0,1,2,A,-,09,21801,A,N,B,C,A,A,H,-,A,D,0,NA,NA,NA,NA,Y,NA,A,07,0,0,1,0,0,0,0,0,0,-,-,NA,NA,LOS ANGELES,LOS ANGELES,-118.23543493,34.06724089
8082745,2016,2016-07-14,1942,2016-06-12,1840,42278,1177,7,5,7,1942,0,0,0,K,0,11A48,AVENUE 26,FIGUEROA ST,0,NA,Y,A,-,N,NA,NA,NA,NA,NA,NA,NA,NA,NA,Y,4,0,2,2,A,-,09,21801,A,N,A,C,A,A,H,-,A,A,0,NA,NA,NA,NA,Y,NA,A,07,0,0,2,0,0,0,0,0,0,-,-,NA,NA,LOS ANGELES,LOS ANGELES,-118.2224501,34.08385003
8082746,2016,2016-07-14,1942,2016-06-18,1530,41858,0319,6,5,7,1942,0,0,0,C,0,3A41,FIGUEROA,32ND ST,5,E,N,A,-,N,NA,NA,NA,NA,NA,NA,NA,NA,NA,N,4,0,1,2,A,-,10,21950,A,M,A,B,B,A,H,-,A,A,0,Y,NA,NA,NA,Y,NA,A,01,0,0,1,0,1,0,0,0,0,-,-,NA,NA,LOS ANGELES,LOS ANGELES,-118.27895253,34.02352222
8082747,2016,2016-07-14,1942,2016-06-15,1415,36926,0139,3,5,7,1942,0,0,0,A,0,11T32,TEMPLE ST,ALAMEDA ST,0,NA,Y,A,-,N,NA,NA,NA,NA,NA,NA,NA,NA,NA,N,3,0,1,2,D,-,00,NA,NA,F,B,G,A,A,H,-,A,D,0,NA,Y,NA,NA,Y,NA,-,-,0,1,0,0,0,0,1,0,0,-,-,NA,NA,LOS ANGELES,LOS ANGELES,-118.23805003,34.05110005
8082749,2016,2016-07-14,1942,2016-06-13,0920,39060,1361,1,5,7,1942,0,0,0,M,0,13TL53,50TH ST,BROADWAY,0,NA,Y,B,-,N,NA,NA,NA,NA,NA,NA,NA,NA,NA,Y,4,0,1,2,A,-,12,22450,A,F,D,C,A,A,H,-,A,A,0,NA,NA,NA,NA,Y,NA,-,99,0,0,1,0,0,0,0,0,0,-,-,NA,NA,LOS ANGELES,LOS ANGELES,-118.27833,33.99740011
8082750,2016,2016-07-14,1942,2016-06-22,1340,40053,0357,3,5,7,1942,0,0,0,C,0,3TL57,NORMANDIE AV,36TH PL,20,N,N,A,-,N,NA,NA,NA,NA,NA,NA,NA,NA,NA,N,4,0,1,2,A,-,03,22350,NA,F,C,C,A,A,H,-,A,A,0,NA,NA,NA,NA,Y,NA,-,99,0,0,1,0,0,0,0,0,0,-,-,NA,NA,LOS ANGELES,LOS ANGELES,-118.30020114,34.02194484
8082751,2016,2016-07-14,1942,2016-06-21,0950,31324,0157,2,5,7,1942,0,0,0,A,0,11TL32,SAN PEDRO ST,6TH ST,315,S,N,A,-,N,NA,NA,NA,NA,NA,NA,NA,NA,NA,N,3,0,1,2,A,-,06,21750,NA,F,B,G,A,A,H,-,A,A,0,NA,Y,NA,NA,Y,NA,-,99,0,1,0,0,0,0,1,0,0,-,-,NA,NA,LOS ANGELES,LOS ANGELES,-118.24588571,34.04156795
8082753,2016,2016-12-09,1942,2016-06-11,1335,37444,1177,6,5,7,1942,0,0,0,K,0,11L17,CYPRESS AV,PEPPER AV,0,NA,Y,B,-,N,NA,NA,NA,NA,NA,NA,NA,NA,NA,Y,3,0,4,2,A,-,09,21801,A,N,D,C,A,A,H,-,A,A,0,NA,NA,NA,NA,Y,NA,-,-,0,1,3,0,0,0,0,0,0,-,-,NA,NA,LOS ANGELES,LOS ANGELES,-118.22340005,34.09090002
8082754,2016,2017-02-07,1942,2016-06-20,0145,37618,0514,1,5,7,1942,0,0,0,E,0,12T41,PACIFIC COAST HWY,WILMINGTON BL,0,NA,Y,B,-,Y,LA,7,1,-,-,11.2,H,-,S,Y,2,0,1,2,A,-,03,22350,NA,F,C,C,A,A,H,-,C,A,0,NA,NA,NA,NA,Y,NA,A,01,1,0,0,0,0,0,0,0,0,-,-,NA,NA,LOS ANGELES,LOS ANGELES,-118.27495232,33.79049119
8082757,2016,2016-07-27,1942,2016-06-12,0215,41327,1151,7,5,7,1942,0,0,0,K,0,11A89,WEST SUNSET BL,EDGEMONT,78,W,N,A,B,N,NA,NA,NA,NA,NA,NA,NA,NA,NA,Y,3,0,2,1,A,-,03,22350,NA,N,A,I,A,A,H,-,C,A,0,NA,NA,NA,NA,Y,NA,A,01,0,1,1,0,0,0,0,0,0,-,-,NA,NA,LOS ANGELES,LOS ANGELES,-118.29639714,34.09815
8082758,2016,2017-02-11,1942,2016-06-12,2100,40914,515,7,5,7,1942,0,0,0,NA,0,5A25W3,PACIFIC COAST HWY,MARINE AV,6,W,N,A,-,Y,LA,7,1,-,-,10.607,I,5,S,N,2,0,1,2,A,-,06,21951,NA,F,G,B,B,A,H,-,C,D,0,Y,NA,NA,NA,Y,NA,-,99,1,0,0,0,1,0,0,0,0,-,-,NA,NA,LOS ANGELES,LOS ANGELES,-118.26462847,33.79103046
8082761,2016,2016-07-14,1942,2016-06-10,1135,40873,NA,5,5,7,1942,0,0,0,NA,0,1142,HILLHURST AV,AMBROSE AV,0,NA,Y,A,-,N,NA,NA,NA,NA,NA,NA,NA,NA,NA,N,3,0,1,2,A,-,12,21453,A,N,B,G,A,A,H,-,A,A,0,NA,Y,NA,NA,Y,NA,L,04,0,1,0,0,0,0,1,0,0,-,-,NA,NA,LOS ANGELES,LOS ANGELES,-118.28742002,34.10995001
8082762,2016,2016-07-14,1942,2016-06-07,1340,42076,1364,2,5,7,1942,0,0,0,M,0,13X31,CENTRAL AV,46TH ST,0,NA,Y,A,-,N,NA,NA,NA,NA,NA,NA,NA,NA,NA,N,4,0,1,2,A,-,08,22107,NA,F,B,C,A,A,H,-,A,A,0,NA,NA,NA,NA,Y,NA,-,99,0,0,1,0,0,0,0,0,0,-,-,NA,NA,LOS ANGELES,LOS ANGELES,-118.25649006,34.0020501
8082763,2016,2016-07-15,1900,2016-06-30,0650,520027,2813,4,5,5,1915,0,0,0,NA,0,282T1,ARANBE AV,CHERRY ST,0,NA,Y,A,-,N,NA,NA,NA,NA,NA,NA,NA,NA,NA,N,4,0,1,3,A,-,12,22450,A,N,D,C,A,A,H,-,A,A,0,NA,NA,NA,NA,Y,NA,A,01,0,0,1,0,0,0,0,0,0,-,-,NA,NA,LOS ANGELES,COMPTON,-118.23238007,33.9039701
8082765,2016,2016-07-14,1942,2016-06-07,1415,35978,1177,2,5,7,1942,0,0,0,K,0,A89,SAN FERNANDO RD,CARLETON AV,100,N,N,A,-,N,NA,NA,NA,NA,NA,NA,NA,NA,NA,Y,4,0,1,4,A,-,08,22102,NA,F,-,C,A,A,H,-,A,D,0,NA,NA,NA,NA,Y,NA,-,99,0,0,1,0,0,0,0,0,0,-,-,NA,NA,LOS ANGELES,LOS ANGELES,-118.22739426,34.09062739
8082766,2016,2017-04-01,1942,2016-06-15,1805,40756,0155,3,5,7,1942,0,0,0,A,0,1F2,MAPLE ST,5TH ST,0,NA,Y,A,-,N,NA,NA,NA,NA,NA,NA,NA,NA,NA,N,3,0,1,2,A,-,10,21950,A,F,G,B,B,A,H,-,A,D,0,Y,NA,NA,NA,Y,NA,-,99,0,1,0,0,1,0,0,0,0,-,-,NA,NA,LOS ANGELES,LOS ANGELES,-118.24652005,34.04538004
8082767,2016,2016-07-19,1900,2016-06-25,1059,535052,2820,6,5,5,1915,0,0,0,NA,0,285D,SANTA FE AV,WEBER AV,250,S,N,A,-,N,NA,NA,NA,NA,NA,NA,NA,NA,NA,N,4,0,1,2,A,-,00,21760,A,N,B,G,A,A,H,-,A,D,0,NA,Y,NA,NA,Y,NA,A,01,0,0,1,0,0,0,1,0,0,-,-,NA,NA,LOS ANGELES,COMPTON,-118.21799067,33.91972049
8082769,2016,2016-07-14,1942,2016-06-09,1720,42278,1117,4,5,7,1942,0,0,0,K,0,11A48,EAGLE ROCK BL,WESTDALE AV,140,S,N,A,-,N,NA,NA,NA,NA,NA,NA,NA,NA,NA,Y,4,0,1,2,A,-,07,21658,A,F,B,I,A,A,H,-,A,D,0,NA,NA,NA,NA,Y,Y,-,99,0,0,1,0,0,0,0,0,0,-,-,NA,NA,LOS ANGELES,LOS ANGELES,-118.21723676,34.12887331
8082770,2016,2016-07-14,1942,2016-06-01,1158,38463,0508,3,5,7,1942,0,0,0,E,0,5Z3,SEPULVEDA,LOCKNESS,300,W,N,A,-,N,NA,NA,NA,NA,NA,NA,NA,NA,NA,N,4,0,2,3,A,-,09,21804,A,N,D,C,A,A,H,-,A,D,0,NA,NA,NA,NA,Y,NA,A,07,0,0,2,0,0,0,0,0,0,-,-,NA,NA,LOS ANGELES,LOS ANGELES,-118.30542104,33.81567369
8082773,2016,2017-02-11,1942,2016-06-09,1940,36924,1169,4,5,7,1942,0,0,0,K,0,2T18,AVENUE 57,CARLOTA BL,0,NA,Y,A,-,Y,LA,7,110,-,-,28.301,R,2,S,Y,4,0,1,2,A,-,03,22350,NA,N,D,C,A,A,H,-,B,D,0,NA,NA,NA,NA,Y,NA,-,99,0,0,1,0,0,0,0,0,0,-,-,NA,NA,LOS ANGELES,LOS ANGELES,-118.19232041,34.10325384
8082774,2016,2016-12-10,1942,2016-06-01,1500,37419,0557,3,5,7,1942,0,0,0,E,0,523,GAFFEY ST,5TH ST,0,NA,Y,A,-,N,NA,NA,NA,NA,NA,NA,NA,NA,NA,Y,3,0,1,2,A,-,09,21801,A,N,A,C,A,A,-,-,A,A,0,NA,NA,NA,NA,Y,NA,A,01,0,1,0,0,0,0,0,0,0,-,-,NA,NA,LOS ANGELES,LOS ANGELES,-118.2923301,33.73969008
8082777,2016,2016-07-14,1942,2016-06-16,1600,41478,0745,4,5,7,1942,0,0,0,G,0,7A69,OLYMPIC BL,COCHRAN AV,0,NA,Y,A,-,N,NA,NA,NA,NA,NA,NA,NA,NA,NA,N,3,0,2,2,A,-,09,21801,NA,N,A,C,A,A,H,-,A,A,0,NA,NA,NA,NA,Y,NA,A,01,0,1,1,0,0,0,0,0,0,-,-,NA,NA,LOS ANGELES,LOS ANGELES,-118.34908012,34.0573001
8082778,2016,2016-07-14,1942,2016-06-19,0630,25635,557,7,5,7,1942,0,0,0,NA,0,5A59,1ST ST,GAFFEY ST,267,E,N,A,-,N,NA,NA,NA,NA,NA,NA,NA,NA,NA,Y,3,0,1,3,A,-,01,23152,A,N,A,C,A,A,H,-,A,D,0,NA,NA,NA,NA,Y,Y,A,01,0,1,0,0,0,0,0,0,0,-,-,NA,NA,LOS ANGELES,LOS ANGELES,-118.29144345,33.74331402
8082781,2016,2016-07-14,1942,2016-06-21,2200,41633,0824,2,5,7,1942,0,0,0,H,0,8A1,SUNSET BL,EVANS RD,800,E,N,A,-,N,NA,NA,NA,NA,NA,NA,NA,NA,NA,Y,4,0,1,1,C,-,18,NA,NA,N,H,J,A,A,A,D,D,D,0,NA,NA,NA,NA,Y,NA,-,-,0,0,1,0,0,0,0,0,0,-,-,NA,NA,LOS ANGELES,LOS ANGELES,-118.50911903,34.0496445
8082782,2016,2016-07-14,1942,2016-06-01,2225,38639,0363,3,5,7,1942,0,0,0,C,0,3A63,MARLTON AV,SANTA ROSALIA DR,5,S,N,A,-,N,NA,NA,NA,NA,NA,NA,NA,NA,NA,N,3,0,1,2,A,-,10,21950,A,F,G,B,B,A,H,-,C,A,0,Y,NA,NA,NA,Y,NA,-,99,0,1,0,0,1,0,0,0,0,-,-,NA,NA,LOS ANGELES,LOS ANGELES,-118.33982518,34.01038469
8082785,2016,2016-07-14,1942,2016-06-23,0200,32297,2025,4,5,7,1942,0,0,0,NA,0,20A39,3RD ST,ALEXANDRIA AV,35,W,N,A,-,N,NA,NA,NA,NA,NA,NA,NA,NA,NA,Y,3,0,3,2,A,-,05,21650,NA,N,A,C,A,A,H,-,C,A,0,NA,NA,NA,NA,Y,NA,A,08,0,2,1,0,0,0,0,0,0,-,-,NA,NA,LOS ANGELES,LOS ANGELES,-118.29801533,34.0690283
8082786,2016,2017-02-11,1942,2016-06-18,0600,37947,0519,6,5,7,1942,0,0,0,E,0,5A25,PCH,SANFORD AV,65,E,N,A,-,Y,LA,7,1,-,-,9.84,H,-,S,Y,2,0,2,2,A,-,08,22102,NA,N,D,C,A,A,H,-,A,A,0,NA,NA,NA,NA,Y,NA,A,01,1,0,1,0,0,0,0,0,0,-,-,NA,NA,LOS ANGELES,LOS ANGELES,-118.25081425,33.79083387
8082787,2016,2016-07-27,1942,2016-06-21,2115,40643,0146,2,5,7,1942,0,0,0,A,0,1T11,5TH ST,WALL ST,0,NA,Y,A,-,N,NA,NA,NA,NA,NA,NA,NA,NA,NA,N,4,0,1,2,A,-,12,21453,A,F,D,G,A,A,H,-,C,A,0,NA,Y,NA,NA,Y,NA,-,-,0,0,1,0,0,0,1,0,0,-,-,NA,NA,LOS ANGELES,LOS ANGELES,-118.24581004,34.04491009
8082789,2016,2016-07-14,1942,2016-06-22,0850,39930,2002,3,5,7,1942,0,0,0,NA,0,6TL7,WESTERN AV,MAPLEWOOD AV,24,S,N,A,-,N,NA,NA,NA,NA,NA,NA,NA,NA,NA,Y,4,0,1,2,A,-,08,22107,NA,N,C,E,A,A,H,-,A,D,0,NA,NA,NA,NA,Y,NA,A,01,0,0,1,0,0,0,0,0,0,-,-,NA,NA,LOS ANGELES,LOS ANGELES,-118.30915,34.08021418
8082790,2016,2016-07-14,1942,2016-06-06,1635,39820,508,1,5,7,1942,0,0,0,NA,0,JA12,SEPULVEDA AV,HALLDALE,0,NA,Y,A,-,N,NA,NA,NA,NA,NA,NA,NA,NA,NA,Y,4,0,1,2,A,-,09,21801,A,N,D,C,A,A,H,-,A,D,0,NA,NA,NA,NA,Y,NA,A,01,0,0,1,0,0,0,0,0,0,-,-,NA,NA,LOS ANGELES,LOS ANGELES,-118.30144008,33.81422002