CASE_ID,ACCIDENT_YEAR,PROC_DATE,JURIS,COLLISION_DATE,COLLISION_TIME,OFFICER_ID,REPORTING_DISTRICT,DAY_OF_WEEK,CHP_SHIFT,POPULATION,CNTY_CITY_LOC,SPECIAL_COND,BEAT_TYPE,CHP_BEAT_TYPE,CITY_DIVISION_LAPD,CHP_BEAT_CLASS,BEAT_NUMBER,PRIMARY_RD,SECONDARY_RD,DISTANCE,DIRECTION,INTERSECTION,WEATHER_1,WEATHER_2,STATE_HWY_IND,CALTRANS_COUNTY,CALTRANS_DISTRICT,STATE_ROUTE,ROUTE_SUFFIX,POSTMILE_PREFIX,POSTMILE,LOCATION_TYPE,RAMP_INTERSECTION,SIDE_OF_HWY,TOW_AWAY,COLLISION_SEVERITY,NUMBER_KILLED,NUMBER_INJURED,PARTY_COUNT,PRIMARY_COLL_FACTOR,PCF_CODE_OF_VIOL,PCF_VIOL_CATEGORY,PCF_VIOLATION,PCF_VIOL_SUBSECTION,HIT_AND_RUN,TYPE_OF_COLLISION,MVIW,PED_ACTION,ROAD_SURFACE,ROAD_COND_1,ROAD_COND_2,LIGHTING,CONTROL_DEVICE,CHP_ROAD_TYPE,PEDESTRIAN_ACCIDENT,BICYCLE_ACCIDENT,MOTORCYCLE_ACCIDENT,TRUCK_ACCIDENT,NOT_PRIVATE_PROPERTY,ALCOHOL_INVOLVED,STWD_VEHTYPE_AT_FAULT,CHP_VEHTYPE_AT_FAULT,COUNT_SEVERE_INJ,COUNT_VISIBLE_INJ,COUNT_COMPLAINT_PAIN,COUNT_PED_KILLED,COUNT_PED_INJURED,COUNT_BICYCLIST_KILLED,COUNT_BICYCLIST_INJURED,COUNT_MC_KILLED,COUNT_MC_INJURED,PRIMARY_RAMP,SECONDARY_RAMP,LATITUDE,LONGITUDE,COUNTY,CITY,POINT_X,POINT_Y
8085073,2016,2016-07-27,1947,2016-06-03,1700,1411,NA,5,5,5,1947,0,0,0,NA,0,00B,BEVERLY AV,HOWARD AV,0,NA,Y,A,-,N,NA,NA,NA,NA,NA,NA,NA,NA,NA,N,4,0,2,2,A,-,03,22350,NA,N,C,C,A,A,H,-,A,A,0,NA,NA,NA,NA,Y,NA,A,01,0,0,2,0,0,0,0,0,0,-,-,NA,NA,LOS ANGELES,MONTEBELLO,-118.1101801,34.0180701
8085077,2016,2016-07-27,1947,2016-06-07,1124,1409,NA,2,5,5,1947,0,0,0,NA,0,00C,N POPLAR AV,HARDING AV,62,N,N,A,-,N,NA,NA,NA,NA,NA,NA,NA,NA,NA,NA,3,0,1,2,A,-,08,22103,NA,N,D,C,A,A,H,-,A,D,0,NA,NA,NA,NA,Y,NA,A,01,0,1,0,0,0,0,0,0,0,-,-,34.01543,-118.09753,LOS ANGELES,MONTEBELLO,-118.09803123,34.01383508
8085081,2016,2016-07-27,1947,2016-06-06,1554,1363,NA,1,5,5,1947,0,0,0,NA,0,00A,BEVERLY BL,BRADSHAWE ST,70,E,N,A,-,N,NA,NA,NA,NA,NA,NA,NA,NA,NA,Y,3,0,1,2,A,-,03,22350,NA,N,C,C,A,A,H,-,A,D,0,NA,NA,Y,NA,Y,NA,C,02,0,1,0,0,0,0,0,0,1,-,-,34.02482,-118.14137,LOS ANGELES,MONTEBELLO,-118.14125947,34.02469531
8085085,2016,2016-07-27,1947,2016-06-02,1518,1411,NA,4,5,5,1947,0,0,0,NA,0,00C,WHITTIER BL,5TH ST,0,NA,Y,A,-,N,NA,NA,NA,NA,NA,NA,NA,NA,NA,NA,2,0,1,2,A,-,09,21801,A,N,B,C,A,A,H,-,A,A,0,NA,NA,Y,NA,Y,NA,A,01,1,0,0,0,0,0,0,0,1,-,-,NA,NA,LOS ANGELES,MONTEBELLO,-118.1049701,34.00938006
8085089,2016,2016-07-20,1976,2016-06-23,1312,488,NA,4,5,3,1964,0,0,0,NA,0,NA,CARMENITA RD,TELEGRAPH RD,290,N,N,A,-,N,NA,NA,NA,NA,NA,NA,NA,NA,NA,N,4,0,1,2,A,-,09,21804,A,N,D,C,A,A,H,-,A,D,0,NA,NA,NA,NA,Y,NA,A,01,0,0,1,0,0,0,0,0,0,-,-,NA,NA,LOS ANGELES,SANTA FE SPRINGS,-118.04658,33.94123515
8085090,2016,2016-07-20,1900,2016-06-01,1300,517297,1365,3,5,5,1952,0,0,0,NA,0,136M D,DOWNEY AV,SOMERSET RANCH RD N,0,NA,Y,A,-,N,NA,NA,NA,NA,NA,NA,NA,NA,NA,Y,4,0,3,2,A,-,12,21453,A,N,D,C,A,A,H,-,A,A,0,NA,NA,NA,NA,Y,NA,A,01,0,0,3,0,0,0,0,0,0,-,-,NA,NA,LOS ANGELES,PARAMOUNT,-118.1524601,33.91313012
8085093,2016,2016-07-20,1976,2016-06-03,1427,893,NA,5,5,3,1964,0,0,0,NA,0,003,CARMENITA RD,ROSECRANS AV,9,N,N,A,-,N,NA,NA,NA,NA,NA,NA,NA,NA,NA,N,3,0,1,2,A,-,11,21456,B,N,G,B,B,A,H,-,A,A,0,Y,NA,NA,NA,Y,NA,N,60,0,1,0,0,1,0,0,0,0,-,-,NA,NA,LOS ANGELES,SANTA FE SPRINGS,-118.04665037,33.90250468
8085094,2016,2016-07-20,1900,2016-06-04,2200,543244,1333,6,5,5,1908,0,0,0,NA,0,133T1,WOODRUFF AV,MIDWAY ST,100,S,N,A,-,N,NA,NA,NA,NA,NA,NA,NA,NA,NA,Y,4,0,1,2,A,-,21,22106,NA,N,D,C,A,A,H,-,C,D,0,NA,NA,NA,NA,Y,NA,-,NA,0,0,1,0,0,0,0,0,0,-,-,NA,NA,LOS ANGELES,BELLFLOWER,-118.11733619,33.88343581
8085097,2016,2016-07-20,1976,2016-06-16,1210,748,NA,4,5,3,1964,0,0,0,NA,0,002,FLORENCE AV,RINGWOOD AV,12,W,N,A,-,N,NA,NA,NA,NA,NA,NA,NA,NA,NA,Y,4,0,2,2,A,-,03,22350,NA,N,C,C,A,A,H,-,A,D,0,NA,NA,NA,NA,Y,NA,A,01,0,0,2,0,0,0,0,0,0,-,-,NA,NA,LOS ANGELES,SANTA FE SPRINGS,-118.08452584,33.93529621
8085098,2016,2016-07-20,1900,2016-06-03,0945,551821,1322,5,5,5,1935,0,0,0,NA,0,132T1,SOUTH ST,CANEHILL AV,0,NA,Y,A,-,N,NA,NA,NA,NA,NA,NA,NA,NA,NA,Y,4,0,1,2,A,-,04,21703,NA,N,C,C,A,A,H,-,A,A,0,NA,NA,NA,NA,Y,NA,A,01,0,0,1,0,0,0,0,0,0,-,-,NA,NA,LOS ANGELES,LAKEWOOD,-118.11106014,33.85846004
8085101,2016,2016-07-20,1976,2016-06-13,1413,596,NA,1,5,3,1964,0,0,0,NA,0,001,SANTA FE SPRINGS RD,MCCANN DR,0,NA,Y,A,-,N,NA,NA,NA,NA,NA,NA,NA,NA,NA,Y,4,0,1,2,A,-,09,21801,A,N,D,C,A,A,H,-,A,D,0,NA,NA,NA,NA,Y,NA,A,07,0,0,1,0,0,0,0,0,0,-,-,NA,NA,LOS ANGELES,SANTA FE SPRINGS,-118.06309007,33.9466101
8085102,2016,2016-07-20,1900,2016-06-09,0750,489653,1367,4,5,5,1952,0,0,0,NA,0,136A,GARFIELD AV,MONROE ST,0,NA,Y,A,-,N,NA,NA,NA,NA,NA,NA,NA,NA,NA,Y,4,0,1,2,A,-,09,21802,A,N,D,C,A,A,H,-,A,A,0,NA,NA,NA,NA,Y,NA,A,07,0,0,1,0,0,0,0,0,0,-,-,NA,NA,LOS ANGELES,PARAMOUNT,-118.16876001,33.88725008
8085105,2016,2016-07-20,1976,2016-06-12,0208,206,NA,7,5,3,1964,0,0,0,NA,0,003,SHOEMAKER AV,EXCELSIOR DR,0,NA,Y,A,-,N,NA,NA,NA,NA,NA,NA,NA,NA,NA,Y,3,0,1,1,A,-,01,23152,A,N,E,I,A,A,H,-,C,A,0,NA,NA,NA,NA,Y,Y,A,07,0,1,0,0,0,0,0,0,0,-,-,NA,NA,LOS ANGELES,SANTA FE SPRINGS,-118.05533004,33.89505005
8085106,2016,2016-07-20,1900,2016-06-02,1550,530374,1331,4,5,5,1908,0,0,0,NA,0,133T1,BELLFLOWER BL,ROSECRANS AV,30,N,N,A,-,N,NA,NA,NA,NA,NA,NA,NA,NA,NA,N,4,0,1,2,A,-,09,21801,A,N,D,C,A,A,H,-,A,D,0,NA,NA,NA,NA,Y,NA,A,01,0,0,1,0,0,0,0,0,0,-,-,NA,NA,LOS ANGELES,BELLFLOWER,-118.12533,33.90205226
8085107,2016,2016-07-22,1900,2016-06-10,1507,528504,0331,5,5,4,1939,0,0,0,NA,0,35T1,HAWTHORNE BL,MARINE AV,153,S,N,A,-,N,NA,NA,NA,NA,NA,NA,NA,NA,NA,Y,4,0,1,1,A,-,07,21658,A,M,E,I,A,A,H,-,A,A,0,NA,NA,NA,NA,Y,NA,A,08,0,0,1,0,0,0,0,0,0,-,-,NA,NA,LOS ANGELES,LAWNDALE,-118.35274,33.89422036
8085108,2016,2016-07-19,1976,2016-06-23,1054,409,NA,4,5,5,1976,0,0,0,NA,0,003,MAR VISTA ST,GREENLEAF AV,0,NA,Y,A,-,N,NA,NA,NA,NA,NA,NA,NA,NA,NA,Y,4,0,2,2,A,-,12,21453,A,N,D,C,A,A,H,-,A,A,0,NA,NA,NA,NA,Y,NA,A,01,0,0,2,0,0,0,0,0,0,-,-,NA,NA,LOS ANGELES,WHITTIER,-118.03737,33.97366011
8085109,2016,2016-07-27,1976,2016-06-25,2306,210,NA,6,5,3,1964,0,0,0,NA,0,003,ALONDRA BL,VALLEY VIEW AV,0,NA,Y,A,-,N,NA,NA,NA,NA,NA,NA,NA,NA,NA,Y,4,0,4,2,A,-,12,21453,A,N,D,C,A,A,H,-,C,A,0,NA,NA,NA,NA,Y,NA,-,-,0,0,4,0,0,0,0,0,0,-,-,NA,NA,LOS ANGELES,SANTA FE SPRINGS,-118.02907005,33.88804004
8085110,2016,2016-07-20,1900,2016-06-09,2130,531092,1321,4,5,5,1935,0,0,0,NA,0,132W2,CANDLEWOOD ST,LAKEWOOD BL,25,W,N,A,-,N,NA,NA,NA,NA,NA,NA,NA,NA,NA,Y,3,0,3,2,A,-,09,21801,A,N,A,C,A,A,H,-,C,A,0,NA,NA,NA,NA,Y,NA,A,01,0,1,2,0,0,0,0,0,0,-,-,NA,NA,LOS ANGELES,LAKEWOOD,-118.14265215,33.85382858
8085111,2016,2016-07-19,1900,2016-06-03,0755,530056,0331,5,5,4,1939,0,0,0,NA,0,35T1,154TH ST,EASTWOOD AV,0,NA,Y,A,-,N,NA,NA,NA,NA,NA,NA,NA,NA,NA,N,4,0,1,2,A,-,09,21802,A,N,C,C,A,A,H,-,A,A,0,NA,NA,NA,NA,Y,NA,A,01,0,0,1,0,0,0,0,0,0,-,-,NA,NA,LOS ANGELES,LAWNDALE,-118.34755001,33.89101007
8085112,2016,2016-07-19,1976,2016-06-30,0837,384,NA,4,5,5,1976,0,0,0,NA,0,004,COLIMA RD,EL SONETO DR,168,S,N,A,-,N,NA,NA,NA,NA,NA,NA,NA,NA,NA,N,3,0,1,2,A,-,07,21658,A,N,H,G,A,A,H,-,A,D,0,NA,Y,NA,NA,Y,NA,L,04,0,1,0,0,0,0,1,0,0,-,-,NA,NA,LOS ANGELES,WHITTIER,-118.0051214,33.95099415
8085113,2016,2016-07-20,1976,2016-06-21,1715,418,NA,2,5,3,1964,0,0,0,NA,0,002,HATHAWAY DR,ONTIVEROS PL,273,W,N,A,-,N,NA,NA,NA,NA,NA,NA,NA,NA,NA,Y,3,0,1,1,A,-,08,22107,NA,N,E,I,A,A,H,-,A,D,0,NA,NA,NA,NA,Y,Y,A,07,0,1,0,0,0,0,0,0,0,-,-,NA,NA,LOS ANGELES,SANTA FE SPRINGS,-118.07708641,33.93895777
8085114,2016,2016-07-20,1900,2016-06-09,1525,459600,1320,4,5,5,1935,0,0,0,NA,0,132T2,SOUTH ST,HAYTER AV,375,W,N,A,-,N,NA,NA,NA,NA,NA,NA,NA,NA,NA,Y,3,0,2,2,A,-,09,21804,A,N,D,C,A,A,H,-,A,D,0,NA,NA,NA,NA,Y,NA,A,NA,0,1,1,0,0,0,0,0,0,-,-,NA,NA,LOS ANGELES,LAKEWOOD,-118.14653,33.86042
8085117,2016,2016-07-20,1976,2016-06-21,1120,226,1976,2,5,3,1964,0,0,0,NA,0,001,TELEGRAPH RD,FREEMAN AV,0,NA,Y,A,-,N,NA,NA,NA,NA,NA,NA,NA,NA,NA,Y,4,0,2,2,A,-,08,22100,B,N,C,C,A,A,H,-,A,D,0,NA,NA,NA,NA,Y,NA,A,07,0,0,2,0,0,0,0,0,0,-,-,NA,NA,LOS ANGELES,SANTA FE SPRINGS,-118.05762013,33.94180012
8085120,2016,2016-07-19,1900,2016-06-15,0904,528504,0333,3,5,4,1939,0,0,0,NA,0,35T1,INGLEWOOD AV,160TH ST,0,NA,Y,A,-,N,NA,NA,NA,NA,NA,NA,NA,NA,NA,N,3,0,1,2,A,-,09,21801,A,N,D,C,A,A,H,-,A,A,0,NA,NA,NA,NA,Y,NA,A,01,0,1,0,0,0,0,0,0,0,-,-,NA,NA,LOS ANGELES,LAWNDALE,-118.36136003,33.88544001
8085124,2016,2016-07-19,1976,2016-06-27,1123,722,NA,1,5,3,1964,0,0,0,NA,0,NA,FLORENCE AV,SHOEMAKER AV,0,NA,Y,A,-,N,NA,NA,NA,NA,NA,NA,NA,NA,NA,Y,3,0,2,2,A,-,09,21801,A,N,D,C,A,A,H,-,A,A,0,NA,NA,NA,NA,Y,NA,A,01,0,1,1,0,0,0,0,0,0,-,-,NA,NA,LOS ANGELES,SANTA FE SPRINGS,-118.05523001,33.93527002
8085136,2016,2016-07-19,1976,2016-06-29,0802,377,NA,3,5,3,1964,0,0,0,NA,0,003,VALLEYVIEW AV,GANNET ST,731,S,N,A,-,N,NA,NA,NA,NA,NA,NA,NA,NA,NA,NA,4,0,1,2,A,-,09,21801,A,N,D,C,A,A,H,-,A,D,0,NA,NA,NA,NA,Y,NA,A,01,0,0,1,0,0,0,0,0,0,-,-,NA,NA,LOS ANGELES,SANTA FE SPRINGS,-118.02911994,33.89224579
8085188,2016,2016-08-29,1900,2016-06-12,1945,518218,0334,7,5,4,1939,0,0,0,NA,0,35T1,HAWTHORNE BL,166TH ST,0,NA,Y,A,-,N,NA,NA,NA,NA,NA,NA,NA,NA,NA,Y,4,0,2,2,A,-,12,21453,A,N,B,C,A,A,H,-,A,A,0,NA,NA,NA,NA,Y,NA,A,01,0,0,2,0,0,0,0,0,0,-,-,NA,NA,LOS ANGELES,LAWNDALE,-118.35271013,33.88013009
8085200,2016,2016-08-29,1900,2016-06-18,2220,527068,0331,6,5,4,1939,0,0,0,NA,0,35T1,ROSECRANS AV,HAWTHORNE BL,262,E,N,A,-,N,NA,NA,NA,NA,NA,NA,NA,NA,NA,N,4,0,2,2,A,-,04,21703,NA,F,C,C,A,A,H,-,C,A,0,NA,NA,NA,NA,Y,NA,-,99,0,0,2,0,0,0,0,0,0,-,-,NA,NA,LOS ANGELES,LAWNDALE,-118.35190854,33.90190036
8085211,2016,2016-07-19,1928,2016-07-12,1757,294,529,2,5,5,1928,0,0,0,NA,0,502,CRENSHAW BL,EL SEGUNDO BL,0,NA,Y,A,-,N,NA,NA,NA,NA,NA,NA,NA,NA,NA,Y,4,0,1,2,A,-,09,21801,A,N,D,C,A,A,H,-,A,A,0,NA,NA,NA,NA,Y,NA,A,01,0,0,1,0,0,0,0,0,0,-,-,33.91639,-118.32651,LOS ANGELES,HAWTHORNE,-118.32660012,33.91644005
8085228,2016,2016-07-19,1902,2016-07-08,1526,738,31,5,5,5,1902,0,0,0,NA,0,005,W LEMON AV,HOLLY AV,22,W,N,A,-,N,NA,NA,NA,NA,NA,NA,NA,NA,NA,N,3,0,1,2,A,-,08,22107,NA,N,B,G,A,A,H,-,A,D,0,NA,Y,NA,NA,Y,NA,A,07,0,1,0,0,0,0,1,0,0,-,-,NA,NA,LOS ANGELES,ARCADIA,-118.04576253,34.11827
8085240,2016,2016-07-19,1902,2016-07-10,0710,623,35,7,5,5,1902,0,0,0,NA,0,005,BALDWIN AV,LONGDEN AV,0,NA,Y,A,-,N,NA,NA,NA,NA,NA,NA,NA,NA,NA,Y,4,0,1,2,A,-,12,21453,A,N,D,C,A,A,H,-,A,A,0,NA,NA,NA,NA,Y,NA,A,01,0,0,1,0,0,0,0,0,0,-,-,NA,NA,LOS ANGELES,ARCADIA,-118.05378002,34.11501003
8085244,2016,2016-07-19,1902,2016-07-08,1909,708,11,5,5,5,1902,0,0,0,NA,0,002,HUNTINGTON DR,2ND AV,0,NA,Y,A,-,N,NA,NA,NA,NA,NA,NA,NA,NA,NA,N,4,0,2,2,A,-,12,21453,A,N,D,C,A,A,H,-,A,A,0,NA,NA,NA,NA,Y,NA,A,01,0,0,2,0,0,0,0,0,0,-,-,NA,NA,LOS ANGELES,ARCADIA,-118.02489009,34.14013004
8085251,2016,2016-07-19,1926,2016-07-03,0930,7897,NA,7,5,5,1926,0,0,0,NA,0,002,GRAND AV,FLEETWOOD PL,0,NA,Y,A,-,N,NA,NA,NA,NA,NA,NA,NA,NA,NA,Y,3,0,2,2,A,-,09,21802,A,N,D,C,A,A,H,-,A,D,0,NA,NA,Y,NA,Y,NA,A,01,0,2,0,0,0,0,0,0,1,-,-,NA,NA,LOS ANGELES,GLENDORA,-117.87267011,34.10787002
8085263,2016,2016-09-27,1926,2016-07-02,1935,3300,NA,6,5,5,1926,0,0,0,NA,0,002,RT 66,VECINO AV,386,W,N,A,-,N,NA,NA,NA,NA,NA,NA,NA,NA,NA,N,4,0,1,2,A,-,09,21804,A,N,D,C,A,A,H,-,A,D,0,NA,NA,NA,NA,Y,NA,A,01,0,0,1,0,0,0,0,0,0,-,-,NA,NA,LOS ANGELES,GLENDORA,-117.87828237,34.12878
8085267,2016,2016-07-19,1926,2016-07-08,1438,7570,NA,5,5,5,1926,0,0,0,NA,0,002,GRAND,COLORADO,301,N,N,A,-,N,NA,NA,NA,NA,NA,NA,NA,NA,NA,Y,4,0,1,2,A,-,09,21801,A,N,D,C,A,A,H,-,A,D,0,NA,NA,NA,NA,Y,NA,A,01,0,0,1,0,0,0,0,0,0,-,-,NA,NA,LOS ANGELES,GLENDORA,-117.87272,34.12752514
8085268,2016,2016-07-19,1928,2016-07-07,2116,384,526,4,5,5,1928,0,0,0,NA,0,501,118TH ST,TRURO AV,20,W,N,A,-,N,NA,NA,NA,NA,NA,NA,NA,NA,NA,N,4,0,1,3,A,-,03,22350,NA,N,C,C,A,A,H,-,C,-,0,NA,NA,NA,NA,Y,NA,A,01,0,0,1,0,0,0,0,0,0,-,-,33.92735,-118.35802,LOS ANGELES,HAWTHORNE,-118.3581858,33.92732937
8085271,2016,2016-07-19,1976,2016-07-04,1119,469,NA,1,5,5,1976,0,0,0,NA,0,NA,SANTA FE SPRINGS RD,MCGEE DR,0,NA,Y,A,-,N,NA,NA,NA,NA,NA,NA,NA,NA,NA,Y,3,0,2,3,A,-,09,21802,A,N,D,C,A,A,H,-,A,A,0,NA,NA,NA,NA,Y,NA,A,01,0,1,1,0,0,0,0,0,0,-,-,NA,NA,LOS ANGELES,WHITTIER,-118.04933006,33.96037008
8085272,2016,2016-07-19,1928,2016-07-08,1629,347,516,5,5,5,1928,0,0,0,NA,0,503,PRAIRIE AV,141ST ST,0,NA,Y,A,-,N,NA,NA,NA,NA,NA,NA,NA,NA,NA,N,4,0,1,2,A,-,05,21650,1,N,H,G,A,A,H,-,A,A,0,NA,Y,NA,NA,Y,NA,L,04,0,0,1,0,0,0,1,0,0,-,-,33.90416,-118.34396,LOS ANGELES,HAWTHORNE,-118.34386012,33.90415007
8085291,2016,2016-07-21,1942,2016-07-02,0830,39065,0842,6,5,7,1942,0,0,0,H,0,14T49,WILSHIRE BL,FEDERAL AV,95,W,N,A,-,N,NA,NA,NA,NA,NA,NA,NA,NA,NA,Y,2,0,1,2,A,-,03,22350,NA,N,C,C,A,A,H,-,A,D,0,NA,NA,Y,Y,Y,NA,C,02,1,0,0,0,0,0,0,0,1,-,-,NA,NA,LOS ANGELES,LOS ANGELES,-118.4594193,34.05061198
8085327,2016,2016-07-21,1942,2016-07-05,0640,39317,0521,2,5,7,1942,0,0,0,E,0,18T23,JOHN S GIBSON BL,CHANNEL ST,1765,N,N,B,-,N,NA,NA,NA,NA,NA,NA,NA,NA,NA,Y,2,0,2,1,A,-,03,22350,NA,N,E,I,A,A,H,-,A,D,0,NA,NA,NA,NA,Y,NA,D,22,1,1,0,0,0,0,0,0,0,-,-,NA,NA,LOS ANGELES,LOS ANGELES,-118.28828837,33.75808574
8085332,2016,2016-11-22,1942,2016-06-26,1055,41545,1824,7,5,7,1942,0,0,0,R,0,12T41,CENTURY BL,CENTRAL ST,0,NA,Y,A,-,N,NA,NA,NA,NA,NA,NA,NA,NA,NA,Y,2,0,4,2,A,-,12,21453,A,N,D,C,A,A,H,-,A,A,0,NA,NA,NA,NA,Y,NA,A,01,1,0,3,0,0,0,0,0,0,-,-,NA,NA,LOS ANGELES,LOS ANGELES,-118.25408001,33.94566011
8085336,2016,2016-07-28,1942,2016-06-21,0730,31814,1822,2,5,7,1942,0,0,0,R,0,5TL21,COLDEN AV,MAIN ST,10,W,N,-,-,N,NA,NA,NA,NA,NA,NA,NA,NA,NA,N,3,0,1,2,A,-,09,21801,NA,N,-,-,-,-,-,-,-,-,0,Y,NA,NA,NA,Y,NA,D,22,0,1,0,0,1,0,0,0,0,-,-,NA,NA,LOS ANGELES,LOS ANGELES,-118.27392291,33.94919
8085344,2016,2017-04-01,1942,2016-06-29,1700,42111,LOS A,3,5,7,1942,0,0,0,NA,0,18A1,E MANCHESTER AV,SAN PEDRO,500,E,N,A,-,N,NA,NA,NA,NA,NA,NA,NA,NA,NA,N,4,0,1,2,A,-,03,22350,NA,F,C,C,A,A,H,-,A,D,0,NA,NA,NA,NA,Y,NA,-,99,0,0,1,0,0,0,0,0,0,-,-,NA,NA,LOS ANGELES,LOS ANGELES,-118.2678545,33.96012
8085356,2016,2016-07-26,1942,2016-06-26,0930,37400,1207,7,5,7,1942,0,0,0,L,0,12A45,VERON,HOOVER,0,NA,Y,A,-,N,NA,NA,NA,NA,NA,NA,NA,NA,NA,N,4,0,1,4,A,-,03,22350,NA,F,D,C,A,A,H,-,A,A,0,NA,NA,NA,NA,Y,NA,-,99,0,0,1,0,0,0,0,0,0,-,-,NA,NA,LOS ANGELES,LOS ANGELES,NA,NA
8085360,2016,2016-07-28,1942,2016-06-14,1200,41545,1849,2,5,7,1942,0,0,0,R,0,18T23,WILMINGTON AV,114TH ST,100,S,N,A,-,N,NA,NA,NA,NA,NA,NA,NA,NA,NA,Y,4,0,1,2,A,-,03,22350,NA,N,C,C,A,A,H,-,A,D,0,NA,NA,NA,NA,Y,NA,A,01,0,0,1,0,0,0,0,0,0,-,-,NA,NA,LOS ANGELES,LOS ANGELES,-118.23909638,33.93123581
8085443,2016,2016-07-22,1948,2016-07-07,1613,453,1948,4,5,5,1948,0,0,0,NA,0,001,MONTEREY PASS RD,VAGABOND DR,1431,S,N,A,-,N,NA,NA,NA,NA,NA,NA,NA,NA,NA,N,4,0,1,3,A,-,09,21801,A,N,B,C,A,A,H,-,A,D,0,NA,NA,NA,NA,Y,NA,-,NA,0,0,1,0,0,0,0,0,0,-,-,NA,NA,LOS ANGELES,MONTEREY PARK,-118.15533308,34.05197495
8085447,2016,2016-07-22,1948,2016-06-30,1029,398,1948,4,5,5,1948,0,0,0,NA,0,001,MONTEREY PASS RD,DAVIDSON DR,272,S,N,A,-,N,NA,NA,NA,NA,NA,NA,NA,NA,NA,N,3,0,1,2,A,-,09,21804,A,N,D,C,A,A,H,-,A,D,0,NA,NA,NA,Y,Y,NA,F,24,0,1,0,0,0,0,0,0,0,-,-,NA,NA,LOS ANGELES,MONTEREY PARK,-118.16163622,34.04773041
8085451,2016,2016-07-22,1961,2016-07-13,1815,10402,1961,3,5,3,1961,0,0,0,NA,0,PATROL,GLENOAKS BL,NORTH BRAND BL,0,NA,Y,A,-,N,NA,NA,NA,NA,NA,NA,NA,NA,NA,Y,3,0,2,2,A,-,01,23152,A,N,B,E,A,A,H,-,A,B,0,NA,NA,NA,NA,Y,Y,A,01,0,2,0,0,0,0,0,0,0,-,-,NA,NA,LOS ANGELES,SAN FERNANDO,-118.42889001,34.28993006
8085467,2016,2016-07-26,1961,2016-05-26,0855,7240,NA,4,5,3,1961,0,0,0,NA,0,NA,CHATSWORTH DR,PICO ST,0,NA,Y,A,-,N,NA,NA,NA,NA,NA,NA,NA,NA,NA,Y,4,0,1,2,D,-,00,NA,NA,N,D,C,A,A,H,-,A,A,0,NA,NA,NA,NA,Y,NA,-,-,0,0,1,0,0,0,0,0,0,-,-,NA,NA,LOS ANGELES,SAN FERNANDO,-118.44057002,34.27970004
8085471,2016,2016-07-26,1961,2016-05-10,0600,10388,1961,2,5,3,1961,0,0,0,NA,0,001,HUBBARD AV,4TH ST,49,N,N,B,-,N,NA,NA,NA,NA,NA,NA,NA,NA,NA,N,4,0,4,4,A,-,04,21703,NA,N,C,C,A,A,H,-,A,A,0,NA,NA,NA,NA,Y,NA,A,01,0,0,4,0,0,0,0,0,0,-,-,NA,NA,LOS ANGELES,SAN FERNANDO,-118.4452,34.29416
8085473,2016,2016-07-21,1955,2016-07-11,1942,41138,0014,1,5,6,1955,0,0,0,NA,0,003,REEVES PL,SAN ANTONIO AV,229,E,N,A,-,N,NA,NA,NA,NA,NA,NA,NA,NA,NA,N,3,0,1,2,A,-,11,21954,A,N,G,B,D,A,H,-,A,A,0,Y,NA,NA,NA,Y,NA,N,60,0,1,0,0,1,0,0,0,0,-,-,NA,NA,LOS ANGELES,POMONA,-117.7358959,34.06482073
8085477,2016,2016-07-22,1955,2016-07-03,1501,42150,0026,7,5,6,1955,0,0,0,NA,0,002,GAREY AV,LA VERNE AV,0,NA,Y,A,-,N,NA,NA,NA,NA,NA,NA,NA,NA,NA,Y,4,0,3,2,A,-,12,21453,A,N,D,C,A,A,H,-,A,A,0,NA,NA,NA,NA,Y,NA,A,01,0,0,3,0,0,0,0,0,0,-,-,NA,NA,LOS ANGELES,POMONA,-117.75148005,34.0856001
8085485,2016,2016-07-21,1955,2016-07-09,1033,42194,0035,6,5,6,1955,0,0,0,NA,0,002,GAREY AV,MCKINLEY AV,6,N,N,A,-,N,NA,NA,NA,NA,NA,NA,NA,NA,NA,N,4,0,1,2,A,-,03,22350,NA,N,C,C,A,A,H,-,A,A,0,NA,NA,NA,NA,Y,NA,A,01,0,0,1,0,0,0,0,0,0,-,-,NA,NA,LOS ANGELES,POMONA,-117.75226036,34.07431644
8085489,2016,2016-07-22,1942,2016-07-05,0245,38265,1822,2,5,7,1942,0,0,0,R,0,18A17,CENTURY BL,OLIVE ST,0,NA,Y,A,-,N,NA,NA,NA,NA,NA,NA,NA,NA,NA,Y,3,0,1,2,A,-,09,21801,A,M,D,C,A,A,H,-,C,A,0,NA,NA,NA,NA,Y,NA,A,01,0,1,0,0,0,0,0,0,0,-,-,NA,NA,LOS ANGELES,LOS ANGELES,-118.27916009,33.94555005
8085493,2016,2016-07-22,1942,2016-07-01,1755,36722,1203,5,5,7,1942,0,0,0,L,0,12T73,48TH ST,SAINT ANDREWS PL,0,NA,Y,A,-,N,NA,NA,NA,NA,NA,NA,NA,NA,NA,N,2,0,1,2,A,-,12,21453,A,F,D,C,A,A,H,-,A,A,0,NA,NA,NA,NA,Y,NA,-,99,1,0,0,0,0,0,0,0,0,-,-,NA,NA,LOS ANGELES,LOS ANGELES,-118.31135013,34.00005006
8085497,2016,2016-07-22,1942,2016-07-03,2140,42236,1253,7,5,7,1942,0,0,0,L,0,12A53,S VAN NESS AV,W 76TH ST,0,NA,Y,A,-,N,NA,NA,NA,NA,NA,NA,NA,NA,NA,N,2,0,1,2,A,-,05,21650,1,N,G,G,A,A,H,-,C,A,0,NA,Y,NA,NA,Y,NA,L,04,1,0,0,0,0,0,1,0,0,-,-,NA,NA,LOS ANGELES,LOS ANGELES,-118.31773004,33.97093005