CASE_ID,ACCIDENT_YEAR,PROC_DATE,JURIS,COLLISION_DATE,COLLISION_TIME,OFFICER_ID,REPORTING_DISTRICT,DAY_OF_WEEK,CHP_SHIFT,POPULATION,CNTY_CITY_LOC,SPECIAL_COND,BEAT_TYPE,CHP_BEAT_TYPE,CITY_DIVISION_LAPD,CHP_BEAT_CLASS,BEAT_NUMBER,PRIMARY_RD,SECONDARY_RD,DISTANCE,DIRECTION,INTERSECTION,WEATHER_1,WEATHER_2,STATE_HWY_IND,CALTRANS_COUNTY,CALTRANS_DISTRICT,STATE_ROUTE,ROUTE_SUFFIX,POSTMILE_PREFIX,POSTMILE,LOCATION_TYPE,RAMP_INTERSECTION,SIDE_OF_HWY,TOW_AWAY,COLLISION_SEVERITY,NUMBER_KILLED,NUMBER_INJURED,PARTY_COUNT,PRIMARY_COLL_FACTOR,PCF_CODE_OF_VIOL,PCF_VIOL_CATEGORY,PCF_VIOLATION,PCF_VIOL_SUBSECTION,HIT_AND_RUN,TYPE_OF_COLLISION,MVIW,PED_ACTION,ROAD_SURFACE,ROAD_COND_1,ROAD_COND_2,LIGHTING,CONTROL_DEVICE,CHP_ROAD_TYPE,PEDESTRIAN_ACCIDENT,BICYCLE_ACCIDENT,MOTORCYCLE_ACCIDENT,TRUCK_ACCIDENT,NOT_PRIVATE_PROPERTY,ALCOHOL_INVOLVED,STWD_VEHTYPE_AT_FAULT,CHP_VEHTYPE_AT_FAULT,COUNT_SEVERE_INJ,COUNT_VISIBLE_INJ,COUNT_COMPLAINT_PAIN,COUNT_PED_KILLED,COUNT_PED_INJURED,COUNT_BICYCLIST_KILLED,COUNT_BICYCLIST_INJURED,COUNT_MC_KILLED,COUNT_MC_INJURED,PRIMARY_RAMP,SECONDARY_RAMP,LATITUDE,LONGITUDE,COUNTY,CITY,POINT_X,POINT_Y
8085501,2016,2016-07-22,1942,2016-07-06,0510,31814,0564,3,5,7,1942,0,0,0,E,0,18T23,PALOS VERDES ST,5TH ST,0,NA,Y,A,-,N,NA,NA,NA,NA,NA,NA,NA,NA,NA,Y,2,0,1,2,A,-,10,21950,A,N,G,B,B,A,H,-,C,A,0,Y,NA,NA,NA,Y,NA,A,01,1,0,0,0,1,0,0,0,0,-,-,NA,NA,LOS ANGELES,LOS ANGELES,-118.28138011,33.74030001
8085505,2016,2016-07-22,1942,2016-07-05,1215,35596,1834,2,5,7,1942,0,0,0,R,0,18L50,CENTRAL AV,108TH ST,0,NA,Y,A,-,N,NA,NA,NA,NA,NA,NA,NA,NA,NA,N,4,0,1,2,A,-,09,21801,A,F,D,C,A,A,H,-,A,A,0,NA,NA,NA,NA,Y,NA,-,99,0,0,1,0,0,0,0,0,0,-,-,NA,NA,LOS ANGELES,LOS ANGELES,-118.25419011,33.93826011
8085507,2016,2016-07-22,1953,2016-07-08,1914,5850,1953,5,5,6,1953,0,0,0,NA,0,002,WASHINGTON BL,PALM TER,0,NA,Y,A,-,N,NA,NA,NA,NA,NA,NA,NA,NA,NA,Y,3,0,3,2,A,-,09,21801,A,N,D,C,A,A,H,-,A,D,0,NA,NA,NA,NA,Y,NA,A,01,0,1,2,0,0,0,0,0,0,-,-,NA,NA,LOS ANGELES,PASADENA,-118.13589013,34.16897008
8085513,2016,2016-07-22,1942,2016-07-04,2150,37807,0528,1,5,7,1942,0,0,0,E,0,5T21,PACIFIC COAST HWY,PIONEER AV,0,NA,Y,A,-,N,NA,NA,NA,NA,NA,NA,NA,NA,NA,Y,2,0,1,2,A,-,12,22450,A,N,H,G,A,A,H,-,C,A,0,NA,Y,NA,NA,Y,NA,L,04,1,0,0,0,0,0,1,0,0,-,-,NA,NA,LOS ANGELES,LOS ANGELES,-118.24939009,33.7908601
8085524,2016,2016-07-21,1955,2016-07-09,1223,41971,0005,6,5,6,1955,0,0,0,NA,0,004,TOWNE AV,4TH ST,60,N,N,A,-,N,NA,NA,NA,NA,NA,NA,NA,NA,NA,N,4,0,1,2,A,-,03,22350,NA,N,C,C,A,A,H,-,A,D,0,NA,NA,NA,NA,Y,NA,A,01,0,0,1,0,0,0,0,0,0,-,-,NA,NA,LOS ANGELES,POMONA,-117.7413553,34.0563744
8085571,2016,2016-07-22,1953,2016-07-07,1554,8058,PASAD,4,5,6,1953,0,0,0,NA,0,001,DEL MAR BL,HUDSON AV,60,W,N,A,-,N,NA,NA,NA,NA,NA,NA,NA,NA,NA,Y,4,0,1,2,A,-,03,22350,NA,N,C,C,A,A,H,-,A,A,0,NA,NA,NA,NA,Y,NA,A,01,0,0,1,0,0,0,0,0,0,-,-,NA,NA,LOS ANGELES,PASADENA,-118.13402773,34.14044382
8085625,2016,2016-07-21,1942,2016-06-22,0730,41788,NA,3,5,7,1942,0,0,0,NA,0,12A3,WESTERN,57TH ST,21,S,N,A,-,N,NA,NA,NA,NA,NA,NA,NA,NA,NA,N,4,0,1,2,A,-,04,21703,NA,M,C,C,A,A,H,-,A,D,0,NA,NA,NA,NA,Y,NA,-,99,0,0,1,0,0,0,0,0,0,-,-,NA,NA,LOS ANGELES,LOS ANGELES,-118.30895,33.99092241
8085681,2016,2016-07-21,1961,2016-06-01,1940,0620,NA,3,5,3,1961,0,0,0,NA,0,003,SAN FERNANDO RD,WOLFSKILL ST,0,NA,Y,A,-,N,NA,NA,NA,NA,NA,NA,NA,NA,NA,N,3,0,1,2,A,-,12,21453,A,N,D,C,A,A,H,-,A,A,0,NA,NA,NA,NA,Y,NA,-,NA,0,1,0,0,0,0,0,0,0,-,-,NA,NA,LOS ANGELES,SAN FERNANDO,-118.43804002,34.27950009
8085683,2016,2016-07-22,1965,2016-07-03,1833,3764,0B2E,7,5,5,1965,0,0,0,NA,0,B002,PICO BL,24TH ST,93,W,N,A,-,N,NA,NA,NA,NA,NA,NA,NA,NA,NA,Y,3,0,1,2,A,-,09,21804,A,N,D,C,A,A,H,-,A,D,0,NA,NA,NA,NA,Y,NA,A,01,0,1,0,0,0,0,0,0,0,-,-,NA,NA,LOS ANGELES,SANTA MONICA,-118.46486948,34.02193437
8085684,2016,2016-07-22,1961,2016-07-01,1715,10334,3,5,5,3,1961,0,0,0,NA,0,003,BRAND BL,HOLLISTER ST,0,NA,Y,A,-,N,NA,NA,NA,NA,NA,NA,NA,NA,NA,Y,4,0,4,2,A,-,12,21453,A,N,D,C,A,A,H,-,A,A,0,NA,NA,NA,NA,Y,NA,-,NA,0,0,4,0,0,0,0,0,0,-,-,NA,NA,LOS ANGELES,SAN FERNANDO,-118.44273009,34.27958001
8085685,2016,2016-07-21,1961,2016-06-01,1652,7240,1,3,5,3,1961,0,0,0,NA,0,001,NORTH MACLAY AV,GLENOAKS BL,0,NA,Y,A,-,N,NA,NA,NA,NA,NA,NA,NA,NA,NA,Y,3,0,3,2,D,-,00,NA,NA,N,A,C,A,A,H,-,A,A,0,NA,NA,NA,NA,Y,NA,-,-,0,2,1,0,0,0,0,0,0,-,-,NA,NA,LOS ANGELES,SAN FERNANDO,-118.43037008,34.29131
8085687,2016,2016-07-22,1965,2016-07-02,0805,3178,B4E,6,5,5,1965,0,0,0,NA,0,B004,WASHINGTON AV,11TH ST,0,NA,Y,A,-,N,NA,NA,NA,NA,NA,NA,NA,NA,NA,N,3,0,1,2,A,-,12,22450,A,N,D,G,A,A,H,-,A,A,0,NA,Y,NA,NA,Y,NA,A,01,0,1,0,0,0,0,1,0,0,-,-,NA,NA,LOS ANGELES,SANTA MONICA,-118.49491014,34.02722001
8085688,2016,2016-07-22,1961,2016-07-04,1845,3060,1961,1,5,3,1961,0,0,0,NA,0,2127,GLENOAKS BL,HUBBARD AV,197,E,N,A,-,N,NA,NA,NA,NA,NA,NA,NA,NA,NA,N,3,0,4,2,A,-,01,23152,A,N,C,C,A,A,H,-,A,D,0,NA,NA,NA,NA,Y,Y,-,NA,0,1,3,0,0,0,0,0,0,-,-,NA,NA,LOS ANGELES,SAN FERNANDO,-118.43877624,34.29910249
8085692,2016,2016-07-28,1953,2016-07-08,1208,0211,PASAD,5,5,6,1953,0,0,0,NA,0,004,ARROYO BL,NORWOOD DR,20,S,N,A,-,N,NA,NA,NA,NA,NA,NA,NA,NA,NA,N,4,0,1,1,A,-,03,22350,NA,N,A,I,A,A,H,-,A,A,0,NA,Y,NA,NA,Y,NA,L,04,0,0,1,0,0,0,1,0,0,-,-,NA,NA,LOS ANGELES,PASADENA,-118.16585817,34.13839254
8085696,2016,2016-07-22,1948,2016-07-03,1637,398,1948,7,5,5,1948,0,0,0,NA,0,004,GARVEY AV,ORANGE AV,0,NA,Y,A,-,N,NA,NA,NA,NA,NA,NA,NA,NA,NA,Y,4,0,1,3,A,-,03,22350,NA,N,D,C,A,A,H,-,A,A,0,NA,NA,NA,NA,Y,NA,A,01,0,0,1,0,0,0,0,0,0,-,-,NA,NA,LOS ANGELES,MONTEREY PARK,-118.11298008,34.06260003
8085700,2016,2016-08-10,1948,2016-07-09,0601,438,1948,6,5,5,1948,0,0,0,NA,0,003,POMONA BL,GARFIELD AV,12,E,N,A,-,N,NA,NA,NA,NA,NA,NA,NA,NA,NA,Y,4,0,2,2,A,-,12,21453,A,N,D,C,A,A,H,-,A,A,0,NA,NA,NA,NA,Y,NA,-,-,0,0,2,0,0,0,0,0,0,-,-,NA,NA,LOS ANGELES,MONTEREY PARK,-118.13007048,34.03358
8085704,2016,2016-07-22,1953,2016-07-08,2115,2941,1953,5,5,6,1953,0,0,0,NA,0,002,LAKE AV,VILLA ST,285,S,N,A,-,N,NA,NA,NA,NA,NA,NA,NA,NA,NA,Y,4,0,1,2,A,-,03,22350,NA,N,C,C,A,A,H,-,C,A,0,NA,NA,NA,NA,Y,NA,A,07,0,0,1,0,0,0,0,0,0,-,-,NA,NA,LOS ANGELES,PASADENA,-118.13248427,34.15349243
8085705,2016,2016-07-21,1961,2016-06-04,1655,10281,1961,6,5,3,1961,0,0,0,NA,0,001,S HUNTINGTON ST,HOLLISTER ST,0,NA,Y,A,-,N,NA,NA,NA,NA,NA,NA,NA,NA,NA,N,4,0,1,2,D,-,00,NA,NA,N,H,G,A,A,H,-,A,D,0,NA,Y,NA,NA,Y,NA,-,-,0,0,1,0,0,0,1,0,0,-,-,NA,NA,LOS ANGELES,SAN FERNANDO,-118.44931012,34.28571002
8085708,2016,2016-07-22,1942,2016-07-07,2130,25495,0645,4,5,7,1942,0,0,0,F,0,7T23,ORANGE DR,FRANKLIN AV,22,S,N,A,-,N,NA,NA,NA,NA,NA,NA,NA,NA,NA,N,4,0,2,2,A,-,01,23152,A,N,C,C,A,A,H,-,C,D,0,NA,NA,NA,NA,Y,Y,A,01,0,0,2,0,0,0,0,0,0,-,-,NA,NA,LOS ANGELES,LOS ANGELES,-118.34174911,34.10407967
8085709,2016,2016-07-21,1961,2016-06-24,1630,10241,2,5,5,3,1961,0,0,0,NA,0,002,TRUMAN ST,WORKMAN ST,0,NA,Y,A,-,N,NA,NA,NA,NA,NA,NA,NA,NA,NA,N,4,0,1,2,A,-,03,22350,A,N,C,C,A,A,H,-,A,D,0,NA,NA,NA,NA,Y,NA,-,NA,0,0,1,0,0,0,0,0,0,-,-,NA,NA,LOS ANGELES,SAN FERNANDO,-118.44494003,34.28686001
8085713,2016,2016-07-21,1961,2016-06-09,1215,10402,1961,4,5,3,1961,0,0,0,NA,0,PATROL,CELIS ST,BRAND BL,0,NA,Y,A,-,N,NA,NA,NA,NA,NA,NA,NA,NA,NA,N,4,0,1,2,A,-,12,21453,A,N,D,C,A,A,H,-,A,C,0,NA,NA,NA,NA,Y,NA,A,01,0,0,1,0,0,0,0,0,0,-,-,NA,NA,LOS ANGELES,SAN FERNANDO,-118.44081013,34.28099012
8085714,2016,2016-07-22,1955,2016-06-30,0454,42254,0007,4,5,6,1955,0,0,0,NA,0,003,HOLT AV,PALOMARES ST,0,NA,Y,A,-,N,NA,NA,NA,NA,NA,NA,NA,NA,NA,N,3,0,1,2,A,-,11,21954,A,N,G,B,E,A,H,-,C,A,0,Y,NA,NA,NA,Y,Y,N,60,0,1,0,0,1,0,0,0,0,-,-,NA,NA,LOS ANGELES,POMONA,-117.74596004,34.0624901
8085716,2016,2016-07-22,1948,2016-07-01,1340,453,1948,5,5,5,1948,0,0,0,NA,0,001,AVENIDA CESAR CHAVEZ,WESCOTT AV,0,NA,Y,A,-,N,NA,NA,NA,NA,NA,NA,NA,NA,NA,N,4,0,1,2,A,-,10,21950,A,M,G,B,B,A,H,-,A,A,0,Y,NA,NA,NA,Y,NA,-,NA,0,0,1,0,1,0,0,0,0,-,-,NA,NA,LOS ANGELES,MONTEREY PARK,-118.15339004,34.04066006
8085717,2016,2016-07-21,1961,2016-06-08,1755,3060,1961,3,5,3,1961,0,0,0,NA,0,2L27,NORTH MACLAY AV,TRUMAN ST,0,NA,Y,A,-,N,NA,NA,NA,NA,NA,NA,NA,NA,NA,N,4,0,1,2,A,-,09,21801,A,N,D,C,A,A,H,-,A,A,0,NA,NA,NA,NA,Y,NA,-,NA,0,0,1,0,0,0,0,0,0,-,-,NA,NA,LOS ANGELES,SAN FERNANDO,-118.44100003,34.28351011
8085720,2016,2016-07-22,1948,2016-07-02,1051,448,1948,6,5,5,1948,0,0,0,NA,0,004,GARFIELD AV,GRAVES AV,17,N,N,A,-,N,NA,NA,NA,NA,NA,NA,NA,NA,NA,Y,3,0,2,2,A,-,09,21800,A,N,A,C,A,A,H,-,A,A,0,NA,NA,NA,NA,Y,NA,-,NA,0,2,0,0,0,0,0,0,0,-,-,NA,NA,LOS ANGELES,MONTEREY PARK,-118.12580896,34.0552288
8085721,2016,2016-07-21,1961,2016-06-08,1540,10388,2,3,5,3,1961,0,0,0,NA,0,002,5TH ST,EDISON POST 4832011E,1,E,N,A,-,N,NA,NA,NA,NA,NA,NA,NA,NA,NA,N,4,0,1,3,A,-,01,23152,E,N,C,D,A,A,H,-,A,D,0,NA,NA,NA,NA,Y,NA,A,01,0,0,1,0,0,0,0,0,0,-,-,NA,NA,LOS ANGELES,SAN FERNANDO,NA,NA
8085724,2016,2016-07-22,1948,2016-07-01,1645,356,1948,5,5,5,1948,0,0,0,NA,0,022,HELLMAN AV,ALHAMBRA AV,15,W,N,A,-,N,NA,NA,NA,NA,NA,NA,NA,NA,NA,N,4,0,1,2,A,-,03,22350,NA,M,C,C,A,A,H,-,A,A,0,NA,NA,NA,NA,Y,NA,-,NA,0,0,1,0,0,0,0,0,0,-,-,NA,NA,LOS ANGELES,MONTEREY PARK,-118.11687942,34.06977961
8085725,2016,2016-07-21,1961,2016-06-11,1430,6490,1961,6,5,3,1961,0,0,0,NA,0,003,SAN FERNANDO MISSION BL,PICO ST,0,NA,Y,B,-,N,NA,NA,NA,NA,NA,NA,NA,NA,NA,Y,2,0,3,2,A,-,01,23153,A,N,D,C,A,A,H,-,A,A,0,NA,NA,NA,NA,Y,Y,-,NA,2,0,1,0,0,0,0,0,0,-,-,NA,NA,LOS ANGELES,SAN FERNANDO,-118.44429014,34.28320008
8085728,2016,2016-07-22,1948,2016-07-03,0204,452,1948,7,5,5,1948,0,0,0,NA,0,001,AVENIDA CESAR CHAVEZ,SCHOOLSIDE AV,10,E,N,A,-,N,NA,NA,NA,NA,NA,NA,NA,NA,NA,N,4,0,1,2,A,-,08,22107,NA,M,D,C,A,A,-,-,C,A,0,NA,NA,Y,NA,Y,NA,C,02,0,0,1,0,0,0,0,0,1,-,-,NA,NA,LOS ANGELES,MONTEREY PARK,-118.15046011,34.03999847
8085729,2016,2016-07-27,1948,2016-06-26,0235,450,1948,7,5,5,1948,0,0,0,NA,0,003,ATLANTIC BL,UNNAMED INTERSECTION,34,S,N,A,-,N,NA,NA,NA,NA,NA,NA,NA,NA,NA,Y,4,0,1,2,A,-,01,23153,A,F,C,C,A,A,H,-,C,A,0,NA,NA,NA,NA,Y,Y,-,NA,0,0,1,0,0,0,0,0,0,-,-,NA,NA,LOS ANGELES,MONTEREY PARK,NA,NA
8085733,2016,2016-07-27,1942,2016-06-30,1215,37243,2005,4,5,7,1942,0,0,0,NA,0,20A13,BEVERLY BL,SERRANO AV,0,NA,Y,A,-,N,NA,NA,NA,NA,NA,NA,NA,NA,NA,Y,3,0,1,2,A,-,09,21802,A,F,D,C,A,A,H,-,A,A,0,NA,NA,Y,NA,Y,NA,A,01,0,1,0,0,0,0,0,0,1,-,-,NA,NA,LOS ANGELES,LOS ANGELES,-118.30691007,34.07625002
8085737,2016,2016-07-21,1942,2016-06-22,2150,32427,1251,3,5,7,1942,0,0,0,L,0,12A15,68TH ST,10TH AV,28,W,N,A,-,N,NA,NA,NA,NA,NA,NA,NA,NA,NA,N,4,0,1,2,A,-,12,22450,A,F,A,C,A,A,H,-,C,-,0,NA,NA,NA,NA,Y,NA,-,99,0,0,1,0,0,0,0,0,0,-,-,NA,NA,LOS ANGELES,LOS ANGELES,-118.32795,33.97732
8085740,2016,2016-07-22,1942,2016-07-03,2040,39624,0769,7,5,7,1942,0,0,0,G,0,20TL59,PICO BL,ARLINGTON AV,66,W,N,A,-,N,NA,NA,NA,NA,NA,NA,NA,NA,NA,Y,4,0,1,3,A,-,03,22350,A,F,C,E,A,A,H,-,D,D,0,NA,NA,NA,NA,Y,NA,A,01,0,0,1,0,0,0,0,0,0,-,-,NA,NA,LOS ANGELES,LOS ANGELES,-118.31782746,34.04718
8085741,2016,2016-07-21,1948,2016-06-24,1038,398,1948,5,5,5,1948,0,0,0,NA,0,002,HELLMAN AV,NEW AV,0,NA,Y,A,-,N,NA,NA,NA,NA,NA,NA,NA,NA,NA,NA,4,0,1,2,A,-,05,21202,A,N,D,G,A,A,H,-,A,A,0,NA,Y,NA,NA,Y,NA,L,04,0,0,1,0,0,0,1,0,0,-,-,NA,NA,LOS ANGELES,MONTEREY PARK,-118.10815,34.06984003
8085749,2016,2016-07-21,1942,2016-06-10,1300,42282,4203,5,5,7,1942,0,0,0,NA,0,3A41,54TH ST,NORMANDIE AV,0,NA,Y,A,-,N,NA,NA,NA,NA,NA,NA,NA,NA,NA,Y,4,0,1,2,A,-,12,21453,A,F,B,C,A,A,H,-,A,A,0,NA,NA,NA,NA,Y,NA,-,99,0,0,1,0,0,0,0,0,0,-,-,NA,NA,LOS ANGELES,LOS ANGELES,-118.30021008,33.993230080000004
8085752,2016,2016-07-26,1942,2016-07-09,2300,25495,0774,6,5,7,1942,0,0,0,G,0,7T23,WASHINGTON BL,ALSACE AV,51,W,N,A,-,N,NA,NA,NA,NA,NA,NA,NA,NA,NA,Y,2,0,3,2,A,-,05,21651,A,F,A,C,A,A,H,-,C,A,0,NA,NA,NA,NA,Y,NA,A,07,3,0,0,0,0,0,0,0,0,-,-,NA,NA,LOS ANGELES,LOS ANGELES,-118.3519257,34.0410932
8085753,2016,2016-07-21,1942,2016-06-20,2120,34871,1255,1,5,7,1942,0,0,0,L,0,12L90,NORMANDIE,FLORENCE,0,NA,Y,A,-,N,NA,NA,NA,NA,NA,NA,NA,NA,NA,N,4,0,1,2,A,-,03,22350,NA,F,C,C,A,A,H,-,C,A,0,NA,NA,NA,NA,Y,NA,-,99,0,0,1,0,0,0,0,0,0,-,-,NA,NA,LOS ANGELES,LOS ANGELES,-118.30030013,33.9745801
8085756,2016,2016-07-22,1942,2016-07-05,0933,41710,0817,2,5,7,1942,0,0,0,H,0,8A29,GAYLEY AV,WILSHIRE BL,0,NA,Y,A,-,N,NA,NA,NA,NA,NA,NA,NA,NA,NA,N,3,0,1,2,A,-,10,21950,A,F,G,B,B,A,H,-,A,A,0,Y,NA,NA,NA,Y,NA,-,99,0,1,0,0,1,0,0,0,0,-,-,NA,NA,LOS ANGELES,LOS ANGELES,-118.44552001,34.05833005
8085757,2016,2016-07-21,1942,2016-06-18,1615,38279,1205,6,5,7,1942,0,0,0,L,0,12X55,SLAUSON,BROADWAY,200,W,N,A,-,N,NA,NA,NA,NA,NA,NA,NA,NA,NA,N,4,0,1,2,A,-,04,21703,NA,F,C,C,A,A,H,-,A,A,0,NA,NA,NA,NA,Y,NA,-,99,0,0,1,0,0,0,0,0,0,-,-,NA,NA,LOS ANGELES,LOS ANGELES,-118.27895835,33.98917
8085760,2016,2016-07-22,1942,2016-07-03,2150,42005,0807,7,5,7,1942,0,0,0,H,0,8A29,CIELO DR,BELLA DR,0,N,N,A,-,N,NA,NA,NA,NA,NA,NA,NA,NA,NA,N,3,0,1,2,A,-,11,21954,A,F,G,B,E,A,-,-,C,D,0,Y,NA,NA,NA,Y,Y,N,60,0,1,0,0,1,0,0,0,0,-,-,NA,NA,LOS ANGELES,LOS ANGELES,-118.43512004,34.09605002
8085761,2016,2016-07-26,1953,2016-07-04,0215,7035,1953,1,5,6,1953,0,0,0,NA,0,002,EL MOLINO AV,WOODBURY RD,225,S,N,A,-,N,NA,NA,NA,NA,NA,NA,NA,NA,NA,Y,4,0,1,1,A,-,03,22350,NA,N,A,I,A,A,H,-,C,D,0,NA,NA,NA,NA,Y,Y,A,08,0,0,1,0,0,0,0,0,0,-,-,NA,NA,LOS ANGELES,PASADENA,-118.13711746,34.17857774
8085767,2016,2016-07-22,1953,2016-07-01,1833,7868,1953,5,5,6,1953,0,0,0,NA,0,003,UNION ST,MAR VISTA AV,0,NA,Y,A,-,N,NA,NA,NA,NA,NA,NA,NA,NA,NA,Y,3,0,5,2,A,-,12,22450,NA,N,D,C,A,A,H,-,A,D,0,NA,NA,NA,NA,Y,NA,A,71,0,1,4,0,0,0,0,0,0,-,-,NA,NA,LOS ANGELES,PASADENA,-118.12671013,34.14812006
8085771,2016,2016-07-26,1953,2016-07-06,2341,3722,PASAD,3,5,6,1953,0,0,0,NA,0,001,PASADENA AV,GLENARM ST,30,S,N,A,-,N,NA,NA,NA,NA,NA,NA,NA,NA,NA,Y,4,0,3,2,A,-,04,21703,NA,N,C,C,A,A,H,-,C,A,0,NA,NA,NA,NA,Y,NA,A,01,0,0,3,0,0,0,0,0,0,-,-,NA,NA,LOS ANGELES,PASADENA,-118.15462137,34.12742805
8085774,2016,2016-07-27,1900,2016-06-16,1025,600904,1335,4,5,5,1908,0,0,0,NA,0,133T2,DOWNEY AV,CEDAR ST,75,N,N,A,-,N,NA,NA,NA,NA,NA,NA,NA,NA,NA,Y,3,0,4,3,A,-,03,22350,NA,N,C,C,A,A,H,-,A,D,0,NA,NA,NA,NA,Y,NA,D,22,0,1,3,0,0,0,0,0,0,-,-,NA,NA,LOS ANGELES,BELLFLOWER,-118.15129,33.87126567
8085798,2016,2017-02-04,1900,2016-06-10,2140,532457,1327,5,5,5,1935,0,0,0,NA,0,132T2,CARSON TOWN CTR,RT 605,16,W,N,A,-,Y,LA,7,605,-,R,1.955,R,4,S,N,2,0,1,2,A,-,10,21950,A,F,G,B,B,A,H,-,C,A,0,Y,NA,NA,NA,Y,NA,D,22,1,0,0,0,1,0,0,0,0,-,SF,NA,NA,LOS ANGELES,LAKEWOOD,-118.085883,33.831489
8085810,2016,2016-07-22,1900,2016-06-11,1238,526288,1332,6,5,5,1908,0,0,0,NA,0,133T1,SOMERSET BL,TOUCHWOOD AV,66,E,N,A,-,N,NA,NA,NA,NA,NA,NA,NA,NA,NA,Y,3,0,1,2,A,-,09,21804,A,N,D,C,A,A,H,-,A,D,0,NA,NA,NA,NA,Y,NA,D,22,0,1,0,0,0,0,0,0,0,-,-,NA,NA,LOS ANGELES,BELLFLOWER,-118.13801297,33.89654
8085826,2016,2016-07-22,1900,2016-06-16,1622,437712,1328,4,5,5,1935,0,0,0,NA,0,132T1,PIONEER BL,208TH ST,0,NA,Y,A,-,N,NA,NA,NA,NA,NA,NA,NA,NA,NA,Y,4,0,2,2,A,-,09,21802,A,N,A,C,A,A,H,-,A,D,0,NA,NA,NA,NA,Y,NA,E,NA,0,0,2,0,0,0,0,0,0,-,-,NA,NA,LOS ANGELES,LAKEWOOD,-118.08201002,33.84144011
8085829,2016,2016-07-22,1925,2016-07-11,2057,22000,252,1,5,6,1925,0,0,0,NA,0,003,E COLORADO ST,CEDAR ST,0,NA,Y,A,-,N,NA,NA,NA,NA,NA,NA,NA,NA,NA,N,3,0,1,2,A,-,10,21950,A,N,G,B,B,A,H,-,C,A,0,Y,NA,NA,NA,Y,NA,A,01,0,1,0,0,1,0,0,0,0,-,-,NA,NA,LOS ANGELES,GLENDALE,-118.24399004,34.14265008
8085830,2016,2016-07-26,1953,2016-07-05,0532,3595,NA,2,5,6,1953,0,0,0,NA,0,002,LAKE AV,BELL ST,100,N,N,A,-,N,NA,NA,NA,NA,NA,NA,NA,NA,NA,Y,4,0,1,1,A,-,03,22350,NA,M,E,I,A,A,H,-,B,D,0,NA,NA,Y,NA,Y,NA,C,02,0,0,1,0,0,0,0,0,1,-,-,NA,NA,LOS ANGELES,PASADENA,-118.13247558,34.16364395
8085833,2016,2016-07-22,1925,2016-07-12,1207,21097,235,2,5,6,1925,0,0,0,NA,0,004,MARYLAND AV,CALIFORNIA AV,156,S,N,A,-,N,NA,NA,NA,NA,NA,NA,NA,NA,NA,N,3,0,1,2,A,-,17,22517,NA,N,B,G,A,A,H,-,A,D,0,NA,Y,NA,NA,Y,NA,A,01,0,1,0,0,0,0,1,0,0,-,-,NA,NA,LOS ANGELES,GLENDALE,-118.25376459,34.14948221
8085834,2016,2016-07-26,1953,2016-07-05,1706,3136,1953,2,5,6,1953,0,0,0,NA,0,002,NORTH LOS ROBLES AV,BUCKEYE ST,150,N,N,A,-,N,NA,NA,NA,NA,NA,NA,NA,NA,NA,N,4,0,3,2,A,-,09,21804,A,N,-,C,A,A,H,-,A,D,0,NA,NA,NA,NA,Y,NA,-,-,0,0,3,0,0,0,0,0,0,-,-,NA,NA,LOS ANGELES,PASADENA,-118.14156381,34.1601413
8085835,2016,2016-07-22,1942,2016-07-15,0100,40488,2023,5,5,7,1942,0,0,0,NA,0,20A45,ARDMORE AV,4TH ST,215,S,N,A,-,N,NA,NA,NA,NA,NA,NA,NA,NA,NA,Y,4,0,1,5,A,-,01,23152,A,N,B,E,A,A,H,-,C,A,0,NA,NA,NA,NA,Y,Y,A,01,0,0,1,0,0,0,0,0,0,-,-,NA,NA,LOS ANGELES,LOS ANGELES,-118.30159363,34.06661037
8085837,2016,2016-07-22,1925,2016-07-13,0924,21605,265,3,5,6,1925,0,0,0,NA,0,003,COLORADO ST,CENTRAL AV,0,NA,Y,A,-,N,NA,NA,NA,NA,NA,NA,NA,NA,NA,N,3,0,1,2,A,-,10,21950,A,N,G,B,B,A,H,-,C,A,0,Y,NA,NA,NA,Y,NA,A,01,0,1,0,0,1,0,0,0,0,-,-,NA,NA,LOS ANGELES,GLENDALE,-118.25787011,34.1425401
8085838,2016,2016-07-26,1953,2016-07-06,0951,3165,NA,3,5,6,1953,0,0,0,NA,0,003,ALLEN ST,MAPLE ST,0,NA,Y,A,-,N,NA,NA,NA,NA,NA,NA,NA,NA,NA,Y,4,0,1,2,A,-,12,21453,A,N,-,C,A,A,H,-,A,A,0,NA,NA,NA,NA,Y,NA,A,01,0,0,1,0,0,0,0,0,0,-,-,NA,NA,LOS ANGELES,PASADENA,-118.1132101,34.15295002
8085842,2016,2016-07-22,1925,2016-07-07,2037,21323,274,4,5,6,1925,0,0,0,NA,0,003,SAN FERNANDO RD,LOS FELIZ RD,0,NA,Y,A,-,N,NA,NA,NA,NA,NA,NA,NA,NA,NA,N,4,0,2,2,A,-,09,21801,A,N,D,C,A,A,H,-,E,A,0,NA,NA,NA,NA,Y,NA,A,NA,0,0,2,0,0,0,0,0,0,-,-,NA,NA,LOS ANGELES,GLENDALE,-118.25924005,34.12833005