CASE_ID,ACCIDENT_YEAR,PROC_DATE,JURIS,COLLISION_DATE,COLLISION_TIME,OFFICER_ID,REPORTING_DISTRICT,DAY_OF_WEEK,CHP_SHIFT,POPULATION,CNTY_CITY_LOC,SPECIAL_COND,BEAT_TYPE,CHP_BEAT_TYPE,CITY_DIVISION_LAPD,CHP_BEAT_CLASS,BEAT_NUMBER,PRIMARY_RD,SECONDARY_RD,DISTANCE,DIRECTION,INTERSECTION,WEATHER_1,WEATHER_2,STATE_HWY_IND,CALTRANS_COUNTY,CALTRANS_DISTRICT,STATE_ROUTE,ROUTE_SUFFIX,POSTMILE_PREFIX,POSTMILE,LOCATION_TYPE,RAMP_INTERSECTION,SIDE_OF_HWY,TOW_AWAY,COLLISION_SEVERITY,NUMBER_KILLED,NUMBER_INJURED,PARTY_COUNT,PRIMARY_COLL_FACTOR,PCF_CODE_OF_VIOL,PCF_VIOL_CATEGORY,PCF_VIOLATION,PCF_VIOL_SUBSECTION,HIT_AND_RUN,TYPE_OF_COLLISION,MVIW,PED_ACTION,ROAD_SURFACE,ROAD_COND_1,ROAD_COND_2,LIGHTING,CONTROL_DEVICE,CHP_ROAD_TYPE,PEDESTRIAN_ACCIDENT,BICYCLE_ACCIDENT,MOTORCYCLE_ACCIDENT,TRUCK_ACCIDENT,NOT_PRIVATE_PROPERTY,ALCOHOL_INVOLVED,STWD_VEHTYPE_AT_FAULT,CHP_VEHTYPE_AT_FAULT,COUNT_SEVERE_INJ,COUNT_VISIBLE_INJ,COUNT_COMPLAINT_PAIN,COUNT_PED_KILLED,COUNT_PED_INJURED,COUNT_BICYCLIST_KILLED,COUNT_BICYCLIST_INJURED,COUNT_MC_KILLED,COUNT_MC_INJURED,PRIMARY_RAMP,SECONDARY_RAMP,LATITUDE,LONGITUDE,COUNTY,CITY,POINT_X,POINT_Y
8088206,2016,2016-08-29,1942,2016-06-17,1725,39578,1705,5,5,7,1942,0,0,0,Q,0,17X82,SESNON ST,BALBOA BL,0,NA,Y,A,-,N,NA,NA,NA,NA,NA,NA,NA,NA,NA,N,4,0,2,2,A,-,03,22350,NA,N,C,C,A,A,H,-,A,A,0,NA,NA,NA,NA,Y,NA,A,01,0,0,2,0,0,0,0,0,0,-,-,NA,NA,LOS ANGELES,LOS ANGELES,-118.50179003,34.31036005
8088207,2016,2016-07-28,1942,2016-06-13,0250,42328,1727,1,5,7,1942,0,0,0,Q,0,1727,TAMPA AV,CHATSWORTH ST,150,N,N,A,-,N,NA,NA,NA,NA,NA,NA,NA,NA,NA,Y,3,0,1,1,A,-,03,22350,NA,N,E,J,A,A,H,-,C,A,0,NA,NA,NA,NA,Y,NA,A,01,0,1,0,0,0,0,0,0,0,-,-,NA,NA,LOS ANGELES,LOS ANGELES,-118.55528,34.26667148
8088208,2016,2016-07-28,1942,2016-06-11,2155,30851,1729,6,5,7,1942,0,0,0,Q,0,17X66,BALBOA BL,SAN FERNANDO MISSION,500,N,N,A,-,N,NA,NA,NA,NA,NA,NA,NA,NA,NA,Y,3,0,1,4,B,-,22,NA,NA,N,A,C,A,A,H,-,C,A,0,NA,NA,NA,NA,Y,NA,A,01,0,1,0,0,0,0,0,0,0,-,-,NA,NA,LOS ANGELES,LOS ANGELES,-118.50218022,34.2734213
8088209,2016,2016-07-28,1942,2016-06-10,1300,41019,1764,5,5,7,1942,0,0,0,Q,0,17X36,TAMPA AV,HORDHOFF ST,300,N,N,A,-,N,NA,NA,NA,NA,NA,NA,NA,NA,NA,N,4,0,3,2,A,-,09,21801,A,N,D,C,A,A,H,-,A,D,0,NA,NA,NA,NA,Y,NA,A,01,0,0,3,0,0,0,0,0,0,-,-,NA,NA,LOS ANGELES,LOS ANGELES,NA,NA
8088210,2016,2016-07-28,1942,2016-06-23,1115,39096,1707,4,5,7,1942,0,0,0,Q,0,15TL47,WESTBURY DR,BALBOA BL,0,NA,Y,A,-,N,NA,NA,NA,NA,NA,NA,NA,NA,NA,Y,4,0,2,2,A,-,12,21453,A,N,D,C,A,A,H,-,A,A,0,NA,NA,NA,NA,Y,NA,A,01,0,0,2,0,0,0,0,0,0,-,-,NA,NA,LOS ANGELES,LOS ANGELES,-118.50270006,34.29896008
8088211,2016,2016-08-03,1942,2016-06-29,1000,37541,1759,3,5,7,1942,0,0,0,Q,0,17A49,LASSEN ST,HASKELL AV,0,NA,Y,A,-,N,NA,NA,NA,NA,NA,NA,NA,NA,NA,N,3,0,2,2,A,-,12,21453,A,N,B,-,A,A,G,-,C,A,0,NA,NA,NA,NA,Y,NA,A,08,0,1,1,0,0,0,0,0,0,-,-,NA,NA,LOS ANGELES,LOS ANGELES,-118.47617009,34.25010004
8088212,2016,2016-07-28,1942,2016-06-29,1215,32922,1767,3,5,7,1942,0,0,0,Q,0,17A74,RESEDA BL,HALSTED ST,0,NA,Y,A,-,N,NA,NA,NA,NA,NA,NA,NA,NA,NA,Y,4,0,2,2,A,-,09,21801,A,N,D,C,A,A,H,-,A,D,0,NA,NA,NA,NA,Y,NA,A,01,0,0,2,0,0,0,0,0,0,-,-,NA,NA,LOS ANGELES,LOS ANGELES,-118.53608005,34.24457002
8088213,2016,2016-07-28,1942,2016-06-22,1325,39355,1785,3,5,7,1942,0,0,0,Q,0,10TL34,RESEDA BL,HORDHOFF ST,350,N,N,A,-,N,NA,NA,NA,NA,NA,NA,NA,NA,NA,Y,3,0,1,2,A,-,09,21804,A,N,D,C,A,A,H,-,A,D,0,NA,NA,NA,NA,Y,NA,A,01,0,1,0,0,0,0,0,0,0,-,-,NA,NA,LOS ANGELES,LOS ANGELES,-118.536091,34.236455
8088214,2016,2016-07-28,1942,2016-06-21,1805,40193,1761,2,5,7,1942,0,0,0,Q,0,17TL14,TOPANGA CANYON BL,PRAIRIE ST,0,NA,Y,A,-,N,NA,NA,NA,NA,NA,NA,NA,NA,NA,N,4,0,2,2,A,-,09,21802,A,N,D,C,A,A,H,-,A,A,0,NA,NA,NA,NA,Y,NA,A,01,0,0,2,0,0,0,0,0,0,-,-,NA,NA,LOS ANGELES,LOS ANGELES,-118.60611003,34.2390901
8088215,2016,2016-07-28,1942,2016-06-18,1355,38007,1764,6,5,7,1942,0,0,0,Q,0,35M78,TAMPA AV,NORDHOFF ST,795,S,N,A,-,N,NA,NA,NA,NA,NA,NA,NA,NA,NA,N,3,0,2,2,A,-,08,22100,A,N,D,C,A,A,H,-,A,D,0,NA,NA,NA,NA,Y,NA,A,01,0,2,0,0,0,0,0,0,0,-,-,NA,NA,LOS ANGELES,LOS ANGELES,-118.55355,34.23327925
8088216,2016,2016-07-28,1942,2016-06-30,1320,31557,1745,4,5,7,1942,0,0,0,Q,0,35M33,WHITE OAK AV,CHATSWORTH ST,87,S,N,A,-,N,NA,NA,NA,NA,NA,NA,NA,NA,NA,Y,2,0,2,2,A,-,05,21650,NA,N,G,B,F,A,H,-,A,D,0,Y,NA,NA,NA,Y,NA,A,01,1,0,1,0,1,0,0,0,0,-,-,NA,NA,LOS ANGELES,LOS ANGELES,-118.51977468,34.26463138
8088217,2016,2016-07-28,1942,2016-06-15,1815,40193,1737,3,5,7,1942,0,0,0,Q,0,17TL14,HAYVENHURST AV,SIMONDS ST,150,S,N,A,-,N,NA,NA,NA,NA,NA,NA,NA,NA,NA,Y,3,0,2,2,A,-,09,21802,A,N,D,C,A,A,H,-,A,A,0,NA,NA,NA,NA,Y,NA,A,01,0,1,1,0,0,0,0,0,0,-,-,NA,NA,LOS ANGELES,LOS ANGELES,-118.49342703,34.27541861
8088218,2016,2016-07-28,1942,2016-06-22,1920,27792,1791,3,5,7,1942,0,0,0,Q,0,10T35,DESOTO AV,PARTHENIA ST,0,NA,Y,A,-,N,NA,NA,NA,NA,NA,NA,NA,NA,NA,Y,4,0,2,4,A,-,12,21453,A,N,D,C,A,A,H,-,A,A,0,NA,NA,NA,NA,Y,NA,A,07,0,0,2,0,0,0,0,0,0,-,-,NA,NA,LOS ANGELES,LOS ANGELES,-118.58853002,34.22821001
8088219,2016,2016-07-28,1942,2016-06-23,1615,38356,1791,4,5,7,1942,0,0,0,Q,0,9TL58,ROSCOE BL,OSO AV,50,W,N,A,-,N,NA,NA,NA,NA,NA,NA,NA,NA,NA,Y,4,0,1,3,A,-,03,22350,NA,N,C,C,A,A,H,-,A,A,0,NA,NA,NA,NA,Y,NA,A,01,0,0,1,0,0,0,0,0,0,-,-,NA,NA,LOS ANGELES,LOS ANGELES,-118.575595,34.22018484
8088220,2016,2016-07-28,1942,2016-06-23,1940,40972,1755,4,5,7,1942,0,0,0,Q,0,16T23,MERRIDY ST,WHITE OAK AV,225,W,N,A,-,N,NA,NA,NA,NA,NA,NA,NA,NA,NA,N,4,0,2,2,A,-,08,22103,NA,N,D,C,A,A,H,-,B,D,0,NA,NA,NA,NA,Y,NA,A,01,0,0,2,0,0,0,0,0,0,-,-,NA,NA,LOS ANGELES,LOS ANGELES,-118.52053326,34.2521942
8088221,2016,2016-07-28,1942,2016-06-23,1140,36755,1756,4,5,7,1942,0,0,0,Q,0,10TL38,DEVONSHIRE ST,LOUISE AV,20,W,N,A,-,N,NA,NA,NA,NA,NA,NA,NA,NA,NA,Y,4,0,3,2,A,-,03,22350,NA,N,C,C,A,A,H,-,A,A,0,NA,NA,NA,NA,Y,NA,A,01,0,0,3,0,0,0,0,0,0,-,-,NA,NA,LOS ANGELES,LOS ANGELES,-118.51113606,34.25757118
8088222,2016,2016-07-28,1942,2016-06-24,0915,40165,1756,5,5,7,1942,0,0,0,Q,0,10TL39,DEVONSHIRE ST,AMESTOY AV,50,W,N,A,-,N,NA,NA,NA,NA,NA,NA,NA,NA,NA,N,4,0,1,2,A,-,07,21658,A,N,B,C,A,A,H,-,A,D,0,NA,NA,NA,NA,Y,NA,A,01,0,0,1,0,0,0,0,0,0,-,-,NA,NA,LOS ANGELES,LOS ANGELES,-118.50690518,34.25755
8088223,2016,2016-07-28,1942,2016-06-24,2300,41198,1754,5,5,7,1942,0,0,0,Q,0,10T37,DEVONSHIRE ST,RESEDA BL,0,NA,Y,A,-,N,NA,NA,NA,NA,NA,NA,NA,NA,NA,Y,2,0,1,2,A,-,09,21801,A,N,A,C,A,A,H,-,C,A,0,NA,NA,Y,NA,Y,NA,A,01,1,0,0,0,0,0,0,0,0,-,-,NA,NA,LOS ANGELES,LOS ANGELES,-118.53609003,34.25726011
8088224,2016,2016-07-28,1942,2016-06-26,1030,37377,1716,7,5,7,1942,0,0,0,Q,0,17L23,BALBOA BL,RINALDI,0,NA,Y,A,-,N,NA,NA,NA,NA,NA,NA,NA,NA,NA,Y,4,0,2,2,A,-,09,21801,A,N,B,-,A,A,H,-,A,A,0,NA,NA,NA,NA,Y,NA,A,01,0,0,2,0,0,0,0,0,0,-,-,NA,NA,LOS ANGELES,LOS ANGELES,-118.50212009,34.27930002
8088225,2016,2016-07-28,1942,2016-06-18,1825,39258,1795,6,5,7,1942,0,0,0,Q,0,21TL26,RAYMER ST,ZELZAH AV,350,E,N,A,-,N,NA,NA,NA,NA,NA,NA,NA,NA,NA,N,3,0,1,2,D,-,00,NA,NA,N,H,B,E,A,H,-,A,D,0,Y,NA,NA,NA,Y,NA,-,-,0,1,0,0,1,0,0,0,0,-,-,NA,NA,LOS ANGELES,LOS ANGELES,-118.5219056,34.22685753
8088226,2016,2016-09-09,1942,2016-06-24,1330,33779,1785,5,5,7,1942,0,0,0,Q,0,15TL44,RESEDA BL,NORDHOFF ST,250,N,N,A,-,N,NA,NA,NA,NA,NA,NA,NA,NA,NA,N,4,0,2,2,A,-,07,21658,A,N,B,C,A,A,H,-,A,A,0,NA,NA,NA,NA,Y,NA,A,01,0,0,2,0,0,0,0,0,0,-,-,NA,NA,LOS ANGELES,LOS ANGELES,-118.53608768,34.23612576
8088227,2016,2016-07-28,1942,2016-06-17,1615,39258,1787,5,5,7,1942,0,0,0,Q,0,16TL26,WHITE OAK AV,PLUMMER ST,0,NA,Y,A,-,N,NA,NA,NA,NA,NA,NA,NA,NA,NA,Y,4,0,1,2,A,-,09,21802,A,N,D,C,A,A,H,-,A,A,0,NA,NA,Y,NA,Y,NA,A,01,0,0,1,0,0,0,0,0,1,-,-,NA,NA,LOS ANGELES,LOS ANGELES,-118.51995013,34.24312004
8088228,2016,2016-08-03,1942,2016-06-27,2305,34397,1779,1,5,7,1942,0,0,0,Q,0,17A67,HASKELL AV,PLUMMER ST,0,NA,Y,A,-,N,NA,NA,NA,NA,NA,NA,NA,NA,NA,Y,4,0,2,2,A,-,09,21801,A,N,A,C,A,A,H,-,C,A,0,NA,NA,NA,NA,Y,NA,A,01,0,0,2,0,0,0,0,0,0,-,-,NA,NA,LOS ANGELES,LOS ANGELES,-118.47626001,34.24285004
8088229,2016,2016-07-28,1942,2016-06-25,0600,38185,1708,6,5,7,1942,0,0,0,Q,0,9TL57,BALBOA BL,LORILLARD ST,200,S,N,A,-,N,NA,NA,NA,NA,NA,NA,NA,NA,NA,Y,4,0,1,3,A,-,03,22350,NA,N,B,E,A,A,H,-,A,A,0,NA,NA,NA,NA,Y,NA,A,01,0,0,1,0,0,0,0,0,0,-,-,NA,NA,LOS ANGELES,LOS ANGELES,-118.50210084,34.28354147
8088230,2016,2016-07-28,1942,2016-06-25,0900,38185,1745,6,5,7,1942,0,0,0,Q,0,9TL57,CHATSWORTH ST,ZELZAH AV,30,E,N,A,-,N,NA,NA,NA,NA,NA,NA,NA,NA,NA,Y,4,0,2,2,A,-,12,21453,A,N,D,C,A,A,H,-,A,A,0,NA,NA,NA,NA,Y,NA,A,07,0,0,2,0,0,0,0,0,0,-,-,NA,NA,LOS ANGELES,LOS ANGELES,-118.52331088,34.2649
8088231,2016,2016-07-28,1942,2016-06-27,1500,38613,1735,1,5,7,1942,0,0,0,Q,0,16TL23,ZELZAH AV,CHATSWORTH ST,20,E,N,A,-,N,NA,NA,NA,NA,NA,NA,NA,NA,NA,N,4,0,1,2,A,-,09,21801,A,N,A,C,A,A,H,-,A,A,0,NA,NA,NA,NA,Y,NA,A,01,0,0,1,0,0,0,0,0,0,-,-,NA,NA,LOS ANGELES,LOS ANGELES,-118.52341,34.2649
8088232,2016,2016-07-28,1942,2016-06-27,0800,40383,1781,1,5,7,1942,0,0,0,Q,0,15TL45,MASON AV,NORDHOFF ST,0,NA,Y,A,-,N,NA,NA,NA,NA,NA,NA,NA,NA,NA,Y,3,0,2,2,A,-,09,21801,A,N,A,C,A,A,H,-,A,A,0,NA,NA,NA,NA,Y,NA,A,07,0,1,1,0,0,0,0,0,0,-,-,NA,NA,LOS ANGELES,LOS ANGELES,-118.5797401,34.23182003
8088233,2016,2016-07-28,1942,2016-06-27,1145,40383,1729,1,5,7,1942,0,0,0,Q,0,15TL45,WHITE OAK AV,SAN FERNANDO MISSION BL,0,NA,Y,A,-,N,NA,NA,NA,NA,NA,NA,NA,NA,NA,N,3,0,3,2,A,-,12,21453,A,N,D,C,A,A,H,-,A,A,0,NA,NA,Y,NA,Y,NA,C,02,0,3,0,0,0,0,0,0,1,-,-,NA,NA,LOS ANGELES,LOS ANGELES,-118.51969003,34.27214
8088234,2016,2016-07-28,1942,2016-06-27,2000,38980,1754,1,5,7,1942,0,0,0,Q,0,15TL43,RESEDA BL,HIAWATHA ST,200,S,N,A,-,N,NA,NA,NA,NA,NA,NA,NA,NA,NA,N,4,0,2,2,B,-,22,NA,NA,N,-,C,A,A,H,-,C,D,0,NA,NA,NA,NA,Y,NA,A,01,0,0,2,0,0,0,0,0,0,-,-,NA,NA,LOS ANGELES,LOS ANGELES,-118.5361,34.25856137
8088235,2016,2016-07-28,1942,2016-06-28,1610,40193,1764,2,5,7,1942,0,0,0,Q,0,17TL14,TAMPA AV,PLUMMER ST,2,N,N,A,-,N,NA,NA,NA,NA,NA,NA,NA,NA,NA,N,4,0,1,2,A,-,08,22100,A,N,D,C,A,A,H,-,A,D,0,NA,NA,Y,NA,Y,NA,A,01,0,0,1,0,0,0,0,0,1,-,-,NA,NA,LOS ANGELES,LOS ANGELES,-118.55359,34.24273549
8088236,2016,2016-07-28,1942,2016-06-28,1325,38356,1792,2,5,7,1942,0,0,0,Q,0,9TL58,NORDHOFF ST,WINNETKA AV,0,NA,Y,A,-,N,NA,NA,NA,NA,NA,NA,NA,NA,NA,Y,4,0,3,3,A,-,12,21453,A,N,D,C,A,A,H,-,A,A,0,NA,NA,NA,NA,Y,NA,A,01,0,0,3,0,0,0,0,0,0,-,-,NA,NA,LOS ANGELES,LOS ANGELES,-118.57106006,34.23180008
8088237,2016,2016-07-28,1942,2016-06-28,1225,26319,1727,2,5,7,1942,0,0,0,Q,0,19TL74,TAMPA AV,CHATSWORTH ST,475,S,N,A,-,N,NA,NA,NA,NA,NA,NA,NA,NA,NA,N,3,0,1,1,A,-,08,22107,NA,N,E,I,A,A,H,-,A,D,0,NA,NA,Y,NA,Y,NA,C,02,0,1,0,0,0,0,0,0,1,-,-,NA,NA,LOS ANGELES,LOS ANGELES,-118.55556501,34.26498999
8088238,2016,2016-08-03,1942,2016-06-30,0900,42343,1764,4,5,7,1942,0,0,0,Q,0,17A67,TAMPA AV,N FASHION CENTER DR,3,N,N,A,-,N,NA,NA,NA,NA,NA,NA,NA,NA,NA,N,3,0,1,2,A,-,10,21950,A,N,G,B,B,A,H,-,A,A,0,Y,NA,NA,NA,Y,NA,A,07,0,1,0,0,1,0,0,0,0,-,-,NA,NA,LOS ANGELES,LOS ANGELES,NA,NA
8088239,2016,2016-07-28,1942,2016-06-28,0850,41772,1545,2,5,7,1942,0,0,0,O,0,15A39,COLFAX AV,ALBERS ST,12,E,N,A,-,N,NA,NA,NA,NA,NA,NA,NA,NA,NA,N,3,0,1,2,A,-,09,21801,A,N,D,G,A,A,H,-,A,D,0,NA,Y,NA,NA,Y,NA,A,01,0,1,0,0,0,0,1,0,0,-,-,NA,NA,LOS ANGELES,LOS ANGELES,-118.38776,34.17033
8088240,2016,2016-07-28,1942,2016-06-25,1450,37980,LOS A,6,5,7,1942,0,0,0,NA,0,15A68,COLFAX AV,MOORPARK AV,0,NA,Y,A,-,N,NA,NA,NA,NA,NA,NA,NA,NA,NA,N,4,0,2,2,A,-,08,22107,NA,N,A,D,A,A,H,-,A,A,0,NA,NA,NA,NA,Y,NA,A,01,0,0,2,0,0,0,0,0,0,-,-,NA,NA,LOS ANGELES,LOS ANGELES,-118.38773008,34.15036006
8088360,2016,2016-08-15,1942,2016-05-17,1050,31387,2056,2,5,7,1942,0,0,0,NA,0,20TL58,OLYMPIC BL,NEW HAMPSHIRE,0,NA,Y,A,-,N,NA,NA,NA,NA,NA,NA,NA,NA,NA,N,4,0,1,2,A,-,12,22450,A,N,H,G,A,A,H,-,A,A,0,NA,Y,NA,NA,Y,NA,A,01,0,0,1,0,0,0,1,0,0,-,-,NA,NA,LOS ANGELES,LOS ANGELES,-118.29265,34.05267004
8088380,2016,2016-08-15,1910,2016-06-30,1255,31255,9999,4,5,4,1910,0,0,0,NA,0,7TL38,LA CIENEGA BL,GREGORY WY,341,S,N,A,-,N,NA,NA,NA,NA,NA,NA,NA,NA,NA,Y,3,0,4,3,A,-,03,22350,NA,N,C,C,A,A,H,-,A,D,0,NA,NA,NA,NA,Y,NA,A,07,0,1,3,0,0,0,0,0,0,-,-,NA,NA,LOS ANGELES,BEVERLY HILLS,-118.37615492,34.06171485
8088396,2016,2016-08-15,1942,2016-06-02,1540,37611,0218,4,5,7,1942,0,0,0,B,0,4T4,GLENDALE BL,RESERVOIR ST,75,S,N,A,-,N,NA,NA,NA,NA,NA,NA,NA,NA,NA,Y,4,0,1,3,A,-,03,22350,NA,N,C,C,A,A,H,-,A,D,0,NA,NA,NA,NA,Y,NA,A,01,0,0,1,0,0,0,0,0,0,-,-,NA,NA,LOS ANGELES,LOS ANGELES,-118.26061839,34.07782245
8088400,2016,2016-08-15,1942,2016-06-30,1006,38050,0459,4,5,7,1942,0,0,0,D,0,1TL11,CESAR E CHAVEZ AV,STATE ST,0,NA,Y,A,-,N,NA,NA,NA,NA,NA,NA,NA,NA,NA,Y,4,0,2,2,A,-,04,21706,NA,F,C,C,A,A,H,-,A,D,0,NA,NA,NA,NA,Y,NA,A,01,0,0,2,0,0,0,0,0,0,-,-,NA,NA,LOS ANGELES,LOS ANGELES,-118.21513014,34.05009003
8088401,2016,2016-08-15,1942,2016-06-06,1410,40726,0421,1,5,7,1942,0,0,0,D,0,13T22,MAIN ST,DALY ST,0,NA,Y,A,-,N,NA,NA,NA,NA,NA,NA,NA,NA,NA,Y,3,0,1,2,A,-,09,21801,A,N,D,C,A,A,H,-,A,A,0,NA,NA,NA,NA,Y,NA,A,01,0,1,0,0,0,0,0,0,0,-,-,NA,NA,LOS ANGELES,LOS ANGELES,-118.21547012,34.06598008
8088410,2016,2016-08-16,1942,2016-07-12,0010,40899,1483,2,5,7,1942,0,0,0,N,0,8T35,PERSHING DR,MANCHESTER AV,0,NA,Y,A,-,N,NA,NA,NA,NA,NA,NA,NA,NA,NA,Y,2,0,2,2,A,-,01,23152,A,F,A,C,A,A,-,-,C,A,0,NA,NA,NA,NA,Y,Y,A,01,1,1,0,0,0,0,0,0,0,-,-,NA,NA,LOS ANGELES,LOS ANGELES,-118.44244005,33.95642003
8088411,2016,2016-08-15,1942,2016-07-13,0925,30452,0931,3,5,7,1942,0,0,0,I,0,9TL53,VICTORY BL,LANGDON AV,50,W,N,A,-,N,NA,NA,NA,NA,NA,NA,NA,NA,NA,Y,4,0,1,3,C,-,18,NA,NA,N,C,C,A,A,H,-,A,D,0,NA,NA,NA,NA,Y,NA,-,-,0,0,1,0,0,0,0,0,0,-,-,NA,NA,LOS ANGELES,LOS ANGELES,-118.46910504,34.18665
8088414,2016,2016-08-15,1942,2016-07-01,1925,39624,1414,5,5,7,1942,0,0,0,N,0,8T35,CALIFORNIA AV,7TH AV,81,E,N,A,-,N,NA,NA,NA,NA,NA,NA,NA,NA,NA,Y,4,0,1,2,A,-,21,22106,NA,N,D,C,A,A,H,-,C,D,0,NA,NA,NA,NA,Y,NA,A,07,0,0,1,0,0,0,0,0,0,-,-,NA,NA,LOS ANGELES,LOS ANGELES,-118.4635005,33.99433425
8088415,2016,2016-08-15,1942,2016-07-09,1340,40119,1524,6,5,7,1942,0,0,0,O,0,21TL64,VICTORY BL,SAINT CLAIR AV,10,W,N,A,-,N,NA,NA,NA,NA,NA,NA,NA,NA,NA,Y,3,0,1,2,A,-,09,21801,A,N,D,C,A,A,H,-,A,D,0,NA,NA,NA,NA,Y,NA,A,01,0,1,0,0,0,0,0,0,0,-,-,NA,NA,LOS ANGELES,LOS ANGELES,-118.399863,34.18667
8088422,2016,2016-08-15,1941,2016-07-10,1659,6260,NA,7,5,7,1941,0,0,0,NA,0,NA,JUNIPERO AV,10TH ST,0,NA,Y,A,-,N,NA,NA,NA,NA,NA,NA,NA,NA,NA,Y,3,0,2,2,A,-,09,21806,A,N,D,C,A,A,H,-,A,A,0,NA,NA,NA,NA,Y,NA,A,NA,0,1,1,0,0,0,0,0,0,-,-,NA,NA,LOS ANGELES,LONG BEACH,-118.16333,33.77894007
8088431,2016,2016-08-15,1942,2016-07-21,1440,38995,2177,4,5,7,1942,0,0,0,NA,0,17T16,VENTURA BL,DE ROJA AV,165,E,N,A,-,N,NA,NA,NA,NA,NA,NA,NA,NA,NA,N,3,0,1,2,A,-,06,21750,NA,N,B,C,A,A,H,-,A,A,0,NA,NA,NA,NA,Y,NA,D,22,0,1,0,0,0,0,0,0,0,-,-,NA,NA,LOS ANGELES,LOS ANGELES,-118.59921802,34.16819708
8088453,2016,2016-08-12,1900,2016-06-29,1230,523421,0644,3,5,6,1985,0,0,0,NA,0,64T1,VALENCIA BL,MAGIC MOUNTAIN PKWY,0,NA,Y,A,-,N,NA,NA,NA,NA,NA,NA,NA,NA,NA,Y,3,0,3,3,B,-,22,NA,NA,N,D,C,A,A,H,-,A,A,0,NA,NA,NA,NA,Y,NA,J,41,0,1,2,0,0,0,0,0,0,-,-,NA,NA,LOS ANGELES,SANTA CLARITA,-118.5498401,34.41596008
8088469,2016,2016-08-16,1942,2016-07-08,1035,29281,0625,5,5,7,1942,0,0,0,F,0,7MQ56,HIGHLAND AV,CAMROSE DR,45,S,N,A,-,N,NA,NA,NA,NA,NA,NA,NA,NA,NA,N,4,0,1,2,A,-,04,21703,NA,N,C,C,A,A,H,-,A,D,0,NA,NA,NA,NA,Y,NA,J,48,0,0,1,0,0,0,0,0,0,-,-,NA,NA,LOS ANGELES,LOS ANGELES,-118.33717793,34.10812637
8088473,2016,2016-08-16,1942,2016-07-10,0045,39779,0765,7,5,7,1942,0,0,0,G,0,6T7,VENICE BL,LA BREA AV,30,E,N,A,-,N,NA,NA,NA,NA,NA,NA,NA,NA,NA,Y,4,0,2,2,A,-,01,23152,A,N,C,C,A,A,H,-,C,A,0,NA,NA,NA,NA,Y,NA,A,01,0,0,2,0,0,0,0,0,0,-,-,NA,NA,LOS ANGELES,LOS ANGELES,-118.34534252,34.04588365
8088516,2016,2016-08-11,1900,2016-06-02,2032,268131,0332,4,5,4,1939,0,0,0,NA,0,30T,PRAIRIE AV,162ND ST,0,NA,Y,E,-,N,NA,NA,NA,NA,NA,NA,NA,NA,NA,Y,4,0,1,2,A,-,03,22350,NA,N,D,C,A,A,H,-,C,A,0,NA,NA,NA,NA,Y,NA,J,48,0,0,1,0,0,0,0,0,0,-,-,NA,NA,LOS ANGELES,LAWNDALE,-118.34383009,33.88357007
8088524,2016,2016-08-10,1942,2016-07-16,1520,41179,0892,6,5,7,1942,0,0,0,H,0,8TL26,SAWTELLE BL,EXPOSITION BL,35,W,N,A,-,N,NA,NA,NA,NA,NA,NA,NA,NA,NA,Y,3,0,1,2,A,-,12,21453,A,N,D,C,A,A,H,-,A,A,0,NA,NA,NA,NA,Y,NA,A,01,0,1,0,0,0,0,0,0,0,-,-,NA,NA,LOS ANGELES,LOS ANGELES,-118.43807027,34.03461612
8088528,2016,2016-08-10,1955,2016-07-26,1048,40437,0088,2,5,6,1955,0,0,0,NA,0,004,TOWN AV,RIVERSIDE DR,0,NA,Y,A,-,N,NA,NA,NA,NA,NA,NA,NA,NA,NA,Y,4,0,1,2,A,-,09,21801,A,N,D,C,A,A,H,-,A,A,0,NA,NA,NA,NA,Y,NA,A,01,0,0,1,0,0,0,0,0,0,-,-,NA,NA,LOS ANGELES,POMONA,-117.7401,34.01903
8088610,2016,2016-08-18,1975,2016-06-01,1540,0361,1975,3,5,6,1975,0,0,0,NA,0,001,LARK ELLEN AV,ROWLAND AV,0,NA,N,A,-,N,NA,NA,NA,NA,NA,NA,NA,NA,NA,Y,3,0,1,3,A,-,09,21801,NA,N,E,I,A,A,H,-,A,A,0,NA,NA,NA,NA,Y,NA,-,NA,0,1,0,0,0,0,0,0,0,-,-,NA,NA,LOS ANGELES,WEST COVINA,-117.91659005,34.07924007
8088628,2016,2016-08-17,1942,2016-07-20,1710,40634,1029,3,5,7,1942,0,0,0,J,0,10Z1,WOODLEY AV,VANOWEN ST,0,NA,Y,A,-,N,NA,NA,NA,NA,NA,NA,NA,NA,NA,N,3,0,3,2,A,-,09,21801,A,N,D,C,A,A,H,-,A,D,0,NA,NA,NA,NA,Y,NA,A,07,0,1,2,0,0,0,0,0,0,-,-,NA,NA,LOS ANGELES,LOS ANGELES,-118.48366011,34.19391001
8088637,2016,2016-08-18,1938,2016-05-05,1025,560,218,4,5,4,1938,0,0,0,NA,0,003,WHITE AV,8TH ST,45,S,N,A,-,N,NA,NA,NA,NA,NA,NA,NA,NA,NA,Y,4,0,1,2,A,-,03,22350,NA,N,C,C,A,A,H,-,A,D,0,NA,NA,NA,NA,Y,NA,-,NA,0,0,1,0,0,0,0,0,0,-,-,NA,NA,LOS ANGELES,LA VERNE,-117.7611959,34.10299271