CASE_ID,ACCIDENT_YEAR,PROC_DATE,JURIS,COLLISION_DATE,COLLISION_TIME,OFFICER_ID,REPORTING_DISTRICT,DAY_OF_WEEK,CHP_SHIFT,POPULATION,CNTY_CITY_LOC,SPECIAL_COND,BEAT_TYPE,CHP_BEAT_TYPE,CITY_DIVISION_LAPD,CHP_BEAT_CLASS,BEAT_NUMBER,PRIMARY_RD,SECONDARY_RD,DISTANCE,DIRECTION,INTERSECTION,WEATHER_1,WEATHER_2,STATE_HWY_IND,CALTRANS_COUNTY,CALTRANS_DISTRICT,STATE_ROUTE,ROUTE_SUFFIX,POSTMILE_PREFIX,POSTMILE,LOCATION_TYPE,RAMP_INTERSECTION,SIDE_OF_HWY,TOW_AWAY,COLLISION_SEVERITY,NUMBER_KILLED,NUMBER_INJURED,PARTY_COUNT,PRIMARY_COLL_FACTOR,PCF_CODE_OF_VIOL,PCF_VIOL_CATEGORY,PCF_VIOLATION,PCF_VIOL_SUBSECTION,HIT_AND_RUN,TYPE_OF_COLLISION,MVIW,PED_ACTION,ROAD_SURFACE,ROAD_COND_1,ROAD_COND_2,LIGHTING,CONTROL_DEVICE,CHP_ROAD_TYPE,PEDESTRIAN_ACCIDENT,BICYCLE_ACCIDENT,MOTORCYCLE_ACCIDENT,TRUCK_ACCIDENT,NOT_PRIVATE_PROPERTY,ALCOHOL_INVOLVED,STWD_VEHTYPE_AT_FAULT,CHP_VEHTYPE_AT_FAULT,COUNT_SEVERE_INJ,COUNT_VISIBLE_INJ,COUNT_COMPLAINT_PAIN,COUNT_PED_KILLED,COUNT_PED_INJURED,COUNT_BICYCLIST_KILLED,COUNT_BICYCLIST_INJURED,COUNT_MC_KILLED,COUNT_MC_INJURED,PRIMARY_RAMP,SECONDARY_RAMP,LATITUDE,LONGITUDE,COUNTY,CITY,POINT_X,POINT_Y
8092016,2016,2016-08-03,1918,2016-06-08,1245,646,1918,3,5,4,1918,0,0,0,NA,0,2M4,WASHINGTON PL,WADE ST,0,NA,Y,B,-,N,NA,NA,NA,NA,NA,NA,NA,NA,NA,N,3,0,1,2,A,-,11,21456,A,N,G,B,B,A,H,-,A,A,0,Y,NA,NA,NA,Y,NA,N,60,0,1,0,0,1,0,0,0,0,-,-,33.99728,-118.43484,LOS ANGELES,CULVER CITY,-118.43473002,33.9972101
8092020,2016,2016-08-03,1918,2016-06-09,1817,798,1918,4,5,4,1918,0,0,0,NA,0,2TL24,ROBERTSON BL,WASHINGTON BL,230,N,N,A,-,N,NA,NA,NA,NA,NA,NA,NA,NA,NA,Y,2,0,2,3,A,-,09,21804,A,N,B,C,A,A,H,-,A,D,0,NA,NA,NA,NA,Y,Y,A,01,1,1,0,0,0,0,0,0,0,-,-,34.02602,-118.39017,LOS ANGELES,CULVER CITY,-118.39016785,34.02660924
8092024,2016,2016-08-03,1918,2016-06-11,0930,1135,1918,6,5,4,1918,0,0,0,NA,0,NA,HANNUM AV,UPLANDER WY,0,NA,Y,B,C,N,NA,NA,NA,NA,NA,NA,NA,NA,NA,Y,4,0,1,2,A,-,09,21801,A,N,D,C,A,B,H,-,A,A,0,NA,NA,NA,NA,Y,NA,A,01,0,0,1,0,0,0,0,0,0,-,-,33.98731,-118.38458,LOS ANGELES,CULVER CITY,-118.38465002,33.98737007
8092027,2016,2016-08-29,1905,2016-06-30,0008,1127,431,4,5,4,1905,0,0,0,NA,0,001,AZUSA AV,ARROW HWY,0,NA,Y,A,-,N,NA,NA,NA,NA,NA,NA,NA,NA,NA,Y,3,0,2,2,A,-,01,23153,A,N,D,C,A,A,H,-,C,A,0,NA,NA,NA,NA,Y,Y,D,22,0,2,0,0,0,0,0,0,0,-,-,34.10677,-117.90775,LOS ANGELES,AZUSA,-117.9077401,34.10675011
8092028,2016,2016-08-03,1918,2016-06-13,1250,646,1918,1,5,4,1918,0,0,0,NA,0,2M4,JEFFERSON BL,LEAHY ST,270,W,N,A,-,N,NA,NA,NA,NA,NA,NA,NA,NA,NA,N,4,0,1,2,A,-,03,22350,NA,N,C,C,A,A,H,-,A,D,0,NA,NA,NA,NA,Y,NA,A,01,0,0,1,0,0,0,0,0,0,-,-,34.01308,-118.38901,LOS ANGELES,CULVER CITY,-118.38935103,34.01236958
8092032,2016,2016-08-03,1918,2016-06-15,0638,701,NA,3,5,4,1918,0,0,0,NA,0,2M5,CULVER BL,IRVING PL,5,E,N,B,-,N,NA,NA,NA,NA,NA,NA,NA,NA,NA,Y,4,0,1,1,A,-,03,22350,NA,N,E,I,A,A,H,-,A,A,0,NA,NA,NA,NA,Y,NA,A,01,0,0,1,0,0,0,0,0,0,-,-,34.02305,-118.39509,LOS ANGELES,CULVER CITY,-118.39511051,34.02298121
8092036,2016,2016-08-03,1918,2016-06-02,1900,1118,NA,4,5,4,1918,0,0,0,NA,0,2TL23,CULVER BL,HURON AV,13,W,N,A,-,N,NA,NA,NA,NA,NA,NA,NA,NA,NA,N,4,0,1,2,A,-,03,22350,NA,N,C,C,A,A,H,-,B,D,0,NA,NA,NA,NA,Y,NA,A,01,0,0,1,0,0,0,0,0,0,-,-,34.00829,-118.4068,LOS ANGELES,CULVER CITY,-118.40717388,34.0085004
8092040,2016,2016-08-03,1918,2016-06-05,0242,1107,NA,7,5,4,1918,0,0,0,NA,0,PATROL,SAWTELLE BL,VENICE BL,330,S,N,A,-,N,NA,NA,NA,NA,NA,NA,NA,NA,NA,Y,4,0,1,3,A,-,01,23152,NA,N,C,E,A,A,H,-,C,D,0,NA,NA,Y,NA,Y,Y,A,01,0,0,1,0,0,0,0,0,0,-,-,34.01142,-118.41966,LOS ANGELES,CULVER CITY,-118.4191288,34.01064048
8092044,2016,2016-08-03,1918,2016-06-22,1504,798,1918,3,5,4,1918,0,0,0,NA,0,2TL23,WASHINGTON BL,WALGROVE AV,104,W,N,A,-,N,NA,NA,NA,NA,NA,NA,NA,NA,NA,N,4,0,1,4,A,-,04,21703,NA,N,C,C,A,A,H,-,A,D,0,NA,NA,NA,NA,Y,NA,A,01,0,0,1,0,0,0,0,0,0,-,-,33.99273,-118.4433,LOS ANGELES,CULVER CITY,-118.44358153,33.99256029
8092048,2016,2016-08-03,1918,2016-06-23,1306,1118,NA,4,5,4,1918,0,0,0,NA,0,2TL23,FARRAGUT DR,OVERLAND AV,2,W,N,A,-,N,NA,NA,NA,NA,NA,NA,NA,NA,NA,N,4,0,1,2,A,-,05,21650,1,N,D,G,A,A,H,-,A,A,0,NA,Y,NA,NA,Y,NA,L,04,0,0,1,0,0,0,1,0,0,-,-,34.01043,-118.39922,LOS ANGELES,CULVER CITY,-118.3992,34.01038
8092052,2016,2016-08-03,1918,2016-06-24,0003,1142,1,5,5,4,1918,0,0,0,NA,0,PATROL,WASHINGTON BL,INCE BL,0,NA,Y,A,-,N,NA,NA,NA,NA,NA,NA,NA,NA,NA,Y,2,0,1,1,A,-,01,23152,A,N,E,I,A,A,H,-,C,A,0,NA,NA,Y,NA,Y,Y,-,-,1,0,0,0,0,0,0,0,1,-,-,34.02466,-118.3924,LOS ANGELES,CULVER CITY,-118.39251012,34.02462009
8092056,2016,2016-08-03,1918,2016-06-24,0620,701,NA,5,5,4,1918,0,0,0,NA,0,2M5,BUCKINGHAM PKWY,CANTERBURY DR,201,W,N,B,-,N,NA,NA,NA,NA,NA,NA,NA,NA,NA,Y,4,0,1,2,A,-,07,21658,A,N,B,C,A,A,H,-,A,D,0,NA,NA,NA,NA,Y,NA,A,07,0,0,1,0,0,0,0,0,0,-,-,33.98782,-118.38094,LOS ANGELES,CULVER CITY,-118.38157685,33.987582689999996
8092060,2016,2016-08-03,1918,2016-06-25,0950,1118,NA,6,5,4,1918,0,0,0,NA,0,2TL23,WASHINGTON BL,WALNUT AV,320,E,N,A,-,N,NA,NA,NA,NA,NA,NA,NA,NA,NA,Y,4,0,1,2,A,-,09,21801,A,N,A,C,A,A,H,-,A,A,0,NA,NA,NA,NA,Y,NA,A,01,0,0,1,0,0,0,0,0,0,-,-,NA,NA,LOS ANGELES,CULVER CITY,-118.44625679,33.99124203
8092061,2016,2016-08-03,1931,2016-07-19,1213,5308,1931,2,5,5,1931,0,0,0,NA,0,004,FLORENCE AV,PASSAIC ST,51,E,N,A,-,N,NA,NA,NA,NA,NA,NA,NA,NA,NA,N,3,0,1,2,A,-,17,22517,NA,N,B,C,A,A,H,-,A,D,0,NA,NA,NA,Y,Y,NA,A,01,0,1,0,0,0,0,0,0,0,-,-,NA,NA,LOS ANGELES,HUNTINGTON PARK,-118.21625354,33.97327187
8092063,2016,2016-08-03,1905,2016-07-07,1540,1142,416,4,5,4,1905,0,0,0,NA,0,002,FOOTHILL BL,LOREN AV,0,NA,Y,A,-,N,NA,NA,NA,NA,NA,NA,NA,NA,NA,Y,3,0,1,2,A,-,09,21801,A,N,D,C,A,A,H,-,A,A,0,NA,NA,NA,NA,Y,NA,D,22,0,1,0,0,0,0,0,0,0,-,-,34.13357,-117.92378,LOS ANGELES,AZUSA,-117.92379004,34.13369006
8092064,2016,2016-08-03,1918,2016-06-30,1128,798,1918,4,5,4,1918,0,0,0,NA,0,2TL24,SEPULVEDA BL,GREEN LAWN AV,50,N,N,A,-,N,NA,NA,NA,NA,NA,NA,NA,NA,NA,Y,3,0,1,3,A,-,07,21658,A,N,C,E,A,A,H,-,A,D,0,NA,NA,NA,NA,Y,NA,A,01,0,1,0,0,0,0,0,0,0,-,-,NA,NA,LOS ANGELES,CULVER CITY,-118.40380804,34.00122477
8092065,2016,2016-08-03,1918,2016-06-26,0103,1107,NA,7,5,4,1918,0,0,0,NA,0,PATROL,CULVER BL,VINTON AV,114,E,N,A,-,N,NA,NA,NA,NA,NA,NA,NA,NA,NA,N,4,0,1,3,A,-,01,23152,A,N,C,E,A,A,H,-,C,D,0,NA,NA,NA,NA,Y,Y,A,01,0,0,1,0,0,0,0,0,0,-,-,34.01728,-118.39969,LOS ANGELES,CULVER CITY,-118.39956332,34.01751537
8092067,2016,2016-08-03,1905,2016-07-08,1549,1142,616,5,5,4,1905,0,0,0,NA,0,002,SIERRA MADRE AV,TODD AV,110,E,N,A,-,N,NA,NA,NA,NA,NA,NA,NA,NA,NA,Y,3,0,1,2,A,-,08,22107,NA,N,B,E,A,A,H,-,A,A,0,NA,NA,NA,NA,Y,NA,A,01,0,1,0,0,0,0,0,0,0,-,-,NA,NA,LOS ANGELES,AZUSA,-117.92460468,34.14334725
8092073,2016,2016-08-03,1918,2016-06-02,1310,1118,NA,4,5,4,1918,0,0,0,NA,0,NA,ADAMS BL,FAIRFAX AV,0,NA,Y,A,-,N,NA,NA,NA,NA,NA,NA,NA,NA,NA,Y,4,0,2,2,A,-,09,21801,A,N,D,C,A,A,H,-,A,A,0,NA,NA,NA,NA,Y,NA,A,01,0,0,2,0,0,0,0,0,0,-,-,34.03382,-118.36623,LOS ANGELES,CULVER CITY,-118.37078005,34.0324401
8092076,2016,2016-08-03,1918,2016-06-18,0102,742,30,6,5,4,1918,0,0,0,NA,0,2TL22,WASHINGTON BL,ROBERTSON BL,415,W,N,A,-,N,NA,NA,NA,NA,NA,NA,NA,NA,NA,Y,2,0,3,4,A,-,01,23153,B,N,G,B,E,A,H,-,C,D,0,Y,NA,NA,NA,Y,Y,A,01,1,0,2,0,1,0,0,0,0,-,-,34.02537,-118.39157,LOS ANGELES,CULVER CITY,-118.39133445,34.0253209
8092080,2016,2016-08-03,1918,2016-06-21,1741,798,1918,2,5,4,1918,0,0,0,NA,0,2TL24,WASHINGTON BL,MEIER ST,0,NA,Y,A,-,N,NA,NA,NA,NA,NA,NA,NA,NA,NA,Y,3,0,1,2,A,-,08,22107,NA,N,B,C,A,B,H,-,A,D,0,NA,NA,Y,NA,Y,Y,A,01,0,1,0,0,0,0,0,0,1,-,-,33.99603,-118.43639,LOS ANGELES,CULVER CITY,-118.43665011,33.99603004
8092104,2016,2016-08-03,1905,2016-06-28,1043,2019,444,2,5,4,1905,0,0,0,NA,0,061,CITRUS AV,ARROW HWY,6,N,N,B,-,N,NA,NA,NA,NA,NA,NA,NA,NA,NA,N,3,0,1,2,A,-,03,22350,NA,N,D,G,A,A,H,-,A,A,0,NA,Y,NA,NA,Y,NA,A,01,0,1,0,0,0,0,1,0,0,-,-,NA,NA,LOS ANGELES,AZUSA,-117.89026971,34.10682645
8092108,2016,2016-08-03,1905,2016-06-22,1711,1142,226,3,5,4,1905,0,0,0,NA,0,003,BARRANCA AV,ALOSTA AV,196,N,N,A,-,N,NA,NA,NA,NA,NA,NA,NA,NA,NA,N,4,0,1,2,A,-,03,22350,NA,N,C,C,A,A,H,-,A,A,0,NA,NA,NA,NA,Y,NA,A,01,0,0,1,0,0,0,0,0,0,-,-,34.128659999999996,-117.88136,LOS ANGELES,AZUSA,-117.88135959,34.12932725
8092112,2016,2016-08-03,1905,2016-06-22,2008,2004,211,3,5,4,1905,0,0,0,NA,0,062,N SAN GABRIEL AV,4TH ST,75,N,N,A,-,N,NA,NA,NA,NA,NA,NA,NA,NA,NA,N,4,0,1,2,A,-,08,22100,B,M,B,C,A,A,H,-,C,D,0,NA,NA,NA,NA,Y,NA,A,08,0,0,1,0,0,0,0,0,0,-,-,34.12821,-117.90854,LOS ANGELES,AZUSA,-117.90885772,34.1282556
8092116,2016,2016-08-03,1905,2016-06-22,2106,1152,123,3,5,4,1905,0,0,0,NA,0,053,N ROCKVALE AV,E BASELINE RD,0,NA,Y,A,-,N,NA,NA,NA,NA,NA,NA,NA,NA,NA,Y,4,0,2,2,A,-,09,21802,B,N,D,C,A,A,H,-,C,A,0,NA,NA,NA,NA,Y,NA,A,01,0,0,2,0,0,0,0,0,0,-,-,34.12157,-117.89631,LOS ANGELES,AZUSA,-117.89632003,34.12155003
8092120,2016,2017-02-18,1918,2016-06-18,1248,1123,NA,6,5,4,1918,0,0,0,NA,0,2TL25,CULVER BL,RT 405,0,NA,Y,A,-,Y,LA,7,405,-,-,27.404,R,2,N,N,3,0,1,2,A,-,12,22450,A,N,H,G,A,A,H,-,A,A,0,NA,Y,NA,NA,Y,NA,L,04,0,1,0,0,0,0,1,0,0,-,EO,34.00367,-118.41106,LOS ANGELES,CULVER CITY,-118.41303578,34.00553855
8092136,2016,2016-08-10,1920,2016-06-17,1646,12609,NA,5,5,6,1920,0,0,0,NA,0,006,IMPERIAL HWY,BROOKSHIRE AV,0,NA,Y,A,-,N,NA,NA,NA,NA,NA,NA,NA,NA,NA,N,3,0,2,2,A,-,09,21801,A,N,D,C,A,A,H,-,A,A,0,NA,NA,NA,NA,Y,NA,A,01,0,1,1,0,0,0,0,0,0,-,-,NA,NA,LOS ANGELES,DOWNEY,-118.14386002,33.91985003
8092140,2016,2016-08-03,1920,2016-06-11,0204,12323,NA,6,5,6,1920,0,0,0,NA,0,006,BARLIN AV,DEVENIR AV,20,S,N,A,-,N,NA,NA,NA,NA,NA,NA,NA,NA,NA,Y,2,0,1,3,A,-,01,23152,A,N,C,E,A,A,H,-,C,D,0,NA,NA,NA,NA,Y,Y,A,01,1,0,0,0,0,0,0,0,0,-,-,NA,NA,LOS ANGELES,DOWNEY,-118.14370567,33.91435673
8092144,2016,2016-08-03,1920,2016-06-25,0822,11992,NA,6,5,6,1920,0,0,0,NA,0,002,FIRESTONE BL,RYERSON AV,1340,W,N,A,-,N,NA,NA,NA,NA,NA,NA,NA,NA,NA,Y,3,0,1,1,A,-,01,23152,A,N,E,I,A,A,H,-,A,A,0,NA,NA,NA,NA,Y,Y,A,01,0,1,0,0,0,0,0,0,0,-,-,NA,NA,LOS ANGELES,DOWNEY,-118.15880001,33.94843714
8092160,2016,2016-08-03,1920,2016-06-21,2249,11859,1920,2,5,6,1920,0,0,0,NA,0,005,FIRESTONE BL,LAKEWOOD BL,0,NA,Y,A,-,N,NA,NA,NA,NA,NA,NA,NA,NA,NA,Y,4,0,1,2,A,-,01,23152,A,N,D,C,A,A,H,-,C,A,0,NA,NA,NA,NA,Y,Y,A,01,0,0,1,0,0,0,0,0,0,-,-,NA,NA,LOS ANGELES,DOWNEY,-118.12402003,33.93553004
8092204,2016,2016-08-29,1900,2016-06-30,1700,552720,0453,4,5,6,1949,0,0,0,NA,0,43T1,IMPERIAL HWY,JERSEY AV,0,NA,Y,A,-,N,NA,NA,NA,NA,NA,NA,NA,NA,NA,N,4,0,1,2,A,-,09,21801,A,N,D,C,A,A,H,-,A,A,0,NA,NA,NA,NA,Y,NA,A,01,0,0,1,0,0,0,0,0,0,-,-,NA,NA,LOS ANGELES,NORWALK,-118.08619011,33.91726009
8092212,2016,2016-08-03,1942,2016-06-19,1015,39993,0678,7,5,7,1942,0,0,0,F,0,6TL7,WESTERN AV,SANTA MONICA BL,0,NA,Y,A,-,N,NA,NA,NA,NA,NA,NA,NA,NA,NA,Y,3,0,2,2,A,-,03,22350,NA,N,D,C,A,A,H,-,A,A,0,NA,NA,NA,NA,Y,NA,A,01,0,2,0,0,0,0,0,0,0,-,-,NA,NA,LOS ANGELES,LOS ANGELES,-118.30917011,34.09077001
8092216,2016,2016-08-03,1900,2016-06-09,2050,528225,0543,4,5,3,1921,0,0,0,NA,0,58T1PM,LAS LOMAS RD,BERNWOOD ST,12,N,N,A,-,N,NA,NA,NA,NA,NA,NA,NA,NA,NA,N,2,0,1,2,A,-,08,22107,NA,F,-,B,D,A,H,-,C,A,0,Y,NA,NA,NA,Y,NA,A,01,1,0,0,0,1,0,0,0,0,-,-,NA,NA,LOS ANGELES,DUARTE,-117.94692,34.1453629
8092220,2016,2016-08-05,1942,2016-07-22,0135,40024,2071,5,5,7,1942,0,0,0,NA,0,14T47,SAINT ANDREWS PL,15TH ST,190,S,N,A,-,N,NA,NA,NA,NA,NA,NA,NA,NA,NA,Y,4,0,1,7,A,-,01,23152,A,M,B,E,A,A,H,-,C,D,0,NA,NA,NA,NA,Y,Y,A,01,0,0,1,0,0,0,0,0,0,-,-,NA,NA,LOS ANGELES,LOS ANGELES,-118.31158589,34.04481893
8092241,2016,2016-08-02,1905,2016-07-06,1045,1133,226,3,5,4,1905,0,0,0,NA,0,063,BARRANCA AV,ORANGEPATH ST,132,S,N,A,-,N,NA,NA,NA,NA,NA,NA,NA,NA,NA,Y,3,0,1,2,A,-,09,21804,A,N,C,A,A,A,H,-,A,-,0,NA,NA,NA,NA,Y,NA,A,01,0,1,0,0,0,0,0,0,0,-,-,NA,NA,LOS ANGELES,AZUSA,-117.88136777,34.12961822
8092243,2016,2016-08-01,1920,2016-07-02,1523,12609,NA,6,5,6,1920,0,0,0,NA,0,NA,PARAMOUNT BL,TELEGRAPH RD,205,S,N,A,-,N,NA,NA,NA,NA,NA,NA,NA,NA,NA,N,4,0,1,2,A,-,21,22106,NA,N,C,C,A,A,H,-,A,A,0,NA,NA,NA,NA,Y,NA,A,01,0,0,1,0,0,0,0,0,0,-,-,NA,NA,LOS ANGELES,DOWNEY,-118.11631458,33.96672708
8092245,2016,2016-08-02,1905,2016-07-07,1715,1142,231,4,5,4,1905,0,0,0,NA,0,001,AZUSA AV,GLADSTONE ST,320,N,N,A,-,N,NA,NA,NA,NA,NA,NA,NA,NA,NA,N,4,0,2,2,A,-,03,22350,NA,N,C,C,A,A,H,-,A,A,0,NA,NA,NA,NA,Y,NA,A,01,0,0,2,0,0,0,0,0,0,-,-,34.11517,-117.90788,LOS ANGELES,AZUSA,-117.90772,34.11512726
8092247,2016,2016-08-01,1931,2016-07-23,0128,5646,1931,6,5,5,1931,0,0,0,NA,0,001,TEMPLETON ST,CLARENDON AV,50,S,N,A,-,N,NA,NA,NA,NA,NA,NA,NA,NA,NA,N,4,0,1,2,A,-,21,22106,NA,N,G,B,F,A,H,-,C,D,0,Y,NA,NA,NA,Y,NA,A,01,0,0,1,0,1,0,0,0,0,-,-,NA,NA,LOS ANGELES,HUNTINGTON PARK,-118.22015784,33.98339289
8092249,2016,2016-08-02,1905,2016-07-09,1657,1142,111,6,5,4,1905,0,0,0,NA,0,002,AZUSA AV,1ST ST,0,NA,Y,A,-,N,NA,NA,NA,NA,NA,NA,NA,NA,NA,N,3,0,1,2,A,-,12,21453,A,N,D,G,A,A,H,-,A,A,0,NA,Y,NA,NA,Y,NA,-,-,0,1,0,0,0,0,1,0,0,-,-,34.12163,-117.90752,LOS ANGELES,AZUSA,-117.90770003,34.12161008
8092251,2016,2016-08-01,1909,2016-07-19,0816,575,1909,2,5,4,1909,0,0,0,NA,0,SOUTH,EASTERN AV,FLORENCE AV,77,N,N,A,-,N,NA,NA,NA,NA,NA,NA,NA,NA,NA,Y,4,0,1,2,A,-,03,22350,NA,N,C,C,A,A,H,-,A,A,0,NA,NA,NA,NA,Y,NA,A,01,0,0,1,0,0,0,0,0,0,-,-,NA,NA,LOS ANGELES,BELL GARDENS,-118.16482966,33.96806963
8092255,2016,2016-08-01,1909,2016-07-18,1552,563,1909,1,5,4,1909,0,0,0,NA,0,NORTH,FLORENCE AV,GRANGER AV,43,W,N,A,-,N,NA,NA,NA,NA,NA,NA,NA,NA,NA,N,4,0,2,3,A,-,04,21703,NA,N,C,C,A,A,H,-,A,A,0,NA,NA,NA,NA,Y,NA,A,01,0,0,2,0,0,0,0,0,0,-,-,NA,NA,LOS ANGELES,BELL GARDENS,-118.15091189,33.96498219
8092263,2016,2016-08-01,1931,2016-07-23,1320,5262,NA,6,5,5,1931,0,0,0,NA,0,NA,RITA AV,FLORENCE AV,48,N,N,A,-,N,NA,NA,NA,NA,NA,NA,NA,NA,NA,N,4,0,1,2,A,-,03,22350,NA,N,C,C,A,A,H,-,A,A,0,NA,NA,NA,NA,Y,NA,A,01,0,0,1,0,0,0,0,0,0,-,-,NA,NA,LOS ANGELES,HUNTINGTON PARK,-118.22386907,33.97421163
8092267,2016,2016-08-01,1931,2016-07-21,1819,5281,1931,4,5,5,1931,0,0,0,NA,0,003,ALAMEDA ST,ZOE AV,24,S,N,A,-,N,NA,NA,NA,NA,NA,NA,NA,NA,NA,N,4,0,2,2,A,-,09,21801,A,N,A,C,A,A,H,-,A,A,0,NA,NA,NA,NA,Y,NA,A,01,0,0,2,0,0,0,0,0,0,-,-,NA,NA,LOS ANGELES,HUNTINGTON PARK,-118.2353953,33.97942533
8092269,2016,2016-08-02,1905,2016-07-15,1644,1142,431,5,5,4,1905,0,0,0,NA,0,NA,ARROW HWY,AZUSA AV,586,W,N,A,-,N,NA,NA,NA,NA,NA,NA,NA,NA,NA,Y,3,0,1,2,A,-,09,21804,A,F,D,C,A,A,H,-,A,A,0,NA,NA,NA,NA,Y,NA,A,01,0,1,0,0,0,0,0,0,0,-,-,NA,NA,LOS ANGELES,AZUSA,-117.90966854,34.10683344
8092271,2016,2016-08-02,1900,2016-07-20,0740,516691,2811,3,5,5,1915,0,0,0,NA,0,282T1,COMPTON BL,WILMINGTON AV,200,W,N,A,-,N,NA,NA,NA,NA,NA,NA,NA,NA,NA,Y,4,0,1,2,A,-,08,22107,NA,N,B,C,A,A,H,-,A,A,0,NA,NA,NA,NA,Y,NA,A,01,0,0,1,0,0,0,0,0,0,-,-,NA,NA,LOS ANGELES,COMPTON,-118.23823765,33.89588889
8092275,2016,2016-08-02,1900,2016-07-20,1153,516691,2832,3,5,5,1915,0,0,0,NA,0,282T1,TAJAUTA AV,152ND ST,0,NA,Y,A,-,N,NA,NA,NA,NA,NA,NA,NA,NA,NA,N,4,0,1,2,A,-,12,22450,A,M,D,A,A,A,H,-,A,A,0,NA,NA,NA,NA,Y,NA,A,07,0,0,1,0,0,0,0,0,0,-,-,NA,NA,LOS ANGELES,COMPTON,-118.24622006,33.89429005
8092277,2016,2016-08-02,1905,2016-07-15,1305,1142,243,5,5,4,1905,0,0,0,NA,0,001,GLADSTONE ST,CERRITOS AV,136,W,N,A,-,N,NA,NA,NA,NA,NA,NA,NA,NA,NA,Y,3,0,1,1,A,-,15,26453,NA,N,F,I,A,A,H,-,A,A,0,NA,NA,NA,NA,Y,NA,A,07,0,1,0,0,0,0,0,0,0,-,-,NA,NA,LOS ANGELES,AZUSA,-117.89993826,34.11421
8092281,2016,2016-08-02,1905,2016-07-14,1730,1142,321,4,5,4,1905,0,0,0,NA,0,002,AZUSA AV,6TH ST,0,NA,Y,A,-,N,NA,NA,NA,NA,NA,NA,NA,NA,NA,Y,3,0,3,2,A,-,09,21802,A,N,D,C,A,A,H,-,A,A,0,NA,NA,NA,NA,Y,NA,A,01,0,1,2,0,0,0,0,0,0,-,-,34.13165,-117.90755,LOS ANGELES,AZUSA,-117.90753006,34.13166001
8092285,2016,2016-08-02,1905,2016-07-15,2330,1137,324,5,5,4,1905,0,0,0,NA,0,053,ALCOTT AV,ROCKDALE AV,415,E,N,A,-,N,NA,NA,NA,NA,NA,NA,NA,NA,NA,Y,4,0,1,1,A,-,01,23152,A,N,E,I,A,A,H,-,A,A,0,NA,NA,NA,NA,Y,Y,A,01,0,0,1,0,0,0,0,0,0,-,-,NA,NA,LOS ANGELES,AZUSA,-117.895322,34.131411
8092289,2016,2016-08-02,1905,2016-07-11,1739,1109,324,1,5,4,1905,0,0,0,NA,0,063,ALOSTA AV,ROCKVALE AV,0,NA,Y,A,-,N,NA,NA,NA,NA,NA,NA,NA,NA,NA,Y,4,0,1,2,A,-,09,21804,A,N,D,C,A,A,H,-,A,D,0,NA,NA,NA,NA,Y,NA,A,07,0,0,1,0,0,0,0,0,0,-,-,NA,NA,LOS ANGELES,AZUSA,-117.89623008,34.1324401
8092293,2016,2016-08-02,1905,2016-07-08,1655,1157,34.5,5,5,4,1905,0,0,0,NA,0,061,CITRUS AV,GLADSTONE ST,206,S,N,A,-,N,NA,NA,NA,NA,NA,NA,NA,NA,NA,Y,4,0,3,2,A,-,09,21804,A,N,D,C,A,A,H,-,A,D,0,NA,NA,NA,NA,Y,NA,A,01,0,0,3,0,0,0,0,0,0,-,-,34.11413,-117.89006,LOS ANGELES,AZUSA,-117.89021148,34.11357529
8092302,2016,2016-08-03,1920,2016-07-01,1455,12609,NA,5,5,6,1920,0,0,0,NA,0,002,FIRESTONE BL,RYERSON AV,466,W,N,A,-,N,NA,NA,NA,NA,NA,NA,NA,NA,NA,N,4,0,1,2,A,-,06,21750,NA,N,H,G,A,A,H,-,A,A,0,NA,Y,NA,NA,Y,NA,L,04,0,0,1,0,0,0,1,0,0,-,-,NA,NA,LOS ANGELES,DOWNEY,-118.15598248,33.94799174
8092304,2016,2016-08-05,1900,2016-07-09,1557,599080,0562,6,5,3,1968,0,0,0,NA,0,55PM,TYLER AV,THIENES AV,56,N,N,A,-,N,NA,NA,NA,NA,NA,NA,NA,NA,NA,Y,4,0,1,1,A,-,08,22107,NA,N,A,I,A,-,H,-,A,D,0,NA,NA,NA,NA,Y,NA,D,22,0,0,1,0,0,0,0,0,0,-,-,NA,NA,LOS ANGELES,SOUTH EL MONTE,-118.039848,34.04922725
8092315,2016,2016-08-16,1900,2016-07-02,0940,520027,2841,6,5,5,1915,0,0,0,NA,0,282T1,ALAMEDA ST,ALONDRA BL,0,NA,Y,A,-,N,NA,NA,NA,NA,NA,NA,NA,NA,NA,Y,3,0,2,2,A,-,12,21453,A,N,D,C,A,A,H,-,A,D,0,NA,NA,NA,NA,Y,NA,-,-,0,1,1,0,0,0,0,0,0,-,-,NA,NA,LOS ANGELES,COMPTON,-118.21933011,33.88859001
8092319,2016,2016-08-02,1900,2016-07-08,1240,520027,2824,5,5,5,1915,0,0,0,NA,0,282T1,SANTA FE AV,PALMER ST,8,S,N,A,-,N,NA,NA,NA,NA,NA,NA,NA,NA,NA,N,3,0,1,2,A,-,12,21453,A,N,D,G,A,A,H,-,A,D,0,NA,Y,NA,NA,Y,NA,A,08,0,1,0,0,0,0,1,0,0,-,-,NA,NA,LOS ANGELES,COMPTON,-118.21593881,33.898298080000004