CASE_ID,ACCIDENT_YEAR,PROC_DATE,JURIS,COLLISION_DATE,COLLISION_TIME,OFFICER_ID,REPORTING_DISTRICT,DAY_OF_WEEK,CHP_SHIFT,POPULATION,CNTY_CITY_LOC,SPECIAL_COND,BEAT_TYPE,CHP_BEAT_TYPE,CITY_DIVISION_LAPD,CHP_BEAT_CLASS,BEAT_NUMBER,PRIMARY_RD,SECONDARY_RD,DISTANCE,DIRECTION,INTERSECTION,WEATHER_1,WEATHER_2,STATE_HWY_IND,CALTRANS_COUNTY,CALTRANS_DISTRICT,STATE_ROUTE,ROUTE_SUFFIX,POSTMILE_PREFIX,POSTMILE,LOCATION_TYPE,RAMP_INTERSECTION,SIDE_OF_HWY,TOW_AWAY,COLLISION_SEVERITY,NUMBER_KILLED,NUMBER_INJURED,PARTY_COUNT,PRIMARY_COLL_FACTOR,PCF_CODE_OF_VIOL,PCF_VIOL_CATEGORY,PCF_VIOLATION,PCF_VIOL_SUBSECTION,HIT_AND_RUN,TYPE_OF_COLLISION,MVIW,PED_ACTION,ROAD_SURFACE,ROAD_COND_1,ROAD_COND_2,LIGHTING,CONTROL_DEVICE,CHP_ROAD_TYPE,PEDESTRIAN_ACCIDENT,BICYCLE_ACCIDENT,MOTORCYCLE_ACCIDENT,TRUCK_ACCIDENT,NOT_PRIVATE_PROPERTY,ALCOHOL_INVOLVED,STWD_VEHTYPE_AT_FAULT,CHP_VEHTYPE_AT_FAULT,COUNT_SEVERE_INJ,COUNT_VISIBLE_INJ,COUNT_COMPLAINT_PAIN,COUNT_PED_KILLED,COUNT_PED_INJURED,COUNT_BICYCLIST_KILLED,COUNT_BICYCLIST_INJURED,COUNT_MC_KILLED,COUNT_MC_INJURED,PRIMARY_RAMP,SECONDARY_RAMP,LATITUDE,LONGITUDE,COUNTY,CITY,POINT_X,POINT_Y
8095258,2016,2016-08-01,1942,2016-06-30,2235,39299,0745,4,5,7,1942,0,0,0,G,0,7T23,LA BREA AV,OLYMPIC BL,0,NA,Y,A,-,N,NA,NA,NA,NA,NA,NA,NA,NA,NA,N,4,0,1,2,A,-,03,22350,NA,N,C,C,A,A,H,-,C,D,0,NA,NA,NA,NA,Y,NA,A,01,0,0,1,0,0,0,0,0,0,-,-,NA,NA,LOS ANGELES,LOS ANGELES,-118.34591009,34.05726006
8095259,2016,2016-08-01,1942,2016-06-30,1930,37575,0745,4,5,7,1942,0,0,0,G,0,14T47,RIDGELEY DR,WILSHIRE BL,0,NA,Y,A,-,N,NA,NA,NA,NA,NA,NA,NA,NA,NA,N,4,0,1,2,A,-,05,21650,NA,N,H,G,A,A,H,-,A,A,0,NA,Y,NA,NA,Y,NA,L,04,0,0,1,0,0,0,1,0,0,-,-,NA,NA,LOS ANGELES,LOS ANGELES,-118.35046012,34.06235001
8095260,2016,2016-08-01,1942,2016-06-29,1715,31255,0719,3,5,7,1942,0,0,0,G,0,7TL38,ROSSMORE AV,ROSEWOOD AV,350,S,N,A,-,N,NA,NA,NA,NA,NA,NA,NA,NA,NA,Y,4,0,1,2,A,-,09,21801,A,N,D,C,A,A,H,-,A,D,0,NA,NA,NA,NA,Y,NA,A,01,0,0,1,0,0,0,0,0,0,-,-,NA,NA,LOS ANGELES,LOS ANGELES,-118.32728,34.07799011
8095261,2016,2016-08-01,1942,2016-06-28,1240,41376,0711,2,5,7,1942,0,0,0,G,0,7T38,ORLANDO AV,BEVERLY AV,0,NA,Y,A,-,N,NA,NA,NA,NA,NA,NA,NA,NA,NA,N,4,0,1,2,A,-,10,21950,A,N,G,B,B,A,H,-,A,A,0,Y,NA,NA,NA,Y,NA,A,01,0,0,1,0,1,0,0,0,0,-,-,NA,NA,LOS ANGELES,LOS ANGELES,-118.37316008,34.07605001
8095262,2016,2016-08-01,1942,2016-06-30,0920,36553,0737,4,5,7,1942,0,0,0,G,0,14TL49,6TH ST,ORANGE DR,0,NA,Y,A,-,N,NA,NA,NA,NA,NA,NA,NA,NA,NA,Y,3,0,1,2,A,-,12,22450,A,N,D,C,A,A,H,-,A,A,0,NA,NA,NA,NA,Y,NA,A,01,0,1,0,0,0,0,0,0,0,-,-,NA,NA,LOS ANGELES,LOS ANGELES,-118.34187,34.06492003
8095263,2016,2016-08-01,1942,2016-06-28,1630,31255,0765,2,5,7,1942,0,0,0,G,0,8TL26,PICO BL,LA BREA AV,50,E,N,A,-,N,NA,NA,NA,NA,NA,NA,NA,NA,NA,N,4,0,2,3,A,-,03,22350,NA,N,C,C,A,A,H,-,A,D,0,NA,NA,NA,NA,Y,NA,A,01,0,0,2,0,0,0,0,0,0,-,-,NA,NA,LOS ANGELES,LOS ANGELES,-118.34449674,34.04790837
8095264,2016,2016-08-01,1942,2016-06-29,1720,38380,0734,3,5,7,1942,0,0,0,G,0,7TL72,BLACKBURN AV,FAIRFAX AV,17,N,N,A,-,N,NA,NA,NA,NA,NA,NA,NA,NA,NA,N,3,0,1,3,A,-,06,21750,A,N,B,C,A,A,H,-,A,A,0,NA,NA,Y,NA,Y,NA,C,02,0,1,0,0,0,0,0,0,1,-,-,NA,NA,LOS ANGELES,LOS ANGELES,-118.36147548,34.07074653
8095265,2016,2016-08-01,1942,2016-06-30,0720,37437,0745,4,5,7,1942,0,0,0,G,0,7MQ57,OLYMPIC BL,LA BREA AV,140,W,N,A,-,N,NA,NA,NA,NA,NA,NA,NA,NA,NA,Y,3,0,2,3,A,-,09,21801,A,N,D,C,A,A,H,-,A,D,0,NA,NA,NA,NA,Y,NA,A,01,0,1,1,0,0,0,0,0,0,-,-,NA,NA,LOS ANGELES,LOS ANGELES,-118.34637105,34.05727356
8095266,2016,2016-08-01,1942,2016-06-30,0335,41089,0769,4,5,7,1942,0,0,0,G,0,7T23,ARLINGTON AV,PICO BL,260,S,N,A,-,N,NA,NA,NA,NA,NA,NA,NA,NA,NA,Y,4,0,2,2,A,-,07,21658,A,N,B,C,A,A,H,-,C,D,0,NA,NA,NA,NA,Y,NA,A,07,0,0,2,0,0,0,0,0,0,-,-,NA,NA,LOS ANGELES,LOS ANGELES,-118.31773953,34.04647891
8095267,2016,2016-08-01,1953,2016-06-24,2243,7671,19563,5,5,6,1953,0,0,0,NA,0,002,WASHINGTON BL,LOS ROBLES AV,10,E,N,A,-,N,NA,NA,NA,NA,NA,NA,NA,NA,NA,Y,4,0,1,2,A,-,01,23152,A,N,A,C,A,A,H,-,C,A,0,NA,NA,NA,NA,Y,Y,A,01,0,0,1,0,0,0,0,0,0,-,-,NA,NA,LOS ANGELES,PASADENA,-118.14160701,34.16893
8095274,2016,2016-08-03,1900,2016-07-19,1747,550490,1121,2,5,6,1992,0,0,0,NA,0,111T1,AVENUE H-4,VICTORIA ST,77,W,N,A,-,N,NA,NA,NA,NA,NA,NA,NA,NA,NA,N,4,0,2,2,A,-,08,22100,A,N,D,C,A,A,H,-,A,D,0,NA,NA,NA,NA,Y,NA,D,22,0,0,2,0,0,0,0,0,0,-,-,NA,NA,LOS ANGELES,LANCASTER,-118.16240568,34.71530246
8095276,2016,2016-08-03,1900,2016-07-02,1530,546182,1122,6,5,6,1992,0,0,0,NA,0,111T1,LANCASTER BL,FERN AV,35,W,N,A,-,N,NA,NA,NA,NA,NA,NA,NA,NA,NA,N,4,0,2,2,A,-,21,22106,NA,M,H,C,A,A,H,-,A,D,0,NA,NA,NA,Y,Y,NA,G,25,0,0,2,0,0,0,0,0,0,-,-,NA,NA,LOS ANGELES,LANCASTER,-118.14469523,34.69759762
8095281,2016,2016-08-03,1900,2016-07-20,0625,537857,1131,3,5,6,1992,0,0,0,NA,0,111T1,AVENUE I,DIVISION ST,0,NA,Y,A,-,N,NA,NA,NA,NA,NA,NA,NA,NA,NA,N,4,0,1,3,A,-,12,21453,A,N,D,C,A,A,H,-,A,-,0,NA,NA,NA,NA,Y,NA,D,22,0,0,1,0,0,0,0,0,0,-,-,NA,NA,LOS ANGELES,LANCASTER,-118.1304401,34.70399001
8095285,2016,2016-08-03,1900,2016-07-21,0818,540658,1124,4,5,6,1992,0,0,0,NA,0,112T2,AVENUE L-8,10TH ST WEST,0,NA,Y,A,-,N,NA,NA,NA,NA,NA,NA,NA,NA,NA,N,4,0,1,2,A,-,12,21453,A,N,D,C,A,A,H,-,A,A,0,NA,NA,NA,NA,Y,NA,D,22,0,0,1,0,0,0,0,0,0,-,-,NA,NA,LOS ANGELES,LANCASTER,-118.14774004,34.65307005
8095288,2016,2016-08-03,1925,2016-07-15,1534,20871,166,5,5,6,1925,0,0,0,NA,0,001,BRAND BL,STOCKER ST,10,S,N,A,-,N,NA,NA,NA,NA,NA,NA,NA,NA,NA,N,2,0,1,2,A,-,11,21456,B,N,G,B,B,A,H,-,A,A,0,Y,NA,NA,NA,Y,NA,N,60,1,0,0,0,1,0,0,0,0,-,-,NA,NA,LOS ANGELES,GLENDALE,-118.25506,34.16364258
8095289,2016,2016-08-03,1925,2016-07-21,1257,20873,04,4,5,6,1925,0,0,0,NA,0,159,E GLENOAKS BL,HARVEY DR,0,NA,Y,A,-,N,NA,NA,NA,NA,NA,NA,NA,NA,NA,Y,4,0,1,2,A,-,08,22107,NA,N,C,E,A,A,H,-,A,D,0,NA,NA,NA,NA,Y,NA,D,NA,0,0,1,0,0,0,0,0,0,-,-,NA,NA,LOS ANGELES,GLENDALE,-118.22607006,34.15257006
8095301,2016,2016-08-03,1900,2016-07-25,1220,516691,2820,1,5,5,1915,0,0,0,NA,0,282T1,ALAMEDA ST,134TH ST,0,NA,Y,A,-,N,NA,NA,NA,NA,NA,NA,NA,NA,NA,Y,4,0,1,2,A,-,09,21801,A,F,D,C,A,A,H,-,A,A,0,NA,NA,NA,NA,Y,NA,D,22,0,0,1,0,0,0,0,0,0,-,-,NA,NA,LOS ANGELES,COMPTON,-118.22269002,33.91062006
8095304,2016,2016-08-03,1900,2016-07-12,2032,533018,2822,2,5,5,1915,0,0,0,NA,0,283T7,ROSECRANS AV,WILLOW AV,10,W,N,A,-,N,NA,NA,NA,NA,NA,NA,NA,NA,NA,Y,4,0,1,2,A,-,09,21804,A,N,D,D,A,A,H,-,C,D,0,NA,NA,NA,NA,Y,NA,D,22,0,0,1,0,0,0,0,0,0,-,-,NA,NA,LOS ANGELES,COMPTON,-118.21750286,33.90332883
8095308,2016,2016-08-03,1900,2016-07-07,1330,600125,0628,4,5,6,1985,0,0,0,NA,0,64T1,WILEY CANYON RD,WABUSKA ST,500,S,N,A,-,N,NA,NA,NA,NA,NA,NA,NA,NA,NA,Y,4,0,1,2,A,-,08,22103,NA,N,D,C,A,A,H,-,A,D,0,NA,NA,NA,NA,Y,NA,A,01,0,0,1,0,0,0,0,0,0,-,-,NA,NA,LOS ANGELES,SANTA CLARITA,-118.55758199,34.37144819
8095313,2016,2016-08-03,1900,2016-07-09,1530,509580,0643,6,5,6,1985,0,0,0,NA,0,61T1,SOLEDAD CANYON RD,GOLDEN OAK RD,380,E,N,A,-,N,NA,NA,NA,NA,NA,NA,NA,NA,NA,Y,4,0,1,3,A,-,07,21658,A,N,E,I,A,A,H,-,A,D,0,NA,NA,NA,Y,Y,NA,G,27,0,0,1,0,0,0,0,0,0,-,-,NA,NA,LOS ANGELES,SANTA CLARITA,-118.51210519,34.4168224
8095315,2016,2016-08-03,1900,2016-07-11,1255,533762,0633,1,5,6,1985,0,0,0,NA,0,61T1,LOST CANYON RD,MEDLEY RIDGE DR,234,S,N,A,-,N,NA,NA,NA,NA,NA,NA,NA,NA,NA,Y,4,0,2,3,A,-,07,21658,A,N,C,C,A,A,H,-,A,A,0,NA,NA,NA,NA,Y,NA,D,22,0,0,2,0,0,0,0,0,0,-,-,NA,NA,LOS ANGELES,SANTA CLARITA,-118.44585018,34.40645629
8095319,2016,2016-08-03,1900,2016-07-15,1925,600125,0642,5,5,6,1985,0,0,0,NA,0,64T1,MCBEAN PKWY,NEWHALL RANCH RD,0,NA,Y,A,-,N,NA,NA,NA,NA,NA,NA,NA,NA,NA,Y,3,0,2,2,A,-,08,22100,A,N,B,C,A,A,H,-,A,A,0,NA,NA,NA,NA,Y,NA,D,22,0,2,0,0,0,0,0,0,0,-,-,NA,NA,LOS ANGELES,SANTA CLARITA,-118.55765013,34.43143011
8095322,2016,2016-08-03,1900,2016-07-19,1415,530184,0643,2,5,6,1985,0,0,0,NA,0,62T1,BOUQUET CANYON RD,SOLEDAD CANYON RD,0,NA,Y,A,-,N,NA,NA,NA,NA,NA,NA,NA,NA,NA,Y,4,0,1,3,A,-,12,21453,A,N,D,C,A,A,H,-,A,A,0,NA,NA,NA,NA,Y,NA,A,01,0,0,1,0,0,0,0,0,0,-,-,NA,NA,LOS ANGELES,SANTA CLARITA,-118.54110003,34.42258007
8095328,2016,2016-08-03,1900,2016-07-14,1825,530184,0629,4,5,6,1985,0,0,0,NA,0,62T1,WALNUT ST,LYONS AV,0,NA,Y,A,-,N,NA,NA,NA,NA,NA,NA,NA,NA,NA,Y,3,0,1,2,A,-,09,21801,A,N,D,C,A,A,H,-,A,A,0,NA,NA,NA,NA,Y,NA,D,22,0,1,0,0,0,0,0,0,0,-,-,NA,NA,LOS ANGELES,SANTA CLARITA,-118.53096001,34.38095009
8095332,2016,2016-08-03,1900,2016-07-19,0540,266586,0612,2,5,6,1985,0,0,0,NA,0,61Y1,SIERRA HWY,DOLAN WY,123,S,N,A,-,N,NA,NA,NA,NA,NA,NA,NA,NA,NA,Y,4,0,2,4,A,-,03,22350,NA,N,C,C,A,A,H,-,A,D,0,NA,NA,NA,NA,Y,NA,D,22,0,0,2,0,0,0,0,0,0,-,-,NA,NA,LOS ANGELES,SANTA CLARITA,-118.45432531,34.41932551
8095339,2016,2016-08-03,1942,2016-07-21,1030,40165,1501,4,5,7,1942,0,0,0,O,0,10T39,SATICOY ST,VARNA AV,145,W,N,A,-,N,NA,NA,NA,NA,NA,NA,NA,NA,NA,Y,4,0,1,5,A,-,03,22350,NA,F,B,C,A,A,H,-,A,D,0,NA,NA,NA,NA,Y,NA,D,22,0,0,1,0,0,0,0,0,0,-,-,NA,NA,LOS ANGELES,LOS ANGELES,-118.42518591,34.20875136
8095341,2016,2016-08-03,1942,2016-07-22,2345,36599,1684,5,5,7,1942,0,0,0,P,0,10T37,PENDLETON ST,ROSCOE BL,100,N,N,A,-,N,NA,NA,NA,NA,NA,NA,NA,NA,NA,N,3,0,1,2,A,-,01,23152,A,N,A,E,A,A,H,-,C,A,0,NA,NA,NA,NA,Y,Y,A,01,0,1,0,0,0,0,0,0,0,-,-,NA,NA,LOS ANGELES,LOS ANGELES,-118.39586696,34.22189217
8095342,2016,2016-08-03,1942,2016-07-18,1710,36755,0989,1,5,7,1942,0,0,0,I,0,21T64,WOODMAN AV,MOORPARK ST,200,N,N,A,-,N,NA,NA,NA,NA,NA,NA,NA,NA,NA,Y,4,0,1,2,A,-,01,23152,A,N,D,C,A,A,H,-,A,D,0,NA,NA,NA,NA,Y,Y,A,07,0,0,1,0,0,0,0,0,0,-,-,NA,NA,LOS ANGELES,LOS ANGELES,-118.43123,34.15090858
8095343,2016,2016-08-03,1942,2016-07-13,0005,27792,2113,3,5,7,1942,0,0,0,NA,0,10T35,FALLBROOK AV,ROSCOE BL,1000,S,N,A,-,N,NA,NA,NA,NA,NA,NA,NA,NA,NA,Y,3,0,1,2,A,-,01,23152,A,N,C,E,A,A,H,-,A,D,0,NA,NA,NA,NA,Y,NA,A,01,0,1,0,0,0,0,0,0,0,-,-,NA,NA,LOS ANGELES,LOS ANGELES,-118.62344286,34.21664708
8095344,2016,2016-08-03,1942,2016-06-14,1540,33779,1591,2,5,7,1942,0,0,0,O,0,15TL44,LAUREL CYN BL,VIEWCREST RD,42,S,N,A,-,N,NA,NA,NA,NA,NA,NA,NA,NA,NA,Y,4,0,1,1,A,-,03,22350,NA,N,E,I,A,A,H,-,A,A,0,NA,NA,NA,NA,Y,NA,D,22,0,0,1,0,0,0,0,0,0,-,-,NA,NA,LOS ANGELES,LOS ANGELES,-118.39377848,34.1394901
8095345,2016,2016-08-03,1942,2016-06-16,1550,40193,1591,4,5,7,1942,0,0,0,O,0,17TL14,VENTURA BL,RHODES AV,200,E,N,A,-,N,NA,NA,NA,NA,NA,NA,NA,NA,NA,Y,3,0,2,2,A,-,21,22106,NA,N,B,C,A,A,H,-,A,D,0,NA,NA,NA,NA,Y,NA,A,01,0,1,1,0,0,0,0,0,0,-,-,NA,NA,LOS ANGELES,LOS ANGELES,-118.40238384,34.14292662
8095346,2016,2016-08-03,1942,2016-06-16,1700,33779,1526,4,5,7,1942,0,0,0,O,0,15TL44,TUJUNGA AV,VICTORY BL,50,N,N,A,-,N,NA,NA,NA,NA,NA,NA,NA,NA,NA,Y,4,0,2,2,A,-,03,22350,NA,N,C,C,A,A,H,-,A,A,0,NA,NA,NA,NA,Y,NA,D,22,0,0,2,0,0,0,0,0,0,-,-,NA,NA,LOS ANGELES,LOS ANGELES,-118.37906,34.18681714
8095348,2016,2016-08-03,1942,2016-06-27,0900,41135,1521,1,5,7,1942,0,0,0,O,0,15A3,SHERMAN WY,VARNA AV,250,W,N,A,-,N,NA,NA,NA,NA,NA,NA,NA,NA,NA,Y,3,0,2,2,A,-,03,22350,NA,N,A,C,A,A,H,-,A,D,0,NA,NA,NA,NA,Y,NA,D,22,0,1,1,0,0,0,0,0,0,-,-,NA,NA,LOS ANGELES,LOS ANGELES,-118.42556529,34.2012
8095349,2016,2016-08-03,1942,2016-06-28,1900,41422,1526,2,5,7,1942,0,0,0,O,0,15A3,VICTORY BL,TROOST AV,5,E,N,A,-,N,NA,NA,NA,NA,NA,NA,NA,NA,NA,N,4,0,3,2,A,-,09,21802,A,N,D,C,A,A,H,-,A,D,0,NA,NA,NA,NA,Y,NA,D,22,0,0,3,0,0,0,0,0,0,-,-,NA,NA,LOS ANGELES,LOS ANGELES,-118.3864735,34.18668
8095351,2016,2016-08-03,1942,2016-06-22,0950,38876,1555,3,5,7,1942,0,0,0,O,0,15A43,MAGNOLIA BL,BLAKESLEE AV,100,E,N,A,-,N,NA,NA,NA,NA,NA,NA,NA,NA,NA,Y,3,0,1,2,A,-,03,22350,NA,N,C,C,A,A,H,-,A,D,0,NA,NA,NA,NA,Y,NA,A,01,0,1,0,0,0,0,0,0,0,-,-,NA,NA,LOS ANGELES,LOS ANGELES,-118.37215006,34.16488765
8095353,2016,2016-08-03,1942,2016-06-07,0710,39136,1664,2,5,7,1942,0,0,0,P,0,16A35,GLENOAKS,SHELDON ST,0,NA,Y,A,-,N,NA,NA,NA,NA,NA,NA,NA,NA,NA,Y,3,0,2,2,A,-,08,22107,NA,N,D,C,A,A,H,-,A,A,0,NA,NA,NA,NA,Y,NA,A,01,0,1,1,0,0,0,0,0,0,-,-,NA,NA,LOS ANGELES,LOS ANGELES,-118.38394002,34.24643002
8095354,2016,2017-02-04,1942,2016-06-08,0530,40955,1642,3,5,7,1942,0,0,0,P,0,16A81,RT 5,BRANFORD,21,N,N,A,-,Y,LA,7,5,-,-,36.644,R,4,N,Y,4,0,1,2,A,-,12,21453,A,N,D,C,A,A,H,-,B,A,0,NA,NA,NA,NA,Y,NA,A,01,0,0,1,0,0,0,0,0,0,-,-,NA,NA,LOS ANGELES,LOS ANGELES,-118.41330914,34.2363731
8095356,2016,2016-08-03,1942,2016-06-07,1835,38356,1656,2,5,7,1942,0,0,0,P,0,9TL58,FOOTHILL BL,QUILL AV,8,E,N,A,-,N,NA,NA,NA,NA,NA,NA,NA,NA,NA,N,4,0,1,2,A,-,03,22350,NA,N,E,I,A,A,H,-,A,A,0,NA,NA,NA,NA,Y,NA,A,01,0,0,1,0,0,0,0,0,0,-,-,NA,NA,LOS ANGELES,LOS ANGELES,-118.31680357,34.25969
8095357,2016,2016-08-03,1942,2016-06-08,1415,40193,1684,3,5,7,1942,0,0,0,P,0,17TL14,ROSCOE BL,WEBB AV,0,NA,Y,A,-,N,NA,NA,NA,NA,NA,NA,NA,NA,NA,Y,3,0,1,2,A,-,09,21801,A,N,D,C,A,A,H,-,A,A,0,NA,NA,NA,NA,Y,NA,A,01,0,1,0,0,0,0,0,0,0,-,-,NA,NA,LOS ANGELES,LOS ANGELES,-118.39304012,34.22164003
8095358,2016,2017-02-24,1942,2016-07-21,1500,38995,2145,4,5,7,1942,0,0,0,NA,0,21T64,TOPANGA CANYON BL,BASSETT ST,0,NA,Y,A,-,Y,LA,7,27,-,-,14.161,I,5,S,N,4,0,1,2,A,-,07,21658,A,N,B,C,A,A,H,-,A,A,0,NA,NA,NA,NA,Y,NA,A,01,0,0,1,0,0,0,0,0,0,-,-,NA,NA,LOS ANGELES,LOS ANGELES,-118.60601175,34.19538077
8095360,2016,2016-08-03,1942,2016-07-01,1005,40290,2177,5,5,7,1942,0,0,0,NA,0,21TL67,DE SOTO AV,BURBANK,0,NA,Y,A,-,N,NA,NA,NA,NA,NA,NA,NA,NA,NA,Y,3,0,1,3,A,-,12,21453,A,N,D,D,A,A,H,-,A,A,0,NA,NA,NA,NA,Y,NA,A,01,0,1,0,0,0,0,0,0,0,-,-,NA,NA,LOS ANGELES,LOS ANGELES,-118.58816006,34.17333005
8095361,2016,2016-08-03,1942,2016-07-15,0800,39473,2156,5,5,7,1942,0,0,0,NA,0,10TL37,CANOGA AV,VICTORY BL,150,N,N,A,-,N,NA,NA,NA,NA,NA,NA,NA,NA,NA,N,4,0,2,3,A,-,08,22107,NA,N,B,C,A,A,H,-,A,A,0,NA,NA,NA,NA,Y,NA,A,08,0,0,2,0,0,0,0,0,0,-,-,NA,NA,LOS ANGELES,LOS ANGELES,-118.59748,34.1887815
8095362,2016,2016-08-03,1942,2016-06-22,1700,35752,2189,3,5,7,1942,0,0,0,NA,0,2156,VENTURA BL,KELVIN,0,NA,Y,A,-,N,NA,NA,NA,NA,NA,NA,NA,NA,NA,N,3,0,1,3,A,-,04,21703,NA,N,C,C,A,A,H,-,A,A,0,NA,NA,NA,NA,Y,NA,A,01,0,1,0,0,0,0,0,0,0,-,-,NA,NA,LOS ANGELES,LOS ANGELES,-118.58586009,34.16647008
8095371,2016,2016-08-16,1942,2016-07-20,1045,34251,0782,3,5,7,1942,0,0,0,G,0,14T49,FAIRFAX AV,VENICE BL,200,S,N,A,-,N,NA,NA,NA,NA,NA,NA,NA,NA,NA,N,4,0,2,2,A,-,07,21658,A,N,B,C,A,A,H,-,A,A,0,NA,NA,NA,NA,Y,NA,A,01,0,0,2,0,0,0,0,0,0,-,-,NA,NA,LOS ANGELES,LOS ANGELES,-118.36977,34.03995
8095372,2016,2016-08-16,1942,2016-07-17,2130,39571,07,7,5,7,1942,0,0,0,G,0,7A22,WILSHIRE BL,CRENSHAW BL,100,W,N,A,-,N,NA,NA,NA,NA,NA,NA,NA,NA,NA,N,4,0,4,2,A,-,08,22100,NA,N,B,C,A,A,H,-,C,A,0,NA,NA,NA,NA,Y,NA,A,01,0,0,4,0,0,0,0,0,0,-,-,NA,NA,LOS ANGELES,LOS ANGELES,-118.31948954,34.06173
8095373,2016,2016-08-03,1942,2016-07-17,2150,40899,0734,7,5,7,1942,0,0,0,G,0,8T35,FAIRFAX AV,3RD ST,50,N,N,A,-,N,NA,NA,NA,NA,NA,NA,NA,NA,NA,N,4,0,1,2,A,-,07,21658,A,N,B,C,A,A,H,-,C,A,0,NA,NA,NA,NA,Y,NA,A,01,0,0,1,0,0,0,0,0,0,-,-,NA,NA,LOS ANGELES,LOS ANGELES,-118.36143842,34.07168713
8095375,2016,2016-08-03,1942,2016-06-07,1815,39497,1851,2,5,7,1942,0,0,0,R,0,12X66,EL SEGUNDO BL,VERMONT AV,400,E,N,A,-,N,NA,NA,NA,NA,NA,NA,NA,NA,NA,Y,4,0,1,3,A,-,03,22350,NA,F,C,C,A,A,H,-,A,D,0,NA,NA,NA,NA,Y,NA,A,01,0,0,1,0,0,0,0,0,0,-,-,NA,NA,LOS ANGELES,LOS ANGELES,-118.29026414,33.91642
8095377,2016,2016-08-03,1942,2016-07-03,0315,25495,0774,7,5,7,1942,0,0,0,G,0,7T23,WASHINGTON BL,ORANGE DR,115,W,N,A,-,N,NA,NA,NA,NA,NA,NA,NA,NA,NA,N,4,0,1,2,A,-,10,21952,NA,N,G,B,F,A,H,-,C,D,0,Y,NA,NA,NA,Y,NA,D,22,0,0,1,0,1,0,0,0,0,-,-,NA,NA,LOS ANGELES,LOS ANGELES,-118.35006396,34.04086071
8095378,2016,2016-08-03,1942,2016-07-01,2039,37575,0737,5,5,7,1942,0,0,0,G,0,7T23,6TH ST,ORANGE DR,0,NA,Y,A,-,N,NA,NA,NA,NA,NA,NA,NA,NA,NA,N,3,0,1,2,A,-,12,22450,A,N,D,C,A,A,H,-,C,A,0,NA,NA,NA,NA,Y,NA,A,01,0,1,0,0,0,0,0,0,0,-,-,NA,NA,LOS ANGELES,LOS ANGELES,-118.34187,34.06492003
8095379,2016,2016-08-03,1942,2016-07-22,0330,39611,1424,5,5,7,1942,0,0,0,N,0,14A25,MCLAUGHLIN AV,FEDERAL AV,528,S,N,A,-,N,NA,NA,NA,NA,NA,NA,NA,NA,NA,Y,2,0,1,2,A,-,05,21650,A,F,A,E,A,A,H,-,C,D,0,NA,NA,NA,NA,Y,NA,D,22,1,0,0,0,0,0,0,0,0,-,-,NA,NA,LOS ANGELES,LOS ANGELES,-118.43289481,34.0176964
8095419,2016,2016-08-02,1942,2016-07-23,1610,40165,0906,6,5,7,1942,0,0,0,I,0,10TL39,VALERIO ST,LENNOX AV,0,NA,Y,A,-,N,NA,NA,NA,NA,NA,NA,NA,NA,NA,Y,4,0,1,2,A,-,09,21802,A,F,D,C,A,A,H,-,A,A,0,NA,NA,NA,NA,Y,NA,-,99,0,0,1,0,0,0,0,0,0,-,-,NA,NA,LOS ANGELES,LOS ANGELES,-118.44551005,34.20482008
8095420,2016,2016-08-03,1942,2016-07-23,2240,38980,1538,6,5,7,1942,0,0,0,O,0,15T43,VINELAND AV,OXNARD ST,150,N,N,A,-,N,NA,NA,NA,NA,NA,NA,NA,NA,NA,Y,3,0,3,2,A,-,03,22350,NA,N,C,C,A,A,H,-,C,D,0,NA,NA,NA,NA,Y,NA,-,99,0,1,2,0,0,0,0,0,0,-,-,NA,NA,LOS ANGELES,LOS ANGELES,-118.3703,34.17984141
8095422,2016,2016-08-03,1942,2016-07-24,1525,38285,1622,7,5,7,1942,0,0,0,P,0,16TL28,SAN FERNANDO RD,DESMOND ST,125,N,N,A,-,N,NA,NA,NA,NA,NA,NA,NA,NA,NA,Y,3,0,1,1,A,-,03,22350,NA,N,E,I,A,A,H,-,A,D,0,NA,NA,NA,NA,Y,NA,A,01,0,1,0,0,0,0,0,0,0,-,-,NA,NA,LOS ANGELES,LOS ANGELES,-118.43121283,34.2746974
8095423,2016,2016-08-03,1942,2016-07-23,1400,39216,1651,6,5,7,1942,0,0,0,P,0,16A23,LAUREL CANYON BL,MONTAGUE ST,150,S,N,B,F,N,NA,NA,NA,NA,NA,NA,NA,NA,NA,N,4,0,1,3,A,-,01,23153,A,N,B,B,E,A,G,-,A,-,0,Y,NA,NA,NA,Y,Y,A,01,0,0,1,0,1,0,0,0,0,-,-,NA,NA,LOS ANGELES,LOS ANGELES,-118.41600094,34.24357245
8095424,2016,2016-08-02,1942,2016-07-18,2020,38669,1983,1,5,7,1942,0,0,0,NA,0,19A61,ROSCOE BL,COLUMBUS AV,50,E,N,A,-,N,NA,NA,NA,NA,NA,NA,NA,NA,NA,N,4,0,1,2,A,-,03,22350,NA,N,B,C,A,A,H,-,B,D,0,NA,NA,NA,NA,Y,NA,-,99,0,0,1,0,0,0,0,0,0,-,-,NA,NA,LOS ANGELES,LOS ANGELES,-118.46531491,34.22144154