CASE_ID,ACCIDENT_YEAR,PROC_DATE,JURIS,COLLISION_DATE,COLLISION_TIME,OFFICER_ID,REPORTING_DISTRICT,DAY_OF_WEEK,CHP_SHIFT,POPULATION,CNTY_CITY_LOC,SPECIAL_COND,BEAT_TYPE,CHP_BEAT_TYPE,CITY_DIVISION_LAPD,CHP_BEAT_CLASS,BEAT_NUMBER,PRIMARY_RD,SECONDARY_RD,DISTANCE,DIRECTION,INTERSECTION,WEATHER_1,WEATHER_2,STATE_HWY_IND,CALTRANS_COUNTY,CALTRANS_DISTRICT,STATE_ROUTE,ROUTE_SUFFIX,POSTMILE_PREFIX,POSTMILE,LOCATION_TYPE,RAMP_INTERSECTION,SIDE_OF_HWY,TOW_AWAY,COLLISION_SEVERITY,NUMBER_KILLED,NUMBER_INJURED,PARTY_COUNT,PRIMARY_COLL_FACTOR,PCF_CODE_OF_VIOL,PCF_VIOL_CATEGORY,PCF_VIOLATION,PCF_VIOL_SUBSECTION,HIT_AND_RUN,TYPE_OF_COLLISION,MVIW,PED_ACTION,ROAD_SURFACE,ROAD_COND_1,ROAD_COND_2,LIGHTING,CONTROL_DEVICE,CHP_ROAD_TYPE,PEDESTRIAN_ACCIDENT,BICYCLE_ACCIDENT,MOTORCYCLE_ACCIDENT,TRUCK_ACCIDENT,NOT_PRIVATE_PROPERTY,ALCOHOL_INVOLVED,STWD_VEHTYPE_AT_FAULT,CHP_VEHTYPE_AT_FAULT,COUNT_SEVERE_INJ,COUNT_VISIBLE_INJ,COUNT_COMPLAINT_PAIN,COUNT_PED_KILLED,COUNT_PED_INJURED,COUNT_BICYCLIST_KILLED,COUNT_BICYCLIST_INJURED,COUNT_MC_KILLED,COUNT_MC_INJURED,PRIMARY_RAMP,SECONDARY_RAMP,LATITUDE,LONGITUDE,COUNTY,CITY,POINT_X,POINT_Y
8096131,2016,2016-08-08,1942,2016-07-23,1220,39061,0638,6,5,7,1942,0,0,0,F,0,6T2,FRANKLIN AV,ARGYLE LN,215,E,N,A,-,N,NA,NA,NA,NA,NA,NA,NA,NA,NA,N,4,0,1,2,A,-,03,22350,NA,N,C,C,A,A,H,-,A,D,0,NA,NA,NA,NA,Y,NA,A,01,0,0,1,0,0,0,0,0,0,-,-,NA,NA,LOS ANGELES,LOS ANGELES,-118.32452123,34.10522998
8096132,2016,2016-08-05,1942,2016-07-24,1345,41376,0747,7,5,7,1942,0,0,0,G,0,7TL72,OLYMPIC BL,MANSFIELD,0,NA,Y,A,-,N,NA,NA,NA,NA,NA,NA,NA,NA,NA,N,3,0,1,2,A,-,09,21801,A,N,D,C,A,A,H,-,A,D,0,NA,NA,NA,NA,Y,NA,A,01,0,1,0,0,0,0,0,0,0,-,-,NA,NA,LOS ANGELES,LOS ANGELES,-118.34253009,34.05716005
8096134,2016,2016-08-12,1942,2016-07-22,1850,25495,0783,5,5,7,1942,0,0,0,G,0,7T23,HAUSER BL,APPLE ST,5,S,N,A,-,N,NA,NA,NA,NA,NA,NA,NA,NA,NA,Y,4,0,1,2,A,-,10,21950,A,N,-,B,B,A,H,-,A,A,0,Y,NA,NA,NA,Y,NA,D,22,0,0,1,0,1,0,0,0,0,-,-,NA,NA,LOS ANGELES,LOS ANGELES,-118.36205428,34.03427676
8096135,2016,2016-08-08,1942,2016-07-22,2030,37511,0632,5,5,7,1942,0,0,0,F,0,7T23,CRESCENT HEIGHTS BL,SUNSET BL,100,N,N,A,-,N,NA,NA,NA,NA,NA,NA,NA,NA,NA,N,4,0,1,2,A,-,03,22350,NA,N,C,C,A,A,H,-,C,A,0,NA,NA,NA,NA,Y,NA,A,01,0,0,1,0,0,0,0,0,0,-,-,NA,NA,LOS ANGELES,LOS ANGELES,-118.36568892,34.09825382
8096136,2016,2016-08-05,1942,2016-07-23,1250,38590,0737,6,5,7,1942,0,0,0,G,0,7TL28,3RD ST,SYCAMORE AV,100,W,N,A,-,N,NA,NA,NA,NA,NA,NA,NA,NA,NA,Y,4,0,3,2,A,-,05,21460,A,N,D,C,A,A,H,-,A,A,0,NA,NA,NA,NA,Y,NA,A,07,0,0,3,0,0,0,0,0,0,-,-,NA,NA,LOS ANGELES,LOS ANGELES,-118.34325957,34.0689
8096139,2016,2016-08-08,1942,2016-07-18,1240,38282,0625,1,5,7,1942,0,0,0,F,0,7T23,CAHUENGA BL,WRIGHT LN,0,N,N,A,-,N,NA,NA,NA,NA,NA,NA,NA,NA,NA,Y,3,0,1,5,A,-,03,22350,NA,N,B,E,A,A,H,-,A,D,0,NA,NA,NA,NA,Y,NA,A,01,0,1,0,0,0,0,0,0,0,-,-,NA,NA,LOS ANGELES,LOS ANGELES,-118.33987,34.1199
8096140,2016,2016-09-09,1942,2016-07-25,1500,37966,0753,1,5,7,1942,0,0,0,G,0,6TL2,WHITWORTH DR,ORANGE GROVE AV,0,NA,Y,A,-,N,NA,NA,NA,NA,NA,NA,NA,NA,NA,Y,3,0,1,2,A,-,12,22450,A,N,D,C,A,A,H,-,A,A,0,NA,NA,NA,NA,Y,NA,-,-,0,1,0,0,0,0,0,0,0,-,-,NA,NA,LOS ANGELES,LOS ANGELES,-118.36389012,34.05545003
8096141,2016,2016-08-08,1969,2016-07-07,0813,10156,TRAFF,4,5,5,1969,0,0,0,NA,0,003,TWEEDY BL,SAN VINCENTE AV,75,E,N,A,-,N,NA,NA,NA,NA,NA,NA,NA,NA,NA,N,4,0,3,3,A,-,03,22350,NA,N,C,C,A,A,H,-,A,A,0,NA,NA,NA,NA,Y,NA,A,01,0,0,3,0,0,0,0,0,0,-,-,NA,NA,LOS ANGELES,SOUTH GATE,-118.19953518,33.94353411
8096143,2016,2016-08-08,1942,2016-07-24,1140,40157,0663,7,5,7,1942,0,0,0,F,0,20TL59,SANTA MONICA BL,HIGHLAND AV,0,NA,Y,A,-,N,NA,NA,NA,NA,NA,NA,NA,NA,NA,N,4,0,1,2,A,-,09,21801,A,N,D,C,A,A,H,-,A,A,0,NA,NA,NA,NA,Y,NA,A,01,0,0,1,0,0,0,0,0,0,-,-,NA,NA,LOS ANGELES,LOS ANGELES,-118.33860014,34.09070004
8096144,2016,2016-08-08,1942,2016-07-26,2040,39299,0738,2,5,7,1942,0,0,0,G,0,20T59,HIGHLAND AV,2ND ST,0,NA,Y,A,-,N,NA,NA,NA,NA,NA,NA,NA,NA,NA,Y,4,0,1,2,A,-,09,21802,A,N,D,C,A,-,H,-,C,D,0,NA,NA,NA,NA,Y,NA,A,01,0,0,1,0,0,0,0,0,0,-,-,NA,NA,LOS ANGELES,LOS ANGELES,-118.33864,34.071040000000004
8096147,2016,2016-08-08,1942,2016-07-23,2025,37613,0669,6,5,7,1942,0,0,0,F,0,6T7,NORMANDIE AV,FOUNTAIN AV,0,NA,Y,A,-,N,NA,NA,NA,NA,NA,NA,NA,NA,NA,Y,4,0,2,2,A,-,01,23152,A,N,D,C,A,A,H,-,C,A,0,NA,NA,NA,NA,Y,Y,A,07,0,0,2,0,0,0,0,0,0,-,-,NA,NA,LOS ANGELES,LOS ANGELES,-118.30050002,34.09520001
8096149,2016,2016-09-07,1969,2016-07-09,1915,20226,TRAFF,6,5,5,1969,0,0,0,NA,0,005,GARDENDALE ST,PARAMOUNT BL,0,NA,Y,A,-,N,NA,NA,NA,NA,NA,NA,NA,NA,NA,Y,3,0,2,3,A,-,12,21453,A,N,D,-,A,A,H,-,A,A,0,NA,NA,NA,NA,Y,NA,A,01,0,1,1,0,0,0,0,0,0,-,-,NA,NA,LOS ANGELES,SOUTH GATE,-118.15702001,33.91741003
8096151,2016,2016-08-16,1942,2016-07-15,1640,41179,0644,5,5,7,1942,0,0,0,F,0,14TL54,SUNSET BL,ALTA VISTA AV,51,W,N,A,-,N,NA,NA,NA,NA,NA,NA,NA,NA,NA,N,4,0,2,3,A,-,03,22350,NA,N,C,C,A,A,H,-,A,D,0,NA,NA,NA,NA,Y,NA,A,07,0,0,2,0,0,0,0,0,0,-,-,NA,NA,LOS ANGELES,LOS ANGELES,-118.34722809,34.09799343
8096155,2016,2016-08-05,1942,2016-07-21,1700,40690,2091,4,5,7,1942,0,0,0,NA,0,20T56,20TH ST,CIMARRON ST,42,W,N,A,-,N,NA,NA,NA,NA,NA,NA,NA,NA,NA,N,4,0,1,2,A,-,08,22103,NA,N,D,C,A,A,H,-,A,D,0,NA,NA,NA,NA,Y,NA,A,01,0,0,1,0,0,0,0,0,0,-,-,NA,NA,LOS ANGELES,LOS ANGELES,-118.31567836,34.03895128
8096159,2016,2016-08-16,1942,2016-07-23,1400,31573,2023,6,5,7,1942,0,0,0,NA,0,34MQ9,WESTERN AV,4TH ST,0,NA,Y,A,-,N,NA,NA,NA,NA,NA,NA,NA,NA,NA,N,4,0,2,2,A,-,12,21453,A,N,B,C,A,A,H,-,A,A,0,NA,NA,NA,NA,Y,NA,-,-,0,0,2,0,0,0,0,0,0,-,-,NA,NA,LOS ANGELES,LOS ANGELES,-118.30911,34.06714
8096190,2016,2016-08-08,1969,2016-07-27,1806,10145,PATRO,3,5,5,1969,0,0,0,NA,0,004,FIRESTONE BL,LOTTA AV,0,NA,Y,A,-,N,NA,NA,NA,NA,NA,NA,NA,NA,NA,N,4,0,1,2,A,-,08,22107,NA,N,D,C,A,A,H,-,A,D,0,NA,NA,NA,NA,Y,NA,A,01,0,0,1,0,0,0,0,0,0,-,-,NA,NA,LOS ANGELES,SOUTH GATE,-118.18162001,33.95149002
8096193,2016,2016-08-08,1902,2016-07-29,1832,756,31,5,5,5,1902,0,0,0,NA,0,005,BALDWIN AV,LONGDEN AV,11,N,N,A,-,N,NA,NA,NA,NA,NA,NA,NA,NA,NA,N,4,0,1,2,A,-,03,22350,NA,N,C,C,A,A,H,-,A,A,0,NA,NA,NA,NA,Y,NA,A,01,0,0,1,0,0,0,0,0,0,-,-,NA,NA,LOS ANGELES,ARCADIA,-118.05378612,34.11503973
8096194,2016,2016-08-05,1969,2016-07-26,2045,10075,PATRO,2,5,5,1969,0,0,0,NA,0,0A5,GARFIELD AV,EL PASEO,100,W,N,A,-,N,NA,NA,NA,NA,NA,NA,NA,NA,NA,N,3,0,1,1,D,-,00,NA,NA,N,H,A,A,A,G,-,C,A,0,NA,NA,Y,NA,Y,NA,-,-,0,1,0,0,0,0,0,0,1,-,-,NA,NA,LOS ANGELES,SOUTH GATE,NA,NA
8096198,2016,2016-08-05,1969,2016-07-10,1346,10200,PATRO,7,5,5,1969,0,0,0,NA,0,002,ATLANTIC AV,MASON ST,100,N,N,A,-,N,NA,NA,NA,NA,NA,NA,NA,NA,NA,N,4,0,2,2,A,-,08,22107,NA,N,C,E,A,A,H,-,A,D,0,NA,NA,NA,NA,Y,NA,A,01,0,0,2,0,0,0,0,0,0,-,-,NA,NA,LOS ANGELES,SOUTH GATE,-118.18326064,33.95266953
8096202,2016,2016-08-05,1969,2016-07-05,1035,10200,PATRO,2,5,5,1969,0,0,0,NA,0,002,LONG BEACH BL,LAUREL PL,0,NA,Y,A,-,N,NA,NA,NA,NA,NA,NA,NA,NA,NA,N,4,0,1,2,A,-,17,21208,B,N,G,G,A,A,H,-,A,D,0,NA,Y,NA,NA,Y,NA,L,04,0,0,1,0,0,0,1,0,0,-,-,NA,NA,LOS ANGELES,SOUTH GATE,-118.22096001,33.95674004
8096206,2016,2016-09-27,1969,2016-07-02,1616,10203,PATRO,6,5,5,1969,0,0,0,NA,0,002,TWEEDY BL,ELIZABETH AV,15,E,N,A,-,N,NA,NA,NA,NA,NA,NA,NA,NA,NA,N,3,0,1,2,A,-,10,21950,A,F,G,B,B,A,H,-,A,D,0,Y,NA,NA,NA,Y,NA,-,NA,0,1,0,0,1,0,0,0,0,-,-,NA,NA,LOS ANGELES,SOUTH GATE,-118.20970091,33.94465573
8096222,2016,2016-08-08,1969,2016-07-06,1652,10079,TRAFF,3,5,5,1969,0,0,0,NA,0,003,FIRESTONE BL,SAN MIGUEL AV,105,E,N,A,-,N,NA,NA,NA,NA,NA,NA,NA,NA,NA,Y,4,0,4,3,A,-,03,22350,NA,F,C,C,A,A,H,-,A,A,0,NA,NA,NA,NA,Y,NA,A,01,0,0,4,0,0,0,0,0,0,-,-,NA,NA,LOS ANGELES,SOUTH GATE,-118.19879693,33.95348569
8096226,2016,2016-08-08,1969,2016-07-18,2353,10145,PATRO,1,5,5,1969,0,0,0,NA,0,004,FIRESTONE BL,ATLANTIC AV,200,W,N,A,-,N,NA,NA,NA,NA,NA,NA,NA,NA,NA,Y,4,0,1,2,A,-,03,22350,NA,M,C,C,A,A,H,-,C,D,0,NA,NA,NA,NA,Y,NA,A,01,0,0,1,0,0,0,0,0,0,-,-,NA,NA,LOS ANGELES,SOUTH GATE,-118.18394713,33.95211291
8096230,2016,2016-08-08,1969,2016-07-19,1101,10156,TRAFF,2,5,5,1969,0,0,0,NA,0,003,DUANE WY,MALLISON AV,0,NA,Y,A,-,N,NA,NA,NA,NA,NA,NA,NA,NA,NA,N,4,0,1,2,A,-,09,21802,A,N,D,C,A,A,H,-,A,A,0,NA,NA,NA,NA,Y,NA,A,01,0,0,1,0,0,0,0,0,0,-,-,NA,NA,LOS ANGELES,SOUTH GATE,-118.1980901,33.94788011
8096233,2016,2016-08-08,1902,2016-07-27,1154,694,14,3,5,5,1902,0,0,0,NA,0,002,2ND AV,EL DORADO,180,N,N,A,-,N,NA,NA,NA,NA,NA,NA,NA,NA,NA,N,4,0,3,2,A,-,08,22107,NA,N,D,C,A,A,H,-,A,D,0,NA,NA,NA,NA,Y,NA,-,NA,0,0,3,0,0,0,0,0,0,-,-,NA,NA,LOS ANGELES,ARCADIA,-118.02511897,34.13511346
8096234,2016,2016-08-08,1969,2016-07-17,1528,10200,PATRO,7,5,5,1969,0,0,0,NA,0,002,LONG BEACH BL,FIRESTONE BL,120,N,N,A,-,N,NA,NA,NA,NA,NA,NA,NA,NA,NA,N,4,0,2,3,A,-,03,22350,NA,F,C,D,A,A,H,-,A,D,0,NA,NA,NA,NA,Y,NA,A,01,0,0,2,0,0,0,0,0,0,-,-,NA,NA,LOS ANGELES,SOUTH GATE,-118.22046382,33.95591549
8096237,2016,2016-08-08,1902,2016-07-25,1835,712,17,1,5,5,1902,0,0,0,NA,0,003,HUNTINGTON DR,GATE 2,0,NA,Y,A,-,N,NA,NA,NA,NA,NA,NA,NA,NA,NA,Y,4,0,2,2,A,-,12,21453,A,N,D,C,A,A,H,-,A,A,0,NA,NA,NA,NA,Y,NA,A,01,0,0,2,0,0,0,0,0,0,-,-,NA,NA,LOS ANGELES,ARCADIA,-118.049634,34.131851
8096238,2016,2016-08-08,1969,2016-07-07,1552,10050,NA,4,5,5,1969,0,0,0,NA,0,0A3,SAN GABRIEL AV,MISSOURI,0,NA,Y,A,-,N,NA,NA,NA,NA,NA,NA,NA,NA,NA,NA,3,0,1,2,A,-,12,22450,NA,N,D,G,A,A,H,-,A,D,0,NA,Y,NA,NA,Y,NA,L,04,0,1,0,0,0,0,1,0,0,-,-,NA,NA,LOS ANGELES,SOUTH GATE,-118.20393007,33.94621007
8096335,2016,2016-08-08,1907,2016-04-16,1601,193,2,6,5,4,1907,0,0,0,NA,0,NA,GAGE AV,PROSPECT AV,0,NA,Y,A,-,N,NA,NA,NA,NA,NA,NA,NA,NA,NA,Y,4,0,1,2,D,-,00,NA,NA,N,D,C,A,A,H,-,A,A,0,NA,NA,NA,NA,Y,NA,-,-,0,0,1,0,0,0,0,0,0,-,-,33.9776,-118.18316,LOS ANGELES,BELL,-118.18366,33.97766005
8096337,2016,2016-08-08,1900,2016-03-26,1352,443069,0976,6,5,4,1979,0,0,0,NA,0,92T4,FOUNTAIN AV,FLORES ST,4,E,N,A,-,N,NA,NA,NA,NA,NA,NA,NA,NA,NA,Y,4,0,1,3,A,-,09,21802,A,N,D,C,A,A,H,-,A,A,0,NA,NA,NA,NA,Y,NA,A,01,0,0,1,0,0,0,0,0,0,-,-,NA,NA,LOS ANGELES,WEST HOLLYWOOD,-118.37150746,34.09404339
8096353,2016,2016-08-08,1969,2016-05-26,1210,10050,NA,4,5,5,1969,0,0,0,NA,0,0A3,OTIS ST,FIRESTONE BL,75,N,N,A,-,N,NA,NA,NA,NA,NA,NA,NA,NA,NA,NA,4,0,1,2,A,-,11,21954,A,F,G,B,F,A,H,-,A,D,0,Y,NA,NA,NA,Y,NA,A,01,0,0,1,0,1,0,0,0,0,-,-,NA,NA,LOS ANGELES,SOUTH GATE,-118.19649082,33.95346423
8096365,2016,2016-08-08,1900,2016-04-28,1330,263528,0977,4,5,4,1979,0,0,0,NA,0,92T1,SAN VICENTE BL,HARRATT ST,9,N,N,A,-,N,NA,NA,NA,NA,NA,NA,NA,NA,NA,NA,4,0,1,2,A,-,09,21801,A,N,D,C,A,A,H,-,A,A,0,NA,NA,NA,NA,Y,NA,A,01,0,0,1,0,0,0,0,0,0,-,-,NA,NA,LOS ANGELES,WEST HOLLYWOOD,-118.38560841,34.08946465
8096428,2016,2016-08-11,1941,2016-07-31,1006,10319,NA,7,5,7,1941,0,0,0,NA,0,NA,OBISPO AV,14TH ST,150,N,N,A,-,N,NA,NA,NA,NA,NA,NA,NA,NA,NA,N,4,0,1,2,-,-,-,NA,NA,N,-,C,A,A,H,-,A,D,0,NA,NA,Y,NA,Y,NA,-,-,0,0,1,0,0,0,0,0,1,-,-,NA,NA,LOS ANGELES,LONG BEACH,-118.15460186,33.78477128
8096474,2016,2016-08-12,1942,2016-07-13,1630,39410,1035,3,5,7,1942,0,0,0,J,0,17TL14,RESEDA BL,CLARK ST,15,S,N,A,-,N,NA,NA,NA,NA,NA,NA,NA,NA,NA,N,4,0,3,2,A,-,07,21658,A,N,C,C,A,A,H,-,A,A,0,NA,NA,NA,NA,Y,NA,D,22,0,0,3,0,0,0,0,0,0,-,-,NA,NA,LOS ANGELES,LOS ANGELES,-118.536,34.17032885
8096482,2016,2016-08-11,1942,2016-07-20,1630,42397,0929,3,5,7,1942,0,0,0,I,0,17A95,VICTORY BL,DEMPSEY AV,10,S,N,A,-,N,NA,NA,NA,NA,NA,NA,NA,NA,NA,N,4,0,1,2,A,-,09,21801,A,N,D,C,A,A,H,-,A,D,0,NA,NA,NA,NA,Y,NA,A,01,0,0,1,0,0,0,0,0,0,-,-,NA,NA,LOS ANGELES,LOS ANGELES,-118.47556,34.18664
8096486,2016,2016-09-30,1942,2016-07-20,1005,33691,1705,3,5,7,1942,0,0,0,Q,0,17A35,VAN GOGH ST,VAN GOGH ST 17244,0,NA,Y,A,-,N,NA,NA,NA,NA,NA,NA,NA,NA,NA,Y,3,0,1,2,A,-,03,22350,NA,N,C,E,A,A,H,-,A,D,0,NA,NA,NA,NA,Y,NA,A,07,0,1,0,0,0,0,0,0,0,-,-,NA,NA,LOS ANGELES,LOS ANGELES,-118.508639,34.307263
8096490,2016,2016-08-11,1941,2016-07-29,0925,10128,NA,5,5,7,1941,0,0,0,NA,0,NA,E SPRING ST,E SPRING ST 2740,0,NA,Y,A,-,N,NA,NA,NA,NA,NA,NA,NA,NA,NA,Y,3,0,1,1,A,-,08,22107,NA,N,A,I,A,A,H,-,A,D,0,NA,NA,NA,NA,Y,NA,A,NA,0,1,0,0,0,0,0,0,0,-,-,NA,NA,LOS ANGELES,LONG BEACH,-118.15977,33.811784
8096494,2016,2016-08-29,1941,2016-07-31,0242,10140,NA,7,5,7,1941,0,0,0,NA,0,NA,LONG BEACH BL,SAN ANTONIO DR,173,N,N,A,-,N,NA,NA,NA,NA,NA,NA,NA,NA,NA,Y,3,0,1,1,A,-,01,23152,A,N,E,I,A,A,H,-,C,D,0,NA,NA,NA,NA,Y,NA,A,NA,0,1,0,0,0,0,0,0,0,-,-,NA,NA,LOS ANGELES,LONG BEACH,-118.18950599,33.83497999
8096498,2016,2016-08-11,1942,2016-07-27,1205,39410,1771,3,5,7,1942,0,0,0,Q,0,17T16W,PRAIRIE ST,OSO AV,200,W,N,A,-,N,NA,NA,NA,NA,NA,NA,NA,NA,NA,N,4,0,1,2,A,-,01,23152,A,N,B,C,A,A,H,-,A,D,0,NA,NA,NA,NA,Y,Y,A,07,0,0,1,0,0,0,0,0,0,-,-,NA,NA,LOS ANGELES,LOS ANGELES,-118.57609605,34.23913557
8096502,2016,2016-08-11,1942,2016-07-17,2240,36270,0969,7,5,7,1942,0,0,0,I,0,9A63,RIVERSIDE DR,FULTON AV,0,NA,Y,A,-,N,NA,NA,NA,NA,NA,NA,NA,NA,NA,N,4,0,2,2,A,-,12,21453,A,N,B,D,A,A,H,-,C,A,0,NA,NA,NA,NA,Y,NA,A,07,0,0,2,0,0,0,0,0,0,-,-,NA,NA,LOS ANGELES,LOS ANGELES,-118.42251007,34.1576201
8096506,2016,2016-08-11,1942,2016-07-17,1910,39281,0919,7,5,7,1942,0,0,0,I,0,19T73,SHERMAN WAY BL,WOODMAN AV,0,NA,Y,A,-,N,NA,NA,NA,NA,NA,NA,NA,NA,NA,Y,3,0,2,2,A,-,09,21801,A,N,D,C,A,A,H,-,A,A,0,NA,NA,NA,NA,Y,NA,A,07,0,2,0,0,0,0,0,0,0,-,-,NA,NA,LOS ANGELES,LOS ANGELES,-118.43124,34.20119
8096510,2016,2016-08-11,1942,2016-07-17,1930,40928,0919,7,5,7,1942,0,0,0,I,0,21T65,FULTON AV,VANOWEN ST,0,NA,Y,A,-,N,NA,NA,NA,NA,NA,NA,NA,NA,NA,N,4,0,1,2,A,-,10,21950,A,N,G,B,B,A,H,-,A,A,0,Y,NA,NA,NA,Y,NA,A,01,0,0,1,0,1,0,0,0,0,-,-,NA,NA,LOS ANGELES,LOS ANGELES,-118.42253003,34.19395002
8096513,2016,2016-08-12,1941,2016-07-23,1327,10769,NA,6,5,7,1941,0,0,0,NA,0,NA,37TH ST,E ELM AV,2,E,N,A,-,N,NA,NA,NA,NA,NA,NA,NA,NA,NA,Y,4,0,1,2,A,-,07,21658,A,N,B,C,A,A,H,-,A,D,0,NA,NA,NA,NA,Y,NA,A,NA,0,0,1,0,0,0,0,0,0,-,-,NA,NA,LOS ANGELES,LONG BEACH,-118.18797343,33.82419004
8096514,2016,2016-08-11,1941,2016-07-31,1803,5381,NA,7,5,7,1941,0,0,0,NA,0,NA,ATLANTIC AV,10TH ST,0,NA,Y,A,-,N,NA,NA,NA,NA,NA,NA,NA,NA,NA,N,4,0,1,2,A,-,10,21950,A,N,G,B,B,A,H,-,A,A,0,Y,NA,NA,NA,Y,NA,A,NA,0,0,1,0,1,0,0,0,0,-,-,NA,NA,LOS ANGELES,LONG BEACH,-118.18505004,33.77898004
8096518,2016,2016-08-11,1942,2016-07-16,1245,36733,1011,6,5,7,1942,0,0,0,J,0,10TC39,SATICOY ST,CLAIRE AV,0,NA,Y,A,-,N,NA,NA,NA,NA,NA,NA,NA,NA,NA,N,3,0,3,2,A,-,04,21703,NA,N,C,C,A,A,H,-,A,D,0,NA,NA,NA,NA,Y,NA,A,01,0,1,2,0,0,0,0,0,0,-,-,NA,NA,LOS ANGELES,LOS ANGELES,-118.55027011,34.20836009
8096522,2016,2016-08-11,1942,2016-07-19,2150,38620,1024,2,5,7,1942,0,0,0,J,0,10A21,VANOWEN ST,RHEA AV,0,NA,Y,A,-,N,NA,NA,NA,NA,NA,NA,NA,NA,NA,N,4,0,1,3,A,-,04,21703,NA,N,C,C,A,A,H,-,C,D,0,NA,NA,NA,NA,Y,NA,A,01,0,0,1,0,0,0,0,0,0,-,-,NA,NA,LOS ANGELES,LOS ANGELES,-118.54151009,34.1938401
8096525,2016,2016-08-11,1942,2016-07-22,0100,35433,2185,5,5,7,1942,0,0,0,NA,0,17T17,VENTURA BL,TOPANGA CANYON BL,160,E,N,A,-,N,NA,NA,NA,NA,NA,NA,NA,NA,NA,Y,3,0,1,1,A,-,01,23152,A,N,E,I,A,A,H,-,C,D,0,NA,NA,NA,NA,Y,Y,A,07,0,1,0,0,0,0,0,0,0,-,-,NA,NA,LOS ANGELES,LOS ANGELES,-118.60538217,34.16849876
8096526,2016,2016-08-11,1942,2016-07-18,1020,39473,1091,1,5,7,1942,0,0,0,J,0,10T35,WELLS DR,VANALDEN AV,0,NA,Y,A,-,N,NA,NA,NA,NA,NA,NA,NA,NA,NA,N,3,0,1,2,A,-,12,22450,A,N,D,G,A,A,H,-,A,A,0,NA,Y,NA,NA,Y,NA,L,04,0,1,0,0,0,0,1,0,0,-,-,NA,NA,LOS ANGELES,LOS ANGELES,-118.55007003,34.16453006
8096530,2016,2016-08-11,1942,2016-07-18,1845,26098,1039,1,5,7,1942,0,0,0,J,0,9T53,HASKELL AV,VANOWEN ST,0,NA,Y,A,-,N,NA,NA,NA,NA,NA,NA,NA,NA,NA,Y,4,0,2,2,A,-,09,21801,A,N,D,C,A,A,H,-,A,A,0,NA,NA,NA,NA,Y,NA,A,07,0,0,2,0,0,0,0,0,0,-,-,NA,NA,LOS ANGELES,LOS ANGELES,-118.47488007,34.19391009
8096534,2016,2016-08-11,1942,2016-07-18,2010,40928,1035,1,5,7,1942,0,0,0,J,0,15T43,VICTORY BL,WHITE OAK AV,0,NA,Y,A,-,N,NA,NA,NA,NA,NA,NA,NA,NA,NA,Y,4,0,1,2,D,-,00,NA,NA,N,D,C,A,A,H,-,B,A,0,NA,NA,NA,NA,Y,NA,-,-,0,0,1,0,0,0,0,0,0,-,-,NA,NA,LOS ANGELES,LOS ANGELES,-118.51849002,34.18662007
8096538,2016,2016-08-11,1942,2016-07-16,1005,40165,1001,6,5,7,1942,0,0,0,J,0,10TL39,ROSCOE BL,TAMPA AV,40,E,N,A,-,N,NA,NA,NA,NA,NA,NA,NA,NA,NA,Y,4,0,2,2,A,-,09,21804,A,N,D,C,A,A,H,-,A,D,0,NA,NA,NA,NA,Y,NA,A,01,0,0,2,0,0,0,0,0,0,-,-,NA,NA,LOS ANGELES,LOS ANGELES,-118.55337794,34.2204822
8096542,2016,2016-08-11,1941,2016-07-02,1734,6136,NA,6,5,7,1941,0,0,0,NA,0,NA,WARDLOW RD,PACIFIC AV,0,NA,Y,A,-,N,NA,NA,NA,NA,NA,NA,NA,NA,NA,Y,3,0,1,2,A,-,08,22107,NA,N,A,C,A,A,E,-,A,A,0,NA,NA,NA,NA,Y,NA,A,NA,0,1,0,0,0,0,0,0,0,-,-,NA,NA,LOS ANGELES,LONG BEACH,-118.1937701,33.81913001
8096546,2016,2016-08-11,1942,2016-07-14,1615,37686,1001,4,5,7,1942,0,0,0,J,0,35M69,ROSCOE BL,VANALDEN AV,0,NA,Y,A,-,N,NA,NA,NA,NA,NA,NA,NA,NA,NA,Y,4,0,2,2,A,-,12,21453,A,N,D,C,A,A,H,-,A,A,0,NA,NA,NA,NA,Y,NA,A,01,0,0,2,0,0,0,0,0,0,-,-,NA,NA,LOS ANGELES,LOS ANGELES,-118.54919013,34.2205401
8096550,2016,2016-08-11,1942,2016-07-15,0945,39473,1033,5,5,7,1942,0,0,0,J,0,10TL37,VICTORY BL,SYLVIA AV,100,E,N,A,-,N,NA,NA,NA,NA,NA,NA,NA,NA,NA,Y,4,0,1,2,A,-,09,21801,A,N,A,C,A,A,H,-,A,D,0,NA,NA,NA,NA,Y,NA,A,01,0,0,1,0,0,0,0,0,0,-,-,NA,NA,LOS ANGELES,LOS ANGELES,-118.5520099,34.18657
8096554,2016,2016-08-11,1942,2016-07-15,2230,41918,1035,5,5,7,1942,0,0,0,J,0,10A47,VANOWEN,YARMOUTH,0,NA,Y,A,-,N,NA,NA,NA,NA,NA,NA,NA,NA,NA,Y,4,0,1,2,A,-,09,21801,A,N,B,C,A,A,H,-,C,A,0,NA,NA,NA,NA,Y,NA,A,01,0,0,1,0,0,0,0,0,0,-,-,NA,NA,LOS ANGELES,LOS ANGELES,-118.51972004,34.19387007