CASE_ID,ACCIDENT_YEAR,PROC_DATE,JURIS,COLLISION_DATE,COLLISION_TIME,OFFICER_ID,REPORTING_DISTRICT,DAY_OF_WEEK,CHP_SHIFT,POPULATION,CNTY_CITY_LOC,SPECIAL_COND,BEAT_TYPE,CHP_BEAT_TYPE,CITY_DIVISION_LAPD,CHP_BEAT_CLASS,BEAT_NUMBER,PRIMARY_RD,SECONDARY_RD,DISTANCE,DIRECTION,INTERSECTION,WEATHER_1,WEATHER_2,STATE_HWY_IND,CALTRANS_COUNTY,CALTRANS_DISTRICT,STATE_ROUTE,ROUTE_SUFFIX,POSTMILE_PREFIX,POSTMILE,LOCATION_TYPE,RAMP_INTERSECTION,SIDE_OF_HWY,TOW_AWAY,COLLISION_SEVERITY,NUMBER_KILLED,NUMBER_INJURED,PARTY_COUNT,PRIMARY_COLL_FACTOR,PCF_CODE_OF_VIOL,PCF_VIOL_CATEGORY,PCF_VIOLATION,PCF_VIOL_SUBSECTION,HIT_AND_RUN,TYPE_OF_COLLISION,MVIW,PED_ACTION,ROAD_SURFACE,ROAD_COND_1,ROAD_COND_2,LIGHTING,CONTROL_DEVICE,CHP_ROAD_TYPE,PEDESTRIAN_ACCIDENT,BICYCLE_ACCIDENT,MOTORCYCLE_ACCIDENT,TRUCK_ACCIDENT,NOT_PRIVATE_PROPERTY,ALCOHOL_INVOLVED,STWD_VEHTYPE_AT_FAULT,CHP_VEHTYPE_AT_FAULT,COUNT_SEVERE_INJ,COUNT_VISIBLE_INJ,COUNT_COMPLAINT_PAIN,COUNT_PED_KILLED,COUNT_PED_INJURED,COUNT_BICYCLIST_KILLED,COUNT_BICYCLIST_INJURED,COUNT_MC_KILLED,COUNT_MC_INJURED,PRIMARY_RAMP,SECONDARY_RAMP,LATITUDE,LONGITUDE,COUNTY,CITY,POINT_X,POINT_Y
8096558,2016,2016-08-11,1942,2016-07-16,1540,36733,1049,6,5,7,1942,0,0,0,J,0,10TL34,WOODLEY AV,VICTORY BL,500,S,N,A,-,N,NA,NA,NA,NA,NA,NA,NA,NA,NA,Y,4,0,3,2,A,-,09,21801,B,N,D,C,A,A,H,-,A,D,0,NA,NA,NA,NA,Y,NA,A,01,0,0,3,0,0,0,0,0,0,-,-,NA,NA,LOS ANGELES,LOS ANGELES,-118.48366,34.18524855
8096561,2016,2016-08-11,1941,2016-07-11,1217,6317,NA,1,5,7,1941,0,0,0,NA,0,NA,ANAHEIM ST,PACIFIC AV,0,NA,Y,A,-,N,NA,NA,NA,NA,NA,NA,NA,NA,NA,N,3,0,1,2,-,-,-,NA,NA,M,H,G,A,A,H,-,A,A,0,NA,Y,NA,NA,Y,NA,-,-,0,1,0,0,0,0,1,0,0,-,-,NA,NA,LOS ANGELES,LONG BEACH,-118.19373012,33.78260003
8096564,2016,2016-08-11,1941,2016-07-28,2105,10571,NA,4,5,7,1941,0,0,0,NA,0,NA,STUDEBAKER RD,DRISCOLL ST,20,N,N,A,-,N,NA,NA,NA,NA,NA,NA,NA,NA,NA,Y,4,0,1,2,A,-,08,22107,NA,N,D,C,A,A,H,-,C,A,0,NA,NA,NA,NA,Y,NA,A,NA,0,0,1,0,0,0,0,0,0,-,-,NA,NA,LOS ANGELES,LONG BEACH,-118.1002957,33.78595677
8096569,2016,2016-08-11,1941,2016-07-22,2110,10235,NA,5,5,7,1941,0,0,0,NA,0,NA,PICO AV,PIER C,0,NA,Y,A,-,N,NA,NA,NA,NA,NA,NA,NA,NA,NA,Y,2,0,1,1,D,-,00,NA,NA,N,E,I,A,A,H,-,C,A,0,NA,NA,NA,NA,Y,NA,-,-,1,0,0,0,0,0,0,0,0,-,-,NA,NA,LOS ANGELES,LONG BEACH,-118.20780004,33.77526011
8096573,2016,2016-08-11,1941,2016-07-24,1109,6106,NA,7,5,7,1941,0,0,0,NA,0,NA,E ORIZABA ALY,N THERESA,75,N,N,A,-,N,NA,NA,NA,NA,NA,NA,NA,NA,NA,Y,3,0,1,1,A,-,08,22107,NA,N,E,I,A,A,H,-,A,D,0,NA,NA,NA,NA,Y,NA,A,NA,0,1,0,0,0,0,0,0,0,-,-,NA,NA,LOS ANGELES,LONG BEACH,-118.15677779,33.77462566
8096576,2016,2016-08-11,1941,2016-07-25,0830,5998,NA,1,5,7,1941,0,0,0,NA,0,NA,DELAMO BL,DAISY AV,0,NA,Y,A,-,N,NA,NA,NA,NA,NA,NA,NA,NA,NA,N,3,0,1,2,A,-,12,21453,A,N,D,C,A,A,H,-,A,A,0,NA,NA,NA,NA,Y,NA,A,NA,0,1,0,0,0,0,0,0,0,-,-,NA,NA,LOS ANGELES,LONG BEACH,-118.19919009,33.84669008
8096577,2016,2016-08-11,1941,2016-07-26,1133,6280,NA,2,5,7,1941,0,0,0,NA,0,NA,OCEAN BL,BAYSHORE,300,E,N,A,-,N,NA,NA,NA,NA,NA,NA,NA,NA,NA,Y,3,0,2,4,A,-,08,22107,NA,N,B,B,A,A,A,-,A,D,0,NA,NA,NA,NA,Y,NA,A,NA,0,1,1,0,0,0,0,0,0,-,-,NA,NA,LOS ANGELES,LONG BEACH,-118.13217923,33.75340111
8096580,2016,2016-08-11,1941,2016-07-27,1900,6278,NA,3,5,7,1941,0,0,0,NA,0,NA,3RD ST,CHESTNUT AV,0,NA,Y,A,-,N,NA,NA,NA,NA,NA,NA,NA,NA,NA,N,4,0,1,2,D,-,00,NA,NA,N,G,B,B,A,H,-,A,A,0,Y,NA,NA,NA,Y,NA,-,-,0,0,1,0,1,0,0,0,0,-,-,NA,NA,LOS ANGELES,LONG BEACH,-118.19633007,33.77051006
8096584,2016,2016-08-11,1941,2016-07-26,0745,5695,NA,2,5,7,1941,0,0,0,NA,0,NA,STUDEBAKER RD,9TH ST,0,NA,Y,A,-,N,NA,NA,NA,NA,NA,NA,NA,NA,NA,Y,3,0,2,2,A,-,09,21801,A,N,D,C,A,A,H,-,A,D,0,NA,NA,NA,NA,Y,NA,A,NA,0,1,1,0,0,0,0,0,0,-,-,NA,NA,LOS ANGELES,LONG BEACH,-118.102992,33.779639
8096585,2016,2016-08-11,1941,2016-07-31,1140,10318,NA,7,5,7,1941,0,0,0,NA,0,NA,OCEAN BL,PINE AV,0,NA,Y,A,-,N,NA,NA,NA,NA,NA,NA,NA,NA,NA,Y,4,0,1,2,A,-,08,22107,NA,N,D,C,A,A,H,-,A,A,0,NA,NA,NA,NA,Y,NA,A,NA,0,0,1,0,0,0,0,0,0,-,-,NA,NA,LOS ANGELES,LONG BEACH,-118.19240013,33.76710006
8096588,2016,2016-08-11,1941,2016-07-29,1416,6185,NA,5,5,7,1941,0,0,0,NA,0,NA,EASY AV,27TH ST,0,NA,Y,A,-,N,NA,NA,NA,NA,NA,NA,NA,NA,NA,N,4,0,2,2,A,-,12,22450,A,N,D,C,A,A,H,-,A,A,0,NA,NA,NA,NA,Y,NA,A,NA,0,0,2,0,0,0,0,0,0,-,-,NA,NA,LOS ANGELES,LONG BEACH,-118.21004,33.80621009
8096589,2016,2016-09-27,1942,2016-07-20,0930,38480,RD10,3,5,7,1942,0,0,0,NA,0,1021,RESEDA BL,KITTRIDGE ST,150,S,N,A,-,N,NA,NA,NA,NA,NA,NA,NA,NA,NA,N,3,0,1,2,A,-,07,21658,A,N,C,G,A,A,H,-,A,D,0,NA,Y,NA,NA,Y,NA,A,01,0,1,0,0,0,0,1,0,0,-,-,NA,NA,LOS ANGELES,LOS ANGELES,-118.53603,34.19004853
8096592,2016,2016-08-11,1941,2016-07-29,0820,5898,NA,5,5,7,1941,0,0,0,NA,0,NA,ATLANTIC AV,ARTESIA BL,0,NA,-,A,-,N,NA,NA,NA,NA,NA,NA,NA,NA,NA,N,4,0,1,2,A,-,17,21208,A,N,D,G,A,A,H,-,A,D,0,NA,Y,NA,NA,Y,NA,L,NA,0,0,1,0,0,0,1,0,0,-,-,NA,NA,LOS ANGELES,LONG BEACH,-118.18618013,33.87438007
8096593,2016,2016-08-11,1942,2016-07-20,2125,38354,1044,3,5,7,1942,0,0,0,J,0,19T25,ETIWANDA AV,BURBANK BL,231,N,N,A,-,N,NA,NA,NA,NA,NA,NA,NA,NA,NA,N,4,0,1,2,B,-,22,NA,NA,N,G,B,F,A,H,-,C,D,0,Y,NA,NA,NA,Y,NA,A,01,0,0,1,0,1,0,0,0,0,-,-,NA,NA,LOS ANGELES,LOS ANGELES,-118.53081487,34.17295365
8096596,2016,2017-03-01,1941,2016-07-28,2154,6278,NA,4,5,7,1941,0,0,0,NA,0,NA,PACIFIC COAST HWY,GARDENIA AV,5,E,N,A,-,Y,LA,7,1,-,-,5.071,I,5,N,N,4,0,1,2,-,-,-,NA,NA,N,G,B,D,A,H,-,C,D,0,Y,NA,NA,NA,Y,NA,-,-,0,0,1,0,1,0,0,0,0,-,-,NA,NA,LOS ANGELES,LONG BEACH,-118.16869602,33.78991732
8096597,2016,2016-08-11,1942,2016-07-21,1335,40119,1027,4,5,7,1942,0,0,0,J,0,21T64,BALBOA BL,VANOWEN ST,30,S,N,A,-,N,NA,NA,NA,NA,NA,NA,NA,NA,NA,N,4,0,2,2,A,-,04,21703,NA,N,C,C,A,A,H,-,A,A,0,NA,NA,NA,NA,Y,NA,A,01,0,0,2,0,0,0,0,0,0,-,-,NA,NA,LOS ANGELES,LOS ANGELES,-118.50112,34.19381771
8096600,2016,2016-08-24,1941,2016-07-27,0953,5741,NA,3,5,7,1941,0,0,0,NA,0,NA,SANTA FE AV,WARDLOW,0,NA,Y,A,-,N,NA,NA,NA,NA,NA,NA,NA,NA,NA,N,4,0,2,2,A,-,03,22350,NA,N,C,C,A,A,H,-,A,D,0,NA,NA,NA,NA,Y,NA,A,NA,0,0,2,0,0,0,0,0,0,-,-,NA,NA,LOS ANGELES,LONG BEACH,-118.21554001,33.82439006
8096601,2016,2016-08-11,1942,2016-07-21,1220,33504,1037,4,5,7,1942,0,0,0,J,0,10T39,VICTORY BL,RESEDA BL,0,NA,Y,A,-,N,NA,NA,NA,NA,NA,NA,NA,NA,NA,Y,4,0,2,2,A,-,04,21703,NA,N,C,C,A,A,H,-,A,A,0,NA,NA,NA,NA,Y,NA,A,08,0,0,2,0,0,0,0,0,0,-,-,NA,NA,LOS ANGELES,LOS ANGELES,-118.53602012,34.18657009
8096612,2016,2016-08-11,1941,2016-07-10,1305,5292,NA,7,5,7,1941,0,0,0,NA,0,NA,E ANAHEIM ST,OLIVE AV,141,NA,N,A,-,N,NA,NA,NA,NA,NA,NA,NA,NA,NA,N,4,0,1,2,A,-,00,20001,A,N,G,B,-,A,H,-,A,D,0,Y,NA,NA,NA,Y,NA,A,NA,0,0,1,0,1,0,0,0,0,-,-,NA,NA,LOS ANGELES,LONG BEACH,-118.18286009,33.78261
8096616,2016,2016-08-11,1941,2016-07-29,0904,10240,NA,5,5,7,1941,0,0,0,NA,0,NA,OCEAN BL,MAGNOLIA AV,0,NA,Y,A,-,N,NA,NA,NA,NA,NA,NA,NA,NA,NA,Y,4,0,1,2,A,-,09,21801,A,N,D,C,A,A,H,-,A,A,0,NA,NA,NA,NA,Y,NA,A,NA,0,0,1,0,0,0,0,0,0,-,-,NA,NA,LOS ANGELES,LONG BEACH,-118.19807003,33.76739005
8096617,2016,2016-08-11,1941,2016-07-28,0605,6148,NA,4,5,7,1941,0,0,0,NA,0,NA,REDONDO AV,29TH ST,0,NA,Y,A,-,N,NA,NA,NA,NA,NA,NA,NA,NA,NA,Y,4,0,1,2,A,-,09,21801,A,N,D,C,A,A,H,-,A,A,0,NA,NA,NA,NA,Y,NA,A,NA,0,0,1,0,0,0,0,0,0,-,-,NA,NA,LOS ANGELES,LONG BEACH,-118.15134011,33.80662005
8096620,2016,2017-03-03,1941,2016-07-28,1409,6114,NA,4,5,7,1941,0,0,0,NA,0,NA,PACIFIC COAST HWY,WALNUT AV,0,NA,Y,A,-,Y,LA,7,1,-,-,13.35,H,-,S,Y,4,0,1,3,A,-,08,22100,A,N,H,C,A,A,H,-,A,A,0,NA,NA,NA,NA,Y,NA,A,NA,0,0,1,0,0,0,0,0,0,-,-,NA,NA,LOS ANGELES,LONG BEACH,-118.31191077,33.78942683
8096621,2016,2016-08-11,1941,2016-07-25,1925,10135,NA,1,5,7,1941,0,0,0,NA,0,NA,WINDSOR PL,E CHESTNUT PL,26,E,N,A,-,N,NA,NA,NA,NA,NA,NA,NA,NA,NA,N,3,0,1,2,A,-,10,21950,NA,N,G,B,D,A,H,-,-,D,0,Y,NA,NA,NA,Y,NA,A,NA,0,1,0,0,1,0,0,0,0,-,-,NA,NA,LOS ANGELES,LONG BEACH,-118.19629463,33.76663
8096625,2016,2016-08-11,1941,2016-07-26,1824,6050,NA,2,5,7,1941,0,0,0,NA,0,NA,ANAHEIM BL,ALAMITOS AV,0,NA,Y,A,-,N,NA,NA,NA,NA,NA,NA,NA,NA,NA,N,4,0,2,2,-,-,-,NA,NA,N,D,C,A,A,H,-,A,A,0,NA,NA,NA,NA,Y,NA,-,-,0,0,2,0,0,0,0,0,0,-,-,NA,NA,LOS ANGELES,LONG BEACH,-118.17797013,33.78261008
8096631,2016,2016-08-11,1941,2016-07-24,1734,10779,NA,7,5,7,1941,0,0,0,NA,0,NA,20TH ST,PACIFIC AV,138,W,N,A,-,N,NA,NA,NA,NA,NA,NA,NA,NA,NA,N,2,0,1,2,A,-,-,NA,NA,N,D,G,A,A,H,-,A,D,0,NA,Y,NA,NA,Y,Y,L,NA,1,0,0,0,0,0,1,0,0,-,-,NA,NA,LOS ANGELES,LONG BEACH,-118.19422316,33.79349137
8096632,2016,2016-08-11,1941,2016-07-25,2318,10063,NA,1,5,7,1941,0,0,0,NA,0,NA,WALNUT AV,PACIFIC COAST HWY,0,NA,N,A,-,N,NA,NA,NA,NA,NA,NA,NA,NA,NA,N,3,0,1,2,A,-,-,NA,NA,N,A,B,E,A,H,-,D,D,0,Y,NA,NA,NA,Y,NA,N,NA,0,1,0,0,1,0,0,0,0,-,-,NA,NA,LOS ANGELES,LONG BEACH,-118.17203009,33.78986005
8096635,2016,2016-08-11,1941,2016-01-24,2316,10047,NA,7,5,7,1941,0,0,0,NA,0,NA,OCEAN,LOMA AV,90,W,N,A,-,N,NA,NA,NA,NA,NA,NA,NA,NA,NA,N,4,0,1,2,A,-,06,21755,NA,N,G,G,A,A,H,-,C,D,0,NA,Y,NA,NA,Y,NA,A,NA,0,0,1,0,0,0,1,0,0,-,-,NA,NA,LOS ANGELES,LONG BEACH,-118.15115339,33.76091934
8096636,2016,2016-08-24,1941,2016-07-25,1738,5906,NA,1,5,7,1941,0,0,0,NA,0,NA,ANAHEIM ST,OBISPO AV,0,NA,-,A,-,N,NA,NA,NA,NA,NA,NA,NA,NA,NA,N,4,0,2,3,A,-,08,22107,NA,N,G,B,B,A,H,-,A,A,0,Y,NA,NA,NA,Y,NA,-,NA,0,0,2,0,2,0,0,0,0,-,-,NA,NA,LOS ANGELES,LONG BEACH,-118.15459001,33.78260005
8096640,2016,2016-08-11,1941,2016-07-25,0822,6291,NA,1,5,7,1941,0,0,0,NA,0,NA,PACIFIC AV,17TH ST,0,NA,Y,A,-,N,NA,NA,NA,NA,NA,NA,NA,NA,NA,N,4,0,1,2,A,-,09,21802,A,N,D,C,A,A,H,-,A,A,0,NA,NA,NA,NA,Y,NA,A,NA,0,0,1,0,0,0,0,0,0,-,-,NA,NA,LOS ANGELES,LONG BEACH,-118.19373004,33.7880501
8096652,2016,2016-08-11,1905,2016-08-01,1459,2019,321,1,5,4,1905,0,0,0,NA,0,082,AZUSA AV,FOOTHILL BL,14,S,N,A,-,N,NA,NA,NA,NA,NA,NA,NA,NA,NA,N,3,0,2,2,A,-,03,22350,NA,N,C,C,A,A,H,-,A,A,0,NA,NA,NA,NA,Y,NA,A,01,0,1,1,0,0,0,0,0,0,-,-,NA,NA,LOS ANGELES,AZUSA,-117.90754,34.13356162
8096659,2016,2016-08-12,1942,2016-07-17,1050,30983,1039,7,5,7,1942,0,0,0,J,0,10TL35,HAYNES ST,WOODLEY AV,0,NA,Y,A,-,N,NA,NA,NA,NA,NA,NA,NA,NA,NA,Y,2,0,2,2,A,-,09,21802,A,N,D,C,A,A,H,-,A,D,0,NA,NA,NA,NA,Y,NA,D,22,1,0,1,0,0,0,0,0,0,-,-,NA,NA,LOS ANGELES,LOS ANGELES,-118.4836501,34.18915007
8096663,2016,2016-08-11,1942,2016-07-14,2235,27792,1008,4,5,7,1942,0,0,0,J,0,10T35W,SHERMAN WY,HAYVENHURST AV,0,NA,Y,A,-,N,NA,NA,NA,NA,NA,NA,NA,NA,NA,Y,3,0,1,2,A,-,09,21801,A,N,D,C,A,A,H,-,C,A,0,NA,NA,NA,NA,Y,NA,D,22,0,1,0,0,0,0,0,0,0,-,-,NA,NA,LOS ANGELES,LOS ANGELES,-118.49241012,34.20123002
8096674,2016,2016-08-11,1941,2016-08-01,1607,5149,NA,1,5,7,1941,0,0,0,NA,0,NA,3RD ST,CERRITOS AV,0,NA,Y,A,-,N,NA,NA,NA,NA,NA,NA,NA,NA,NA,N,3,0,1,2,A,-,00,21959,A,N,G,B,D,A,H,-,A,A,0,Y,NA,NA,NA,Y,NA,N,NA,0,1,0,0,1,0,0,0,0,-,-,NA,NA,LOS ANGELES,LONG BEACH,-118.17831003,33.77041009
8096701,2016,2017-03-01,1941,2016-08-01,2325,3319,NA,1,5,7,1941,0,0,0,NA,0,NA,RT 1,LOYNES,528,E,N,A,-,Y,LA,7,1,-,-,1.21,H,-,N,N,3,0,1,2,A,-,08,22107,NA,F,G,G,A,A,H,-,C,D,0,NA,Y,NA,NA,Y,Y,A,NA,0,1,0,0,0,0,1,0,0,-,-,NA,NA,LOS ANGELES,LONG BEACH,-118.11633212,33.76591505
8096708,2016,2016-08-11,1942,2016-08-02,1115,42399,1401,2,5,7,1942,0,0,0,N,0,14A11,OCEAN PARK BL,CENTINELA AV,0,NA,Y,A,-,N,NA,NA,NA,NA,NA,NA,NA,NA,NA,Y,2,0,1,2,A,-,09,21801,A,N,D,C,A,A,H,-,A,A,0,NA,NA,Y,NA,Y,NA,A,07,1,0,0,0,0,0,0,0,1,-,-,NA,NA,LOS ANGELES,LOS ANGELES,-118.44878004,34.02313001
8096712,2016,2016-10-14,1942,2016-08-01,1810,30264,1435,1,5,7,1942,0,0,0,N,0,14427,MCLAUGHLIN AV,VICTORIA AV,0,NA,Y,A,-,N,NA,NA,NA,NA,NA,NA,NA,NA,NA,N,4,0,1,2,A,-,12,22450,A,N,D,D,A,A,H,-,A,A,0,NA,Y,NA,NA,Y,NA,-,-,0,0,1,0,0,0,1,0,0,-,-,NA,NA,LOS ANGELES,LOS ANGELES,-118.4261801,34.01059009
8096716,2016,2016-08-11,1942,2016-08-02,0020,39299,2017,2,5,7,1942,0,0,0,NA,0,20T59,VERMONT AV,2ND ST,303,N,N,A,-,N,NA,NA,NA,NA,NA,NA,NA,NA,NA,N,2,0,1,2,A,-,11,21954,A,F,G,B,D,A,H,-,C,D,0,Y,NA,NA,NA,Y,NA,N,60,1,0,0,0,1,0,0,0,0,-,-,NA,NA,LOS ANGELES,LOS ANGELES,-118.291672,34.071211
8096721,2016,2016-08-11,1942,2016-08-02,0950,41710,898,2,5,7,1942,0,0,0,NA,0,8Z1W2,ROBERTSON BL,GIBSON ST,65,N,N,A,-,N,NA,NA,NA,NA,NA,NA,NA,NA,NA,Y,4,0,2,2,A,-,03,22350,NA,N,C,C,A,A,H,-,A,D,0,NA,NA,NA,NA,Y,NA,A,01,0,0,2,0,0,0,0,0,0,-,-,NA,NA,LOS ANGELES,LOS ANGELES,-118.38861375,34.03756408
8096741,2016,2016-08-11,1942,2016-08-02,1600,42410,893,2,5,7,1942,0,0,0,NA,0,8A36,WESTWOOD BL,ESTHER AV,0,NA,Y,A,-,N,NA,NA,NA,NA,NA,NA,NA,NA,NA,N,3,0,1,2,A,-,00,21760,NA,F,B,G,A,A,H,-,A,D,0,NA,Y,NA,NA,Y,NA,-,99,0,1,0,0,0,0,1,0,0,-,-,NA,NA,LOS ANGELES,LOS ANGELES,-118.42661008,34.03782003
8096743,2016,2016-10-19,1938,2016-06-19,0016,577,221,7,5,4,1938,0,0,0,NA,0,001,FOOTHILL BL,CANYON VIEW DR,28,E,N,A,-,N,NA,NA,NA,NA,NA,NA,NA,NA,NA,Y,4,0,1,2,A,-,01,23152,A,N,D,C,A,A,H,-,C,A,0,NA,NA,NA,NA,Y,Y,-,NA,0,0,1,0,0,0,0,0,0,-,-,NA,NA,LOS ANGELES,LA VERNE,-117.79182012,34.1221726
8096744,2016,2017-02-04,1938,2016-06-21,1405,184,215,2,5,4,1938,0,0,0,NA,0,003,FRUIT ST,RT 210,0,NA,Y,A,-,Y,LA,7,210,-,R,47.892,R,1,E,N,4,0,2,2,A,-,03,22350,NA,N,C,C,A,A,H,-,A,A,0,NA,NA,NA,NA,Y,NA,-,NA,0,0,2,0,0,0,0,0,0,-,EF,NA,NA,LOS ANGELES,LA VERNE,-117.76494361,34.11950673
8096747,2016,2017-02-28,1938,2016-06-15,1529,184,216,3,5,4,1938,0,0,0,NA,0,002,RT 66,D ST,19,W,N,A,-,Y,LA,7,66,-,-,1.49,H,-,E,Y,4,0,1,2,A,-,03,22350,NA,N,C,C,A,A,H,-,A,A,0,NA,NA,NA,NA,Y,NA,-,NA,0,0,1,0,0,0,0,0,0,-,-,NA,NA,LOS ANGELES,LA VERNE,-117.7653876,34.11336903
8096749,2016,2016-08-11,1942,2016-08-01,1105,42123,0829,1,5,7,1942,0,0,0,H,0,8A59,ASHTON AV,BEVERLY GLENN,0,NA,Y,A,-,N,NA,NA,NA,NA,NA,NA,NA,NA,NA,N,4,0,1,2,A,-,08,22107,NA,N,G,B,B,A,H,-,A,A,0,Y,NA,NA,NA,Y,NA,A,08,0,0,1,0,1,0,0,0,0,-,-,NA,NA,LOS ANGELES,LOS ANGELES,-118.42819,34.06591007
8096803,2016,2016-08-12,1941,2016-06-27,0517,10131,NA,1,5,7,1941,0,0,0,NA,0,NA,LONG BEACH BL,COLUMBIA ST,0,NA,Y,A,-,N,NA,NA,NA,NA,NA,NA,NA,NA,NA,N,4,0,1,2,A,-,11,21456,B,N,G,B,B,A,H,-,C,A,0,Y,NA,NA,NA,Y,NA,N,NA,0,0,1,0,1,0,0,0,0,-,-,NA,NA,LOS ANGELES,LONG BEACH,-118.18948004,33.80908006
80968223,2019,2019-04-16,1933,2019-04-12,1313,959,10,5,5,6,1933,0,0,0,NA,0,001,REGENT ST,LOCUST ST,0,NA,Y,A,-,N,NA,NA,NA,NA,NA,NA,NA,NA,NA,N,3,0,1,2,A,-,10,21950,A,N,G,B,B,A,H,-,A,A,0,Y,NA,NA,NA,Y,NA,A,01,0,1,0,0,1,0,0,0,0,-,-,33.964500427246094,-118.35032653808594,LOS ANGELES,INGLEWOOD,-118.35041046142578,33.96445846557617
80968224,2019,2019-04-16,1933,2019-04-13,2316,1013,I30,6,5,6,1933,0,0,0,NA,0,004,PRAIRIE AV,104TH ST,0,NA,Y,A,-,N,NA,NA,NA,NA,NA,NA,NA,NA,NA,Y,2,0,1,2,A,-,01,23152,A,N,D,C,A,A,H,-,C,A,0,NA,NA,NA,NA,Y,Y,A,01,1,0,0,0,0,0,0,0,0,-,-,33.941829681396484,-118.34393310546876,LOS ANGELES,INGLEWOOD,-118.34394073486328,33.941810607910156
8096847,2016,2016-08-12,1938,2016-05-26,1548,184,232,4,5,4,1938,0,0,0,NA,0,003,WHITE AV,2ND ST,0,NA,Y,A,-,N,NA,NA,NA,NA,NA,NA,NA,NA,NA,Y,4,0,1,2,A,-,09,21802,A,N,D,C,A,A,H,-,A,A,0,NA,NA,NA,NA,Y,NA,-,NA,0,0,1,0,0,0,0,0,0,-,-,NA,NA,LOS ANGELES,LA VERNE,-117.76326011,34.0976101
8096848,2016,2017-02-28,1938,2016-05-29,2116,102,216,7,5,4,1938,0,0,0,NA,0,002,FOOTHILL BL,EMERALD,0,NA,Y,A,-,Y,LA,7,66,-,-,1.32,H,-,E,Y,4,0,2,2,A,-,01,23152,A,N,C,C,A,A,H,-,C,A,0,NA,NA,NA,NA,Y,Y,-,NA,0,0,2,0,0,0,0,0,0,-,-,NA,NA,LOS ANGELES,LA VERNE,-117.76837622,34.11436177
8096851,2016,2016-08-12,1938,2016-05-17,1657,184,232,2,5,4,1938,0,0,0,NA,0,003,E ST,2ND ST,156,S,N,A,-,N,NA,NA,NA,NA,NA,NA,NA,NA,NA,Y,4,0,2,2,A,-,09,21804,A,N,D,C,A,A,H,-,A,D,0,NA,NA,NA,NA,Y,NA,-,NA,0,0,2,0,0,0,0,0,0,-,-,NA,NA,LOS ANGELES,LA VERNE,-117.76890308,34.0986418
8096855,2016,2016-08-12,1938,2016-05-18,1421,651,212,3,5,4,1938,0,0,0,NA,0,003,D ST,2ND ST,0,NA,Y,A,-,N,NA,NA,NA,NA,NA,NA,NA,NA,NA,N,4,0,1,2,A,-,10,21950,A,N,G,B,B,A,H,-,A,A,0,Y,NA,NA,NA,Y,NA,-,NA,0,0,1,0,1,0,0,0,0,-,-,NA,NA,LOS ANGELES,LA VERNE,-117.77058005,34.0995201
8096866,2016,2016-08-12,1938,2016-06-27,1219,184,244,1,5,4,1938,0,0,0,NA,0,003,ARROW HWY,WHITE AV,93,E,N,A,-,N,NA,NA,NA,NA,NA,NA,NA,NA,NA,Y,4,0,1,3,A,-,03,22350,NA,M,C,C,A,A,H,-,A,A,0,NA,NA,NA,NA,Y,NA,-,NA,0,0,1,0,0,0,0,0,0,-,-,NA,NA,LOS ANGELES,LA VERNE,-117.76431437,34.09409704
80968988,2019,2019-04-17,1933,2019-04-09,1025,812,13,2,5,6,1933,0,0,0,NA,0,003,MANCHESTER BLVD,5TH AV,0,NA,Y,A,-,N,NA,NA,NA,NA,NA,NA,NA,NA,NA,Y,4,0,1,2,A,-,12,21453,A,N,D,C,A,A,H,-,A,A,0,NA,NA,NA,NA,Y,NA,A,01,0,0,1,0,0,0,0,0,0,-,-,33.95996856689453,-118.32215118408205,LOS ANGELES,INGLEWOOD,-118.32215881347656,33.95996856689453
80968989,2019,2019-04-17,1933,2019-04-10,0707,869,14,3,5,6,1933,0,0,0,NA,0,001,AVIATION BLVD,MANCHESTER BLVD,10,N,N,A,-,N,NA,NA,NA,NA,NA,NA,NA,NA,NA,N,4,0,1,2,A,-,12,21453,A,N,D,C,A,A,H,-,A,A,0,NA,NA,NA,NA,Y,NA,A,01,0,0,1,0,0,0,0,0,0,-,-,33.96001052856445,-118.3769989013672,LOS ANGELES,INGLEWOOD,-118.37705993652344,33.95989990234375
80968990,2019,2019-04-17,1933,2019-04-11,0601,869,02,4,5,6,1933,0,0,0,NA,0,001,CENTINELA AV,LA BREA AV,0,NA,Y,A,-,N,NA,NA,NA,NA,NA,NA,NA,NA,NA,N,4,0,1,2,A,-,09,21801,A,F,D,C,A,A,H,-,B,A,0,NA,NA,NA,NA,Y,NA,-,99,0,0,1,0,0,0,0,0,0,-,-,33.97631072998047,-118.3574676513672,LOS ANGELES,INGLEWOOD,-118.3576202392578,33.97624969482422
80968992,2019,2019-04-17,1933,2019-04-13,0058,1016,05,6,5,6,1933,0,0,0,NA,0,001,FLORENCE AV,CENTINELA AV,0,NA,Y,A,-,N,NA,NA,NA,NA,NA,NA,NA,NA,NA,Y,3,0,1,2,A,-,03,22350,NA,F,C,C,A,A,H,-,C,A,0,NA,NA,NA,NA,Y,NA,-,99,0,1,0,0,0,0,0,0,0,-,-,33.96982955932617,-118.34716796875,LOS ANGELES,INGLEWOOD,-118.34722900390624,33.96982955932617
80968993,2019,2019-04-17,1933,2019-04-14,1744,982,14,7,5,6,1933,0,0,0,NA,0,002,LA CIENEGA BLVD,HILLCREST BLVD,0,NA,Y,A,-,N,NA,NA,NA,NA,NA,NA,NA,NA,NA,Y,3,0,1,3,A,-,01,23152,A,N,D,C,A,A,H,-,A,A,0,NA,NA,NA,NA,Y,Y,A,01,0,1,0,0,0,0,0,0,0,-,-,33.95637893676758,-118.37004089355467,LOS ANGELES,INGLEWOOD,-118.37010955810548,33.956298828125