CASE_ID,ACCIDENT_YEAR,PROC_DATE,JURIS,COLLISION_DATE,COLLISION_TIME,OFFICER_ID,REPORTING_DISTRICT,DAY_OF_WEEK,CHP_SHIFT,POPULATION,CNTY_CITY_LOC,SPECIAL_COND,BEAT_TYPE,CHP_BEAT_TYPE,CITY_DIVISION_LAPD,CHP_BEAT_CLASS,BEAT_NUMBER,PRIMARY_RD,SECONDARY_RD,DISTANCE,DIRECTION,INTERSECTION,WEATHER_1,WEATHER_2,STATE_HWY_IND,CALTRANS_COUNTY,CALTRANS_DISTRICT,STATE_ROUTE,ROUTE_SUFFIX,POSTMILE_PREFIX,POSTMILE,LOCATION_TYPE,RAMP_INTERSECTION,SIDE_OF_HWY,TOW_AWAY,COLLISION_SEVERITY,NUMBER_KILLED,NUMBER_INJURED,PARTY_COUNT,PRIMARY_COLL_FACTOR,PCF_CODE_OF_VIOL,PCF_VIOL_CATEGORY,PCF_VIOLATION,PCF_VIOL_SUBSECTION,HIT_AND_RUN,TYPE_OF_COLLISION,MVIW,PED_ACTION,ROAD_SURFACE,ROAD_COND_1,ROAD_COND_2,LIGHTING,CONTROL_DEVICE,CHP_ROAD_TYPE,PEDESTRIAN_ACCIDENT,BICYCLE_ACCIDENT,MOTORCYCLE_ACCIDENT,TRUCK_ACCIDENT,NOT_PRIVATE_PROPERTY,ALCOHOL_INVOLVED,STWD_VEHTYPE_AT_FAULT,CHP_VEHTYPE_AT_FAULT,COUNT_SEVERE_INJ,COUNT_VISIBLE_INJ,COUNT_COMPLAINT_PAIN,COUNT_PED_KILLED,COUNT_PED_INJURED,COUNT_BICYCLIST_KILLED,COUNT_BICYCLIST_INJURED,COUNT_MC_KILLED,COUNT_MC_INJURED,PRIMARY_RAMP,SECONDARY_RAMP,LATITUDE,LONGITUDE,COUNTY,CITY,POINT_X,POINT_Y
8099699,2016,2016-08-11,1900,2016-07-28,2135,448142,2221,4,5,3,1994,0,0,0,NA,0,222T2,KANAN RD,HILLRISE DR,0,NA,Y,A,-,N,NA,NA,NA,NA,NA,NA,NA,NA,NA,Y,4,0,1,2,A,-,12,21453,A,N,D,C,A,A,H,-,C,A,0,NA,NA,NA,NA,Y,NA,A,01,0,0,1,0,0,0,0,0,0,-,-,34.15053,-118.75902,LOS ANGELES,AGOURA HILLS,-118.7591401,34.15053003
8099701,2016,2017-01-23,1900,2016-07-31,1500,547278,1016,7,5,3,1995,0,0,0,NA,0,101T3,RT 1,RAMBLA VISTA,32,S,N,A,-,Y,LA,7,1,-,-,44.83,H,-,N,Y,4,0,1,1,A,-,03,22350,NA,N,H,J,A,A,H,-,A,A,0,NA,NA,Y,NA,Y,NA,C,02,0,0,1,0,0,0,0,0,1,-,-,34.03828,-118.64799,LOS ANGELES,MALIBU,-118.64788714,34.03838197
8099711,2016,2016-08-11,1926,2016-07-29,0921,8104,NA,5,5,5,1926,0,0,0,NA,0,004,GLADSTONE ST,LONE HILL AV,276,W,N,A,-,N,NA,NA,NA,NA,NA,NA,NA,NA,NA,N,4,0,1,2,A,-,09,21804,A,F,D,C,A,A,H,-,A,A,0,NA,NA,NA,NA,Y,NA,A,01,0,0,1,0,0,0,0,0,0,-,-,NA,NA,LOS ANGELES,GLENDORA,-117.82989962,34.11394
8099723,2016,2016-08-11,1900,2016-07-24,2010,523558,1625,7,5,5,1977,0,0,0,NA,0,168A1,WILMINGTON AV,PACIFIC ST,6,S,N,A,-,N,NA,NA,NA,NA,NA,NA,NA,NA,NA,Y,4,0,1,3,A,-,08,22107,NA,N,F,E,A,A,H,-,B,D,0,NA,NA,NA,NA,Y,Y,A,01,0,0,1,0,0,0,0,0,0,-,-,NA,NA,LOS ANGELES,CARSON,-118.2558456,33.80688422
8099727,2016,2016-08-11,1900,2016-07-24,1830,523558,1621,7,5,5,1977,0,0,0,NA,0,168A1,DOMINGUEZ ST,WILMINGTON AV,400,E,N,A,-,N,NA,NA,NA,NA,NA,NA,NA,NA,NA,N,4,0,1,2,A,-,08,22102,NA,N,B,C,A,A,H,-,A,D,0,NA,NA,NA,NA,Y,NA,A,01,0,0,1,0,0,0,0,0,0,-,-,NA,NA,LOS ANGELES,CARSON,-118.23547557,33.83920466
8099731,2016,2016-08-11,1900,2016-07-27,0817,459123,1621,3,5,5,1977,0,0,0,NA,0,166T,223 ST,TESERO CAMPUS DR,100,E,N,A,-,N,NA,NA,NA,NA,NA,NA,NA,NA,NA,N,4,0,1,2,A,-,03,22350,NA,N,C,C,A,A,H,-,A,D,0,NA,NA,NA,NA,Y,NA,A,01,0,0,1,0,0,0,0,0,0,-,-,NA,NA,LOS ANGELES,CARSON,-118.232791,33.824254
8099739,2016,2016-08-11,1900,2016-07-16,2330,531008,2873,6,5,5,1915,0,0,0,NA,0,NA,ALONDRA BL,HASKINS AV,69,W,N,A,-,N,NA,NA,NA,NA,NA,NA,NA,NA,NA,Y,4,0,1,1,A,-,03,22350,NA,N,A,I,A,A,H,-,C,A,0,NA,NA,NA,NA,Y,NA,A,01,0,0,1,0,0,0,0,0,0,-,-,NA,NA,LOS ANGELES,COMPTON,-118.26139,33.8861
8099766,2016,2016-08-11,1976,2016-07-10,0017,378,NA,7,5,5,1976,0,0,0,NA,0,001,BROADWAY,MAGNOLIA AV,235,W,N,A,-,N,NA,NA,NA,NA,NA,NA,NA,NA,NA,Y,4,0,2,3,A,-,01,23152,A,N,B,E,A,A,H,-,C,D,0,NA,NA,NA,NA,Y,Y,A,01,0,0,2,0,0,0,0,0,0,-,-,NA,NA,LOS ANGELES,WHITTIER,-118.0510535,33.9863282
8099816,2016,2016-08-10,1975,2016-06-21,1624,677,NA,2,5,6,1975,0,0,0,NA,0,005,MANILA WY,AZUSA AV,0,NA,Y,A,-,N,NA,NA,NA,NA,NA,NA,NA,NA,NA,N,4,0,1,2,A,-,12,21453,A,N,D,C,A,A,H,-,A,A,0,NA,NA,NA,NA,Y,NA,-,NA,0,0,1,0,0,0,0,0,0,-,-,NA,NA,LOS ANGELES,WEST COVINA,-117.91387,34.032812
8099841,2016,2017-02-07,1975,2016-06-15,2343,437,NA,3,5,6,1975,0,0,0,NA,0,001,AZUSA AV,RT 10,0,NA,Y,A,-,Y,LA,7,10,-,-,36.41,R,4,W,Y,3,0,1,5,A,-,12,21453,A,N,C,D,A,A,D,-,C,A,0,NA,NA,NA,NA,Y,NA,-,NA,0,1,0,0,0,0,0,0,0,-,-,NA,NA,LOS ANGELES,WEST COVINA,-117.90913527,34.07224267
8099845,2016,2016-08-29,1975,2016-06-29,0710,353,NA,3,5,6,1975,0,0,0,NA,0,002,AZUSA AV,VINE AV,0,NA,Y,A,-,N,NA,NA,NA,NA,NA,NA,NA,NA,NA,Y,3,0,4,4,A,-,12,21453,A,N,D,C,A,A,H,-,A,A,0,NA,NA,NA,NA,Y,NA,-,NA,0,2,2,0,0,0,0,0,0,-,-,NA,NA,LOS ANGELES,WEST COVINA,-117.90799005,34.05746008
8099847,2016,2016-08-11,1900,2016-06-25,0924,480772,1262,6,5,3,1991,0,0,0,NA,0,121T1,LOMA VISTA DR,SALISBURY RD,78,S,N,A,-,N,NA,NA,NA,NA,NA,NA,NA,NA,NA,N,4,0,1,2,D,-,00,NA,NA,N,A,C,A,A,H,-,A,D,0,NA,NA,NA,NA,Y,NA,-,-,0,0,1,0,0,0,0,0,0,-,-,NA,NA,LOS ANGELES,LA CANADA-FLINTRIDGE,-118.20891522,34.209273519999996
8099851,2016,2016-08-11,1942,2016-06-23,1905,39624,0755,4,5,7,1942,0,0,0,G,0,8T3S,PICO BL,HAUSER BL,0,NA,Y,A,-,N,NA,NA,NA,NA,NA,NA,NA,NA,NA,N,4,0,3,2,A,-,09,21801,A,F,D,C,A,A,H,-,C,A,0,NA,NA,NA,NA,Y,NA,A,01,0,0,3,0,0,0,0,0,0,-,-,NA,NA,LOS ANGELES,LOS ANGELES,-118.35687006,34.04870011
8099852,2016,2017-03-03,1942,2016-07-28,1645,39022,0861,4,5,7,1942,0,0,0,H,0,08TL28,PACIFIC COAST HWY,SUNSET BL,35,N,N,A,-,Y,LA,7,1,-,-,39.34,H,-,S,N,4,0,1,2,A,-,04,21703,NA,N,C,C,A,A,H,-,A,D,0,NA,NA,NA,NA,Y,NA,A,01,0,0,1,0,0,0,0,0,0,-,-,NA,NA,LOS ANGELES,LOS ANGELES,-118.55591708,34.03846763
8099855,2016,2016-08-11,1942,2016-06-23,1842,25495,0734,4,5,7,1942,0,0,0,G,0,2TL23,3RD ST,GARDNER ST,10,E,N,A,-,N,NA,NA,NA,NA,NA,NA,NA,NA,NA,N,4,0,1,3,A,-,03,22350,NA,F,C,C,A,A,H,-,A,D,0,NA,NA,NA,NA,Y,NA,-,99,0,0,1,0,0,0,0,0,0,-,-,NA,NA,LOS ANGELES,LOS ANGELES,-118.35319801,34.0703434
8099856,2016,2017-02-24,1942,2016-07-18,1755,31255,0899,1,5,7,1942,0,0,0,H,0,6T4,VENICE BL,HARGIS ST,0,NA,Y,A,-,Y,LA,7,187,-,-,8.462,I,5,E,N,3,0,1,2,A,-,08,22107,A,F,D,G,A,A,H,-,A,D,0,NA,Y,NA,NA,Y,NA,-,99,0,1,0,0,0,0,1,0,0,-,-,NA,NA,LOS ANGELES,LOS ANGELES,-118.38028191,34.03368866
8099859,2016,2016-08-11,1942,2016-06-28,1500,37715,0835,2,5,7,1942,0,0,0,H,0,14T52W,MISSOURI AV,MIDVALE AV,20,E,N,A,-,N,NA,NA,NA,NA,NA,NA,NA,NA,NA,N,4,0,1,2,A,-,03,22350,NA,F,C,C,A,A,H,-,A,D,0,NA,NA,NA,NA,Y,NA,-,99,0,0,1,0,0,0,0,0,0,-,-,NA,NA,LOS ANGELES,LOS ANGELES,-118.43630721,34.04769285
8099860,2016,2017-03-01,1900,2016-07-05,2350,525763,0531,2,5,5,1959,0,0,0,NA,0,53T1EM,RT 164,VALLEY BL,0,NA,Y,A,-,Y,LA,7,164,-,-,6.224,I,5,N,Y,4,0,1,2,A,-,12,21453,A,N,A,C,A,A,H,-,C,A,0,NA,NA,NA,NA,Y,NA,A,01,0,0,1,0,0,0,0,0,0,-,-,NA,NA,LOS ANGELES,ROSEMEAD,-118.07313738,34.08091501
8099863,2016,2016-08-11,1942,2016-06-22,1727,37966,2074,3,5,7,1942,0,0,0,NA,0,6TL4,WASHINGTON BL,HARVARD BL,0,NA,Y,A,-,N,NA,NA,NA,NA,NA,NA,NA,NA,NA,Y,3,0,2,3,A,-,09,21801,A,F,D,C,A,A,H,-,A,A,0,NA,NA,NA,NA,Y,NA,A,07,0,2,0,0,0,0,0,0,0,-,-,NA,NA,LOS ANGELES,LOS ANGELES,-118.30431,34.03997005
8099864,2016,2016-09-27,1948,2016-07-31,1835,417,ALHAM,7,5,5,1948,0,0,0,NA,0,004,FRENFIELD DR,FOXGLOVE DR,23,W,N,A,-,N,NA,NA,NA,NA,NA,NA,NA,NA,NA,N,3,0,1,2,A,-,08,22107,NA,N,A,G,A,A,A,-,A,D,0,NA,Y,NA,NA,Y,NA,L,04,0,1,0,0,0,0,1,0,0,-,-,NA,NA,LOS ANGELES,MONTEREY PARK,-118.12198575,34.03443
8099867,2016,2016-08-11,1942,2016-06-22,1345,37614,14TL5,3,5,7,1942,0,0,0,N,0,0788,CRENSHAW BL,23RD ST,75,N,N,A,-,N,NA,NA,NA,NA,NA,NA,NA,NA,NA,N,3,0,1,2,A,-,09,21804,A,F,D,G,A,A,H,-,A,D,0,NA,Y,NA,NA,Y,NA,-,99,0,1,0,0,0,0,1,0,0,-,-,NA,NA,LOS ANGELES,LOS ANGELES,-118.332702,34.03694
80998679,2019,2019-05-30,1933,2019-05-17,0827,828,04,5,5,6,1933,0,0,0,NA,0,001,EUCALYPTUS AV,HYDE PARK BLVD,333,N,N,A,-,N,NA,NA,NA,NA,NA,NA,NA,NA,NA,Y,3,0,1,3,A,-,08,22107,NA,N,B,E,A,A,H,-,A,D,0,NA,NA,NA,NA,Y,NA,A,01,0,1,0,0,0,0,0,0,0,-,-,33.97132873535156,-118.3591537475586,LOS ANGELES,INGLEWOOD,-118.35934448242188,33.972171783447266
8099868,2016,2017-02-24,1900,2016-07-31,2053,520726,0530,7,5,5,1959,0,0,0,NA,0,53T1PM,RT 164,MISSION DR,0,NA,Y,A,-,Y,LA,7,164,-,-,6.452,I,6,S,N,4,0,1,2,A,-,05,21202,A,N,D,G,A,A,H,-,C,A,0,NA,Y,NA,NA,Y,NA,L,04,0,0,1,0,0,0,1,0,0,-,-,NA,NA,LOS ANGELES,ROSEMEAD,-118.07334616,34.08426687
80998680,2019,2019-05-30,1933,2019-05-20,0010,1022,27,1,5,6,1933,0,0,0,NA,0,003,CENTURY BLVD,CASINO DR,0,NA,Y,B,-,N,NA,NA,NA,NA,NA,NA,NA,NA,NA,Y,3,0,1,2,A,-,12,21453,A,F,D,C,A,A,H,-,C,A,0,NA,NA,NA,NA,Y,NA,A,01,0,1,0,0,0,0,0,0,0,-,-,NA,NA,LOS ANGELES,INGLEWOOD,-118.33776,33.94546
80998682,2019,2019-05-30,1933,2019-05-20,0756,812,34,1,5,6,1933,0,0,0,NA,0,004,PRAIRIE AV,108TH ST,0,NA,Y,A,-,N,NA,NA,NA,NA,NA,NA,NA,NA,NA,Y,3,0,4,2,A,-,09,21801,A,N,D,C,A,A,H,-,A,A,0,NA,NA,NA,NA,Y,NA,A,01,0,1,3,0,0,0,0,0,0,-,-,33.93772888183594,-118.34394073486328,LOS ANGELES,INGLEWOOD,-118.34391784667967,33.93769836425781
80998683,2019,2019-05-30,1933,2019-05-20,1306,869,13,1,5,6,1933,0,0,0,NA,0,003,8TH AV,80TH ST,0,NA,Y,A,-,N,NA,NA,NA,NA,NA,NA,NA,NA,NA,N,4,0,1,2,D,-,00,NA,NA,N,D,C,A,A,H,-,A,A,0,NA,NA,NA,NA,Y,NA,-,-,0,0,1,0,0,0,0,0,0,-,-,33.966339111328125,-118.32640075683594,LOS ANGELES,INGLEWOOD,-118.32650756835938,33.96638107299805
80998684,2019,2019-05-30,1933,2019-05-20,1636,812,03,1,5,6,1933,0,0,0,NA,0,001,FLORENCE AV,WEST BLVD,23,W,N,A,-,N,NA,NA,NA,NA,NA,NA,NA,NA,NA,Y,3,0,1,2,A,-,08,22107,NA,F,B,C,A,A,H,-,A,D,0,NA,NA,NA,NA,Y,NA,A,07,0,1,0,0,0,0,0,0,0,-,-,33.974510192871094,-118.33518981933594,LOS ANGELES,INGLEWOOD,-118.33528900146484,33.974491119384766
80998686,2019,2019-05-30,1933,2019-05-22,0742,828,23,3,5,6,1933,0,0,0,NA,0,002,INGLEWOOD AV,99TH ST,0,NA,Y,A,-,N,NA,NA,NA,NA,NA,NA,NA,NA,NA,N,3,0,2,2,A,-,03,22350,NA,F,C,D,A,A,H,-,A,D,0,NA,NA,NA,NA,Y,NA,A,01,0,2,0,0,0,0,0,0,0,-,-,33.946441650390625,-118.36134338378906,LOS ANGELES,INGLEWOOD,-118.3613510131836,33.94636917114258
80998687,2019,2019-05-30,1933,2019-05-22,1106,812,18,3,5,6,1933,0,0,0,NA,0,002,MANCHESTER BLVD,SPRUCE AV,0,NA,Y,A,-,N,NA,NA,NA,NA,NA,NA,NA,NA,NA,Y,3,0,2,2,D,-,00,NA,NA,N,D,D,A,A,H,-,A,A,0,NA,NA,NA,NA,Y,NA,-,-,0,2,0,0,0,0,0,0,0,-,-,33.96089172363281,-118.34739685058594,LOS ANGELES,INGLEWOOD,-118.34751892089844,33.960880279541016
80998688,2019,2019-05-30,1933,2019-05-26,1930,826,10,7,5,6,1933,0,0,0,NA,0,001,MANCHESTER BLVD,PRAIRIE AV,32,W,N,A,-,N,NA,NA,NA,NA,NA,NA,NA,NA,NA,N,4,0,1,2,A,-,03,22350,NA,F,C,C,A,A,H,-,B,A,0,NA,NA,NA,NA,Y,NA,A,01,0,0,1,0,0,0,0,0,0,-,-,33.959861755371094,-118.34387969970705,LOS ANGELES,INGLEWOOD,-118.34396362304688,33.9598388671875
8099871,2016,2016-08-11,1942,2016-06-28,0735,40971,1823,2,5,7,1942,0,0,0,R,0,18TL23,AVALON BL,CENTURY BL,72,S,N,A,-,N,NA,NA,NA,NA,NA,NA,NA,NA,NA,Y,3,0,2,3,A,-,07,21658,A,N,B,C,A,A,H,-,A,A,0,NA,NA,NA,NA,Y,NA,A,01,0,2,0,0,0,0,0,0,0,-,-,NA,NA,LOS ANGELES,LOS ANGELES,-118.26518,33.94541254
8099872,2016,2016-09-27,1948,2016-07-31,2035,417,ALHAM,7,5,5,1948,0,0,0,NA,0,004,NEWMARK AV,LINCOLN AV,98,W,N,A,-,N,NA,NA,NA,NA,NA,NA,NA,NA,NA,N,3,0,1,2,A,-,11,21956,A,N,D,B,E,A,H,-,C,D,0,Y,NA,NA,NA,Y,NA,N,60,0,1,0,0,1,0,0,0,0,-,-,NA,NA,LOS ANGELES,MONTEREY PARK,-118.12146284,34.05980616
8099875,2016,2016-08-11,1942,2016-06-30,0655,39317,1827,4,5,7,1942,0,0,0,R,0,5TL21,95TH ST,HICKORY ST,0,NA,Y,A,-,N,NA,NA,NA,NA,NA,NA,NA,NA,NA,Y,3,0,1,2,A,-,09,21802,A,N,D,C,A,A,H,-,A,A,0,NA,NA,NA,NA,Y,NA,A,01,0,1,0,0,0,0,0,0,0,-,-,NA,NA,LOS ANGELES,LOS ANGELES,-118.23518005,33.95055008
8099879,2016,2016-08-11,1900,2016-06-11,1640,411371,1264,6,5,3,1991,0,0,0,NA,0,121T1,OAKGROVE DR,BERKSHIRE PL,15,N,N,B,C,N,NA,NA,NA,NA,NA,NA,NA,NA,NA,Y,3,0,1,2,A,-,03,22350,A,N,C,C,A,B,H,-,A,A,0,NA,NA,NA,NA,Y,NA,A,01,0,1,0,0,0,0,0,0,0,-,-,NA,NA,LOS ANGELES,LA CANADA-FLINTRIDGE,-118.17838679,34.18923964
8099883,2016,2016-08-11,1975,2016-06-30,1653,678,NA,4,5,6,1975,0,0,0,NA,0,002,CITRUS AV,WALNUT CREEK PKWY,727,S,N,A,-,N,NA,NA,NA,NA,NA,NA,NA,NA,NA,Y,3,0,2,2,A,-,03,22350,NA,N,C,D,A,A,H,-,A,D,0,NA,NA,NA,NA,Y,NA,-,NA,0,1,1,0,0,0,0,0,0,-,-,NA,NA,LOS ANGELES,WEST COVINA,-117.89013812,34.06758714
8099884,2016,2017-02-14,1900,2016-07-17,1405,451502,1418,7,5,1,1932,0,0,0,NA,0,141T6,AZUSA AV,RT 60,0,NA,Y,A,-,Y,LA,7,60,-,-,18.152,R,4,W,Y,4,0,1,2,A,-,12,21453,A,N,D,C,A,A,H,-,A,A,0,NA,NA,NA,NA,Y,NA,A,01,0,0,1,0,0,0,0,0,0,-,-,33.9981,-117.9308,LOS ANGELES,INDUSTRY,-117.92804108,33.99666256
8099885,2016,2016-08-12,1956,2016-07-28,1645,1218,39,4,5,5,1956,0,0,0,NA,0,003,190TH ST,CLUSTER LN,189,W,N,A,-,N,NA,NA,NA,NA,NA,NA,NA,NA,NA,Y,4,0,1,1,A,-,08,22107,NA,N,E,I,A,A,H,-,A,D,0,NA,NA,NA,NA,Y,NA,D,22,0,0,1,0,0,0,0,0,0,-,-,NA,NA,LOS ANGELES,REDONDO BEACH,-118.37647115,33.85826335
8099888,2016,2016-10-14,1900,2016-06-21,0920,280587,0815,2,5,4,1960,0,0,0,NA,0,081,SAN DIMAS CANYON RD,BONITA AV,0,NA,Y,A,-,N,NA,NA,NA,NA,NA,NA,NA,NA,NA,N,3,0,1,2,A,-,12,21453,A,N,D,G,A,A,-,-,A,A,0,NA,Y,NA,NA,Y,NA,L,04,0,1,0,0,0,0,1,0,0,-,-,NA,NA,LOS ANGELES,SAN DIMAS,-117.79396004,34.10668003
8099891,2016,2016-08-11,1900,2016-06-22,1732,480772,1264,3,5,3,1991,0,0,0,NA,0,121T1,OAK GROVE DR,BERKSHIRE PL,0,NA,Y,A,-,N,NA,NA,NA,NA,NA,NA,NA,NA,NA,N,3,0,1,2,A,-,08,22107,NA,N,B,G,A,A,H,-,A,D,0,NA,Y,NA,NA,Y,NA,A,01,0,1,0,0,0,0,1,0,0,-,-,NA,NA,LOS ANGELES,LA CANADA-FLINTRIDGE,-118.17840003,34.18920005
8099895,2016,2016-08-11,1900,2016-06-19,1300,480772,1260,7,5,3,1991,0,0,0,NA,0,121T1,ALTA CANYADA RD,FLANDERS RD,0,NA,Y,A,-,N,NA,NA,NA,NA,NA,NA,NA,NA,NA,Y,3,0,1,2,A,-,09,21801,A,N,A,C,A,A,H,-,A,A,0,NA,NA,NA,NA,Y,NA,A,01,0,1,0,0,0,0,0,0,0,-,-,NA,NA,LOS ANGELES,LA CANADA-FLINTRIDGE,-118.21109012,34.21142006
8099899,2016,2016-08-11,1975,2016-06-30,1441,353,NA,4,5,6,1975,0,0,0,NA,0,004,LARK ELLEN AV,MERCED AV,0,NA,Y,A,-,N,NA,NA,NA,NA,NA,NA,NA,NA,NA,Y,3,0,1,2,A,-,09,21802,A,N,D,C,A,A,H,-,A,A,0,NA,NA,NA,NA,Y,NA,-,NA,0,1,0,0,0,0,0,0,0,-,-,NA,NA,LOS ANGELES,WEST COVINA,-117.91683006,34.05392006
8099900,2016,2016-10-14,1900,2016-06-25,1935,533016,0814,6,5,4,1960,0,0,0,NA,0,81K4,CATARACT AV,RAILWAY ST,0,NA,Y,A,-,N,NA,NA,NA,NA,NA,NA,NA,NA,NA,N,4,0,1,2,A,-,08,22102,NA,N,H,G,A,A,H,-,B,A,0,NA,Y,NA,NA,Y,NA,-,NA,0,0,1,0,0,0,1,0,0,-,-,NA,NA,LOS ANGELES,SAN DIMAS,-117.81148004,34.10562002
8099903,2016,2016-08-11,1975,2016-06-30,1037,671,NA,4,5,6,1975,0,0,0,NA,0,002,SOUTH GARVEY AV,BARRANCA ST,100,W,N,A,-,N,NA,NA,NA,NA,NA,NA,NA,NA,NA,Y,4,0,1,3,A,-,09,21801,A,N,D,C,A,A,H,-,A,D,0,NA,NA,NA,NA,Y,NA,-,NA,0,0,1,0,0,0,0,0,0,-,-,NA,NA,LOS ANGELES,WEST COVINA,-117.88128,34.07265
8099904,2016,2016-10-14,1900,2016-06-22,1726,610432,0811,3,5,4,1960,0,0,0,NA,0,86F,ARROW HWY,EUCLID AV,0,NA,Y,A,-,N,NA,NA,NA,NA,NA,NA,NA,NA,NA,Y,4,0,2,2,A,-,12,21457,A,N,-,C,A,A,H,-,A,B,0,NA,NA,NA,NA,Y,NA,A,01,0,0,2,0,0,0,0,0,0,-,-,NA,NA,LOS ANGELES,SAN DIMAS,NA,NA
8099907,2016,2016-10-14,1975,2016-06-26,1556,427,NA,7,5,6,1975,0,0,0,NA,0,005,AZUSA AV,FRANCISQUITO AV,109,N,N,A,-,N,NA,NA,NA,NA,NA,NA,NA,NA,NA,Y,4,0,1,1,A,-,03,22350,NA,N,E,I,A,A,H,-,A,D,0,NA,NA,NA,NA,Y,NA,A,01,0,0,1,0,0,0,0,0,0,-,-,NA,NA,LOS ANGELES,WEST COVINA,-117.90808271,34.05049876
8099908,2016,2016-08-11,1900,2016-06-04,0053,523053,0815,6,5,4,1960,0,0,0,NA,0,81K2,ARROW HWY,SAN DIMAS CANYON RD,1864,W,N,A,-,N,NA,NA,NA,NA,NA,NA,NA,NA,NA,Y,3,0,1,1,A,-,03,22350,NA,N,E,I,A,A,H,-,C,D,0,NA,NA,NA,NA,Y,NA,A,01,0,1,0,0,0,0,0,0,0,-,-,NA,NA,LOS ANGELES,SAN DIMAS,-117.79668,34.10273
8099909,2016,2016-08-12,1955,2016-07-19,2048,41138,0002,2,5,6,1955,0,0,0,NA,0,005,GAREY AV,9TH ST,144,S,N,A,-,N,NA,NA,NA,NA,NA,NA,NA,NA,NA,Y,3,0,1,1,A,-,08,22107,NA,N,E,J,A,A,H,-,C,A,0,NA,NA,NA,NA,Y,NA,D,22,0,1,0,0,0,0,0,0,0,-,-,NA,NA,LOS ANGELES,POMONA,-117.74996077,34.05106928
8099910,2016,2017-02-15,1976,2016-06-25,2223,378,NA,6,5,5,1976,0,0,0,NA,0,002,WHITTIER BL,FRIENDS AV,0,NA,Y,A,-,Y,LA,7,72,-,-,3.718,I,5,S,Y,3,0,1,2,A,-,09,21801,A,N,A,C,A,A,H,-,C,D,0,NA,NA,NA,NA,Y,NA,A,01,0,1,0,0,0,0,0,0,0,-,-,NA,NA,LOS ANGELES,WHITTIER,-118.03372662,33.96363886
8099911,2016,2016-08-11,1975,2016-06-10,1751,434,NA,5,5,6,1975,0,0,0,NA,0,003,SUNSET AV,DURNESS ST,128,N,N,A,-,N,NA,NA,NA,NA,NA,NA,NA,NA,NA,N,4,0,1,2,A,-,03,22350,NA,F,C,C,A,A,H,-,A,A,0,NA,NA,NA,NA,Y,NA,-,NA,0,0,1,0,0,0,0,0,0,-,-,NA,NA,LOS ANGELES,WEST COVINA,-117.94852123,34.05911328
8099915,2016,2016-08-11,1975,2016-06-24,1856,431,NA,5,5,6,1975,0,0,0,NA,0,004,LARK ELLEN AV,SERVICE AV,0,NA,Y,A,-,N,NA,NA,NA,NA,NA,NA,NA,NA,NA,NA,4,0,2,2,A,-,09,21801,A,N,D,C,A,A,H,-,A,A,0,NA,NA,NA,NA,Y,NA,-,NA,0,0,2,0,0,0,0,0,0,-,-,NA,NA,LOS ANGELES,WEST COVINA,-117.9167,34.06481005
8099919,2016,2016-08-11,1975,2016-06-23,1102,353,NA,4,5,6,1975,0,0,0,NA,0,003,FRANCISQUITO AV,CALIFORNIA AV,0,NA,Y,A,-,N,NA,NA,NA,NA,NA,NA,NA,NA,NA,Y,4,0,4,2,A,-,12,21453,A,N,D,C,A,A,H,-,A,A,0,NA,NA,NA,NA,Y,NA,-,NA,0,0,4,0,0,0,0,0,0,-,-,NA,NA,LOS ANGELES,WEST COVINA,-117.94939013,34.05036004
8100003,2016,2016-08-10,1955,2016-07-23,2039,41149,0089,6,5,6,1955,0,0,0,NA,0,004,RESERVOIR ST,FRANKLIN AV,0,NA,Y,A,-,N,NA,NA,NA,NA,NA,NA,NA,NA,NA,Y,4,0,1,2,A,-,09,21453,NA,N,C,C,A,A,H,-,C,A,0,NA,NA,Y,NA,Y,NA,C,02,0,0,1,0,0,0,0,0,1,-,-,NA,NA,LOS ANGELES,POMONA,-117.73206011,34.04100009
8100007,2016,2017-02-24,1955,2016-07-28,1121,40437,0076,4,5,6,1955,0,0,0,NA,0,005,RT 71,PHILLIPS DR,630,N,N,-,-,Y,LA,7,71,-,-,2.15,H,-,S,Y,4,0,1,3,A,-,03,22350,NA,N,C,C,A,A,H,-,A,D,0,NA,NA,NA,NA,Y,NA,A,01,0,0,1,0,0,0,0,0,0,-,-,NA,NA,LOS ANGELES,POMONA,-117.77526448,34.04771178
8100011,2016,2016-08-29,1955,2016-07-28,1303,42246,0010,4,5,6,1955,0,0,0,NA,0,003,ALVARADO ST,GAREY AV,0,NA,Y,A,-,N,NA,NA,NA,NA,NA,NA,NA,NA,NA,Y,4,0,2,2,C,-,18,NA,NA,N,D,C,A,A,H,-,A,A,0,NA,NA,Y,NA,Y,NA,-,-,0,0,2,0,0,0,0,0,1,-,-,NA,NA,LOS ANGELES,POMONA,-117.75208007,34.06768005
8100015,2016,2016-08-10,1955,2016-07-27,1240,40437,0010,3,5,6,1955,0,0,0,NA,0,003,ORANGE GROVE AV,MCKINLEY AV,14,N,N,A,-,N,NA,NA,NA,NA,NA,NA,NA,NA,NA,N,4,0,1,2,A,-,03,22350,NA,N,C,C,A,A,H,-,A,A,0,NA,NA,NA,NA,Y,NA,A,01,0,0,1,0,0,0,0,0,0,-,-,NA,NA,LOS ANGELES,POMONA,-117.75043169,34.07420522