CASE_ID,ACCIDENT_YEAR,PROC_DATE,JURIS,COLLISION_DATE,COLLISION_TIME,OFFICER_ID,REPORTING_DISTRICT,DAY_OF_WEEK,CHP_SHIFT,POPULATION,CNTY_CITY_LOC,SPECIAL_COND,BEAT_TYPE,CHP_BEAT_TYPE,CITY_DIVISION_LAPD,CHP_BEAT_CLASS,BEAT_NUMBER,PRIMARY_RD,SECONDARY_RD,DISTANCE,DIRECTION,INTERSECTION,WEATHER_1,WEATHER_2,STATE_HWY_IND,CALTRANS_COUNTY,CALTRANS_DISTRICT,STATE_ROUTE,ROUTE_SUFFIX,POSTMILE_PREFIX,POSTMILE,LOCATION_TYPE,RAMP_INTERSECTION,SIDE_OF_HWY,TOW_AWAY,COLLISION_SEVERITY,NUMBER_KILLED,NUMBER_INJURED,PARTY_COUNT,PRIMARY_COLL_FACTOR,PCF_CODE_OF_VIOL,PCF_VIOL_CATEGORY,PCF_VIOLATION,PCF_VIOL_SUBSECTION,HIT_AND_RUN,TYPE_OF_COLLISION,MVIW,PED_ACTION,ROAD_SURFACE,ROAD_COND_1,ROAD_COND_2,LIGHTING,CONTROL_DEVICE,CHP_ROAD_TYPE,PEDESTRIAN_ACCIDENT,BICYCLE_ACCIDENT,MOTORCYCLE_ACCIDENT,TRUCK_ACCIDENT,NOT_PRIVATE_PROPERTY,ALCOHOL_INVOLVED,STWD_VEHTYPE_AT_FAULT,CHP_VEHTYPE_AT_FAULT,COUNT_SEVERE_INJ,COUNT_VISIBLE_INJ,COUNT_COMPLAINT_PAIN,COUNT_PED_KILLED,COUNT_PED_INJURED,COUNT_BICYCLIST_KILLED,COUNT_BICYCLIST_INJURED,COUNT_MC_KILLED,COUNT_MC_INJURED,PRIMARY_RAMP,SECONDARY_RAMP,LATITUDE,LONGITUDE,COUNTY,CITY,POINT_X,POINT_Y
8101214,2016,2017-02-27,1942,2016-07-07,0900,33582,1737,4,5,7,1942,0,0,0,Q,0,17A81,HAYVENHURST ST,RT 118,0,NA,Y,A,-,Y,LA,7,118,-,R,8.515,R,4,W,Y,4,0,1,2,A,-,09,21801,A,N,D,C,A,A,H,-,A,D,0,NA,NA,NA,NA,Y,NA,A,01,0,0,1,0,0,0,0,0,0,-,-,NA,NA,LOS ANGELES,LOS ANGELES,-118.49161267,34.27350579
8101215,2016,2016-08-17,1942,2016-07-24,1300,39335,1526,7,5,7,1942,0,0,0,O,0,17TL14,VICTORY BL,TROOST AV,25,W,N,A,-,N,NA,NA,NA,NA,NA,NA,NA,NA,NA,N,4,0,1,2,A,-,08,22100,A,N,B,C,A,A,H,-,A,D,0,NA,NA,NA,NA,Y,NA,A,01,0,0,1,0,0,0,0,0,0,-,-,NA,NA,LOS ANGELES,LOS ANGELES,-118.38657251,34.18668
8101218,2016,2016-09-27,1942,2016-07-07,1130,36508,1795,4,5,7,1942,0,0,0,Q,0,17A1,ROSCOE BL,AMESTOY ST,200,E,N,A,-,N,NA,NA,NA,NA,NA,NA,NA,NA,NA,N,4,0,1,2,A,-,04,21703,NA,N,C,D,A,A,H,-,A,D,0,NA,NA,NA,NA,Y,NA,A,01,0,0,1,0,0,0,0,0,0,-,-,NA,NA,LOS ANGELES,LOS ANGELES,-118.50487082,34.22134355
8101219,2016,2016-08-17,1942,2016-07-24,0915,30983,1506,7,5,7,1942,0,0,0,O,0,10TL35,SATICOY ST,TUJUNGA AV,0,NA,Y,A,-,N,NA,NA,NA,NA,NA,NA,NA,NA,NA,Y,4,0,1,2,A,-,12,21453,A,N,D,C,A,A,H,-,A,A,0,NA,NA,NA,NA,Y,NA,-,-,0,0,1,0,0,0,0,0,0,-,-,NA,NA,LOS ANGELES,LOS ANGELES,-118.37904011,34.20847011
8101222,2016,2016-09-27,1942,2016-07-11,1640,39192,1698,1,5,7,1942,0,0,0,P,0,21TL62,ROSCOE BL,WHEATLAND AV,60,S,N,A,-,N,NA,NA,NA,NA,NA,NA,NA,NA,NA,Y,4,0,1,2,A,-,08,22107,NA,N,A,E,A,A,H,-,A,D,0,NA,NA,NA,NA,Y,NA,A,01,0,0,1,0,0,0,0,0,0,-,-,NA,NA,LOS ANGELES,LOS ANGELES,-118.36179,34.22139
8101223,2016,2016-08-17,1942,2016-07-14,1805,36320,1557,4,5,7,1942,0,0,0,O,0,15A1,CAHUENGA BL,OSTEGO ST,200,S,N,A,-,N,NA,NA,NA,NA,NA,NA,NA,NA,NA,Y,4,0,2,4,A,-,07,21658,A,N,B,C,A,A,H,-,A,D,0,NA,NA,NA,NA,Y,NA,A,01,0,0,2,0,0,0,0,0,0,-,-,NA,NA,LOS ANGELES,LOS ANGELES,-118.36154101,34.16256151
8101226,2016,2016-08-17,1926,2016-08-04,1545,4784,NA,4,5,5,1926,0,0,0,NA,0,001,GLENDORA,FOOTHILL,357,N,N,A,-,N,NA,NA,NA,NA,NA,NA,NA,NA,NA,N,3,0,1,2,A,-,08,22107,NA,N,G,G,A,A,H,-,A,D,0,NA,Y,NA,NA,Y,NA,A,01,0,1,0,0,0,0,1,0,0,-,-,NA,NA,LOS ANGELES,GLENDORA,-117.86547626,34.13699864
8101227,2016,2016-08-17,1942,2016-07-13,0940,36121,1566,3,5,7,1942,0,0,0,O,0,15A85,RIVERSIDE DR,VINELAND AV,20,W,N,A,-,N,NA,NA,NA,NA,NA,NA,NA,NA,NA,N,4,0,2,3,A,-,08,22107,NA,N,C,A,A,A,H,-,A,D,0,NA,NA,NA,NA,Y,NA,A,01,0,0,2,0,0,0,0,0,0,-,-,NA,NA,LOS ANGELES,LOS ANGELES,-118.3703957,34.15241505
8101230,2016,2016-08-17,1955,2016-08-07,0123,40513,0095,7,5,6,1955,0,0,0,NA,0,004,RESERVOIR ST,PHILLIPS BL,365,N,N,A,-,N,NA,NA,NA,NA,NA,NA,NA,NA,NA,Y,3,0,1,3,A,-,03,22350,NA,N,B,E,A,A,H,-,C,D,0,NA,NA,NA,NA,Y,Y,A,01,0,1,0,0,0,0,0,0,0,-,-,NA,NA,LOS ANGELES,POMONA,-117.73223342,34.04562979
8101231,2016,2016-10-06,1942,2016-07-25,1610,33294,1532,1,5,7,1942,0,0,0,O,0,35M55,WHITSETT AV,HATTERAS,50,S,N,A,-,N,NA,NA,NA,NA,NA,NA,NA,NA,NA,Y,3,0,2,2,A,-,03,22350,NA,N,C,C,A,A,H,-,A,A,0,NA,NA,NA,NA,Y,NA,A,07,0,2,0,0,0,0,0,0,0,-,-,NA,NA,LOS ANGELES,LOS ANGELES,-118.40525,34.17561286
8101235,2016,2016-08-19,1942,2016-07-15,1120,40165,1551,5,5,7,1942,0,0,0,O,0,10TL39,LAUREL CANYON BL,RIVERSIDE DR,0,NA,Y,A,-,N,NA,NA,NA,NA,NA,NA,NA,NA,NA,Y,2,0,1,2,A,-,10,21950,A,N,G,B,B,A,H,-,A,A,0,Y,NA,NA,NA,Y,NA,A,01,1,0,0,0,1,0,0,0,0,-,-,NA,NA,LOS ANGELES,LOS ANGELES,-118.39649003,34.15762004
8101238,2016,2016-08-17,1926,2016-08-03,1512,8104,NA,3,5,5,1926,0,0,0,NA,0,001,FOOTHILL BL,MINNESOTA AV,159,W,N,A,-,N,NA,NA,NA,NA,NA,NA,NA,NA,NA,N,4,0,3,2,A,-,03,22350,NA,N,C,C,A,A,H,-,A,A,0,NA,NA,NA,NA,Y,NA,A,01,0,0,3,0,0,0,0,0,0,-,-,NA,NA,LOS ANGELES,GLENDORA,-117.86204418,34.13604
8101239,2016,2016-08-17,1942,2016-07-14,1630,36121,1585,4,5,7,1942,0,0,0,O,0,15A27,VINELAND AV,AQUA VISTA,20,W,N,A,-,N,NA,NA,NA,NA,NA,NA,NA,NA,NA,Y,4,0,1,2,A,-,09,21801,A,N,D,C,A,A,H,-,A,A,0,NA,NA,NA,NA,Y,NA,A,07,0,0,1,0,0,0,0,0,0,-,-,NA,NA,LOS ANGELES,LOS ANGELES,-118.37055,34.14496
8101243,2016,2016-08-17,1942,2016-07-09,1300,40857,1585,6,5,7,1942,0,0,0,O,0,15A85,VENTURE PL,CAMPO DE CAHUENGA BL,0,NA,Y,A,-,N,NA,NA,NA,NA,NA,NA,NA,NA,NA,N,4,0,1,2,A,-,08,22107,NA,N,B,C,A,A,H,-,A,A,0,NA,NA,NA,NA,Y,NA,A,01,0,0,1,0,0,0,0,0,0,-,-,NA,NA,LOS ANGELES,LOS ANGELES,-118.36753012,34.13941002
8101246,2016,2016-08-17,1926,2016-08-07,1445,7570,NA,7,5,5,1926,0,0,0,NA,0,002,GRAND,JUANITA,0,NA,Y,A,-,N,NA,NA,NA,NA,NA,NA,NA,NA,NA,Y,3,0,2,2,A,-,09,21801,A,N,D,C,A,A,H,-,A,A,0,NA,NA,NA,NA,Y,NA,A,01,0,1,1,0,0,0,0,0,0,-,-,NA,NA,LOS ANGELES,GLENDORA,-117.8725001,34.11029007
8101247,2016,2016-08-17,1942,2016-07-08,1210,38403,1555,5,5,7,1942,0,0,0,O,0,15A39,LANKERSHIM BL,CAMARILLO ST,0,NA,Y,A,-,N,NA,NA,NA,NA,NA,NA,NA,NA,NA,N,4,0,1,2,A,-,03,22350,NA,N,C,C,A,A,H,-,A,A,0,NA,NA,NA,NA,Y,NA,A,01,0,0,1,0,0,0,0,0,0,-,-,NA,NA,LOS ANGELES,LOS ANGELES,-118.37030006,34.15766002
8101251,2016,2016-08-19,1942,2016-07-15,1215,36733,1596,5,5,7,1942,0,0,0,O,0,10TL34,VENTURA BL,ARCH ST,15,W,N,A,-,N,NA,NA,NA,NA,NA,NA,NA,NA,NA,N,3,0,1,2,A,-,05,21650,NA,N,D,G,A,A,H,-,A,D,0,NA,Y,NA,NA,Y,NA,L,04,0,1,0,0,0,0,1,0,0,-,-,NA,NA,LOS ANGELES,LOS ANGELES,-118.37417893,34.14189388
8101254,2016,2016-10-11,1926,2016-08-02,2336,5248,NA,2,5,5,1926,0,0,0,NA,0,002,BARRANCA AV,GLADSTONE ST,0,NA,Y,A,-,N,NA,NA,NA,NA,NA,NA,NA,NA,NA,N,2,0,1,2,A,-,12,21453,A,N,D,G,A,A,H,-,C,A,0,NA,Y,NA,NA,Y,NA,L,04,1,0,0,0,0,0,1,0,0,-,-,NA,NA,LOS ANGELES,GLENDORA,-117.88146003,34.11407005
8101255,2016,2016-08-19,1942,2016-07-19,1850,38980,1531,2,5,7,1942,0,0,0,O,0,15T43,OXNARD ST,WHITSETT AV,300,W,N,A,-,N,NA,NA,NA,NA,NA,NA,NA,NA,NA,N,4,0,1,2,A,-,09,21804,A,N,D,C,A,A,H,-,A,A,0,NA,NA,NA,NA,Y,NA,A,08,0,0,1,0,0,0,0,0,0,-,-,NA,NA,LOS ANGELES,LOS ANGELES,-118.40625007,34.17941
8101258,2016,2016-10-11,1900,2016-08-01,1500,532455,2832,1,5,5,1915,0,0,0,NA,0,282B,COMPTON BL,TAJAUTA AV,127,W,N,A,-,N,NA,NA,NA,NA,NA,NA,NA,NA,NA,N,4,0,1,2,A,-,03,22350,NA,N,C,C,A,A,H,-,A,A,0,NA,NA,NA,NA,Y,NA,A,07,0,0,1,0,0,0,0,0,0,-,-,NA,NA,LOS ANGELES,COMPTON,-118.24675765,33.89585669
8101262,2016,2017-03-01,1956,2016-08-04,2113,1324,30,4,5,5,1956,0,0,0,NA,0,002,RT 1,ANITA ST,75,S,N,A,-,Y,LA,7,1,-,-,20.61,H,-,N,Y,4,0,1,2,A,-,01,23152,A,N,C,C,A,A,H,-,C,A,0,NA,NA,NA,NA,Y,Y,A,01,0,0,1,0,0,0,0,0,0,-,-,NA,NA,LOS ANGELES,REDONDO BEACH,-118.39008347,33.85422367
8101267,2016,2016-08-19,1942,2016-07-24,1830,32781,1562,7,5,7,1942,0,0,0,O,0,15A84,SARAH ST,BABCOCK AV,85,E,N,A,-,N,NA,NA,NA,NA,NA,NA,NA,NA,NA,Y,3,0,2,4,A,-,03,22350,NA,N,F,E,A,A,H,-,A,D,0,NA,NA,NA,NA,Y,NA,A,07,0,2,0,0,0,0,0,0,0,-,-,NA,NA,LOS ANGELES,LOS ANGELES,-118.40604958,34.1539826
8101271,2016,2016-08-29,1942,2016-07-27,1625,42046,1035,3,5,7,1942,0,0,0,J,0,17X22,WHITE OAK AV,VICTORY BL,0,NA,Y,A,-,N,NA,NA,NA,NA,NA,NA,NA,NA,NA,Y,4,0,2,2,A,-,05,21651,B,F,B,C,A,A,H,-,A,A,0,NA,NA,NA,NA,Y,NA,-,99,0,0,2,0,0,0,0,0,0,-,-,NA,NA,LOS ANGELES,LOS ANGELES,-118.51849002,34.18662007
8101275,2016,2016-08-19,1942,2016-07-22,1625,38995,1532,5,5,7,1942,0,0,0,O,0,17T16,OXNARD ST,LAUREL GROVE AV,50,W,N,A,-,N,NA,NA,NA,NA,NA,NA,NA,NA,NA,N,4,0,2,2,A,-,07,21658,A,N,C,C,A,A,H,-,A,A,0,NA,NA,NA,NA,Y,NA,A,01,0,0,2,0,0,0,0,0,0,-,-,NA,NA,LOS ANGELES,LOS ANGELES,-118.40104501,34.17941
8101279,2016,2016-08-19,1942,2016-07-21,0600,38857,1595,4,5,7,1942,0,0,0,O,0,19T75,VENTURA BL,BIG OAK DR,102,E,N,A,-,N,NA,NA,NA,NA,NA,NA,NA,NA,NA,Y,2,0,1,1,A,-,03,22350,NA,N,E,I,A,A,H,-,A,D,0,NA,NA,NA,NA,Y,NA,A,07,1,0,0,0,0,0,0,0,0,-,-,NA,NA,LOS ANGELES,LOS ANGELES,-118.38323052,34.13981606
81012863,2019,2019-06-19,1933,2019-04-06,1350,1032,35,6,5,6,1933,0,0,0,NA,0,004,CRENSHAW BLVD,113TH ST,0,NA,Y,A,-,N,NA,NA,NA,NA,NA,NA,NA,NA,NA,N,3,0,2,4,A,-,03,22350,NA,F,B,C,A,A,H,-,A,D,0,NA,NA,NA,NA,Y,NA,A,01,0,1,1,0,0,0,0,0,0,-,-,33.931949615478516,-118.32649230957033,LOS ANGELES,INGLEWOOD,-118.32656860351564,33.93196105957031
81012864,2019,2019-06-19,1933,2019-06-09,0227,1025,30,7,5,6,1933,0,0,0,NA,0,004,PRAIRIE AVE,104TH ST,0,NA,Y,A,-,N,NA,NA,NA,NA,NA,NA,NA,NA,NA,Y,3,0,1,1,A,-,03,22350,NA,N,E,I,A,A,H,-,C,A,0,NA,NA,Y,NA,Y,NA,C,02,0,1,0,0,0,0,0,0,1,-,-,NA,NA,LOS ANGELES,INGLEWOOD,-118.34394073486328,33.941810607910156
81012865,2019,2019-06-19,1933,2019-06-16,0710,1026,34,7,5,6,1933,0,0,0,NA,0,004,PRAIRIE AV,108TH ST,0,NA,Y,B,-,N,NA,NA,NA,NA,NA,NA,NA,NA,NA,Y,4,0,1,2,A,-,08,22107,NA,F,B,C,A,A,H,-,A,D,0,NA,NA,NA,NA,Y,NA,-,99,0,0,1,0,0,0,0,0,0,-,-,33.93772888183594,-118.34394073486328,LOS ANGELES,INGLEWOOD,-118.34391784667967,33.93769836425781
8101361,2016,2016-09-07,1942,2016-07-24,1445,39335,1531,7,5,7,1942,0,0,0,O,0,17TL14,OXNARD ST,BELLAIRE AV,0,NA,Y,A,-,N,NA,NA,NA,NA,NA,NA,NA,NA,NA,Y,4,0,3,2,A,-,12,21453,A,N,D,C,A,A,H,-,A,A,0,NA,NA,NA,NA,Y,NA,-,-,0,0,3,0,0,0,0,0,0,-,-,NA,NA,LOS ANGELES,LOS ANGELES,-118.4094401,34.17941007
8101365,2016,2016-08-17,1942,2016-07-24,1140,38996,1503,7,5,7,1942,0,0,0,O,0,19T72,LAUREL CANYON BL,VANOWEN ST,140,S,N,A,-,N,NA,NA,NA,NA,NA,NA,NA,NA,NA,Y,3,0,2,2,A,-,09,21801,A,N,D,C,A,A,H,-,A,D,0,NA,NA,NA,NA,Y,NA,A,01,0,1,1,0,0,0,0,0,0,-,-,NA,NA,LOS ANGELES,LOS ANGELES,-118.39652,34.19356601
8101369,2016,2016-08-17,1942,2016-07-07,0010,36801,1566,4,5,7,1942,0,0,0,O,0,9T53,VINELAND AV,RIVERSIDE DR,0,NA,Y,A,-,N,NA,NA,NA,NA,NA,NA,NA,NA,NA,Y,3,0,4,2,A,-,09,21801,A,N,A,C,A,A,H,-,C,A,0,NA,NA,NA,NA,Y,NA,A,01,0,1,3,0,0,0,0,0,0,-,-,NA,NA,LOS ANGELES,LOS ANGELES,-118.37033007,34.15241004
8101373,2016,2016-08-17,1942,2016-07-13,1910,36336,1531,3,5,7,1942,0,0,0,O,0,17T17,OXNARD ST,BELLAIRE AV,0,NA,Y,A,-,N,NA,NA,NA,NA,NA,NA,NA,NA,NA,Y,3,0,2,2,A,-,12,21453,A,N,D,C,A,A,H,-,A,A,0,NA,NA,NA,NA,Y,NA,A,01,0,1,1,0,0,0,0,0,0,-,-,NA,NA,LOS ANGELES,LOS ANGELES,-118.4094401,34.17941007
8101377,2016,2016-08-17,1942,2016-07-16,0815,38261,1506,6,5,7,1942,0,0,0,O,0,35EL12,SATICOY ST,TUJUNGA AV,0,NA,Y,A,-,N,NA,NA,NA,NA,NA,NA,NA,NA,NA,Y,3,0,2,2,A,-,12,21453,A,N,D,C,A,A,H,-,A,A,0,NA,NA,NA,NA,Y,NA,A,07,0,2,0,0,0,0,0,0,0,-,-,NA,NA,LOS ANGELES,LOS ANGELES,-118.37904011,34.20847011
8101381,2016,2016-08-17,1942,2016-07-26,1855,41396,1512,2,5,7,1942,0,0,0,O,0,21T61,BELLAIRE AV,GAULT ST,220,S,N,B,-,N,NA,NA,NA,NA,NA,NA,NA,NA,NA,Y,3,0,2,2,A,-,03,22350,NA,N,F,C,A,A,H,-,A,D,0,NA,NA,NA,NA,Y,NA,A,01,0,1,1,0,0,0,0,0,0,-,-,NA,NA,LOS ANGELES,LOS ANGELES,-118.40943,34.19874658
8101385,2016,2016-08-17,1942,2016-07-20,0835,40193,1531,3,5,7,1942,0,0,0,O,0,21T67,WHITSETT AV,OXNARD ST,850,N,N,A,-,N,NA,NA,NA,NA,NA,NA,NA,NA,NA,N,4,0,1,2,A,-,08,22102,NA,N,B,C,A,A,H,-,A,D,0,NA,NA,Y,NA,Y,NA,A,08,0,0,1,0,0,0,0,0,1,-,-,NA,NA,LOS ANGELES,LOS ANGELES,-118.40526,34.18174139
8101389,2016,2016-08-17,1942,2016-07-16,1230,39192,1544,6,5,7,1942,0,0,0,O,0,9TL54,WHITSETT AV,RIVERSIDE DR,0,NA,Y,A,-,N,NA,NA,NA,NA,NA,NA,NA,NA,NA,N,4,0,1,2,A,-,08,22101,D,N,D,C,A,A,D,E,A,A,0,NA,NA,NA,NA,Y,NA,A,01,0,0,1,0,0,0,0,0,0,-,-,NA,NA,LOS ANGELES,LOS ANGELES,-118.40526013,34.15761012
8101390,2016,2016-08-18,1942,2016-07-06,1620,38356,1633,3,5,7,1942,0,0,0,P,0,9TL58,FOOTHILL BL,TERRA BELLA ST,0,NA,Y,A,-,N,NA,NA,NA,NA,NA,NA,NA,NA,NA,Y,4,0,3,2,A,-,12,21453,A,N,D,C,A,A,H,-,A,A,0,NA,NA,NA,NA,Y,NA,A,01,0,0,3,0,0,0,0,0,0,-,-,NA,NA,LOS ANGELES,LOS ANGELES,-118.39553001,34.27489011
8101393,2016,2016-08-17,1942,2016-07-13,1640,40119,1599,3,5,7,1942,0,0,0,O,0,21T64,VENTURA BL,LANKERSHIM,300,E,N,A,-,N,NA,NA,NA,NA,NA,NA,NA,NA,NA,N,4,0,1,2,A,-,09,21804,A,N,B,C,A,A,H,-,A,D,0,NA,NA,Y,NA,Y,NA,A,01,0,0,1,0,0,0,0,0,1,-,-,NA,NA,LOS ANGELES,LOS ANGELES,-118.3633,34.1372
8101394,2016,2016-08-18,1942,2016-07-07,0750,38185,1641,4,5,7,1942,0,0,0,P,0,9TL57,TERRA BELLA ST,LAUREL CANYON BL,120,W,N,B,-,N,NA,NA,NA,NA,NA,NA,NA,NA,NA,Y,3,0,5,2,A,-,09,21801,A,N,D,C,A,A,H,-,A,A,0,NA,NA,NA,NA,Y,NA,A,01,0,1,4,0,0,0,0,0,0,-,-,NA,NA,LOS ANGELES,LOS ANGELES,-118.42610196,34.25261682
8101397,2016,2016-08-17,1942,2016-07-17,1330,31528,1591,7,5,7,1942,0,0,0,O,0,35M50,VENTURA BL,RHODES AV,36,E,N,A,-,N,NA,NA,NA,NA,NA,NA,NA,NA,NA,Y,3,0,2,2,A,-,04,21703,NA,N,C,C,A,A,H,-,A,D,0,NA,NA,NA,NA,Y,NA,-,NA,0,1,1,0,0,0,0,0,0,-,-,NA,NA,LOS ANGELES,LOS ANGELES,-118.40292168,34.14287845
8101401,2016,2016-08-17,1942,2016-07-14,1130,38356,1504,4,5,7,1942,0,0,0,O,0,9TL58,LANKERSHIM BL,SATICOY ST,230,S,N,A,-,N,NA,NA,NA,NA,NA,NA,NA,NA,NA,Y,4,0,3,3,A,-,05,21650,NA,N,B,C,A,A,H,-,A,A,0,NA,NA,NA,NA,Y,NA,A,01,0,0,3,0,0,0,0,0,0,-,-,NA,NA,LOS ANGELES,LOS ANGELES,-118.38778999,34.20784916
8101402,2016,2016-08-18,1942,2016-07-27,2050,41160,RD104,3,5,7,1942,0,0,0,NA,0,10X94,ZELZAH AV,KILLION ST,0,NA,Y,A,-,N,NA,NA,NA,NA,NA,NA,NA,NA,NA,NA,2,0,1,2,A,-,08,22107,NA,F,G,B,B,B,H,-,C,A,0,Y,NA,NA,NA,Y,NA,-,99,1,0,0,0,1,0,0,0,0,-,-,NA,NA,LOS ANGELES,LOS ANGELES,-118.5220501,34.17087004
8101405,2016,2016-08-17,1942,2016-07-15,1550,38996,1589,5,5,7,1942,0,0,0,O,0,19TL72,BARHAM BL,FOREST LAWN DR,0,NA,Y,A,-,N,NA,NA,NA,NA,NA,NA,NA,NA,NA,Y,4,0,1,2,A,-,12,21453,A,N,D,C,A,A,H,-,A,A,0,NA,NA,NA,NA,Y,NA,A,01,0,0,1,0,0,0,0,0,0,-,-,NA,NA,LOS ANGELES,LOS ANGELES,-118.34143002,34.1431701
8101406,2016,2016-08-18,1942,2016-07-31,0205,38832,1067,7,5,7,1942,0,0,0,J,0,10U1,VENTURA BL,LOUISE AV,500,E,N,A,-,N,NA,NA,NA,NA,NA,NA,NA,NA,NA,N,4,0,1,2,A,-,10,21950,A,F,G,B,C,A,H,-,C,A,0,Y,NA,NA,NA,Y,NA,-,99,0,0,1,0,1,0,0,0,0,-,-,NA,NA,LOS ANGELES,LOS ANGELES,-118.50817351,34.1606113
8101409,2016,2016-08-17,1942,2016-07-04,0536,30452,1906,1,5,7,1942,0,0,0,NA,0,9TL53,OSCAR ST,BRUSSELS AV,0,NA,Y,B,-,N,NA,NA,NA,NA,NA,NA,NA,NA,NA,Y,3,0,1,2,A,-,03,22350,NA,N,D,E,A,A,H,-,B,A,0,NA,NA,NA,NA,Y,NA,A,01,0,1,0,0,0,0,0,0,0,-,-,NA,NA,LOS ANGELES,LOS ANGELES,-118.42625008,34.32035002
8101410,2016,2016-08-18,1942,2016-07-25,1230,39359,1651,1,5,7,1942,0,0,0,P,0,35M73,LAUREL CANYON BL,OSBORNE ST,0,NA,Y,A,-,N,NA,NA,NA,NA,NA,NA,NA,NA,NA,Y,4,0,2,2,A,-,12,21453,A,N,D,C,A,A,H,-,A,A,0,NA,NA,NA,NA,Y,NA,A,07,0,0,2,0,0,0,0,0,0,-,-,NA,NA,LOS ANGELES,LOS ANGELES,-118.41954003,34.24688001
8101413,2016,2016-08-17,1942,2016-07-31,1835,30893,905,7,5,7,1942,0,0,0,NA,0,9X16,SATICOY ST,VAN NUYS BL,400,W,N,A,-,N,NA,NA,NA,NA,NA,NA,NA,NA,NA,Y,4,0,1,2,A,-,08,22103,NA,N,B,C,A,A,H,-,A,D,0,NA,NA,NA,NA,Y,NA,A,07,0,0,1,0,0,0,0,0,0,-,-,NA,NA,LOS ANGELES,LOS ANGELES,-118.45010053,34.20846806
8101414,2016,2016-08-18,1942,2016-07-27,1340,39141,1668,3,5,7,1942,0,0,0,P,0,16A11,FOOTHILL BL,TUJUNGA CANYON BL,0,NA,Y,A,-,N,NA,NA,NA,NA,NA,NA,NA,NA,NA,N,4,0,1,2,A,-,09,21804,A,N,D,C,A,A,H,-,A,D,0,NA,NA,NA,NA,Y,NA,A,01,0,0,1,0,0,0,0,0,0,-,-,NA,NA,LOS ANGELES,LOS ANGELES,-118.27611001,34.24648001
8101417,2016,2016-08-17,1942,2016-07-28,1750,30947,0994,4,5,7,1942,0,0,0,I,0,9A1,BEVERLY GLEN BL,VALLEY VISTA,200,S,N,A,-,N,NA,NA,NA,NA,NA,NA,NA,NA,NA,Y,4,0,1,2,A,-,03,22350,NA,N,C,C,A,A,H,-,A,D,0,NA,NA,NA,NA,Y,NA,A,01,0,0,1,0,0,0,0,0,0,-,-,NA,NA,LOS ANGELES,LOS ANGELES,-118.44681263,34.14599284
8101418,2016,2016-08-17,1942,2016-07-02,1410,39217,1665,6,5,7,1942,0,0,0,P,0,9T52,GLEN OAKS BL,PENDLETON ST,451,N,N,A,-,N,NA,NA,NA,NA,NA,NA,NA,NA,NA,Y,2,0,3,2,A,-,08,22102,NA,N,D,C,A,A,H,-,A,D,0,NA,NA,NA,NA,Y,NA,A,07,2,1,0,0,0,0,0,0,0,-,-,NA,NA,LOS ANGELES,LOS ANGELES,-118.37548651,34.23837671
8101419,2016,2016-08-17,1942,2016-07-21,0924,41760,0806,4,5,7,1942,0,0,0,H,0,8A29,W SUNSET BL,COPLEY PL,500,N,N,A,-,N,NA,NA,NA,NA,NA,NA,NA,NA,NA,N,3,0,1,2,A,-,07,21658,A,F,B,C,A,A,H,-,A,D,0,NA,NA,Y,NA,Y,NA,-,99,0,1,0,0,0,0,0,0,1,-,-,NA,NA,LOS ANGELES,LOS ANGELES,-118.42245201,34.07886299
8101421,2016,2016-08-17,1942,2016-07-27,1805,40119,1924,3,5,7,1942,0,0,0,NA,0,21TL64,SAN FERNANDO RD,PADDOCK ST,300,S,N,A,-,N,NA,NA,NA,NA,NA,NA,NA,NA,NA,N,4,0,1,2,A,-,09,21801,A,F,B,C,A,A,H,-,A,D,0,NA,NA,NA,NA,Y,NA,A,01,0,0,1,0,0,0,0,0,0,-,-,NA,NA,LOS ANGELES,LOS ANGELES,-118.45723726,34.29767565
8101422,2016,2016-08-17,1942,2016-07-02,1615,26319,1637,6,5,7,1942,0,0,0,P,0,19T74,FOOTHILL BL,RHODESIA AV,25,W,N,A,-,N,NA,NA,NA,NA,NA,NA,NA,NA,NA,N,4,0,1,2,A,-,04,21703,NA,N,C,C,A,A,H,-,A,D,0,NA,NA,NA,NA,Y,NA,A,01,0,0,1,0,0,0,0,0,0,-,-,NA,NA,LOS ANGELES,LOS ANGELES,-118.30799258,34.25966
8101425,2016,2016-08-17,1942,2016-07-23,2130,41946,1061,6,5,7,1942,0,0,0,J,0,10A83,VENTURA BL,TAMPA AV,0,NA,Y,A,-,N,NA,NA,NA,NA,NA,NA,NA,NA,NA,Y,3,0,2,2,A,-,09,21801,A,N,D,C,A,A,H,-,C,A,0,NA,NA,NA,NA,Y,NA,A,01,0,2,0,0,0,0,0,0,0,-,-,NA,NA,LOS ANGELES,LOS ANGELES,-118.55347005,34.17264004