CASE_ID,ACCIDENT_YEAR,PROC_DATE,JURIS,COLLISION_DATE,COLLISION_TIME,OFFICER_ID,REPORTING_DISTRICT,DAY_OF_WEEK,CHP_SHIFT,POPULATION,CNTY_CITY_LOC,SPECIAL_COND,BEAT_TYPE,CHP_BEAT_TYPE,CITY_DIVISION_LAPD,CHP_BEAT_CLASS,BEAT_NUMBER,PRIMARY_RD,SECONDARY_RD,DISTANCE,DIRECTION,INTERSECTION,WEATHER_1,WEATHER_2,STATE_HWY_IND,CALTRANS_COUNTY,CALTRANS_DISTRICT,STATE_ROUTE,ROUTE_SUFFIX,POSTMILE_PREFIX,POSTMILE,LOCATION_TYPE,RAMP_INTERSECTION,SIDE_OF_HWY,TOW_AWAY,COLLISION_SEVERITY,NUMBER_KILLED,NUMBER_INJURED,PARTY_COUNT,PRIMARY_COLL_FACTOR,PCF_CODE_OF_VIOL,PCF_VIOL_CATEGORY,PCF_VIOLATION,PCF_VIOL_SUBSECTION,HIT_AND_RUN,TYPE_OF_COLLISION,MVIW,PED_ACTION,ROAD_SURFACE,ROAD_COND_1,ROAD_COND_2,LIGHTING,CONTROL_DEVICE,CHP_ROAD_TYPE,PEDESTRIAN_ACCIDENT,BICYCLE_ACCIDENT,MOTORCYCLE_ACCIDENT,TRUCK_ACCIDENT,NOT_PRIVATE_PROPERTY,ALCOHOL_INVOLVED,STWD_VEHTYPE_AT_FAULT,CHP_VEHTYPE_AT_FAULT,COUNT_SEVERE_INJ,COUNT_VISIBLE_INJ,COUNT_COMPLAINT_PAIN,COUNT_PED_KILLED,COUNT_PED_INJURED,COUNT_BICYCLIST_KILLED,COUNT_BICYCLIST_INJURED,COUNT_MC_KILLED,COUNT_MC_INJURED,PRIMARY_RAMP,SECONDARY_RAMP,LATITUDE,LONGITUDE,COUNTY,CITY,POINT_X,POINT_Y
8104898,2016,2016-08-29,1933,2016-04-01,1612,587,12,5,5,6,1933,0,0,0,NA,0,003,CRENSHAW BL,85TH ST,20,S,N,A,-,N,NA,NA,NA,NA,NA,NA,NA,NA,NA,N,4,0,1,2,A,-,03,22350,NA,N,C,C,A,A,H,-,A,A,0,NA,NA,NA,NA,Y,NA,A,01,0,0,1,0,0,0,0,0,0,-,-,33.96086,-118.32652,LOS ANGELES,INGLEWOOD,-118.32651872,33.96080516
8104900,2016,2016-08-24,1900,2016-06-01,1920,482931,0625,3,5,6,1985,0,0,0,NA,0,62T1,WALNUT ST,12TH ST,0,NA,Y,A,-,N,NA,NA,NA,NA,NA,NA,NA,NA,NA,N,4,0,1,2,D,-,00,NA,NA,N,D,G,A,A,H,-,B,D,0,NA,Y,NA,NA,Y,NA,-,-,0,0,1,0,0,0,1,0,0,-,-,NA,NA,LOS ANGELES,SANTA CLARITA,-118.53216,34.3824901
8104903,2016,2016-08-26,1942,2016-06-09,1410,40869,508,4,5,7,1942,0,0,0,NA,0,18TL39,240TH ST,PRESIDENT ST,65,W,N,A,-,N,NA,NA,NA,NA,NA,NA,NA,NA,NA,N,3,0,2,2,A,-,03,22350,NA,M,C,E,A,A,H,-,A,D,0,NA,NA,NA,NA,Y,NA,-,99,0,1,1,0,0,0,0,0,0,-,-,NA,NA,LOS ANGELES,LOS ANGELES,-118.30331356,33.80728
8104904,2016,2016-08-24,1900,2016-06-02,1230,451339,0642,4,5,6,1985,0,0,0,NA,0,64T1,NEWHALL RANCH RD,GRANDVIEW DR,744,E,N,A,-,N,NA,NA,NA,NA,NA,NA,NA,NA,NA,Y,4,0,1,1,A,-,08,22107,NA,N,E,I,A,A,H,-,A,D,0,NA,NA,NA,NA,Y,NA,A,07,0,0,1,0,0,0,0,0,0,-,-,NA,NA,LOS ANGELES,SANTA CLARITA,-118.54810804,34.42805
8104912,2016,2016-08-24,1900,2016-06-25,1310,532457,1320,6,5,5,1935,0,0,0,NA,0,132T1D,PARAMOUNT BL,CANDLEWOOD ST,82,N,N,A,-,N,NA,NA,NA,NA,NA,NA,NA,NA,NA,N,4,0,2,2,A,-,09,21801,A,N,D,C,A,A,H,-,A,A,0,NA,NA,NA,NA,Y,NA,A,01,0,0,2,0,0,0,0,0,0,-,-,NA,NA,LOS ANGELES,LAKEWOOD,-118.15986,33.85404486
8104913,2016,2016-08-26,1933,2016-04-15,1421,670,8,5,5,6,1933,0,0,0,NA,0,001,MANCHESTER BL,OAK ST,3,E,N,A,-,N,NA,NA,NA,NA,NA,NA,NA,NA,NA,N,3,0,1,2,A,-,11,21456,A,N,G,B,B,A,H,-,A,A,0,Y,NA,NA,NA,Y,NA,N,60,0,1,0,0,1,0,0,0,0,-,-,33.96169,-118.36612,LOS ANGELES,INGLEWOOD,-118.36621012,33.96168
8104916,2016,2016-08-30,1900,2016-06-02,1134,526336,0649,4,5,6,1985,0,0,0,NA,0,64T1,REDWOOD CYN PL,DEENA PL,0,NA,Y,A,-,N,NA,NA,NA,NA,NA,NA,NA,NA,NA,Y,4,0,1,2,A,-,21,22106,NA,N,D,C,A,A,H,-,A,D,0,NA,NA,NA,NA,Y,NA,A,01,0,0,1,0,0,0,0,0,0,-,-,NA,NA,LOS ANGELES,SANTA CLARITA,-118.51769006,34.46157
8104931,2016,2016-08-24,1942,2016-06-25,2125,41068,1842,6,5,7,1942,0,0,0,R,0,18E15,MAIN ST,109TH ST,2,S,N,A,-,N,NA,NA,NA,NA,NA,NA,NA,NA,NA,N,4,0,1,2,A,-,10,21950,A,F,G,B,B,A,H,-,C,A,0,Y,NA,NA,NA,Y,NA,-,99,0,0,1,0,1,0,0,0,0,-,-,NA,NA,LOS ANGELES,LOS ANGELES,-118.27388006,33.93739452
8104935,2016,2016-08-24,1942,2016-06-24,0900,42115,1881,5,5,7,1942,0,0,0,R,0,18A97,S FIGUEROA ST,ALONDRA,150,S,N,A,-,N,NA,NA,NA,NA,NA,NA,NA,NA,NA,Y,3,0,1,2,A,-,05,21650,NA,N,A,C,A,A,H,-,A,D,0,NA,NA,NA,NA,Y,NA,A,08,0,1,0,0,0,0,0,0,0,-,-,NA,NA,LOS ANGELES,LOS ANGELES,-118.2827391,33.88506898
8104939,2016,2016-08-24,1942,2016-06-25,0050,39937,1832,6,5,7,1942,0,0,0,R,0,18A63,FIGUEROA ST,104TH ST,30,S,N,A,-,N,NA,NA,NA,NA,NA,NA,NA,NA,NA,N,4,0,1,2,A,-,03,22350,NA,N,C,C,A,A,H,-,C,D,0,NA,NA,NA,NA,Y,NA,A,07,0,0,1,0,0,0,0,0,0,-,-,NA,NA,LOS ANGELES,LOS ANGELES,-118.28263,33.94223772
8104943,2016,2016-08-24,1942,2016-06-24,1520,36828,1826,5,5,7,1942,0,0,0,R,0,18E15,CENTURY BL,AVALON BL,200,E,N,A,-,N,NA,NA,NA,NA,NA,NA,NA,NA,NA,Y,4,0,1,2,A,-,03,22350,NA,N,C,C,A,A,H,-,A,D,0,NA,NA,NA,NA,Y,NA,A,01,0,0,1,0,0,0,0,0,0,-,-,NA,NA,LOS ANGELES,LOS ANGELES,-118.26452186,33.94561
8104947,2016,2016-08-24,1942,2016-06-27,1225,35308,1806,1,5,7,1942,0,0,0,R,0,18A97,AVALON BL,89TH ST,0,NA,Y,A,-,N,NA,NA,NA,NA,NA,NA,NA,NA,NA,Y,4,0,4,2,A,-,09,21802,A,N,D,C,A,A,H,-,A,D,0,NA,NA,NA,NA,Y,NA,A,01,0,0,4,0,0,0,0,0,0,-,-,NA,NA,LOS ANGELES,LOS ANGELES,-118.26514006,33.95559006
8104951,2016,2016-08-24,1942,2016-06-27,2130,41254,1823,1,5,7,1942,0,0,0,R,0,18E15,99TH ST,WALL ST,20,E,N,A,-,N,NA,NA,NA,NA,NA,NA,NA,NA,NA,N,4,0,1,2,A,-,11,21955,NA,F,G,B,E,A,H,-,C,D,0,Y,NA,NA,NA,Y,NA,N,60,0,0,1,0,1,0,0,0,0,-,-,NA,NA,LOS ANGELES,LOS ANGELES,-118.27164419,33.94648077
8104955,2016,2016-10-19,1942,2016-06-28,1040,37505,13541,2,5,7,1942,0,0,0,M,0,NA,SAN PEDRO PL,41ST PL,0,NA,Y,A,-,N,NA,NA,NA,NA,NA,NA,NA,NA,NA,Y,3,0,1,2,A,-,12,21453,A,N,D,C,A,A,H,-,A,A,0,NA,NA,NA,NA,Y,NA,A,01,0,1,0,0,0,0,0,0,0,-,-,NA,NA,LOS ANGELES,LOS ANGELES,-118.26991008,34.00819003
8104959,2016,2017-02-18,1942,2016-06-24,1850,32142,1849,5,5,7,1942,0,0,0,R,0,18X96,IMPERIAL HWY,CROESUS AV,25,E,N,A,-,Y,LA,7,105,-,R,10.235,R,4,W,N,4,0,1,2,A,-,12,21453,A,N,D,C,A,A,H,-,A,A,0,NA,NA,NA,NA,Y,NA,-,-,0,0,1,0,0,0,0,0,0,-,-,NA,NA,LOS ANGELES,LOS ANGELES,-118.23139061,33.92835633
8104961,2016,2016-08-24,1933,2016-04-26,1645,812,14,2,5,6,1933,0,0,0,NA,0,002,AVIATION BL,ARBOR VITAE ST,33,N,N,A,-,N,NA,NA,NA,NA,NA,NA,NA,NA,NA,Y,3,0,1,2,A,-,08,22107,NA,N,D,C,A,A,H,-,A,A,0,NA,NA,NA,NA,Y,NA,A,01,0,1,0,0,0,0,0,0,0,-,-,33.95276,-118.37701,LOS ANGELES,INGLEWOOD,-118.37705,33.95275051
8104962,2016,2016-08-24,1933,2016-04-15,1600,869,35,5,5,6,1933,0,0,0,NA,0,004,CRENSHAW BL,113TH ST,0,NA,Y,A,-,N,NA,NA,NA,NA,NA,NA,NA,NA,NA,N,3,0,3,3,A,-,03,22350,NA,M,D,C,A,A,H,-,A,D,0,NA,NA,NA,NA,Y,Y,A,01,0,1,2,0,0,0,0,0,0,-,-,33.93195,-118.32649,LOS ANGELES,INGLEWOOD,-118.32657,33.93196011
8104963,2016,2016-08-25,1933,2016-04-04,1815,924,22,1,5,6,1933,0,0,0,NA,0,003,MANCHESTER BL,CARLTON DR,0,NA,Y,A,-,N,NA,NA,NA,NA,NA,NA,NA,NA,NA,Y,4,0,1,2,A,-,03,22350,NA,N,G,G,A,A,H,-,A,A,0,NA,Y,NA,NA,Y,NA,A,01,0,0,1,0,0,0,1,0,0,-,-,33.96,-118.33748,LOS ANGELES,INGLEWOOD,-118.33753008,33.95997012
8104965,2016,2016-08-24,1933,2016-04-25,1316,812,36,1,5,6,1933,0,0,0,NA,0,004,CRENSHAW BL,116TH ST,80,N,N,A,G,N,NA,NA,NA,NA,NA,NA,NA,NA,NA,N,4,0,1,3,A,-,03,22350,NA,N,C,C,A,A,H,-,A,A,0,NA,NA,NA,NA,Y,NA,A,01,0,0,1,0,0,0,0,0,0,-,-,NA,NA,LOS ANGELES,INGLEWOOD,-118.32658,33.92902942
8104966,2016,2016-08-24,1933,2016-04-14,0905,670,30,4,5,6,1933,0,0,0,NA,0,004,104TH ST,PRAIRIE AV,0,NA,Y,A,-,N,NA,NA,NA,NA,NA,NA,NA,NA,NA,Y,4,0,2,2,A,-,12,21453,A,N,D,C,A,A,H,-,A,A,0,NA,NA,NA,NA,Y,NA,A,01,0,0,2,0,0,0,0,0,0,-,-,33.94183,-118.34393,LOS ANGELES,INGLEWOOD,-118.34394006,33.9418101
8104967,2016,2016-08-25,1933,2016-04-03,1500,924,22,7,5,6,1933,0,0,0,NA,0,003,CRENSHAW BL,85TH ST,0,NA,Y,A,-,N,NA,NA,NA,NA,NA,NA,NA,NA,NA,Y,4,0,1,2,A,-,09,21801,A,N,D,C,A,A,H,-,A,A,0,NA,NA,Y,NA,Y,NA,A,01,0,0,1,0,0,0,0,0,1,-,-,33.96086,-118.32652,LOS ANGELES,INGLEWOOD,-118.32652005999999,33.96086009
8104969,2016,2016-08-24,1933,2016-04-25,1716,828,18,1,5,6,1933,0,0,0,NA,0,002,MANCHESTER BL,OSAGE AV,0,NA,Y,A,-,N,NA,NA,NA,NA,NA,NA,NA,NA,NA,Y,4,0,1,2,A,-,09,21801,A,N,D,C,A,A,H,-,A,A,0,NA,NA,NA,NA,Y,NA,A,01,0,0,1,0,0,0,0,0,0,-,-,33.95973,-118.34542,LOS ANGELES,INGLEWOOD,-118.34551005,33.95972007
8104970,2016,2016-08-24,1933,2016-04-13,0837,869,15,3,5,6,1933,0,0,0,NA,0,002,ARBOR VITAE ST,OAK ST E,18,W,N,A,-,N,NA,NA,NA,NA,NA,NA,NA,NA,NA,N,3,0,2,3,A,-,10,21950,A,N,G,B,B,A,H,-,A,A,0,Y,NA,NA,NA,Y,NA,A,01,0,1,1,0,2,0,0,0,0,-,-,33.95276,-118.36567,LOS ANGELES,INGLEWOOD,-118.36588924,33.9527
8104971,2016,2016-08-25,1933,2016-04-03,2055,924,29,7,5,6,1933,0,0,0,NA,0,003,CRENSHAW BL,CENTURY BL,75,N,N,A,-,N,NA,NA,NA,NA,NA,NA,NA,NA,NA,Y,4,0,3,3,A,-,01,23153,A,N,C,C,A,A,H,-,C,D,0,NA,NA,NA,NA,Y,Y,A,01,0,0,3,0,0,0,0,0,0,-,-,33.94549,-118.32647,LOS ANGELES,INGLEWOOD,-118.32648,33.9456757
8104973,2016,2016-08-24,1933,2016-04-29,1526,959,NA,5,5,6,1933,0,0,0,NA,0,004,CRENSHAW BL,111TH PL,3,N,N,A,-,N,NA,NA,NA,NA,NA,NA,NA,NA,NA,N,4,0,1,2,A,-,11,21950,B,N,G,B,B,A,H,-,A,A,0,Y,NA,NA,NA,Y,NA,N,60,0,0,1,0,1,0,0,0,0,-,-,33.93387,-118.32648,LOS ANGELES,INGLEWOOD,-118.32656984,33.93389823
8104974,2016,2016-08-24,1933,2016-04-14,0740,587,22,4,5,6,1933,0,0,0,NA,0,003,PINCAY DR,KAREEM CT,0,NA,Y,A,-,N,NA,NA,NA,NA,NA,NA,NA,NA,NA,Y,3,0,2,2,A,-,09,21801,A,N,D,C,A,A,H,-,A,A,0,NA,NA,NA,NA,Y,NA,A,01,0,1,1,0,0,0,0,0,0,-,-,33.95645,-118.3399,LOS ANGELES,INGLEWOOD,-118.339921,33.956441
8104975,2016,2016-08-25,1933,2016-04-07,2017,959,25,4,5,6,1933,0,0,0,NA,0,002,CENTURY BL,FLOWER ST,20,E,N,B,-,N,NA,NA,NA,NA,NA,NA,NA,NA,NA,N,3,0,1,2,A,-,11,21954,A,N,G,B,D,B,H,-,C,A,0,Y,NA,NA,NA,Y,Y,N,60,0,1,0,0,1,0,0,0,0,-,-,33.94548,-118.34665,LOS ANGELES,INGLEWOOD,-118.34662418,33.94545
8104977,2016,2016-08-24,1933,2016-04-28,0638,869,25,4,5,6,1933,0,0,0,NA,0,002,CENTURY BL,FREEMAN AV,0,NA,Y,A,-,N,NA,NA,NA,NA,NA,NA,NA,NA,NA,N,3,0,2,2,A,-,12,21453,A,N,C,C,A,A,H,-,A,A,0,NA,NA,NA,NA,Y,NA,A,01,0,1,1,0,0,0,0,0,0,-,-,33.94548,-118.34828,LOS ANGELES,INGLEWOOD,-118.34831011,33.94545001
8104978,2016,2016-10-19,1933,2016-04-13,2352,882,I22,3,5,6,1933,0,0,0,NA,0,003,3RD AV,MANCHESTER BL,225,S,N,A,-,N,NA,NA,NA,NA,NA,NA,NA,NA,NA,Y,3,0,1,2,A,-,01,23152,A,N,C,E,A,A,H,-,C,A,0,NA,NA,NA,NA,Y,Y,A,01,0,1,0,0,0,0,0,0,0,-,-,NA,NA,LOS ANGELES,INGLEWOOD,-118.31995823,33.95935294
8104979,2016,2016-08-25,1933,2016-04-08,1207,869,30,5,5,6,1933,0,0,0,NA,0,004,PRAIRIE AV,105TH ST N,28,N,N,C,-,N,NA,NA,NA,NA,NA,NA,NA,NA,NA,N,4,0,2,2,A,-,08,22107,NA,N,D,C,A,B,H,-,A,D,0,NA,NA,NA,NA,Y,NA,A,01,0,0,2,0,0,0,0,0,0,-,-,33.94093,-118.34393,LOS ANGELES,INGLEWOOD,-118.34394,33.9409968
8104981,2016,2016-10-12,1933,2016-04-30,1200,1007,01,6,5,6,1933,0,0,0,NA,0,001,CENTINELA AV,INGLEWOOD AV,60,W,N,A,-,N,NA,NA,NA,NA,NA,NA,NA,NA,NA,Y,4,0,1,2,A,-,08,22107,NA,N,D,C,A,A,H,-,A,D,0,NA,NA,Y,NA,Y,NA,A,01,0,0,1,0,0,0,0,0,1,-,-,33.97667,-118.36127,LOS ANGELES,INGLEWOOD,-118.36154659,33.97657603
8104982,2016,2016-08-24,1933,2016-04-12,1538,812,25,2,5,6,1933,0,0,0,NA,0,002,CENTURY BL,HAWTHORNE BL,206,E,N,A,-,N,NA,NA,NA,NA,NA,NA,NA,NA,NA,N,3,0,1,2,B,-,22,NA,NA,F,H,G,A,A,H,-,A,D,0,NA,Y,NA,NA,Y,NA,A,07,0,1,0,0,0,0,1,0,0,-,-,33.94548,-118.35263,LOS ANGELES,INGLEWOOD,-118.35205206,33.94544
8104983,2016,2016-08-25,1933,2016-04-05,1545,924,14,2,5,6,1933,0,0,0,NA,0,002,AVIATION BL,HILLCREST BL,0,NA,Y,A,-,N,NA,NA,NA,NA,NA,NA,NA,NA,NA,Y,4,0,1,2,A,-,09,21801,A,N,D,C,A,A,H,-,A,A,0,NA,NA,Y,NA,Y,NA,A,01,0,0,1,0,0,0,0,0,1,-,-,33.95639,-118.377,LOS ANGELES,INGLEWOOD,-118.37707012,33.95625009
8104985,2016,2016-08-24,1933,2016-04-30,0120,939,12,6,5,6,1933,0,0,0,NA,0,003,CRENSHAW BL,84TH PL,30,S,N,A,-,N,NA,NA,NA,NA,NA,NA,NA,NA,NA,Y,4,0,1,2,A,-,03,22350,NA,M,E,I,A,A,H,-,C,D,0,NA,NA,NA,NA,Y,NA,A,01,0,0,1,0,0,0,0,0,0,-,-,33.9616,-118.32657,LOS ANGELES,INGLEWOOD,-118.32667328,33.96170934
8104986,2016,2016-08-24,1933,2016-04-12,1855,1003,I8,2,5,6,1933,0,0,0,NA,0,001,MANCHESTER BL,ASH AV,0,NA,Y,A,-,N,NA,NA,NA,NA,NA,NA,NA,NA,NA,Y,4,0,1,3,A,-,12,21453,A,N,D,C,A,A,H,-,A,A,0,NA,NA,NA,NA,Y,NA,A,01,0,0,1,0,0,0,0,0,0,-,-,33.96169,-118.36815,LOS ANGELES,INGLEWOOD,-118.36825009,33.96161005
8104987,2016,2016-08-25,1933,2016-04-06,1000,812,36,3,5,6,1933,0,0,0,NA,0,004,VAN NESS AV,111TH ST,0,NA,Y,A,-,N,NA,NA,NA,NA,NA,NA,NA,NA,NA,Y,2,0,2,2,A,-,03,22350,NA,N,D,C,A,A,H,-,A,A,0,NA,NA,Y,NA,Y,NA,C,02,1,0,1,0,0,0,0,0,1,-,-,33.93347,-118.31776,LOS ANGELES,INGLEWOOD,-118.31778013,33.93349011
8104990,2016,2016-08-24,1933,2016-04-09,1958,998,NA,6,5,6,1933,0,0,0,NA,0,004,CENTURY BL,VILLAGE DR,0,NA,Y,A,-,N,NA,NA,NA,NA,NA,NA,NA,NA,NA,N,3,0,4,3,A,-,01,23152,A,N,A,C,A,A,H,-,C,A,0,NA,NA,NA,NA,Y,Y,A,01,0,1,3,0,0,0,0,0,0,-,-,33.9455,-118.32921,LOS ANGELES,INGLEWOOD,-118.32925012,33.9454701
8104993,2016,2016-08-24,1933,2016-04-15,2125,939,29,5,5,6,1933,0,0,0,NA,0,003,CENTURY BL,5TH AV,75,E,N,A,-,N,NA,NA,NA,NA,NA,NA,NA,NA,NA,N,4,0,1,2,A,-,03,22350,NA,M,C,C,A,A,H,-,C,A,0,NA,NA,NA,NA,Y,Y,A,01,0,0,1,0,0,0,0,0,0,-,-,33.94548,-118.32211,LOS ANGELES,INGLEWOOD,-118.32189318,33.94547
8104994,2016,2016-08-24,1933,2016-04-09,1200,985,I30,6,5,6,1933,0,0,0,NA,0,004,CENTURY BL,YUKON AV,288,W,N,A,-,N,NA,NA,NA,NA,NA,NA,NA,NA,NA,N,4,0,1,3,A,-,03,22350,NA,N,C,D,A,A,H,-,A,D,0,NA,NA,NA,NA,Y,NA,A,08,0,0,1,0,0,0,0,0,0,-,-,33.94548,-118.3351,LOS ANGELES,INGLEWOOD,-118.33611778,33.94546
8104997,2016,2016-08-24,1933,2016-04-22,1828,959,32,5,5,6,1933,0,0,0,NA,0,004,CRENSHAW BL W,107TH ST,280,N,N,A,-,N,NA,NA,NA,NA,NA,NA,NA,NA,NA,N,3,0,1,2,A,-,11,21954,A,N,G,B,D,A,H,-,A,A,0,Y,NA,NA,NA,Y,NA,N,60,0,1,0,0,1,0,0,0,0,-,-,NA,NA,LOS ANGELES,INGLEWOOD,NA,NA
8104998,2016,2016-08-24,1933,2016-04-09,1623,893,I14,6,5,6,1933,0,0,0,NA,0,002,OLIVE ST,GLASGOW AV,0,NA,Y,A,-,N,NA,NA,NA,NA,NA,NA,NA,NA,NA,Y,4,0,1,2,A,-,12,22450,A,N,D,C,A,B,H,-,A,A,0,NA,NA,NA,NA,Y,NA,A,07,0,0,1,0,0,0,0,0,0,-,-,33.96001,-118.37177,LOS ANGELES,INGLEWOOD,-118.37186006,33.95992001
8104999,2016,2016-08-25,1933,2016-04-01,1026,587,10,5,5,6,1933,0,0,0,NA,0,002,MANCHESTER BL,HILLCREST BL,0,NA,Y,A,-,N,NA,NA,NA,NA,NA,NA,NA,NA,NA,N,4,0,1,2,A,-,09,21801,A,N,D,C,A,A,H,-,A,A,0,NA,NA,NA,NA,Y,NA,A,01,0,0,1,0,0,0,0,0,0,-,-,33.96176,-118.34873,LOS ANGELES,INGLEWOOD,-118.34882004,33.96174009
8105001,2016,2016-08-24,1933,2016-04-23,0929,1005,11,6,5,6,1933,0,0,0,NA,0,004,CENTURY BL,FREEMAN,183,E,N,A,-,N,NA,NA,NA,NA,NA,NA,NA,NA,NA,N,4,0,1,2,A,-,08,22107,NA,N,D,C,A,A,H,-,A,A,0,NA,NA,NA,NA,Y,NA,A,01,0,0,1,0,0,0,0,0,0,-,-,NA,NA,LOS ANGELES,INGLEWOOD,-118.34770776,33.94545
8105002,2016,2016-08-24,1933,2016-04-10,0105,995,NA,7,5,6,1933,0,0,0,NA,0,001,CENTINELA AV,MARKET ST,0,NA,Y,A,-,N,NA,NA,NA,NA,NA,NA,NA,NA,NA,N,4,0,2,3,A,-,12,22450,A,N,A,G,A,A,H,-,C,A,0,NA,Y,NA,NA,Y,NA,L,04,0,0,2,0,0,0,2,0,0,-,-,33.97624,-118.35655,LOS ANGELES,INGLEWOOD,-118.35662007,33.97616004
8105003,2016,2016-08-25,1933,2016-04-03,0303,974,30,7,5,6,1933,0,0,0,NA,0,004,102ND ST,PRAIRIE AV,650,E,N,A,-,N,NA,NA,NA,NA,NA,NA,NA,NA,NA,Y,4,0,2,4,A,-,08,22107,NA,F,B,E,A,A,H,-,C,D,0,NA,NA,NA,NA,Y,Y,A,01,0,0,2,0,0,0,0,0,0,-,-,33.94365,-118.34393,LOS ANGELES,INGLEWOOD,-118.34181126,33.94365001
8105005,2016,2016-08-24,1933,2016-04-20,1920,896,3,3,5,6,1933,0,0,0,NA,0,001,FAIRVIEW BL,LONG ST,0,NA,Y,A,-,N,NA,NA,NA,NA,NA,NA,NA,NA,NA,N,4,0,1,3,A,-,12,22450,A,N,D,E,A,A,H,-,A,A,0,NA,NA,NA,NA,Y,NA,A,01,0,0,1,0,0,0,0,0,0,-,-,33.98088,-118.3385,LOS ANGELES,INGLEWOOD,-118.33858002,33.98084009
8105006,2016,2016-08-24,1933,2016-04-09,1505,959,23,6,5,6,1933,0,0,0,NA,0,002,ARBOR VITAE ST,OAK ST,20,W,N,B,C,N,NA,NA,NA,NA,NA,NA,NA,NA,NA,N,4,0,1,2,A,-,01,23152,A,N,B,C,A,B,H,-,A,A,0,NA,NA,NA,NA,Y,Y,A,01,0,0,1,0,0,0,0,0,0,-,-,NA,NA,LOS ANGELES,INGLEWOOD,-118.36589583,33.9527
8105007,2016,2016-08-25,1933,2016-04-01,1718,587,16,5,5,6,1933,0,0,0,NA,0,002,MANCHESTER BL,GREVILLEA AV,0,NA,Y,A,-,N,NA,NA,NA,NA,NA,NA,NA,NA,NA,Y,4,0,1,2,A,-,09,21801,A,N,D,C,A,A,H,-,A,A,0,NA,NA,NA,NA,Y,NA,A,01,0,0,1,0,0,0,0,0,0,-,-,33.96179,-118.35498,LOS ANGELES,INGLEWOOD,-118.35507006,33.96174008
8105009,2016,2016-08-24,1933,2016-04-23,1749,959,18,6,5,6,1933,0,0,0,NA,0,002,LA BREA AV,NUTWOOD ST,0,NA,Y,A,-,N,NA,NA,NA,NA,NA,NA,NA,NA,NA,N,3,0,6,2,A,-,12,21453,A,N,D,C,A,A,H,-,A,A,0,NA,NA,NA,NA,Y,NA,A,01,0,2,4,0,0,0,0,0,0,-,-,33.96052,-118.35325,LOS ANGELES,INGLEWOOD,-118.35333012,33.96047011
8105010,2016,2016-08-24,1933,2016-04-12,1233,868,10,2,5,6,1933,0,0,0,NA,0,004,IMPERIAL HWY,PRAIRIE AV,0,NA,Y,A,-,N,NA,NA,NA,NA,NA,NA,NA,NA,NA,Y,3,0,2,2,A,-,01,23152,A,N,D,C,A,A,H,-,A,A,0,NA,NA,NA,NA,Y,NA,A,01,0,1,1,0,0,0,0,0,0,-,-,33.93099,-118.3439,LOS ANGELES,INGLEWOOD,-118.34390009,33.93096001
8105013,2016,2016-08-24,1933,2016-04-25,1055,868,13,1,5,6,1933,0,0,0,NA,0,003,MANCHESTER BL,CRENSHAW BL,5,W,N,A,-,N,NA,NA,NA,NA,NA,NA,NA,NA,NA,N,4,0,1,2,A,-,10,21950,A,N,G,B,B,A,H,-,A,A,0,Y,NA,NA,NA,Y,NA,A,01,0,0,1,0,1,0,0,0,0,-,-,33.95998,-118.32653,LOS ANGELES,INGLEWOOD,-118.32651646,33.95998
8105014,2016,2016-08-24,1933,2016-04-11,1740,826,15,1,5,6,1933,0,0,0,NA,0,002,HILLCREST BL,LA CIENEGA BL,0,NA,Y,A,-,N,NA,NA,NA,NA,NA,NA,NA,NA,NA,N,4,0,1,2,A,-,09,21800,D,N,D,C,A,A,H,-,A,B,0,NA,NA,NA,NA,Y,NA,A,01,0,0,1,0,0,0,0,0,0,-,-,33.95638,-118.37004,LOS ANGELES,INGLEWOOD,-118.37011008,33.95630002
8105017,2016,2016-08-24,1933,2016-04-26,1450,1008,35,2,5,6,1933,0,0,0,NA,0,004,IMPERIAL HWY,CRENSHAW BL,10,E,N,A,-,N,NA,NA,NA,NA,NA,NA,NA,NA,NA,Y,4,0,2,2,A,-,03,22350,NA,N,C,C,A,A,H,-,A,A,0,NA,NA,NA,NA,Y,NA,A,01,0,0,2,0,0,0,0,0,0,-,-,33.93096,-118.3265,LOS ANGELES,INGLEWOOD,-118.3265471,33.93102
8105018,2016,2016-08-24,1933,2016-04-07,1428,959,29,4,5,6,1933,0,0,0,NA,0,003,CENTURY BL,CRENSHAW BL,200,W,N,C,-,N,NA,NA,NA,NA,NA,NA,NA,NA,NA,N,4,0,2,2,A,-,08,22107,NA,N,D,C,A,B,D,-,A,A,0,NA,NA,NA,NA,Y,NA,A,01,0,0,2,0,0,0,0,0,0,-,-,33.94549,-118.32647,LOS ANGELES,INGLEWOOD,-118.32713818,33.94547
8105020,2016,2016-08-26,1933,2016-04-23,2208,959,22,6,5,6,1933,0,0,0,NA,0,003,MANCHESTER BL,12TH AV,40,E,N,A,-,N,NA,NA,NA,NA,NA,NA,NA,NA,NA,N,4,0,1,3,A,-,03,22350,NA,N,B,C,A,A,H,-,C,A,0,NA,NA,NA,NA,Y,NA,A,01,0,0,1,0,0,0,0,0,0,-,-,33.95999,-118.32984,LOS ANGELES,INGLEWOOD,-118.32969836,33.95998178