CASE_ID,ACCIDENT_YEAR,PROC_DATE,JURIS,COLLISION_DATE,COLLISION_TIME,OFFICER_ID,REPORTING_DISTRICT,DAY_OF_WEEK,CHP_SHIFT,POPULATION,CNTY_CITY_LOC,SPECIAL_COND,BEAT_TYPE,CHP_BEAT_TYPE,CITY_DIVISION_LAPD,CHP_BEAT_CLASS,BEAT_NUMBER,PRIMARY_RD,SECONDARY_RD,DISTANCE,DIRECTION,INTERSECTION,WEATHER_1,WEATHER_2,STATE_HWY_IND,CALTRANS_COUNTY,CALTRANS_DISTRICT,STATE_ROUTE,ROUTE_SUFFIX,POSTMILE_PREFIX,POSTMILE,LOCATION_TYPE,RAMP_INTERSECTION,SIDE_OF_HWY,TOW_AWAY,COLLISION_SEVERITY,NUMBER_KILLED,NUMBER_INJURED,PARTY_COUNT,PRIMARY_COLL_FACTOR,PCF_CODE_OF_VIOL,PCF_VIOL_CATEGORY,PCF_VIOLATION,PCF_VIOL_SUBSECTION,HIT_AND_RUN,TYPE_OF_COLLISION,MVIW,PED_ACTION,ROAD_SURFACE,ROAD_COND_1,ROAD_COND_2,LIGHTING,CONTROL_DEVICE,CHP_ROAD_TYPE,PEDESTRIAN_ACCIDENT,BICYCLE_ACCIDENT,MOTORCYCLE_ACCIDENT,TRUCK_ACCIDENT,NOT_PRIVATE_PROPERTY,ALCOHOL_INVOLVED,STWD_VEHTYPE_AT_FAULT,CHP_VEHTYPE_AT_FAULT,COUNT_SEVERE_INJ,COUNT_VISIBLE_INJ,COUNT_COMPLAINT_PAIN,COUNT_PED_KILLED,COUNT_PED_INJURED,COUNT_BICYCLIST_KILLED,COUNT_BICYCLIST_INJURED,COUNT_MC_KILLED,COUNT_MC_INJURED,PRIMARY_RAMP,SECONDARY_RAMP,LATITUDE,LONGITUDE,COUNTY,CITY,POINT_X,POINT_Y
8105021,2016,2016-08-24,1933,2016-04-19,0916,828,01,2,5,6,1933,0,0,0,NA,0,001,LA CIENEGA BL,HILL ST,300,S,N,A,-,N,NA,NA,NA,NA,NA,NA,NA,NA,NA,N,4,0,1,3,A,-,03,22350,NA,M,C,C,A,A,H,-,A,A,0,NA,NA,NA,NA,Y,NA,A,01,0,0,1,0,0,0,0,0,0,-,-,33.97309,-118.37002,LOS ANGELES,INGLEWOOD,-118.37017918,33.97220717
8105022,2016,2016-08-24,1933,2016-04-04,2110,924,23,1,5,6,1933,0,0,0,NA,0,002,LA CIENEGA BL,95TH ST,0,NA,Y,A,-,N,NA,NA,NA,NA,NA,NA,NA,NA,NA,Y,4,0,1,2,A,-,03,22350,NA,N,C,C,A,A,H,-,C,D,0,NA,NA,Y,NA,Y,Y,C,02,0,0,1,0,0,0,0,0,1,-,-,NA,NA,LOS ANGELES,INGLEWOOD,-118.37032014,33.95031003
8105025,2016,2016-08-24,1933,2016-04-19,0552,828,18,2,5,6,1933,0,0,0,NA,0,002,PRAIRIE AV,ARBOR VITAE ST,102,S,N,A,-,N,NA,NA,NA,NA,NA,NA,NA,NA,NA,Y,3,0,2,2,A,-,09,21804,A,N,D,C,A,A,H,-,C,A,0,NA,NA,NA,NA,Y,NA,A,01,0,1,1,0,0,0,0,0,0,-,-,33.95273,-118.3439,LOS ANGELES,INGLEWOOD,-118.34395,33.95244024
8105026,2016,2016-08-24,1933,2016-04-06,1134,994,120,3,5,6,1933,0,0,0,NA,0,003,PINCAY DR,PRAIRIE AV,0,NA,Y,A,-,N,NA,NA,NA,NA,NA,NA,NA,NA,NA,Y,2,0,1,2,A,-,09,21801,A,N,D,C,A,A,H,-,A,A,0,NA,NA,NA,NA,Y,NA,A,01,1,0,0,0,0,0,0,0,0,-,-,33.95679,-118.34389,LOS ANGELES,INGLEWOOD,-118.343954,33.95672
8105029,2016,2016-08-24,1933,2016-04-17,0123,978,32,7,5,6,1933,0,0,0,NA,0,004,CRENSHAW BL,104TH ST,402,S,N,A,-,N,NA,NA,NA,NA,NA,NA,NA,NA,NA,Y,4,0,1,4,A,-,01,23152,A,N,C,E,A,A,H,-,C,D,0,NA,NA,NA,NA,Y,Y,A,07,0,0,1,0,0,0,0,0,0,-,-,33.94186,-118.32649,LOS ANGELES,INGLEWOOD,-118.32670698,33.94071746
8105030,2016,2016-08-24,1933,2016-04-08,1803,959,35,5,5,6,1933,0,0,0,NA,0,004,CRENSHAW BL,109TH ST,135,N,N,B,-,N,NA,NA,NA,NA,NA,NA,NA,NA,NA,N,4,0,1,2,A,-,03,22350,NA,N,C,C,A,B,H,-,A,A,0,NA,NA,NA,NA,Y,NA,A,01,0,0,1,0,0,0,0,0,0,-,-,33.93677,-118.32647,LOS ANGELES,INGLEWOOD,-118.32656,33.93715026
8105033,2016,2017-02-11,1933,2016-04-19,2325,874,37,2,5,6,1933,0,0,0,NA,0,004,CRENSHAW BL,RT 105,0,NA,N,A,-,Y,LA,7,105,-,R,4.94,R,4,W,N,4,0,1,2,A,-,05,21650,1,N,H,G,A,A,H,-,C,A,0,NA,Y,NA,NA,Y,NA,L,04,0,0,1,0,0,0,1,0,0,-,WF,NA,NA,LOS ANGELES,INGLEWOOD,-118.32280294,33.9255874
8105034,2016,2016-08-24,1933,2016-04-10,2100,1001,I37,7,5,6,1933,0,0,0,NA,0,004,LEMOLI AV,117TH ST,40,S,N,A,-,N,NA,NA,NA,NA,NA,NA,NA,NA,NA,Y,3,0,1,1,A,-,03,22350,NA,N,E,I,A,A,H,-,C,D,0,NA,NA,NA,NA,Y,NA,A,01,0,1,0,0,0,0,0,0,0,-,-,NA,NA,LOS ANGELES,INGLEWOOD,-118.32951144,33.9283303
8105037,2016,2016-08-24,1933,2016-04-20,0558,828,15,3,5,6,1933,0,0,0,NA,0,002,ARBOR VITAE ST,KENWOOD ST,93,E,N,A,-,N,NA,NA,NA,NA,NA,NA,NA,NA,NA,Y,4,0,1,2,A,-,03,22350,NA,N,C,E,A,A,H,-,B,A,0,NA,NA,NA,NA,Y,NA,A,01,0,0,1,0,0,0,0,0,0,-,-,33.95276,-118.36677,LOS ANGELES,INGLEWOOD,-118.36652391,33.9527
8105038,2016,2016-10-19,1933,2016-04-10,2330,860,33,7,5,6,1933,0,0,0,NA,0,004,CRENSHAW BL,108TH ST N,0,NA,Y,A,-,N,NA,NA,NA,NA,NA,NA,NA,NA,NA,N,4,0,2,2,A,-,12,21453,A,N,D,C,A,A,H,-,C,A,0,NA,NA,NA,NA,Y,NA,-,-,0,0,2,0,0,0,0,0,0,-,-,33.93822,-118.32646,LOS ANGELES,INGLEWOOD,-118.32672012,33.93866003
8105143,2016,2016-08-26,1969,2016-08-06,1155,10164,PATRO,6,5,5,1969,0,0,0,NA,0,001,LONG BEACH BL,FIRESTONE BL,75,N,N,A,-,N,NA,NA,NA,NA,NA,NA,NA,NA,NA,N,4,0,3,2,A,-,09,21804,A,N,A,C,A,A,H,-,A,A,0,NA,NA,NA,NA,Y,NA,A,01,0,0,3,0,0,0,0,0,0,-,-,NA,NA,LOS ANGELES,SOUTH GATE,-118.22039864,33.95580468
8105147,2016,2016-08-25,1969,2016-07-29,1818,10194,PATRO,5,5,5,1969,0,0,0,NA,0,001,LONG BEACH BL,ARDMORE AV,40,S,N,A,-,N,NA,NA,NA,NA,NA,NA,NA,NA,NA,N,4,0,1,2,A,-,03,22350,NA,F,C,C,A,A,H,-,A,A,0,NA,NA,NA,NA,Y,NA,D,22,0,0,1,0,0,0,0,0,0,-,-,NA,NA,LOS ANGELES,SOUTH GATE,-118.22227878,33.95886289
8105151,2016,2016-08-25,1969,2016-07-27,1652,10050,NA,3,5,5,1969,0,0,0,NA,0,0A4,FIRESTONE BL,HUNT,0,NA,Y,A,-,N,NA,NA,NA,NA,NA,NA,NA,NA,NA,N,4,0,1,3,A,-,03,22350,NA,N,C,C,A,A,H,-,A,D,0,NA,NA,NA,NA,Y,NA,D,22,0,0,1,0,0,0,0,0,0,-,-,NA,NA,LOS ANGELES,SOUTH GATE,-118.19101014,33.95266003
8105171,2016,2016-09-27,1969,2016-07-15,1632,20226,TRAFF,5,5,5,1969,0,0,0,NA,0,005,PARAMOUNT BL,MCKINLEY AV,0,NA,Y,A,-,N,NA,NA,NA,NA,NA,NA,NA,NA,NA,N,4,0,2,2,A,-,09,21802,A,N,D,C,A,A,H,-,A,A,0,NA,NA,NA,NA,Y,NA,A,01,0,0,2,0,0,0,0,0,0,-,-,NA,NA,LOS ANGELES,SOUTH GATE,-118.15759004,33.91658004
8105202,2016,2016-08-26,1933,2016-03-23,2130,924,1,3,5,6,1933,0,0,0,NA,0,001,BEACH AV,CENTINELA AV,30,S,N,A,-,N,NA,NA,NA,NA,NA,NA,NA,NA,NA,Y,4,0,3,2,D,-,00,NA,NA,N,D,C,A,A,H,-,C,A,0,NA,NA,NA,NA,Y,Y,-,-,0,0,3,0,0,0,0,0,0,-,-,33.97074,-118.34786,LOS ANGELES,INGLEWOOD,-118.36687133,33.97692772
8105203,2016,2016-08-26,1933,2016-03-12,1734,920,13,6,5,6,1933,0,0,0,NA,0,003,CRENSHAW BL,85TH ST,0,NA,Y,A,-,N,NA,NA,NA,NA,NA,NA,NA,NA,NA,N,4,0,1,2,A,-,05,21202,A,N,H,G,A,A,H,-,A,A,0,NA,Y,NA,NA,Y,NA,L,04,0,0,1,0,0,0,1,0,0,-,-,NA,NA,LOS ANGELES,INGLEWOOD,-118.32652005999999,33.96086009
8105204,2016,2016-08-24,1933,2016-02-19,0215,916,15,5,5,6,1933,0,0,0,NA,0,002,ARBOR VITAE ST,INGLEWOOD AV,0,NA,Y,A,-,N,NA,NA,NA,NA,NA,NA,NA,NA,NA,Y,4,0,1,1,A,-,03,22350,NA,N,E,I,A,A,H,-,C,A,0,NA,NA,NA,NA,Y,NA,A,01,0,0,1,0,0,0,0,0,0,-,-,NA,NA,LOS ANGELES,INGLEWOOD,-118.36155005,33.95270005
8105206,2016,2016-08-26,1933,2016-03-24,0826,670,22,4,5,6,1933,0,0,0,NA,0,003,PINCAY DR,RENAISSANCE GATEWAY,15,E,N,A,-,N,NA,NA,NA,NA,NA,NA,NA,NA,NA,Y,4,0,1,2,A,-,03,22350,NA,N,C,C,A,-,H,-,A,A,0,NA,NA,NA,NA,Y,NA,A,01,0,0,1,0,0,0,0,0,0,-,-,33.95623,-118.3324,LOS ANGELES,INGLEWOOD,-118.332425,33.956165
8105207,2016,2016-08-26,1933,2016-03-14,1537,924,13,1,5,6,1933,0,0,0,NA,0,003,VAN NESS AV,78TH ST,0,NA,Y,A,-,N,NA,NA,NA,NA,NA,NA,NA,NA,NA,Y,4,0,2,2,A,-,12,22450,A,N,D,C,A,A,H,-,A,D,0,NA,NA,NA,NA,Y,NA,A,01,0,0,2,0,0,0,0,0,0,-,-,NA,NA,LOS ANGELES,INGLEWOOD,-118.31774003,33.96909009
8105208,2016,2016-08-24,1933,2016-02-20,1932,959,02,6,5,6,1933,0,0,0,NA,0,001,FAIRVIEW BL,LA BREA AV,0,NA,Y,A,-,N,NA,NA,NA,NA,NA,NA,NA,NA,NA,N,4,0,1,2,A,-,08,22107,NA,N,B,C,A,A,H,-,C,A,0,NA,NA,NA,NA,Y,NA,A,01,0,0,1,0,0,0,0,0,0,-,-,NA,NA,LOS ANGELES,INGLEWOOD,-118.35791008,33.97928001
8105210,2016,2016-10-11,1933,2016-03-24,2025,959,14,4,5,6,1933,0,0,0,NA,0,002,HILLCREST BL,HINDRY AV,0,NA,Y,A,-,N,NA,NA,NA,NA,NA,NA,NA,NA,NA,N,3,0,1,2,A,-,09,21800,NA,N,H,G,A,A,H,-,C,A,0,NA,Y,NA,NA,Y,NA,-,-,0,1,0,0,0,0,1,0,0,-,-,33.95639,-118.37351,LOS ANGELES,INGLEWOOD,-118.37359004,33.95628007
8105211,2016,2016-08-26,1933,2016-03-14,1500,826,35,1,5,6,1933,0,0,0,NA,0,004,111TH PL,YUKON AV,0,NA,Y,A,-,N,NA,NA,NA,NA,NA,NA,NA,NA,NA,N,3,0,1,2,A,-,12,22450,A,N,D,G,A,A,H,-,A,A,0,NA,Y,NA,NA,Y,NA,L,04,0,1,0,0,0,0,1,0,0,-,-,NA,NA,LOS ANGELES,INGLEWOOD,-118.33490006,33.93388003
8105212,2016,2016-08-24,1933,2016-02-24,1103,587,03,3,5,6,1933,0,0,0,NA,0,001,REDONDO BL,LONG ST,0,NA,Y,A,-,N,NA,NA,NA,NA,NA,NA,NA,NA,NA,N,4,0,1,2,A,-,05,21650,NA,N,A,C,A,A,H,-,A,D,0,NA,NA,NA,NA,Y,NA,A,01,0,0,1,0,0,0,0,0,0,-,-,NA,NA,LOS ANGELES,INGLEWOOD,-118.3368701,33.97518008
8105214,2016,2016-08-26,1933,2016-03-24,1849,981,I06,4,5,6,1933,0,0,0,NA,0,001,FLORENCE AV,CENTINELA AV,50,W,N,A,-,N,NA,NA,NA,NA,NA,NA,NA,NA,NA,Y,4,0,1,2,A,-,03,22350,NA,N,C,C,A,A,H,-,A,A,0,NA,NA,NA,NA,Y,NA,A,01,0,0,1,0,0,0,0,0,0,-,-,33.96983,-118.34717,LOS ANGELES,INGLEWOOD,-118.3473739,33.96976342
8105215,2016,2016-08-26,1933,2016-03-14,1802,924,12,1,5,6,1933,0,0,0,NA,0,003,MANCHESTER BL,CRENSHAW DR,0,NA,Y,A,-,N,NA,NA,NA,NA,NA,NA,NA,NA,NA,Y,4,0,3,2,A,-,09,21453,C,N,D,C,A,A,H,-,A,A,0,NA,NA,NA,NA,Y,NA,A,01,0,0,3,0,0,0,0,0,0,-,-,NA,NA,LOS ANGELES,INGLEWOOD,-118.33227012,33.95997004
8105216,2016,2016-08-24,1933,2016-02-22,1541,868,11,1,5,6,1933,0,0,0,NA,0,001,LOCUST ST,QUEEN ST,125,N,N,A,-,N,NA,NA,NA,NA,NA,NA,NA,NA,NA,Y,4,0,3,3,A,-,08,22107,NA,N,D,C,A,A,H,-,A,A,0,NA,NA,NA,NA,Y,NA,A,01,0,0,3,0,0,0,0,0,0,-,-,NA,NA,LOS ANGELES,INGLEWOOD,-118.35038686,33.96330279
8105218,2016,2016-08-26,1933,2016-03-24,0238,939,35,4,5,6,1933,0,0,0,NA,0,004,CRENSHAW BL,109TH ST,120,S,N,A,-,N,NA,NA,NA,NA,NA,NA,NA,NA,NA,Y,3,0,2,1,A,-,03,22350,NA,F,E,I,A,A,H,-,C,D,0,NA,NA,NA,NA,Y,Y,A,01,0,2,0,0,0,0,0,0,0,-,-,33.93677,-118.32647,LOS ANGELES,INGLEWOOD,-118.32656,33.93645088
8105219,2016,2016-08-26,1933,2016-03-11,1543,587,18,5,5,6,1933,0,0,0,NA,0,002,PRAIRIE AV,LA PALMA DR,0,NA,Y,A,-,N,NA,NA,NA,NA,NA,NA,NA,NA,NA,Y,4,0,1,2,A,-,09,21802,A,N,D,C,A,B,H,-,A,D,0,NA,NA,NA,NA,Y,NA,A,01,0,0,1,0,0,0,0,0,0,-,-,NA,NA,LOS ANGELES,INGLEWOOD,-118.34396013,33.95532005
8105220,2016,2016-08-24,1933,2016-02-23,1100,826,22,2,5,6,1933,0,0,0,NA,0,003,MANCHESTER BL,CRENSHAW BL,0,NA,Y,A,-,N,NA,NA,NA,NA,NA,NA,NA,NA,NA,Y,4,0,1,2,D,-,00,NA,NA,N,A,C,A,A,H,-,A,A,0,NA,NA,NA,NA,Y,NA,-,-,0,0,1,0,0,0,0,0,0,-,-,NA,NA,LOS ANGELES,INGLEWOOD,-118.3265001,33.95998002
8105222,2016,2016-08-26,1933,2016-03-21,1849,974,18,1,5,6,1933,0,0,0,NA,0,002,MANCHESTER BL,OSAGE AV,40,W,N,A,-,N,NA,NA,NA,NA,NA,NA,NA,NA,NA,Y,4,0,1,1,A,-,03,22350,NA,N,E,I,A,A,H,-,A,D,0,NA,NA,Y,NA,Y,NA,C,02,0,0,1,0,0,0,0,0,1,-,-,33.95973,-118.34542,LOS ANGELES,INGLEWOOD,-118.34564042,33.95973505
8105223,2016,2016-08-26,1933,2016-03-10,2243,997,25,4,5,6,1933,0,0,0,NA,0,002,CENTURY BL,FLOWER ST,0,NA,Y,A,-,N,NA,NA,NA,NA,NA,NA,NA,NA,NA,Y,3,0,2,2,A,-,09,21804,A,N,D,C,A,A,H,-,C,D,0,NA,NA,NA,NA,Y,NA,A,01,0,1,1,0,0,0,0,0,0,-,-,NA,NA,LOS ANGELES,INGLEWOOD,-118.34669004,33.94545004
8105224,2016,2016-08-24,1933,2016-02-27,1258,985,I30,6,5,6,1933,0,0,0,NA,0,004,PRAIRIE AV,106TH ST,150,S,N,A,-,N,NA,NA,NA,NA,NA,NA,NA,NA,NA,N,3,0,1,2,A,-,07,21658,A,N,C,C,A,A,H,-,A,D,0,NA,NA,Y,NA,Y,NA,A,01,0,1,0,0,0,0,0,0,1,-,-,NA,NA,LOS ANGELES,INGLEWOOD,-118.34394,33.939578589999996
8105226,2016,2016-08-26,1933,2016-03-28,0847,868,14,1,5,6,1933,0,0,0,NA,0,002,AVIATION BL,HILLCREST BL,210,N,N,C,-,N,NA,NA,NA,NA,NA,NA,NA,NA,NA,Y,3,0,2,2,A,-,03,22350,NA,N,A,C,A,B,H,-,A,A,0,NA,NA,NA,NA,Y,NA,A,01,0,1,1,0,0,0,0,0,0,-,-,33.95639,-118.377,LOS ANGELES,INGLEWOOD,-118.37706682,33.95682598
8105227,2016,2016-08-26,1933,2016-03-09,1909,924,29,3,5,6,1933,0,0,0,NA,0,003,CRENSHAW BL,90TH ST,350,S,N,A,-,N,NA,NA,NA,NA,NA,NA,NA,NA,NA,N,3,0,1,2,A,-,11,21955,NA,N,G,B,D,A,H,-,C,D,0,Y,NA,NA,NA,Y,Y,N,60,0,1,0,0,1,0,0,0,0,-,-,NA,NA,LOS ANGELES,INGLEWOOD,-118.3265,33.95538006
8105228,2016,2016-08-24,1933,2016-02-29,1301,868,08,1,5,6,1933,0,0,0,NA,0,001,MANCHESTER BL,INGLEWOOD AV,5,W,N,A,-,N,NA,NA,NA,NA,NA,NA,NA,NA,NA,N,4,0,1,2,A,-,10,21950,A,M,G,B,B,A,H,-,A,A,0,Y,NA,NA,NA,Y,NA,A,01,0,0,1,0,1,0,0,0,0,-,-,NA,NA,LOS ANGELES,INGLEWOOD,-118.36176646,33.9617298
8105230,2016,2016-08-26,1933,2016-03-17,2012,945,29,4,5,6,1933,0,0,0,NA,0,003,CENTURY BL,CRENSHAW BL,60,E,N,A,-,N,NA,NA,NA,NA,NA,NA,NA,NA,NA,N,4,0,2,2,A,-,08,22107,NA,N,D,C,A,A,D,-,C,A,0,NA,NA,NA,NA,Y,NA,A,01,0,0,2,0,0,0,0,0,0,-,-,33.94549,-118.32647,LOS ANGELES,INGLEWOOD,-118.32628255,33.94547
8105231,2016,2016-08-26,1933,2016-03-12,1635,1003,I10,6,5,6,1933,0,0,0,NA,0,001,FLORENCE AV,CENTINELA AV,0,NA,Y,A,-,N,NA,NA,NA,NA,NA,NA,NA,NA,NA,Y,2,0,3,2,A,-,08,22107,NA,N,D,C,A,A,H,-,A,A,0,NA,NA,NA,NA,Y,NA,A,01,1,1,1,0,0,0,0,0,0,-,-,NA,NA,LOS ANGELES,INGLEWOOD,-118.34723012,33.96983004
8105232,2016,2016-08-24,1933,2016-02-20,0555,978,I23,6,5,6,1933,0,0,0,NA,0,002,CENTURY BL,LA CIENEGA BL,0,NA,Y,A,-,N,NA,NA,NA,NA,NA,NA,NA,NA,NA,Y,4,0,1,2,A,-,08,22107,NA,N,D,C,A,A,H,-,B,A,0,NA,NA,NA,NA,Y,NA,A,01,0,0,1,0,0,0,0,0,0,-,-,NA,NA,LOS ANGELES,INGLEWOOD,-118.37006002,33.94541002
8105234,2016,2016-08-26,1933,2016-03-17,2009,959,18,4,5,6,1933,0,0,0,NA,0,002,PRAIRIE AV,ARBOR VITAE ST,95,S,N,B,-,N,NA,NA,NA,NA,NA,NA,NA,NA,NA,Y,4,0,1,2,A,-,08,22107,NA,N,D,C,A,A,H,-,C,A,0,NA,NA,NA,NA,Y,NA,A,01,0,0,1,0,0,0,0,0,0,-,-,NA,NA,LOS ANGELES,INGLEWOOD,-118.34395,33.95245944
8105235,2016,2016-08-26,1933,2016-03-08,1805,924,34,2,5,6,1933,0,0,0,NA,0,004,PRAIRIE AV,109TH ST,0,NA,Y,A,-,N,NA,NA,NA,NA,NA,NA,NA,NA,NA,N,4,0,1,3,A,-,08,22107,NA,N,D,C,A,A,H,-,C,D,0,NA,NA,NA,NA,Y,NA,A,01,0,0,1,0,0,0,0,0,0,-,-,NA,NA,LOS ANGELES,INGLEWOOD,-118.3439201,33.93675011
8105236,2016,2016-08-24,1933,2016-02-17,1741,959,05,3,5,6,1933,0,0,0,NA,0,001,LA BREA AV,BEACH AV,90,N,N,C,-,N,NA,NA,NA,NA,NA,NA,NA,NA,NA,Y,4,0,1,2,A,-,03,22350,NA,F,C,C,A,B,H,-,C,A,0,NA,NA,NA,NA,Y,NA,-,NA,0,0,1,0,0,0,0,0,0,-,-,NA,NA,LOS ANGELES,INGLEWOOD,-118.35385869,33.96690673
8105237,2016,2016-08-26,1933,2016-03-30,1002,587,08,3,5,6,1933,0,0,0,NA,0,001,LA CIENEGA BL,INDUSTRIAL AV,637,S,N,A,-,N,NA,NA,NA,NA,NA,NA,NA,NA,NA,Y,4,0,2,4,A,-,03,22350,NA,N,C,C,A,A,H,-,A,D,0,NA,NA,NA,NA,Y,NA,A,01,0,0,2,0,0,0,0,0,0,-,-,33.96853,-118.37001,LOS ANGELES,INGLEWOOD,-118.37072994,33.96683987
8105238,2016,2016-08-26,1933,2016-03-18,2222,939,12,5,5,6,1933,0,0,0,NA,0,003,CRENSHAW BL,84TH PL,45,S,N,A,-,N,NA,NA,NA,NA,NA,NA,NA,NA,NA,Y,4,0,1,3,A,-,01,23152,A,N,A,C,A,A,H,-,C,D,0,NA,NA,NA,NA,Y,Y,A,01,0,0,1,0,0,0,0,0,0,-,-,NA,NA,LOS ANGELES,INGLEWOOD,-118.32663992,33.96167902
8105239,2016,2016-08-26,1933,2016-03-09,1537,869,10,3,5,6,1933,0,0,0,NA,0,003,MANCHESTER BL,PRAIRIE AV,0,NA,Y,A,-,N,NA,NA,NA,NA,NA,NA,NA,NA,NA,N,4,0,1,2,D,-,00,NA,NA,N,G,B,B,A,H,-,A,A,0,Y,NA,NA,NA,Y,NA,-,-,0,0,1,0,1,0,0,0,0,-,-,33.95986,-118.34388,LOS ANGELES,INGLEWOOD,-118.34396005,33.95984011
8105240,2016,2016-09-07,1933,2016-02-14,1140,953,03,7,5,6,1933,0,0,0,NA,0,003,CENTURY BL,DOTY AV,150,E,N,A,-,N,NA,NA,NA,NA,NA,NA,NA,NA,NA,Y,4,0,3,3,A,-,03,22350,NA,N,C,C,A,A,D,-,A,A,0,NA,NA,NA,NA,Y,NA,A,01,0,0,3,0,0,0,0,0,0,-,-,NA,NA,LOS ANGELES,INGLEWOOD,-118.33933636,33.94546
8105241,2016,2016-09-07,1933,2016-03-30,1826,959,36,3,5,6,1933,0,0,0,NA,0,004,IMPERIAL HWY,SPINNING AV,0,NA,Y,A,-,N,NA,NA,NA,NA,NA,NA,NA,NA,NA,Y,4,0,2,2,A,-,08,22107,NA,N,D,C,A,A,H,-,A,A,0,NA,NA,NA,NA,Y,NA,A,01,0,0,2,0,0,0,0,0,0,-,-,33.93094,-118.31887,LOS ANGELES,INGLEWOOD,-118.31889012,33.93114005
8105242,2016,2016-08-26,1933,2016-03-21,0046,997,22,1,5,6,1933,0,0,0,NA,0,003,CRENSHAW BL,90TH ST,0,NA,Y,A,-,N,NA,NA,NA,NA,NA,NA,NA,NA,NA,Y,4,0,1,3,A,-,03,22350,NA,N,C,C,A,A,H,-,C,A,0,NA,NA,NA,NA,Y,NA,A,01,0,0,1,0,0,0,0,0,0,-,-,33.95635,-118.32653,LOS ANGELES,INGLEWOOD,-118.32650004,33.95634001
8105243,2016,2016-08-26,1933,2016-03-05,1740,984,23,6,5,6,1933,0,0,0,NA,0,002,REDFERN AV,OCEAN GATE AV,0,NA,Y,B,-,N,NA,NA,NA,NA,NA,NA,NA,NA,NA,Y,4,0,1,2,A,-,03,22350,NA,N,D,C,A,A,H,-,B,D,0,NA,NA,NA,NA,Y,NA,A,01,0,0,1,0,0,0,0,0,0,-,-,NA,NA,LOS ANGELES,INGLEWOOD,-118.36676006,33.94402005
8105244,2016,2016-08-24,1933,2016-02-21,1936,893,35,7,5,6,1933,0,0,0,NA,0,004,CRENSHAW BL,108TH ST N,10,S,N,A,-,N,NA,NA,NA,NA,NA,NA,NA,NA,NA,Y,4,0,4,2,D,-,00,NA,NA,N,D,C,A,A,H,-,C,A,0,NA,NA,NA,NA,Y,NA,-,-,0,0,4,0,0,0,0,0,0,-,-,NA,NA,LOS ANGELES,INGLEWOOD,-118.32672,33.93866
8105245,2016,2016-08-26,1933,2016-03-31,1727,959,32,4,5,6,1933,0,0,0,NA,0,003,CRENSHAW BL,10TH AV,415,N,N,A,-,N,NA,NA,NA,NA,NA,NA,NA,NA,NA,N,3,0,1,2,A,-,11,21954,A,N,G,B,D,A,H,-,A,A,0,Y,NA,NA,NA,Y,NA,N,60,0,1,0,0,1,0,0,0,0,-,-,NA,NA,LOS ANGELES,INGLEWOOD,-118.33321164,34.03600116
8105246,2016,2016-08-26,1933,2016-03-25,1547,587,35,5,5,6,1933,0,0,0,NA,0,004,IMPERIAL HWY,CRENSHAW BL,409,W,N,A,-,N,NA,NA,NA,NA,NA,NA,NA,NA,NA,Y,4,0,1,2,A,-,09,21801,A,N,D,C,A,A,H,-,A,D,0,NA,NA,NA,NA,Y,NA,A,07,0,0,1,0,0,0,0,0,0,-,-,33.93096,-118.3265,LOS ANGELES,INGLEWOOD,-118.32792573,33.93101733
8105247,2016,2016-08-26,1933,2016-03-08,2025,924,03,2,5,6,1933,0,0,0,NA,0,001,FLORENCE AV,WEST BL,500,W,N,A,-,N,NA,NA,NA,NA,NA,NA,NA,NA,NA,Y,4,0,2,1,A,-,03,22350,NA,N,E,I,A,A,H,-,C,D,0,NA,NA,NA,NA,Y,NA,A,01,0,0,2,0,0,0,0,0,0,-,-,NA,NA,LOS ANGELES,INGLEWOOD,-118.33685589,33.97448
8105248,2016,2016-10-13,1933,2016-02-11,1058,587,01,4,5,6,1933,0,0,0,NA,0,001,LA CIENEGA BL,CENTINELA AV,0,NA,Y,A,-,N,NA,NA,NA,NA,NA,NA,NA,NA,NA,Y,4,0,1,4,A,-,12,21453,A,N,D,C,A,A,H,-,A,A,0,NA,NA,NA,NA,Y,NA,A,01,0,0,1,0,0,0,0,0,0,-,-,NA,NA,LOS ANGELES,INGLEWOOD,-118.37024005,33.97730004
8105249,2016,2016-08-26,1933,2016-03-30,1015,587,5,3,5,6,1933,0,0,0,NA,0,001,LA BREA AV,PLYMOUTH ST,0,NA,Y,A,-,N,NA,NA,NA,NA,NA,NA,NA,NA,NA,N,4,0,2,3,A,-,12,21453,A,N,G,B,B,A,H,-,A,A,0,Y,NA,NA,NA,Y,NA,A,07,0,0,2,0,1,0,0,0,0,-,-,33.97466,-118.35762,LOS ANGELES,INGLEWOOD,-118.3576601,33.97457005
8105250,2016,2016-08-26,1933,2016-03-25,1534,670,15,5,5,6,1933,0,0,0,NA,0,002,ASH AV,HILLCREST BL,0,NA,Y,A,-,N,NA,NA,NA,NA,NA,NA,NA,NA,NA,N,4,0,1,2,A,-,08,22107,NA,M,H,G,A,A,H,-,A,D,0,NA,Y,NA,NA,Y,NA,A,01,0,0,1,0,0,0,1,0,0,-,-,33.95663,-118.36811,LOS ANGELES,INGLEWOOD,-118.36821002,33.95655006