CASE_ID,ACCIDENT_YEAR,PROC_DATE,JURIS,COLLISION_DATE,COLLISION_TIME,OFFICER_ID,REPORTING_DISTRICT,DAY_OF_WEEK,CHP_SHIFT,POPULATION,CNTY_CITY_LOC,SPECIAL_COND,BEAT_TYPE,CHP_BEAT_TYPE,CITY_DIVISION_LAPD,CHP_BEAT_CLASS,BEAT_NUMBER,PRIMARY_RD,SECONDARY_RD,DISTANCE,DIRECTION,INTERSECTION,WEATHER_1,WEATHER_2,STATE_HWY_IND,CALTRANS_COUNTY,CALTRANS_DISTRICT,STATE_ROUTE,ROUTE_SUFFIX,POSTMILE_PREFIX,POSTMILE,LOCATION_TYPE,RAMP_INTERSECTION,SIDE_OF_HWY,TOW_AWAY,COLLISION_SEVERITY,NUMBER_KILLED,NUMBER_INJURED,PARTY_COUNT,PRIMARY_COLL_FACTOR,PCF_CODE_OF_VIOL,PCF_VIOL_CATEGORY,PCF_VIOLATION,PCF_VIOL_SUBSECTION,HIT_AND_RUN,TYPE_OF_COLLISION,MVIW,PED_ACTION,ROAD_SURFACE,ROAD_COND_1,ROAD_COND_2,LIGHTING,CONTROL_DEVICE,CHP_ROAD_TYPE,PEDESTRIAN_ACCIDENT,BICYCLE_ACCIDENT,MOTORCYCLE_ACCIDENT,TRUCK_ACCIDENT,NOT_PRIVATE_PROPERTY,ALCOHOL_INVOLVED,STWD_VEHTYPE_AT_FAULT,CHP_VEHTYPE_AT_FAULT,COUNT_SEVERE_INJ,COUNT_VISIBLE_INJ,COUNT_COMPLAINT_PAIN,COUNT_PED_KILLED,COUNT_PED_INJURED,COUNT_BICYCLIST_KILLED,COUNT_BICYCLIST_INJURED,COUNT_MC_KILLED,COUNT_MC_INJURED,PRIMARY_RAMP,SECONDARY_RAMP,LATITUDE,LONGITUDE,COUNTY,CITY,POINT_X,POINT_Y
8106822,2016,2016-08-22,1942,2016-07-05,1930,38687,1918,2,5,7,1942,0,0,0,NA,0,16T25,FOOTHILL BL,MCCLAY ST,70,S,N,A,-,N,NA,NA,NA,NA,NA,NA,NA,NA,NA,N,4,0,1,2,A,-,04,21703,NA,N,C,C,A,A,H,-,A,D,0,NA,NA,NA,NA,Y,NA,A,01,0,0,1,0,0,0,0,0,0,-,-,NA,NA,LOS ANGELES,LOS ANGELES,-118.420362,34.298356
8106823,2016,2016-08-19,1942,2016-07-25,1920,41396,1097,1,5,7,1942,0,0,0,J,0,21T65,HAYVENHURST AV,OLDHAM ST,6,N,N,B,-,N,NA,NA,NA,NA,NA,NA,NA,NA,NA,Y,4,0,1,2,A,-,03,22350,NA,N,C,C,A,A,H,-,B,D,0,NA,NA,NA,NA,Y,NA,A,01,0,0,1,0,0,0,0,0,0,-,-,NA,NA,LOS ANGELES,LOS ANGELES,-118.49752684,34.14226544
8106824,2016,2016-08-23,1942,2016-07-20,2050,41056,0315,3,5,7,1942,0,0,0,C,0,12T41,ARLINGTON,25TH ST,27,S,N,A,-,N,NA,NA,NA,NA,NA,NA,NA,NA,NA,Y,4,0,1,1,A,-,03,22350,NA,N,E,I,A,A,H,-,C,A,0,NA,NA,NA,NA,Y,NA,A,01,0,0,1,0,0,0,0,0,0,-,-,NA,NA,LOS ANGELES,LOS ANGELES,-118.31769,34.03375595
8106825,2016,2016-08-19,1942,2016-07-13,1440,37557,1985,3,5,7,1942,0,0,0,NA,0,19A79,PARTHENIA ST,CEDROS AV,90,NA,N,A,-,N,NA,NA,NA,NA,NA,NA,NA,NA,NA,N,4,0,1,2,D,-,00,NA,NA,N,D,C,A,A,-,-,A,D,0,NA,NA,NA,NA,Y,NA,-,-,0,0,1,0,0,0,0,0,0,-,-,NA,NA,LOS ANGELES,LOS ANGELES,-118.45353005,34.22826005
8106826,2016,2016-08-22,1942,2016-07-11,0650,38185,1959,1,5,7,1942,0,0,0,NA,0,9TL57,ARLETA AV,VAN NUYS BL,5,W,N,B,-,N,NA,NA,NA,NA,NA,NA,NA,NA,NA,N,3,0,1,2,A,-,10,21950,A,N,G,B,B,A,H,-,A,A,0,Y,NA,NA,NA,Y,NA,A,07,0,1,0,0,1,0,0,0,0,-,-,NA,NA,LOS ANGELES,LOS ANGELES,-118.43870122,34.25401007
8106827,2016,2016-08-19,1942,2016-07-21,0200,40241,1961,4,5,7,1942,0,0,0,NA,0,19A75,SEPULVEDA,TUPPER,30,N,N,A,-,N,NA,NA,NA,NA,NA,NA,NA,NA,NA,Y,3,0,2,3,A,-,03,22350,NA,N,C,E,A,A,H,-,C,D,0,NA,NA,NA,NA,Y,Y,A,01,0,1,1,0,0,0,0,0,0,-,-,NA,NA,LOS ANGELES,LOS ANGELES,-118.46767856,34.23925228
8106828,2016,2016-08-19,1942,2016-07-10,1900,35393,0314,7,5,7,1942,0,0,0,C,0,3T5,ADAMS BL,SYCAMORE AV,0,NA,Y,A,-,N,NA,NA,NA,NA,NA,NA,NA,NA,NA,N,3,0,1,2,A,-,05,21650,1,F,B,G,A,A,H,-,A,A,0,NA,Y,NA,NA,Y,NA,L,04,0,1,0,0,0,0,1,0,0,-,-,NA,NA,LOS ANGELES,LOS ANGELES,-118.35446009,34.03250006
8106829,2016,2016-08-19,1942,2016-07-09,1255,38613,1021,6,5,7,1942,0,0,0,J,0,19TL74,SHERMAN WY,WILBUR AV,27,N,N,A,-,N,NA,NA,NA,NA,NA,NA,NA,NA,NA,Y,4,0,4,2,A,-,12,21453,A,N,D,C,A,A,H,-,A,A,0,NA,NA,NA,NA,Y,NA,A,08,0,0,4,0,0,0,0,0,0,-,-,NA,NA,LOS ANGELES,LOS ANGELES,-118.54476,34.20117
8106830,2016,2016-08-22,1942,2016-07-19,1635,34796,1954,2,5,7,1942,0,0,0,NA,0,19A79,CHATSWORTH ST,BURNET AV,0,NA,Y,A,-,N,NA,NA,NA,NA,NA,NA,NA,NA,NA,Y,4,0,2,2,A,-,09,21801,A,N,D,C,A,A,H,-,A,A,0,NA,NA,NA,NA,Y,NA,A,01,0,0,2,0,0,0,0,0,0,-,-,NA,NA,LOS ANGELES,LOS ANGELES,-118.46223,34.26451
8106831,2016,2016-08-19,1942,2016-07-22,0850,4054,2159,5,5,7,1942,0,0,0,NA,0,19T75,CORBIN AV,VICTORY BL,25,N,N,A,-,N,NA,NA,NA,NA,NA,NA,NA,NA,NA,N,4,0,3,2,A,-,03,22350,NA,N,C,C,A,A,H,-,A,A,0,NA,NA,NA,NA,Y,NA,A,07,0,0,3,0,0,0,0,0,0,-,-,NA,NA,LOS ANGELES,LOS ANGELES,-118.56221,34.18664858
8106832,2016,2016-08-23,1942,2016-07-05,1200,40971,0336,2,5,7,1942,0,0,0,C,0,12TL41,ARLINGTON AV,28TH ST,0,NA,Y,A,-,N,NA,NA,NA,NA,NA,NA,NA,NA,NA,N,4,0,3,2,A,-,03,22350,NA,N,C,C,A,A,H,-,A,D,0,NA,NA,NA,NA,Y,NA,A,08,0,0,3,0,0,0,0,0,0,-,-,NA,NA,LOS ANGELES,LOS ANGELES,-118.31767,34.02992
8106833,2016,2016-08-31,1942,2016-07-22,2240,31652,1916,5,5,7,1942,0,0,0,NA,0,19T73,HUBBARD ST,GLENOAKS BL,320,W,N,A,-,N,NA,NA,NA,NA,NA,NA,NA,NA,NA,N,4,0,1,2,A,-,09,21804,A,N,D,G,A,A,H,-,C,D,0,NA,Y,NA,NA,Y,NA,-,-,0,0,1,0,0,0,1,0,0,-,-,NA,NA,LOS ANGELES,LOS ANGELES,-118.43994353,34.29884271
8106834,2016,2016-08-22,1942,2016-07-16,1630,35198,1958,6,5,7,1942,0,0,0,NA,0,17X96,VAN NUYS BL,CANTERBURY ST,90,S,N,A,-,N,NA,NA,NA,NA,NA,NA,NA,NA,NA,Y,4,0,1,2,A,-,04,21703,NA,N,C,C,A,A,H,-,A,D,0,NA,NA,NA,NA,Y,NA,A,01,0,0,1,0,0,0,0,0,0,-,-,NA,NA,LOS ANGELES,LOS ANGELES,-118.44549948,34.2490435
8106835,2016,2016-08-19,1942,2016-07-25,0815,27260,1035,1,5,7,1942,0,0,0,J,0,M29,RESEDA BL,VANOWEN ST,125,N,N,A,-,N,NA,NA,NA,NA,NA,NA,NA,NA,NA,N,4,0,1,2,C,-,18,NA,NA,N,B,C,A,A,H,-,A,D,0,NA,NA,Y,NA,Y,NA,-,-,0,0,1,0,0,0,0,0,1,-,-,NA,NA,LOS ANGELES,LOS ANGELES,-118.53604,34.19419289
8106836,2016,2016-08-19,1942,2016-07-06,1745,40697,0392,3,5,7,1942,0,0,0,C,0,12T73,11TH AV,VERNON AV,0,S,N,A,-,N,NA,NA,NA,NA,NA,NA,NA,NA,NA,Y,3,0,1,1,A,-,03,22350,NA,N,E,I,A,A,H,-,A,D,0,NA,NA,NA,NA,Y,NA,A,01,0,1,0,0,0,0,0,0,0,-,-,NA,NA,LOS ANGELES,LOS ANGELES,-118.32938005,34.00366009
8106837,2016,2017-02-27,1942,2016-07-17,2340,37912,1998,7,5,7,1942,0,0,0,NA,0,19A85,OSBORNE,RT 5,10,W,N,A,-,Y,LA,7,5,-,-,37.362,R,4,S,N,4,0,1,2,A,-,07,21658,A,N,B,C,A,A,H,-,C,D,0,NA,NA,NA,NA,Y,NA,A,01,0,0,1,0,0,0,0,0,0,-,-,NA,NA,LOS ANGELES,LOS ANGELES,-118.42180705,34.24400441
8106838,2016,2016-08-22,1942,2016-07-25,0805,40193,19,1,5,7,1942,0,0,0,NA,0,21TL67,COLDWATER CANYON BL,ROSCOE BL,0,NA,Y,A,-,N,NA,NA,NA,NA,NA,NA,NA,NA,NA,Y,3,0,1,2,A,-,09,21801,A,N,D,C,A,A,H,-,A,A,0,NA,NA,NA,NA,Y,NA,A,01,0,1,0,0,0,0,0,0,0,-,-,NA,NA,LOS ANGELES,LOS ANGELES,-118.41441006,34.22168001
8106839,2016,2017-01-18,1942,2016-07-30,1500,39157,1668,6,5,7,1942,0,0,0,P,0,16A1,FOOTHILL BL DAY ST,FOOTHILL BL,0,NA,Y,A,-,N,NA,NA,NA,NA,NA,NA,NA,NA,NA,N,4,0,1,3,A,-,03,22350,NA,N,C,C,A,A,H,-,A,A,0,NA,NA,NA,NA,Y,NA,A,01,0,0,1,0,0,0,0,0,0,-,-,NA,NA,LOS ANGELES,LOS ANGELES,-118.297942,34.254516
8106840,2016,2016-08-23,1942,2016-07-05,1545,40053,0331,2,5,7,1942,0,0,0,C,0,12T73,LA BREA AV,ROSELAND ST,0,NA,Y,A,-,N,NA,NA,NA,NA,NA,NA,NA,NA,NA,N,4,0,1,2,A,-,09,21801,A,F,D,C,A,A,H,-,A,A,0,NA,NA,NA,NA,Y,NA,-,99,0,0,1,0,0,0,0,0,0,-,-,NA,NA,LOS ANGELES,LOS ANGELES,-118.35373012,34.02720003
8106841,2016,2016-08-19,1942,2016-07-21,1900,36336,1998,4,5,7,1942,0,0,0,NA,0,10T37,VAN NUYS BL,ROSCOE BL,150,S,N,A,-,N,NA,NA,NA,NA,NA,NA,NA,NA,NA,N,4,0,1,2,A,-,03,22350,NA,N,C,C,A,A,H,-,A,D,0,NA,NA,NA,NA,Y,NA,A,08,0,0,1,0,0,0,0,0,0,-,-,NA,NA,LOS ANGELES,LOS ANGELES,-118.44878,34.22111856
8106842,2016,2016-08-22,1942,2016-07-22,1005,27260,1924,5,5,7,1942,0,0,0,NA,0,M29,ORO GRANDE ST,NEWGARD AV,35,S,N,A,-,N,NA,NA,NA,NA,NA,NA,NA,NA,NA,Y,4,0,1,1,A,-,03,22350,NA,N,H,J,A,A,H,-,A,D,0,NA,NA,NA,NA,Y,NA,A,07,0,0,1,0,0,0,0,0,0,-,-,NA,NA,LOS ANGELES,LOS ANGELES,-118.46179,34.29277
8106843,2016,2016-08-19,1942,2016-07-21,0750,39096,1088,4,5,7,1942,0,0,0,J,0,15T47,LIBBIT AV,VENTURA BL,0,NA,Y,A,-,N,NA,NA,NA,NA,NA,NA,NA,NA,NA,N,2,0,1,2,A,-,11,21456,B,N,G,B,B,A,H,-,A,A,0,Y,NA,NA,NA,Y,NA,N,60,1,0,0,0,1,0,0,0,0,-,-,NA,NA,LOS ANGELES,LOS ANGELES,-118.48802007,34.15696004
8106844,2016,2016-08-23,1942,2016-07-05,0910,40971,0329,2,5,7,1942,0,0,0,C,0,12TL41,FIGUEROA ST,32ND ST,0,NA,Y,A,-,N,NA,NA,NA,NA,NA,NA,NA,NA,NA,Y,4,0,1,2,A,-,12,21453,A,N,D,C,A,A,H,-,A,A,0,NA,NA,NA,NA,Y,NA,A,01,0,0,1,0,0,0,0,0,0,-,-,NA,NA,LOS ANGELES,LOS ANGELES,-118.27896,34.02351004
8106845,2016,2016-08-19,1942,2016-07-20,1835,40119,1985,3,5,7,1942,0,0,0,NA,0,21T64,VAN NUYS BL,RAYEN ST,64,N,N,A,-,N,NA,NA,NA,NA,NA,NA,NA,NA,NA,N,4,0,1,3,A,-,03,22350,NA,N,C,C,A,A,H,-,A,A,0,NA,NA,NA,NA,Y,NA,A,07,0,0,1,0,0,0,0,0,0,-,-,NA,NA,LOS ANGELES,LOS ANGELES,-118.45025,34.23191555
8106846,2016,2016-08-22,1942,2016-07-22,1340,40735,1911,5,5,7,1942,0,0,0,NA,0,17716,SAN FERNANDO RD,SEPULVEDA BL,0,NA,Y,A,-,N,NA,NA,NA,NA,NA,NA,NA,NA,NA,Y,3,0,3,2,A,-,09,21802,A,N,D,C,A,A,H,-,A,A,0,NA,NA,NA,NA,Y,NA,A,08,0,3,0,0,0,0,0,0,0,-,-,NA,NA,LOS ANGELES,LOS ANGELES,-118.49066009,34.31511005
8106847,2016,2016-08-19,1942,2016-07-26,1410,42324,1956,2,5,7,1942,0,0,0,NA,0,19A93,DEVONSHIRE ST,WOODMAN AV,0,NA,Y,A,-,N,NA,NA,NA,NA,NA,NA,NA,NA,NA,N,4,0,2,2,A,-,12,21453,A,N,D,C,A,A,H,-,A,A,0,NA,NA,NA,NA,Y,NA,A,01,0,0,2,0,0,0,0,0,0,-,-,NA,NA,LOS ANGELES,LOS ANGELES,-118.45425012,34.25720005
8106848,2016,2016-08-23,1942,2016-07-05,0930,40971,0336,2,5,7,1942,0,0,0,C,0,12TL41,JEFFERSON BL,ARLINGTON AV,0,NA,Y,A,-,N,NA,NA,NA,NA,NA,NA,NA,NA,NA,Y,4,0,1,2,A,-,12,21453,A,N,D,C,A,A,H,-,A,A,0,NA,NA,NA,NA,Y,NA,A,07,0,0,1,0,0,0,0,0,0,-,-,NA,NA,LOS ANGELES,LOS ANGELES,-118.31766013,34.02553001
8106849,2016,2016-08-19,1942,2016-07-17,1200,30830,1934,7,5,7,1942,0,0,0,NA,0,16TL23,SAN FERNANDO MISSION RD,SEPULVEDA BL,0,NA,Y,A,-,N,NA,NA,NA,NA,NA,NA,NA,NA,NA,Y,3,0,2,2,A,-,09,21801,A,N,D,C,A,A,H,-,A,A,0,NA,NA,NA,NA,Y,NA,A,01,0,1,1,0,0,0,0,0,0,-,-,NA,NA,LOS ANGELES,LOS ANGELES,-118.46745009,34.27212008
8106850,2016,2016-08-22,1942,2016-07-22,0020,39720,1963,5,5,7,1942,0,0,0,NA,0,19A61,LASSEN ST,WOODMAN AV,100,W,N,A,-,N,NA,NA,NA,NA,NA,NA,NA,NA,NA,N,3,0,1,2,A,-,03,22350,NA,N,D,E,A,A,H,-,C,D,0,NA,NA,NA,NA,Y,NA,A,01,0,1,0,0,0,0,0,0,0,-,-,NA,NA,LOS ANGELES,LOS ANGELES,-118.45079838,34.25047015
8106851,2016,2016-08-19,1942,2016-07-29,1445,39217,1994,5,5,7,1942,0,0,0,NA,0,9TL52,ROSCOE BL,VAN NUYS BL,200,W,N,A,-,N,NA,NA,NA,NA,NA,NA,NA,NA,NA,Y,4,0,1,2,A,-,09,21801,A,N,D,C,A,A,H,-,A,D,0,NA,NA,NA,NA,Y,NA,A,01,0,0,1,0,0,0,0,0,0,-,-,NA,NA,LOS ANGELES,LOS ANGELES,-118.4494404,34.22153
8106852,2016,2016-08-19,1942,2016-07-05,1830,35393,0331,2,5,7,1942,0,0,0,C,0,3T5,LA BREA AV,JEFFERSON BL,100,S,N,A,-,N,NA,NA,NA,NA,NA,NA,NA,NA,NA,N,4,0,1,4,A,-,04,21703,NA,F,-,C,A,A,H,-,C,D,0,NA,NA,NA,NA,Y,NA,-,99,0,0,1,0,0,0,0,0,0,-,-,NA,NA,LOS ANGELES,LOS ANGELES,-118.35497016,34.02525871
8106853,2016,2016-08-19,1942,2016-07-22,1340,39410,0966,5,5,7,1942,0,0,0,I,0,10T34W,FULTON AV,MAGNOLIA BL,0,NA,Y,A,-,N,NA,NA,NA,NA,NA,NA,NA,NA,NA,Y,3,0,2,3,A,-,12,21453,A,N,D,C,A,A,H,-,A,A,0,NA,NA,NA,NA,Y,NA,A,01,0,2,0,0,0,0,0,0,0,-,-,NA,NA,LOS ANGELES,LOS ANGELES,-118.42252014,34.16487001
8106854,2016,2016-08-22,1942,2016-07-04,0105,38687,1924,1,5,7,1942,0,0,0,NA,0,16T23,HUBBARD ST,ENVOY ST,158,W,N,A,-,N,NA,NA,NA,NA,NA,NA,NA,NA,NA,Y,3,0,1,3,A,-,03,22350,NA,N,E,I,A,A,H,-,C,D,0,NA,NA,NA,NA,Y,NA,A,01,0,1,0,0,0,0,0,0,0,-,-,NA,NA,LOS ANGELES,LOS ANGELES,-118.45326164,34.28760339
8106855,2016,2016-08-19,1942,2016-07-25,0930,39473,2177,1,5,7,1942,0,0,0,NA,0,10TL37,CANOGA AV,BURBANK BL,0,NA,Y,A,-,N,NA,NA,NA,NA,NA,NA,NA,NA,NA,Y,3,0,2,2,A,-,05,21460,A,N,A,C,A,A,H,-,A,A,0,NA,NA,NA,NA,Y,NA,A,07,0,2,0,0,0,0,0,0,0,-,-,NA,NA,LOS ANGELES,LOS ANGELES,-118.59746009,34.17328006
8106856,2016,2016-08-19,1942,2016-07-30,1215,41397,1094,6,5,7,1942,0,0,0,J,0,10T34,NEW CASTLE LN,VALLEY VIEW BL,0,NA,Y,A,-,N,NA,NA,NA,NA,NA,NA,NA,NA,NA,Y,3,0,2,2,A,-,09,21802,A,N,D,C,A,A,H,-,A,A,0,NA,NA,NA,NA,Y,NA,A,01,0,1,1,0,0,0,0,0,0,-,-,NA,NA,LOS ANGELES,LOS ANGELES,-118.52508,34.15802
8106857,2016,2016-08-19,1942,2016-07-22,1420,26319,0994,5,5,7,1942,0,0,0,I,0,19T74,OAKFIELD DR,MILLBROOK DR,400,N,N,A,-,N,NA,NA,NA,NA,NA,NA,NA,NA,NA,Y,3,0,1,2,A,-,08,22107,NA,N,B,E,A,A,H,-,A,D,0,NA,NA,NA,NA,Y,NA,A,01,0,1,0,0,0,0,0,0,0,-,-,NA,NA,LOS ANGELES,LOS ANGELES,-118.44492,34.14399
8106858,2016,2016-08-22,1942,2016-07-03,1605,40735,1988,7,5,7,1942,0,0,0,NA,0,9TL54,DORRINGTON AV,BRANFORD ST,0,NA,Y,A,-,N,NA,NA,NA,NA,NA,NA,NA,NA,NA,Y,3,0,5,3,A,-,09,21453,NA,N,D,C,A,A,H,-,A,A,0,NA,NA,NA,NA,Y,NA,A,01,0,1,4,0,0,0,0,0,0,-,-,NA,NA,LOS ANGELES,LOS ANGELES,-118.42965013,34.22893006
8106859,2016,2016-08-19,1942,2016-07-25,1210,38995,2134,1,5,7,1942,0,0,0,NA,0,1TL16,SHERMAN WAY,SHOUP AV,0,NA,Y,A,-,N,NA,NA,NA,NA,NA,NA,NA,NA,NA,Y,2,0,2,2,A,-,09,21801,A,N,A,C,A,A,H,-,A,A,0,NA,NA,NA,NA,Y,NA,A,01,1,1,0,0,0,0,0,0,0,-,-,NA,NA,LOS ANGELES,LOS ANGELES,-118.61466008,34.20102001
8106860,2016,2016-08-19,1942,2016-07-29,1505,23619,1089,5,5,7,1942,0,0,0,J,0,19T74,VENTURA BL,HASKELL AV,180,E,N,A,-,N,NA,NA,NA,NA,NA,NA,NA,NA,NA,Y,3,0,3,2,A,-,09,21801,A,N,-,C,A,A,H,-,A,D,0,NA,NA,NA,NA,Y,NA,A,01,0,1,2,0,0,0,0,0,0,-,-,NA,NA,LOS ANGELES,LOS ANGELES,-118.47432256,34.15510777
8106861,2016,2016-08-19,1942,2016-07-19,0715,40383,0981,2,5,7,1942,0,0,0,I,0,21T67,SAUGUS AV,VALLEY VISTA BL,0,NA,Y,A,-,N,NA,NA,NA,NA,NA,NA,NA,NA,NA,N,4,0,1,2,A,-,12,22450,A,N,D,C,A,A,H,-,A,A,0,NA,NA,NA,NA,Y,NA,A,01,0,0,1,0,0,0,0,0,0,-,-,NA,NA,LOS ANGELES,LOS ANGELES,-118.46586006,34.14858011
8106862,2016,2016-08-19,1942,2016-07-01,1805,38285,1962,5,5,7,1942,0,0,0,NA,0,16TL28,LASSEN ST,BURNET AV,50,W,N,A,-,N,NA,NA,NA,NA,NA,NA,NA,NA,NA,Y,3,0,1,2,A,-,09,21804,A,N,D,C,A,A,H,-,A,D,0,NA,NA,NA,NA,Y,NA,A,01,0,1,0,0,0,0,0,0,0,-,-,NA,NA,LOS ANGELES,LOS ANGELES,-118.46318515,34.25001148
8106863,2016,2016-08-19,1942,2016-07-22,1935,36599,2143,5,5,7,1942,0,0,0,NA,0,10T37,VANOWEN ST,FALLBROOK AV,0,NA,Y,A,-,N,NA,NA,NA,NA,NA,NA,NA,NA,NA,Y,3,0,6,2,A,-,09,21801,A,N,D,C,A,A,H,-,A,A,0,NA,NA,NA,NA,Y,NA,A,08,0,2,4,0,0,0,0,0,0,-,-,NA,NA,LOS ANGELES,LOS ANGELES,-118.62341011,34.19372007
8106864,2016,2016-08-19,1942,2016-07-31,1600,40119,1023,7,5,7,1942,0,0,0,J,0,21T64,WILBUR AV,VANOWEN ST,0,NA,Y,A,-,N,NA,NA,NA,NA,NA,NA,NA,NA,NA,Y,3,0,2,2,A,-,09,21801,A,N,D,C,A,A,H,-,A,A,0,NA,NA,NA,NA,Y,NA,A,01,0,2,0,0,0,0,0,0,0,-,-,NA,NA,LOS ANGELES,LOS ANGELES,-118.54475002,34.1938501
8106865,2016,2016-08-19,1942,2016-07-22,0930,39096,0911,5,5,7,1942,0,0,0,I,0,15T45,SEPULVEDA BL,VOSE ST,0,NA,Y,A,-,N,NA,NA,NA,NA,NA,NA,NA,NA,NA,N,3,0,1,2,A,-,05,21650,1,N,D,G,A,A,H,-,A,D,0,NA,Y,NA,NA,Y,NA,L,04,0,1,0,0,0,0,1,0,0,-,-,NA,NA,LOS ANGELES,LOS ANGELES,-118.46620005,34.19844006
8106866,2016,2016-08-22,1942,2016-07-02,2055,38354,1936,6,5,7,1942,0,0,0,NA,0,19T75,SAN FERNANDO MISSION BL,LAUREL CANYON AV,111,W,N,A,-,N,NA,NA,NA,NA,NA,NA,NA,NA,NA,N,4,0,2,2,B,-,22,NA,NA,N,B,C,A,A,H,-,C,D,0,NA,NA,NA,NA,Y,NA,A,01,0,0,2,0,0,0,0,0,0,-,-,NA,NA,LOS ANGELES,LOS ANGELES,-118.45234141,34.27733474
8106867,2016,2016-08-19,1942,2016-07-20,0710,40165,2143,3,5,7,1942,0,0,0,NA,0,21T67,VICTORY BL,ROYER AV,465,E,N,A,-,N,NA,NA,NA,NA,NA,NA,NA,NA,NA,N,3,0,1,2,A,-,09,21804,A,N,G,B,F,A,H,-,B,D,0,Y,NA,NA,NA,Y,NA,A,07,0,1,0,0,1,0,0,0,0,-,-,NA,NA,LOS ANGELES,LOS ANGELES,-118.62618504,34.18645
8106868,2016,2016-08-19,1942,2016-07-31,2120,41198,1037,7,5,7,1942,0,0,0,J,0,15T45,WHITE OAK AV,VANOWEN ST,431,N,N,A,-,N,NA,NA,NA,NA,NA,NA,NA,NA,NA,Y,3,0,2,2,A,-,09,21801,A,N,D,C,A,A,H,-,C,A,0,NA,NA,NA,NA,Y,NA,A,07,0,1,1,0,0,0,0,0,0,-,-,NA,NA,LOS ANGELES,LOS ANGELES,-118.51858,34.19505228
8106869,2016,2016-08-19,1942,2016-07-28,1215,38356,0952,4,5,7,1942,0,0,0,I,0,9TL58,BURBANK BL,KESTER AV,0,NA,Y,A,-,N,NA,NA,NA,NA,NA,NA,NA,NA,NA,Y,4,0,2,3,A,-,12,21453,A,N,D,C,A,A,H,-,A,A,0,NA,NA,NA,NA,Y,NA,A,01,0,0,2,0,0,0,0,0,0,-,-,NA,NA,LOS ANGELES,LOS ANGELES,-118.45745011,34.17211003
8106870,2016,2016-08-19,1942,2016-07-01,1635,26319,1994,5,5,7,1942,0,0,0,NA,0,19T74,VAN NUYS BL,TITUS ST,15,N,N,A,-,N,NA,NA,NA,NA,NA,NA,NA,NA,NA,NA,4,0,1,2,A,-,09,21801,A,N,B,C,A,A,H,-,A,A,0,NA,NA,NA,NA,Y,NA,A,01,0,0,1,0,0,0,0,0,0,-,-,NA,NA,LOS ANGELES,LOS ANGELES,-118.44877059,34.21977114
8106871,2016,2016-08-19,1942,2016-07-23,2100,38273,2129,6,5,7,1942,0,0,0,NA,0,15T43,ROSCOE BL,PENFIELD AV,0,NA,Y,A,-,N,NA,NA,NA,NA,NA,NA,NA,NA,NA,Y,4,0,2,2,A,-,08,22107,NA,N,B,C,A,A,H,-,C,A,0,NA,NA,NA,NA,Y,NA,-,-,0,0,2,0,0,0,0,0,0,-,-,NA,NA,LOS ANGELES,LOS ANGELES,-118.56888011,34.2202501
8106872,2016,2016-09-01,1942,2016-07-23,1155,42370,1008,6,5,7,1942,0,0,0,J,0,10A42,WOODLEY AV,STRATHERN,70,S,N,A,-,N,NA,NA,NA,NA,NA,NA,NA,NA,NA,Y,3,0,3,2,C,-,18,NA,NA,N,A,C,A,A,H,-,A,D,0,NA,NA,NA,NA,Y,NA,-,-,0,1,2,0,0,0,0,0,0,-,-,NA,NA,LOS ANGELES,LOS ANGELES,-118.48368,34.21547799
8106873,2016,2016-08-19,1942,2016-07-25,0930,40193,0963,1,5,7,1942,0,0,0,I,0,21TL67,VALLEYHEART DR,KESTER AV,0,NA,Y,A,-,N,NA,NA,NA,NA,NA,NA,NA,NA,NA,Y,3,0,2,2,A,-,09,21802,A,N,D,C,A,A,H,-,A,A,0,NA,NA,NA,NA,Y,NA,A,07,0,1,1,0,0,0,0,0,0,-,-,NA,NA,LOS ANGELES,LOS ANGELES,-118.45744001,34.15943007
8106874,2016,2016-08-19,1942,2016-07-13,0945,30452,1963,3,5,7,1942,0,0,0,NA,0,9TL53,LASSEN ST,WOODMAN AV,164,S,N,A,-,N,NA,NA,NA,NA,NA,NA,NA,NA,NA,Y,4,0,1,3,A,-,21,22106,NA,N,D,C,A,A,H,-,A,D,0,NA,NA,NA,NA,Y,NA,A,01,0,0,1,0,0,0,0,0,0,-,-,NA,NA,LOS ANGELES,LOS ANGELES,-118.45095267,34.25035015
8106875,2016,2016-08-19,1942,2016-07-19,1510,38174,2103,2,5,7,1942,0,0,0,NA,0,35M76,SHOUP AV,ROSCOE BL,0,NA,Y,A,-,N,NA,NA,NA,NA,NA,NA,NA,NA,NA,N,4,0,1,2,A,-,09,21804,A,N,H,G,A,A,H,-,A,A,0,NA,Y,NA,NA,Y,NA,L,04,0,0,1,0,0,0,1,0,0,-,-,NA,NA,LOS ANGELES,LOS ANGELES,-118.61471001,34.21951006
8106876,2016,2016-08-19,1942,2016-07-29,1015,31931,1018,5,5,7,1942,0,0,0,J,0,35M41,SHERMAN WAY,WOODLEY AV,0,NA,Y,A,-,N,NA,NA,NA,NA,NA,NA,NA,NA,NA,N,4,0,2,2,A,-,09,21801,A,N,D,C,A,A,H,-,A,A,0,NA,NA,NA,NA,Y,NA,A,01,0,0,2,0,0,0,0,0,0,-,-,NA,NA,LOS ANGELES,LOS ANGELES,-118.48368005,34.20117009