CASE_ID,ACCIDENT_YEAR,PROC_DATE,JURIS,COLLISION_DATE,COLLISION_TIME,OFFICER_ID,REPORTING_DISTRICT,DAY_OF_WEEK,CHP_SHIFT,POPULATION,CNTY_CITY_LOC,SPECIAL_COND,BEAT_TYPE,CHP_BEAT_TYPE,CITY_DIVISION_LAPD,CHP_BEAT_CLASS,BEAT_NUMBER,PRIMARY_RD,SECONDARY_RD,DISTANCE,DIRECTION,INTERSECTION,WEATHER_1,WEATHER_2,STATE_HWY_IND,CALTRANS_COUNTY,CALTRANS_DISTRICT,STATE_ROUTE,ROUTE_SUFFIX,POSTMILE_PREFIX,POSTMILE,LOCATION_TYPE,RAMP_INTERSECTION,SIDE_OF_HWY,TOW_AWAY,COLLISION_SEVERITY,NUMBER_KILLED,NUMBER_INJURED,PARTY_COUNT,PRIMARY_COLL_FACTOR,PCF_CODE_OF_VIOL,PCF_VIOL_CATEGORY,PCF_VIOLATION,PCF_VIOL_SUBSECTION,HIT_AND_RUN,TYPE_OF_COLLISION,MVIW,PED_ACTION,ROAD_SURFACE,ROAD_COND_1,ROAD_COND_2,LIGHTING,CONTROL_DEVICE,CHP_ROAD_TYPE,PEDESTRIAN_ACCIDENT,BICYCLE_ACCIDENT,MOTORCYCLE_ACCIDENT,TRUCK_ACCIDENT,NOT_PRIVATE_PROPERTY,ALCOHOL_INVOLVED,STWD_VEHTYPE_AT_FAULT,CHP_VEHTYPE_AT_FAULT,COUNT_SEVERE_INJ,COUNT_VISIBLE_INJ,COUNT_COMPLAINT_PAIN,COUNT_PED_KILLED,COUNT_PED_INJURED,COUNT_BICYCLIST_KILLED,COUNT_BICYCLIST_INJURED,COUNT_MC_KILLED,COUNT_MC_INJURED,PRIMARY_RAMP,SECONDARY_RAMP,LATITUDE,LONGITUDE,COUNTY,CITY,POINT_X,POINT_Y
8108094,2016,2016-08-23,1900,2016-08-03,0615,520746,0456,3,5,6,1949,0,0,0,NA,0,43T1D,ROSECRANS AV,BRINK AV,0,NA,Y,A,-,N,NA,NA,NA,NA,NA,NA,NA,NA,NA,N,2,0,1,2,A,-,12,22450,A,M,D,G,A,A,H,-,A,A,0,NA,Y,NA,NA,Y,NA,D,22,1,0,0,0,0,0,1,0,0,-,-,NA,NA,LOS ANGELES,NORWALK,-118.08075004,33.90226007
8108102,2016,2016-10-11,1900,2016-08-06,1442,522021,0451,6,5,6,1949,0,0,0,NA,0,43T1,FIRESTONE BL,RT 605,130,W,N,A,-,N,NA,NA,NA,NA,NA,NA,NA,NA,NA,Y,4,0,1,2,A,-,07,21658,A,N,B,C,A,A,H,-,A,D,0,NA,NA,NA,NA,Y,NA,-,-,0,0,1,0,0,0,0,0,0,-,SO,NA,NA,LOS ANGELES,NORWALK,-118.10459964,33.92493517
8108111,2016,2016-08-24,1955,2016-08-07,1327,42150,0069,7,5,6,1955,0,0,0,NA,0,005,AVENIDA RANCHEROS,LA SIERRA DR,132,E,N,A,-,N,NA,NA,NA,NA,NA,NA,NA,NA,NA,Y,4,0,1,1,A,-,08,22107,NA,N,E,I,A,A,H,-,A,A,0,NA,NA,NA,NA,Y,NA,A,07,0,0,1,0,0,0,0,0,0,-,-,NA,NA,LOS ANGELES,POMONA,-117.78805715,34.03685812
81081204,2019,2019-09-24,1933,2019-09-18,1920,914,30,3,5,6,1933,0,0,0,NA,0,003,CENTURY BLVD,YUKON AV,8,W,N,A,-,N,NA,NA,NA,NA,NA,NA,NA,NA,NA,N,4,0,1,2,A,-,10,21950,A,N,G,B,B,A,H,-,C,A,0,Y,NA,NA,NA,Y,NA,A,01,0,0,1,0,1,0,0,0,0,-,-,33.94544982910156,-118.33515167236328,LOS ANGELES,INGLEWOOD,-118.33519744873048,33.94546127319336
81081207,2019,2019-09-24,1933,2019-09-20,0621,826,12,5,5,6,1933,0,0,0,NA,0,003,MANCHESTER BLVD,11TH AV,11,W,N,A,-,N,NA,NA,NA,NA,NA,NA,NA,NA,NA,N,3,0,1,2,A,-,10,21950,A,N,G,B,B,A,H,-,B,A,0,Y,NA,NA,NA,Y,NA,A,01,0,1,0,0,1,0,0,0,0,-,-,33.9599494934082,-118.32868194580078,LOS ANGELES,INGLEWOOD,-118.32879638671876,33.959991455078125
8108122,2016,2016-08-26,1900,2016-08-01,1145,476466,0624,1,5,6,1985,0,0,0,NA,0,62T1,ORCHARD VILLAGE RD,WILEY CANYON RD,0,NA,Y,A,-,N,NA,NA,NA,NA,NA,NA,NA,NA,NA,Y,3,0,2,2,D,-,00,NA,NA,N,D,C,A,A,H,-,A,A,0,NA,NA,NA,NA,Y,NA,-,-,0,2,0,0,0,0,0,0,0,-,-,NA,NA,LOS ANGELES,SANTA CLARITA,-118.54768013,34.3897801
8108126,2016,2016-08-26,1900,2016-08-03,1515,600125,0621,3,5,6,1985,0,0,0,NA,0,64T1,VALENCIA BL,MCBEAN PKWY,120,W,N,A,-,N,NA,NA,NA,NA,NA,NA,NA,NA,NA,N,4,0,2,3,C,-,18,NA,NA,N,C,C,A,A,H,-,A,D,0,NA,NA,NA,NA,Y,NA,-,-,0,0,2,0,0,0,0,0,0,-,-,NA,NA,LOS ANGELES,SANTA CLARITA,-118.56038708,34.41325221
8108130,2016,2016-08-26,1900,2016-08-02,0123,523218,0612,2,5,6,1985,0,0,0,NA,0,61T1,SOLEDAD CANYON RD,WHITES CANYON RD,0,NA,Y,A,-,N,NA,NA,NA,NA,NA,NA,NA,NA,NA,Y,4,0,2,2,A,-,12,21453,A,N,D,C,A,A,H,-,C,A,0,NA,NA,NA,NA,Y,NA,A,01,0,0,2,0,0,0,0,0,0,-,-,NA,NA,LOS ANGELES,SANTA CLARITA,-118.47217013,34.41572008
8108134,2016,2016-08-26,1900,2016-08-04,1825,600125,0648,4,5,6,1985,0,0,0,NA,0,64T1,DECORO DR,COPPERSTONE DR,0,NA,Y,A,-,N,NA,NA,NA,NA,NA,NA,NA,NA,NA,Y,4,0,1,2,A,-,09,21802,A,N,D,C,A,A,H,-,A,A,0,NA,NA,NA,NA,Y,NA,A,01,0,0,1,0,0,0,0,0,0,-,-,NA,NA,LOS ANGELES,SANTA CLARITA,-118.56409014,34.44492009
8108138,2016,2016-08-26,1900,2016-08-06,1155,458055,0628,6,5,6,1985,0,0,0,NA,0,62T1,RAILROAD AV,MARKET ST,105,N,N,A,-,N,NA,NA,NA,NA,NA,NA,NA,NA,NA,N,4,0,1,3,A,-,08,22107,NA,N,C,E,A,A,H,-,A,A,0,NA,NA,NA,NA,Y,NA,A,07,0,0,1,0,0,0,0,0,0,-,-,NA,NA,LOS ANGELES,SANTA CLARITA,-118.52729488,34.37920887
8108142,2016,2016-08-26,1900,2016-08-08,1310,502210,0610,1,5,6,1985,0,0,0,NA,0,61T1,SOLEDAD CANYON RD,FURNIVALL AV,0,NA,Y,A,-,N,NA,NA,NA,NA,NA,NA,NA,NA,NA,Y,3,0,4,2,A,-,09,21802,A,N,D,C,A,A,H,-,A,A,0,NA,NA,NA,NA,Y,NA,A,07,0,2,2,0,0,0,0,0,0,-,-,NA,NA,LOS ANGELES,SANTA CLARITA,-118.49608007,34.42111007
8108146,2016,2016-08-26,1900,2016-08-03,1115,489619,0622,3,5,6,1985,0,0,0,NA,0,62T1,MCBEAN PKWY,ORCHARD VILLAGE RD,0,NA,Y,A,-,N,NA,NA,NA,NA,NA,NA,NA,NA,NA,Y,3,0,2,2,C,-,18,NA,NA,N,A,C,A,A,H,-,A,A,0,NA,NA,NA,NA,Y,NA,-,-,0,1,1,0,0,0,0,0,0,-,-,NA,NA,LOS ANGELES,SANTA CLARITA,-118.55313012,34.39618012
8108150,2016,2016-08-26,1900,2016-08-11,1355,273453,0610,4,5,6,1985,0,0,0,NA,0,60T2,WHITES CANYON RD,PLEASANTDALE ST,0,NA,Y,A,-,N,NA,NA,NA,NA,NA,NA,NA,NA,NA,Y,4,0,1,2,A,-,08,22100,A,N,B,C,A,A,H,-,A,A,0,NA,NA,NA,NA,Y,NA,A,01,0,0,1,0,0,0,0,0,0,-,-,NA,NA,LOS ANGELES,SANTA CLARITA,-118.47221001,34.42081009
8108154,2016,2016-08-26,1900,2016-08-09,1800,273453,0617,2,5,6,1985,0,0,0,NA,0,60T2,VIA PRINCESSA,WEYERHAUSER WY,1250,W,N,A,-,N,NA,NA,NA,NA,NA,NA,NA,NA,NA,Y,2,0,1,2,A,-,03,22350,NA,N,C,C,A,A,H,-,A,D,0,NA,NA,Y,NA,Y,NA,C,02,1,0,0,0,0,0,0,0,1,-,-,NA,NA,LOS ANGELES,SANTA CLARITA,-118.47266718,34.40864909
8108158,2016,2017-02-18,1900,2016-08-07,1905,530184,0627,7,5,6,1985,0,0,0,NA,0,62T1,SIERRA HWY,PLACERITA CANYON RD,0,NA,Y,A,-,Y,LA,7,14,U,T,27.895,I,5,N,Y,4,0,2,2,A,-,01,23152,A,N,D,C,A,A,H,-,A,A,0,NA,NA,NA,NA,Y,Y,A,01,0,0,2,0,0,0,0,0,0,-,-,NA,NA,LOS ANGELES,SANTA CLARITA,-118.49418426,34.37810207
8108161,2016,2016-08-26,1900,2016-08-05,2320,517298,0622,5,5,6,1985,0,0,0,NA,0,62T1,RAILROAD AV,OAK RIDGE DR,0,NA,Y,A,-,N,NA,NA,NA,NA,NA,NA,NA,NA,NA,N,3,0,1,2,D,-,00,NA,NA,M,C,G,A,A,H,-,C,A,0,NA,Y,NA,NA,Y,NA,-,-,0,1,0,0,0,0,1,0,0,-,-,NA,NA,LOS ANGELES,SANTA CLARITA,-118.53863011,34.40052006
8108162,2016,2016-08-25,1900,2016-07-05,0830,274594,0621,2,5,6,1985,0,0,0,NA,0,62T1,VALENCIA BL,TOURNEY RD,0,NA,Y,A,-,N,NA,NA,NA,NA,NA,NA,NA,NA,NA,Y,4,0,1,2,A,-,12,21453,A,N,D,C,A,A,H,-,A,A,0,NA,NA,NA,NA,Y,NA,A,01,0,0,1,0,0,0,0,0,0,-,-,NA,NA,LOS ANGELES,SANTA CLARITA,-118.57343001,34.40915007
8108165,2016,2016-08-26,1900,2016-08-10,1730,523421,3,3,5,6,1985,0,0,0,NA,0,001,SOLEDAD CANYON RD,LANGSIDE AV,1320,E,N,A,-,N,NA,NA,NA,NA,NA,NA,NA,NA,NA,Y,4,0,1,3,A,-,03,22350,NA,N,C,C,A,A,H,-,A,D,0,NA,NA,NA,NA,Y,NA,A,07,0,0,1,0,0,0,0,0,0,-,-,NA,NA,LOS ANGELES,SANTA CLARITA,-118.48172839,34.41805758
8108166,2016,2017-02-27,1900,2016-07-21,1540,509580,0617,4,5,6,1985,0,0,0,NA,0,61T1,VIA PRINCESSA,SIERRA HWY,120,W,N,A,-,Y,LA,7,14,-,R,30.634,R,4,S,Y,4,0,3,2,A,-,07,21658,A,N,D,C,A,A,H,-,A,D,0,NA,NA,NA,NA,Y,NA,A,07,0,0,3,0,0,0,0,0,0,-,-,NA,NA,LOS ANGELES,SANTA CLARITA,-118.45903687,34.400472
8108169,2016,2016-08-26,1900,2016-08-02,0230,602942,0642,2,5,6,1985,0,0,0,NA,0,066,NEWHALL RANCH RD,COUNTRY RD,15,W,N,A,-,N,NA,NA,NA,NA,NA,NA,NA,NA,NA,Y,4,0,1,1,A,-,01,23152,A,N,E,I,A,A,H,-,C,D,0,NA,NA,NA,NA,Y,Y,A,01,0,0,1,0,0,0,0,0,0,-,-,NA,NA,LOS ANGELES,SANTA CLARITA,-118.54144928,34.42851506
8108170,2016,2016-08-25,1900,2016-07-21,1735,509580,0633,4,5,6,1985,0,0,0,NA,0,61T1,JAKES WY,DANIEL DR,120,N,N,A,-,N,NA,NA,NA,NA,NA,NA,NA,NA,NA,N,4,0,2,2,A,-,09,21804,A,N,D,C,A,A,H,-,A,D,0,NA,NA,NA,NA,Y,NA,A,07,0,0,2,0,0,0,0,0,0,-,-,NA,NA,LOS ANGELES,SANTA CLARITA,-118.44716978,34.41316506
8108171,2016,2016-08-23,1955,2016-07-31,2102,42045,0050,7,5,6,1955,0,0,0,NA,0,001,HOLT AV,HAMILTON BL,400,W,N,A,-,N,NA,NA,NA,NA,NA,NA,NA,NA,NA,Y,4,0,1,1,A,-,08,22107,NA,N,E,I,A,A,H,-,C,A,0,NA,NA,NA,NA,Y,NA,A,01,0,0,1,0,0,0,0,0,0,-,-,NA,NA,LOS ANGELES,POMONA,-117.7647268,34.06201759
8108173,2016,2017-02-27,1900,2016-07-25,0447,540343,1335,1,5,5,1908,0,0,0,NA,0,133 B,BELLFLOWER BL,RT 91,0,NA,Y,A,-,Y,LA,7,91,-,R,15.795,R,4,W,N,3,0,2,2,A,-,12,21453,A,N,-,C,A,A,H,-,B,A,0,NA,NA,NA,NA,Y,NA,A,01,0,1,1,0,0,0,0,0,0,-,WF,NA,NA,LOS ANGELES,BELLFLOWER,-118.12231533,33.87630007
8108174,2016,2016-08-25,1900,2016-07-27,1155,523835,0642,3,5,6,1985,0,0,0,NA,0,64T1,MCBEAN PKWY,NEWHALL RANCH RD,0,NA,Y,A,-,N,NA,NA,NA,NA,NA,NA,NA,NA,NA,Y,4,0,2,2,D,-,00,NA,NA,N,D,C,A,A,H,-,A,A,0,NA,NA,NA,NA,Y,NA,-,-,0,0,2,0,0,0,0,0,0,-,-,NA,NA,LOS ANGELES,SANTA CLARITA,-118.55765013,34.43143011
8108175,2016,2016-08-23,1955,2016-07-31,0300,42145,0099,7,5,6,1955,0,0,0,NA,0,003,HOLT AV,CLARK AV,0,NA,Y,A,-,N,NA,NA,NA,NA,NA,NA,NA,NA,NA,Y,4,0,2,3,A,-,03,22350,NA,F,C,C,A,A,H,-,C,A,0,NA,NA,NA,NA,Y,NA,A,01,0,0,2,0,0,0,0,0,0,-,-,NA,NA,LOS ANGELES,POMONA,-117.72930005,34.06289004
8108177,2016,2016-08-25,1900,2016-07-21,2054,510587,1336,4,5,5,1908,0,0,0,NA,0,133T2,BELLFLOWER BL,BEVERLY ST,20,S,N,A,-,N,NA,NA,NA,NA,NA,NA,NA,NA,NA,Y,4,0,1,2,A,-,12,21453,A,M,D,C,A,A,H,-,C,A,0,NA,NA,NA,NA,Y,NA,A,07,0,0,1,0,0,0,0,0,0,-,-,NA,NA,LOS ANGELES,BELLFLOWER,-118.12522,33.87569516
8108181,2016,2016-08-25,1900,2016-07-20,1516,456346,1326,3,5,5,1935,0,0,0,NA,0,132T1,DEL AMO BL,PALO VERDE AV,310,E,N,A,-,N,NA,NA,NA,NA,NA,NA,NA,NA,NA,Y,4,0,1,5,A,-,03,22350,NA,N,B,D,A,A,H,-,A,D,0,NA,NA,NA,NA,Y,NA,A,01,0,0,1,0,0,0,0,0,0,-,-,NA,NA,LOS ANGELES,LAKEWOOD,-118.10668123,33.84706
8108185,2016,2016-08-25,1900,2016-07-16,0939,600904,1332,6,5,5,1908,0,0,0,NA,0,133D,SOMERSET BL,BLAINE AV,34,E,N,A,-,N,NA,NA,NA,NA,NA,NA,NA,NA,NA,N,4,0,1,2,A,-,09,21802,A,N,D,C,A,A,H,-,A,D,0,NA,NA,Y,NA,Y,NA,A,07,0,0,1,0,0,0,0,0,1,-,-,NA,NA,LOS ANGELES,BELLFLOWER,-118.12634821,33.89657141
8108186,2016,2016-08-26,1933,2016-01-07,1800,959,12,4,5,6,1933,0,0,0,NA,0,003,WEST BL,MANCHESTER BL,0,NA,Y,A,-,N,NA,NA,NA,NA,NA,NA,NA,NA,NA,N,4,0,1,2,A,-,10,21950,A,F,G,B,B,A,H,-,C,A,0,Y,NA,NA,NA,Y,NA,D,22,0,0,1,0,1,0,0,0,0,-,-,33.95989,-118.33513,LOS ANGELES,INGLEWOOD,-118.33512013,33.95997004
8108189,2016,2016-08-25,1900,2016-07-08,1405,476846,NA,5,5,3,1927,0,0,0,NA,0,134,CARSON ST,BELSHIRE AV,0,NA,Y,A,-,N,NA,NA,NA,NA,NA,NA,NA,NA,NA,Y,4,0,2,2,A,-,12,21453,A,N,D,C,A,A,H,-,A,A,0,NA,NA,NA,NA,Y,NA,A,01,0,0,2,0,0,0,0,0,0,-,-,NA,NA,LOS ANGELES,HAWAIIAN GARDENS,-118.06986003,33.83155011
8108190,2016,2016-09-07,1933,2016-01-06,1010,868,10,3,5,6,1933,0,0,0,NA,0,001,LA BREA AV,REGENT ST,0,NA,Y,C,-,N,NA,NA,NA,NA,NA,NA,NA,NA,NA,Y,4,0,1,2,A,-,12,21453,A,N,D,C,A,B,H,-,A,A,0,NA,NA,NA,NA,Y,NA,A,01,0,0,1,0,0,0,0,0,0,-,-,33.96438,-118.35331,LOS ANGELES,INGLEWOOD,-118.35339008,33.96443002
8108193,2016,2016-08-25,1900,2016-07-27,1218,508822,1362,3,5,5,1952,0,0,0,NA,0,136D,DOWNEY AV,GARDENDALE ST,0,NA,Y,A,-,N,NA,NA,NA,NA,NA,NA,NA,NA,NA,N,2,0,1,2,A,-,12,21453,A,N,D,G,A,A,H,-,A,A,0,NA,Y,NA,NA,Y,Y,L,04,1,0,0,0,0,0,1,0,0,-,-,NA,NA,LOS ANGELES,PARAMOUNT,-118.15175004,33.91489002
8108197,2016,2016-08-25,1900,2016-07-27,1220,545607,1368,3,5,5,1952,0,0,0,NA,0,133T2,DOWNEY AV,JACKSON ST,110,N,N,A,-,N,NA,NA,NA,NA,NA,NA,NA,NA,NA,N,3,0,1,2,A,-,05,21650,1,N,D,G,A,-,H,-,A,A,0,NA,Y,NA,NA,Y,NA,L,04,0,1,0,0,0,0,1,0,0,-,-,NA,NA,LOS ANGELES,PARAMOUNT,-118.15135569,33.88576161
8108206,2016,2016-08-26,1933,2016-01-20,1532,924,5,3,5,6,1933,0,0,0,NA,0,001,HYDE PARK BL,CENTINELA AV,50,W,N,A,-,N,NA,NA,NA,NA,NA,NA,NA,NA,NA,Y,4,0,1,4,A,-,01,23152,A,N,C,C,A,A,H,-,A,A,0,NA,NA,NA,NA,Y,Y,A,01,0,0,1,0,0,0,0,0,0,-,-,33.97464,-118.3511,LOS ANGELES,INGLEWOOD,-118.35137858,33.97445098
8108214,2016,2016-08-26,1933,2016-01-22,0435,990,I17,5,5,6,1933,0,0,0,NA,0,002,CENTURY BL,GREVILLEA AV,0,NA,Y,A,-,N,NA,NA,NA,NA,NA,NA,NA,NA,NA,N,3,0,1,2,A,-,10,21950,A,N,G,B,B,A,H,-,C,A,0,Y,NA,NA,Y,Y,NA,F,26,0,1,0,0,1,0,0,0,0,-,-,NA,NA,LOS ANGELES,INGLEWOOD,-118.35496003,33.94544007
8108218,2016,2016-08-26,1933,2016-01-22,0150,990,I18,5,5,6,1933,0,0,0,NA,0,002,PRAIRIE AV,LA PALMA DR,145,S,N,A,-,N,NA,NA,NA,NA,NA,NA,NA,NA,NA,Y,4,0,1,3,A,-,07,21658,A,M,B,C,A,A,H,-,C,D,0,NA,NA,NA,Y,Y,NA,A,01,0,0,1,0,0,0,0,0,0,-,-,NA,NA,LOS ANGELES,INGLEWOOD,-118.34396,33.95492231
81082281,2019,2019-09-25,1933,2019-09-20,2235,1015,12,5,5,6,1933,0,0,0,NA,0,003,MANCHESTER BLVD,11TH AV,0,NA,Y,A,-,N,NA,NA,NA,NA,NA,NA,NA,NA,NA,N,4,0,1,2,A,-,03,22350,NA,F,C,C,A,A,H,-,C,A,0,NA,NA,NA,NA,Y,NA,A,01,0,0,1,0,0,0,0,0,0,-,-,33.9599494934082,-118.32868194580078,LOS ANGELES,INGLEWOOD,-118.32875823974608,33.959991455078125
81082282,2019,2019-09-25,1933,2019-09-22,2222,1036,01,7,5,6,1933,0,0,0,NA,0,001,LA BREA AV,CENTINELA AV,365,S,N,A,-,N,NA,NA,NA,NA,NA,NA,NA,NA,NA,N,4,0,2,2,A,-,09,21801,A,N,D,C,A,A,H,-,C,D,0,NA,NA,NA,NA,Y,NA,A,01,0,0,2,0,0,0,0,0,0,-,-,33.97631072998047,-118.3574676513672,LOS ANGELES,INGLEWOOD,-118.3576431274414,33.975250244140625
81082283,2019,2019-09-25,1933,2019-09-23,0825,868,32,1,5,6,1933,0,0,0,NA,0,004,PRAIRIE AV,LENNOX BLVD,15,N,N,A,-,N,NA,NA,NA,NA,NA,NA,NA,NA,NA,N,4,0,1,2,A,-,03,22350,NA,N,C,C,A,A,H,-,A,A,0,NA,NA,NA,NA,Y,NA,A,01,0,0,1,0,0,0,0,0,0,-,-,33.938209533691406,-118.34394073486328,LOS ANGELES,INGLEWOOD,-118.34391784667967,33.93824005126953
81082284,2019,2019-09-25,1933,2019-09-24,0119,1025,11,2,5,6,1933,0,0,0,NA,0,003,FLORENCE AV,WEST BLVD,550,W,N,A,-,N,NA,NA,NA,NA,NA,NA,NA,NA,NA,Y,2,0,1,1,A,-,03,22350,NA,N,E,I,A,A,H,-,C,A,0,NA,NA,NA,NA,Y,NA,A,01,1,0,0,0,0,0,0,0,0,-,-,33.974510192871094,-118.33518981933594,LOS ANGELES,INGLEWOOD,-118.33702087402344,33.97447204589844
8108232,2016,2016-08-22,1900,2016-07-21,0645,547820,1335,4,5,5,1908,0,0,0,NA,0,133T1,CLARK AV,PARK ST,3,W,N,A,-,N,NA,NA,NA,NA,NA,NA,NA,NA,NA,N,4,0,1,2,A,-,12,21453,A,N,G,G,A,A,H,-,A,A,0,NA,Y,NA,NA,Y,NA,L,04,0,0,1,0,0,0,1,0,0,-,-,NA,NA,LOS ANGELES,BELLFLOWER,-118.1339,33.87842
8108233,2016,2016-08-25,1900,2016-07-12,1249,515144,0621,2,5,6,1985,0,0,0,NA,0,64T1,MC BEAN PKWY,TOWN CENTER DR,262,S,N,A,-,N,NA,NA,NA,NA,NA,NA,NA,NA,NA,Y,4,0,1,2,A,-,03,22350,NA,N,C,C,A,A,H,-,A,A,0,NA,NA,NA,NA,Y,NA,A,01,0,0,1,0,0,0,0,0,0,-,-,NA,NA,LOS ANGELES,SANTA CLARITA,-118.56208732,34.41710342
8108236,2016,2016-08-22,1900,2016-07-22,1935,523489,1335,5,5,5,1908,0,0,0,NA,0,133F,CLARK AV,CEDAR ST,0,NA,Y,A,-,N,NA,NA,NA,NA,NA,NA,NA,NA,NA,Y,3,0,1,2,A,-,09,21801,A,N,D,C,A,A,H,-,A,A,0,NA,NA,NA,NA,Y,NA,A,01,0,1,0,0,0,0,0,0,0,-,-,NA,NA,LOS ANGELES,BELLFLOWER,-118.13389,33.87114012
8108237,2016,2017-03-03,1900,2016-07-29,2200,517298,0652,5,5,6,1985,0,0,0,NA,0,62T1,SIERRA HWY,GOLDEN VALLEY RD,0,NA,Y,A,-,Y,LA,7,14,-,-,29.38,H,-,S,Y,4,0,1,2,A,-,12,21453,A,N,D,C,A,A,H,-,C,A,0,NA,NA,NA,NA,Y,NA,A,08,0,0,1,0,0,0,0,0,0,-,-,NA,NA,LOS ANGELES,SANTA CLARITA,-118.47569728,34.39094854
8108240,2016,2016-08-22,1900,2016-07-17,2017,602246,1362,7,5,5,1952,0,0,0,NA,0,136T1,DOWNEY AV,SOMERSET RANCH RD,0,NA,Y,A,-,N,NA,NA,NA,NA,NA,NA,NA,NA,NA,Y,4,0,2,3,A,-,17,21657,NA,N,D,C,A,A,H,-,C,A,0,NA,NA,NA,NA,Y,NA,A,NA,0,0,2,0,0,0,0,0,0,-,-,NA,NA,LOS ANGELES,PARAMOUNT,-118.1524601,33.91313012
8108245,2016,2016-08-22,1900,2016-08-04,2303,446779,0465,4,5,4,1936,0,0,0,NA,0,46T1,LA MIRADA BL,ROSECRANS AV,0,NA,Y,A,-,N,NA,NA,NA,NA,NA,NA,NA,NA,NA,Y,4,0,1,2,A,-,12,21453,A,N,D,C,A,A,H,-,C,A,0,NA,NA,NA,NA,Y,NA,A,01,0,0,1,0,0,0,0,0,0,-,-,NA,NA,LOS ANGELES,LA MIRADA,-118.01102009,33.89851007
8108257,2016,2016-08-22,1900,2016-08-02,1930,442391,0460,2,5,4,1936,0,0,0,NA,0,46T1,MONTICELLO DR,SARCO DR,20,S,N,A,-,N,NA,NA,NA,NA,NA,NA,NA,NA,NA,N,4,0,1,2,D,-,00,NA,NA,N,G,B,-,A,H,-,A,D,0,Y,NA,NA,NA,Y,NA,-,-,0,0,1,0,1,0,0,0,0,-,-,NA,NA,LOS ANGELES,LA MIRADA,-118.00761816,33.92526541
8108320,2016,2016-08-29,1933,2016-02-16,1230,868,13,2,5,6,1933,0,0,0,NA,0,003,MAITLAND AV,3RD AV,36,E,N,A,-,N,NA,NA,NA,NA,NA,NA,NA,NA,NA,N,4,0,1,2,A,-,03,22350,NA,N,C,C,A,A,H,-,A,A,0,NA,NA,NA,NA,Y,NA,A,01,0,0,1,0,0,0,0,0,0,-,-,NA,NA,LOS ANGELES,INGLEWOOD,-118.32010622,33.96534982
81083377,2019,2019-09-26,1933,2019-09-14,1108,1040,18,6,5,6,1933,0,0,0,NA,0,002,TAMARACK AV,MANCHESTER BLVD,150,S,N,A,-,N,NA,NA,NA,NA,NA,NA,NA,NA,NA,N,4,0,1,2,A,-,03,22350,NA,F,G,B,D,A,H,-,A,D,0,Y,NA,NA,NA,Y,NA,A,01,0,0,1,0,1,0,0,0,0,-,-,33.959999084472656,-118.34629821777344,LOS ANGELES,INGLEWOOD,-118.34674072265624,33.95970153808594
8108408,2016,2016-08-26,1933,2016-05-21,1511,959,13,6,5,6,1933,0,0,0,NA,0,003,VAN NESS AV,78TH ST,0,NA,Y,A,-,N,NA,NA,NA,NA,NA,NA,NA,NA,NA,N,4,0,1,3,A,-,12,22450,A,M,D,C,A,A,H,-,A,A,0,NA,NA,NA,NA,Y,NA,A,01,0,0,1,0,0,0,0,0,0,-,-,33.96906,-118.31772,LOS ANGELES,INGLEWOOD,-118.31774003,33.96909009
8108414,2016,2016-08-29,1933,2016-02-10,1210,826,18,3,5,6,1933,0,0,0,NA,0,002,PRAIRIE AV,ARBOR VITAE ST,63,N,N,A,-,N,NA,NA,NA,NA,NA,NA,NA,NA,NA,Y,4,0,3,3,A,-,03,22350,NA,N,C,C,A,A,H,-,A,A,0,NA,NA,NA,NA,Y,NA,A,08,0,0,3,0,0,0,0,0,0,-,-,NA,NA,LOS ANGELES,INGLEWOOD,-118.34395123,33.95289279
8108415,2016,2016-08-29,1933,2016-03-25,2227,978,15,5,5,6,1933,0,0,0,NA,0,002,ARBOR VITAE ST,CEDAR AV,6,E,N,A,-,N,NA,NA,NA,NA,NA,NA,NA,NA,NA,Y,4,0,1,2,A,-,12,22450,A,N,D,C,A,A,H,-,C,D,0,NA,NA,NA,Y,Y,NA,F,26,0,0,1,0,0,0,0,0,0,-,-,NA,NA,LOS ANGELES,INGLEWOOD,-118.36371025,33.95271
8108418,2016,2016-09-07,1933,2016-02-13,1727,893,36,6,5,6,1933,0,0,0,NA,0,004,IMPERIAL HWY,CRENSHAW BL,363,E,N,A,-,N,NA,NA,NA,NA,NA,NA,NA,NA,NA,N,4,0,1,2,A,-,09,21804,A,N,D,C,A,A,H,-,A,A,0,NA,NA,NA,NA,Y,NA,D,22,0,0,1,0,0,0,0,0,0,-,-,NA,NA,LOS ANGELES,INGLEWOOD,-118.32538561,33.93102
8108422,2016,2016-08-29,1933,2016-02-12,1705,959,10,5,5,6,1933,0,0,0,NA,0,001,HILLCREST BL,SAINT JOHN PL,0,NA,Y,A,-,N,NA,NA,NA,NA,NA,NA,NA,NA,NA,N,3,0,1,2,A,-,03,22350,NA,N,C,C,A,A,H,-,A,A,0,NA,NA,Y,NA,Y,NA,C,02,0,1,0,0,0,0,0,0,1,-,-,NA,NA,LOS ANGELES,INGLEWOOD,-118.34876,33.96743012