CASE_ID,ACCIDENT_YEAR,PROC_DATE,JURIS,COLLISION_DATE,COLLISION_TIME,OFFICER_ID,REPORTING_DISTRICT,DAY_OF_WEEK,CHP_SHIFT,POPULATION,CNTY_CITY_LOC,SPECIAL_COND,BEAT_TYPE,CHP_BEAT_TYPE,CITY_DIVISION_LAPD,CHP_BEAT_CLASS,BEAT_NUMBER,PRIMARY_RD,SECONDARY_RD,DISTANCE,DIRECTION,INTERSECTION,WEATHER_1,WEATHER_2,STATE_HWY_IND,CALTRANS_COUNTY,CALTRANS_DISTRICT,STATE_ROUTE,ROUTE_SUFFIX,POSTMILE_PREFIX,POSTMILE,LOCATION_TYPE,RAMP_INTERSECTION,SIDE_OF_HWY,TOW_AWAY,COLLISION_SEVERITY,NUMBER_KILLED,NUMBER_INJURED,PARTY_COUNT,PRIMARY_COLL_FACTOR,PCF_CODE_OF_VIOL,PCF_VIOL_CATEGORY,PCF_VIOLATION,PCF_VIOL_SUBSECTION,HIT_AND_RUN,TYPE_OF_COLLISION,MVIW,PED_ACTION,ROAD_SURFACE,ROAD_COND_1,ROAD_COND_2,LIGHTING,CONTROL_DEVICE,CHP_ROAD_TYPE,PEDESTRIAN_ACCIDENT,BICYCLE_ACCIDENT,MOTORCYCLE_ACCIDENT,TRUCK_ACCIDENT,NOT_PRIVATE_PROPERTY,ALCOHOL_INVOLVED,STWD_VEHTYPE_AT_FAULT,CHP_VEHTYPE_AT_FAULT,COUNT_SEVERE_INJ,COUNT_VISIBLE_INJ,COUNT_COMPLAINT_PAIN,COUNT_PED_KILLED,COUNT_PED_INJURED,COUNT_BICYCLIST_KILLED,COUNT_BICYCLIST_INJURED,COUNT_MC_KILLED,COUNT_MC_INJURED,PRIMARY_RAMP,SECONDARY_RAMP,LATITUDE,LONGITUDE,COUNTY,CITY,POINT_X,POINT_Y
8108423,2016,2016-08-29,1933,2016-03-29,1352,924,8,2,5,6,1933,0,0,0,NA,0,001,LA CIENEGA BL,FLORENCE AV,300,N,N,A,-,N,NA,NA,NA,NA,NA,NA,NA,NA,NA,Y,4,0,1,2,A,-,08,22107,NA,N,D,C,A,A,H,-,A,D,0,NA,NA,NA,Y,Y,NA,A,01,0,0,1,0,0,0,0,0,0,-,-,33.96346,-118.37048,LOS ANGELES,INGLEWOOD,-118.37099445,33.96411574
8108424,2016,2016-08-26,1933,2016-05-27,0928,587,22,5,5,6,1933,0,0,0,NA,0,003,MANCHESTER BL,11TH AV,141,E,N,A,-,N,NA,NA,NA,NA,NA,NA,NA,NA,NA,Y,3,0,1,2,A,-,08,22107,NA,N,C,E,A,A,H,-,A,D,0,NA,NA,NA,NA,Y,NA,A,01,0,1,0,0,0,0,0,0,0,-,-,NA,NA,LOS ANGELES,INGLEWOOD,-118.32829592,33.95998864
8108432,2016,2016-08-26,1933,2016-05-12,1959,959,25,4,5,6,1933,0,0,0,NA,0,002,PRAIRIE AV,HARDY ST,0,NA,Y,A,-,N,NA,NA,NA,NA,NA,NA,NA,NA,NA,Y,4,0,2,2,A,-,09,21801,A,N,D,C,A,A,H,-,C,A,0,NA,NA,NA,NA,Y,NA,A,01,0,0,2,0,0,0,0,0,0,-,-,33.9491,-118.34391,LOS ANGELES,INGLEWOOD,-118.3439501,33.94909009
8108435,2016,2016-08-29,1933,2016-04-07,0702,869,17,4,5,6,1933,0,0,0,NA,0,002,EUCALYPTUS AV,HILLCREST BL,0,NA,Y,A,-,N,NA,NA,NA,NA,NA,NA,NA,NA,NA,N,4,0,3,2,A,-,12,22450,A,N,D,C,A,A,H,-,A,A,0,NA,NA,NA,NA,Y,NA,D,22,0,0,3,0,0,0,0,0,0,-,-,33.95675,-118.35941,LOS ANGELES,INGLEWOOD,-118.35949004,33.95667005
8108438,2016,2016-08-26,1933,2016-02-24,1700,869,13,3,5,6,1933,0,0,0,NA,0,003,85TH ST,7TH AV,21,W,N,A,-,N,NA,NA,NA,NA,NA,NA,NA,NA,NA,N,3,0,1,1,A,-,03,22350,NA,N,E,J,A,A,H,-,A,A,0,NA,NA,NA,NA,Y,NA,D,22,0,1,0,0,0,0,0,0,0,-,-,NA,NA,LOS ANGELES,INGLEWOOD,-118.32441912,33.96085032
8108439,2016,2016-08-29,1933,2016-04-05,1730,924,30,2,5,6,1933,0,0,0,NA,0,004,CRENSHAW BL,CENTURY BL,300,S,N,A,-,N,NA,NA,NA,NA,NA,NA,NA,NA,NA,N,4,0,2,3,A,-,03,22350,NA,F,G,B,F,A,H,-,A,D,0,Y,NA,NA,NA,Y,Y,A,01,0,0,2,0,2,0,0,0,0,-,-,33.94549,-118.32647,LOS ANGELES,INGLEWOOD,-118.32655,33.94465683
8108442,2016,2016-08-26,1933,2016-02-24,1152,670,30,3,5,6,1933,0,0,0,NA,0,004,PRAIRIE AV,104TH ST,0,NA,Y,A,-,N,NA,NA,NA,NA,NA,NA,NA,NA,NA,Y,4,0,1,2,A,-,12,21453,A,N,D,C,A,A,H,-,A,A,0,NA,NA,NA,NA,Y,NA,I,09,0,0,1,0,0,0,0,0,0,-,-,NA,NA,LOS ANGELES,INGLEWOOD,-118.34394006,33.9418101
8108443,2016,2016-08-29,1933,2016-04-08,2100,959,8,5,5,6,1933,0,0,0,NA,0,001,MANCHESTER BL,OAK ST,0,NA,Y,B,-,N,NA,NA,NA,NA,NA,NA,NA,NA,NA,N,4,0,3,2,A,-,12,21453,A,N,D,C,A,B,H,-,C,A,0,NA,NA,NA,Y,Y,NA,F,25,0,0,3,0,0,0,0,0,0,-,-,33.96169,-118.36612,LOS ANGELES,INGLEWOOD,-118.36622005,33.9616801
8108446,2016,2016-08-29,1933,2016-03-06,1535,924,13,7,5,6,1933,0,0,0,NA,0,003,CRENSHAW BL,85TH ST,0,NA,Y,A,-,N,NA,NA,NA,NA,NA,NA,NA,NA,NA,N,4,0,1,3,A,-,03,22350,NA,F,C,C,A,A,H,-,A,A,0,NA,NA,NA,NA,Y,Y,A,01,0,0,1,0,0,0,0,0,0,-,-,NA,NA,LOS ANGELES,INGLEWOOD,-118.32652005999999,33.96086009
8108448,2016,2016-08-26,1933,2016-05-15,2036,924,24,7,5,6,1933,0,0,0,NA,0,002,CENTURY BL,HAWTHORNE BL,25,W,N,A,-,N,NA,NA,NA,NA,NA,NA,NA,NA,NA,N,4,0,3,3,A,-,03,22350,NA,F,C,C,A,A,H,-,C,A,0,NA,NA,NA,NA,Y,Y,A,01,0,0,3,0,0,0,0,0,0,-,-,33.94548,-118.35263,LOS ANGELES,INGLEWOOD,-118.35281227,33.94544
8108450,2016,2016-08-29,1933,2016-03-07,2250,924,34,1,5,6,1933,0,0,0,NA,0,003,CRENSHAW DR,84TH PL,0,NA,Y,A,-,N,NA,NA,NA,NA,NA,NA,NA,NA,NA,Y,4,0,1,2,A,-,03,22350,NA,N,C,E,A,A,H,-,C,D,0,NA,NA,NA,NA,Y,NA,A,01,0,0,1,0,0,0,0,0,0,-,-,NA,NA,LOS ANGELES,INGLEWOOD,-118.33097012,33.96179009
8108451,2016,2016-08-29,1933,2016-04-12,1542,828,24,2,5,6,1933,0,0,0,NA,0,002,MANSEL AV,CENTURY BL,27,S,N,A,-,N,NA,NA,NA,NA,NA,NA,NA,NA,NA,Y,3,0,3,3,A,-,03,22350,NA,M,C,C,A,A,H,-,A,A,0,NA,NA,NA,NA,Y,NA,A,01,0,1,2,0,0,0,0,0,0,-,-,NA,NA,LOS ANGELES,INGLEWOOD,-118.35596322,33.94536728
8108460,2016,2016-10-11,1933,2016-05-18,1521,959,25,3,5,6,1933,0,0,0,NA,0,002,CENTURY BL,PRAIRIE AV,0,NA,Y,B,-,N,NA,NA,NA,NA,NA,NA,NA,NA,NA,Y,4,0,2,4,A,-,07,21658,A,N,B,C,A,A,H,-,A,A,0,NA,NA,NA,NA,Y,NA,-,-,0,0,2,0,0,0,0,0,0,-,-,33.94547,-118.34392,LOS ANGELES,INGLEWOOD,-118.34395007,33.94545005
8108463,2016,2016-08-29,1933,2016-04-13,1013,1004,I35,3,5,6,1933,0,0,0,NA,0,004,CRENSHAW BL,116TH ST,222,N,N,A,-,N,NA,NA,NA,NA,NA,NA,NA,NA,NA,N,2,0,1,2,A,-,10,21950,A,N,G,B,B,A,H,-,A,A,0,Y,NA,NA,NA,Y,NA,A,01,1,0,0,0,1,0,0,0,0,-,-,33.92879,-118.32629,LOS ANGELES,INGLEWOOD,-118.32658,33.92941888
8108464,2016,2016-08-26,1933,2016-06-02,1520,869,10,4,5,6,1933,0,0,0,NA,0,001,PRAIRIE AV,GRACE AV,30,N,N,A,-,N,NA,NA,NA,NA,NA,NA,NA,NA,NA,N,3,0,2,3,A,-,03,22350,NA,N,C,E,E,A,H,-,A,A,0,Y,NA,NA,NA,Y,NA,D,22,0,2,0,0,1,0,0,0,0,-,-,33.9686,-118.34396,LOS ANGELES,INGLEWOOD,-118.34396118,33.96861228
8108466,2016,2016-08-29,1933,2016-03-14,0620,995,I05,1,5,6,1933,0,0,0,NA,0,001,CENTINELA AV,EUCALYPTUS AV,0,NA,Y,A,-,N,NA,NA,NA,NA,NA,NA,NA,NA,NA,Y,4,0,2,3,A,-,09,21801,A,N,A,C,A,A,H,-,A,A,0,NA,NA,NA,NA,Y,NA,A,07,0,0,2,0,0,0,0,0,0,-,-,NA,NA,LOS ANGELES,INGLEWOOD,-118.35953001,33.97640008
8108467,2016,2016-08-29,1933,2016-04-19,1434,924,09,2,5,6,1933,0,0,0,NA,0,001,MANCHESTER BL,LA BREA AV,50,W,N,A,-,N,NA,NA,NA,NA,NA,NA,NA,NA,NA,N,3,0,1,2,A,-,09,21804,NA,N,G,G,A,A,H,-,A,D,0,NA,Y,NA,NA,Y,NA,L,04,0,1,0,0,0,0,1,0,0,-,-,33.96182,-118.35327,LOS ANGELES,INGLEWOOD,-118.35350455,33.96176751
8108468,2016,2016-08-26,1933,2016-06-04,1400,670,10,6,5,6,1933,0,0,0,NA,0,001,MANCHESTER BL,MARKET ST,55,E,N,A,-,N,NA,NA,NA,NA,NA,NA,NA,NA,NA,N,4,0,3,2,A,-,08,22107,NA,N,C,C,A,A,H,-,A,D,0,NA,NA,NA,NA,Y,NA,A,01,0,0,3,0,0,0,0,0,0,-,-,33.96182,-118.35188,LOS ANGELES,INGLEWOOD,-118.35177899,33.96178241
8108471,2016,2016-08-29,1933,2016-04-19,1042,826,13,2,5,6,1933,0,0,0,NA,0,003,CRENSHAW BL,85TH ST,86,N,N,A,-,N,NA,NA,NA,NA,NA,NA,NA,NA,NA,Y,3,0,2,2,A,-,03,22350,NA,N,D,C,A,A,H,-,A,A,0,NA,NA,NA,NA,Y,NA,A,01,0,1,1,0,0,0,0,0,0,-,-,33.96086,-118.32652,LOS ANGELES,INGLEWOOD,-118.32652,33.96109587
8108472,2016,2016-08-26,1933,2016-06-09,1034,869,2,4,5,6,1933,0,0,0,NA,0,001,LA BREA AV,64TH ST,15,N,N,A,-,N,NA,NA,NA,NA,NA,NA,NA,NA,NA,N,4,0,3,2,A,-,08,22107,NA,N,D,C,A,A,H,-,A,A,0,NA,NA,NA,NA,Y,NA,A,01,0,0,3,0,0,0,0,0,0,-,-,33.98112,-118.35834,LOS ANGELES,INGLEWOOD,-118.35842026,33.98110024
8108474,2016,2016-08-29,1933,2016-03-18,0341,997,17,5,5,6,1933,0,0,0,NA,0,002,INGLEWOOD AV,ARBOR VITAE ST,0,NA,Y,A,-,N,NA,NA,NA,NA,NA,NA,NA,NA,NA,Y,4,0,1,3,A,-,03,22350,NA,N,B,E,A,A,H,-,C,D,0,NA,NA,NA,NA,Y,NA,A,01,0,0,1,0,0,0,0,0,0,-,-,NA,NA,LOS ANGELES,INGLEWOOD,-118.36155005,33.95270005
8108475,2016,2016-08-29,1933,2016-03-01,1717,826,35,2,5,6,1933,0,0,0,NA,0,004,111TH PL,LEMOLI AV,4,W,N,A,-,N,NA,NA,NA,NA,NA,NA,NA,NA,NA,Y,3,0,1,2,D,-,00,NA,NA,N,H,G,A,A,H,-,A,A,0,NA,Y,NA,NA,Y,NA,-,-,0,1,0,0,0,0,1,0,0,-,-,NA,NA,LOS ANGELES,INGLEWOOD,-118.33043316,33.93388
8108476,2016,2016-08-26,1933,2016-06-08,1645,587,12,3,5,6,1933,0,0,0,NA,0,003,MANCHESTER BL,WEST BL,0,NA,Y,A,-,N,NA,NA,NA,NA,NA,NA,NA,NA,NA,Y,4,0,2,2,A,-,09,21801,A,N,D,C,A,A,H,-,A,A,0,NA,NA,NA,NA,Y,NA,D,22,0,0,2,0,0,0,0,0,0,-,-,33.96,-118.33515,LOS ANGELES,INGLEWOOD,-118.33512013,33.95997004
8108480,2016,2016-08-26,1933,2016-06-06,1714,924,22,1,5,6,1933,0,0,0,NA,0,003,MANCHESTER BL,12TH AV,50,W,N,A,-,N,NA,NA,NA,NA,NA,NA,NA,NA,NA,Y,4,0,1,3,A,-,03,22350,NA,N,C,C,A,A,H,-,A,D,0,NA,NA,NA,NA,Y,NA,A,01,0,0,1,0,0,0,0,0,0,-,-,33.95999,-118.32984,LOS ANGELES,INGLEWOOD,-118.32999457,33.9599791
8108481,2016,2016-10-11,1933,2016-06-13,0629,826,05,1,5,6,1933,0,0,0,NA,0,001,HYDE PARK BL,EXTON AV,371,W,N,A,-,N,NA,NA,NA,NA,NA,NA,NA,NA,NA,Y,4,0,3,2,A,-,09,21804,A,N,D,C,A,A,H,-,A,D,0,NA,NA,NA,NA,Y,NA,-,-,0,0,3,0,0,0,0,0,0,-,-,33.97408,-118.35239,LOS ANGELES,INGLEWOOD,-118.35354939,33.97354007
8108482,2016,2016-08-26,1942,2016-07-19,1125,25380,0471,2,5,7,1942,0,0,0,D,0,4A53,CLARENCE ST,6TH ST,15,N,N,A,-,N,NA,NA,NA,NA,NA,NA,NA,NA,NA,N,4,0,1,2,A,-,08,22107,NA,F,G,B,E,A,D,-,A,D,0,Y,NA,NA,NA,Y,NA,-,NA,0,0,1,0,1,0,0,0,0,-,-,NA,NA,LOS ANGELES,LOS ANGELES,-118.22308969,34.03911773
8108483,2016,2016-09-27,1942,2016-08-08,1615,22934,1863,1,5,7,1942,0,0,0,R,0,5A59,IMPERIAL HWY,AVALON,20,W,N,A,-,N,NA,NA,NA,NA,NA,NA,NA,NA,NA,N,4,0,1,2,A,-,09,21804,A,N,H,G,A,A,H,-,A,A,0,NA,Y,NA,NA,Y,NA,L,04,0,0,1,0,0,0,1,0,0,-,-,NA,NA,LOS ANGELES,LOS ANGELES,-118.26524579,33.93104087
8108492,2016,2016-08-26,1942,2016-08-17,0220,39299,2062,3,5,7,1942,0,0,0,NA,0,20T59,PICO BL,ARLINGTON AV,105,E,N,A,-,N,NA,NA,NA,NA,NA,NA,NA,NA,NA,Y,4,0,1,4,A,-,01,23152,A,N,C,E,A,A,H,-,C,D,0,NA,NA,NA,NA,Y,Y,D,22,0,0,1,0,0,0,0,0,0,-,-,NA,NA,LOS ANGELES,LOS ANGELES,-118.31726405,34.04718
8108493,2016,2016-08-26,1933,2016-06-16,1647,670,12,4,5,6,1933,0,0,0,NA,0,003,CRENSHAW BL,80TH ST,0,NA,Y,A,-,N,NA,NA,NA,NA,NA,NA,NA,NA,NA,Y,3,0,2,2,A,-,12,21453,A,N,D,C,A,A,H,-,A,A,0,NA,NA,NA,NA,Y,NA,-,-,0,1,1,0,0,0,0,0,0,-,-,33.96636,-118.33085,LOS ANGELES,INGLEWOOD,-118.33086002,33.96633001
8108496,2016,2016-10-19,1942,2016-08-13,1700,37556,2033,6,5,7,1942,0,0,0,NA,0,NA,WESTERN AV,JAMES M WOOD,30,S,N,A,-,N,NA,NA,NA,NA,NA,NA,NA,NA,NA,N,4,0,1,2,A,-,08,22102,NA,F,D,D,A,A,H,-,A,D,0,NA,NA,NA,NA,Y,NA,-,99,0,0,1,0,0,0,0,0,0,-,-,NA,NA,LOS ANGELES,LOS ANGELES,-118.30907500000001,34.055755
8108500,2016,2016-09-26,1942,2016-07-23,1030,40382,2055,6,5,7,1942,0,0,0,NA,0,20A1,PICO BL,MARIPOSA AV,20,W,N,A,-,N,NA,NA,NA,NA,NA,NA,NA,NA,NA,Y,4,0,2,2,A,-,03,22350,NA,N,B,B,F,A,H,-,A,A,0,Y,NA,NA,NA,Y,NA,D,22,0,0,2,0,1,0,0,0,0,-,-,NA,NA,LOS ANGELES,LOS ANGELES,-118.29899589,34.04724
8108501,2016,2016-10-10,1933,2016-06-18,1718,959,18,6,5,6,1933,0,0,0,NA,0,002,ARBOR VITAE ST,LA BREA AV,0,NA,Y,A,-,N,NA,NA,NA,NA,NA,NA,NA,NA,NA,N,4,0,1,2,A,-,08,22107,NA,N,H,G,A,A,H,-,A,A,0,NA,Y,NA,NA,Y,NA,D,22,0,0,1,0,0,0,1,0,0,-,-,33.95274,-118.35262,LOS ANGELES,INGLEWOOD,-118.35274012000001,33.95273012
8108503,2016,2016-08-26,1942,2016-06-30,1450,42111,1836,4,5,7,1942,0,0,0,R,0,18A1,109TH,CENTRAL,50,S,N,A,-,N,NA,NA,NA,NA,NA,NA,NA,NA,NA,N,4,0,1,2,A,-,09,21804,A,N,B,C,A,A,H,-,A,D,0,NA,NA,NA,NA,Y,NA,A,01,0,0,1,0,0,0,0,0,0,-,-,NA,NA,LOS ANGELES,LOS ANGELES,-118.25421,33.93679
8108505,2016,2016-08-26,1933,2016-06-16,0701,869,30,4,5,6,1933,0,0,0,NA,0,004,PRAIRIE AV,105TH ST N,4,N,N,A,-,N,NA,NA,NA,NA,NA,NA,NA,NA,NA,N,4,0,1,2,A,-,09,21802,A,N,D,C,A,A,H,-,A,A,0,NA,NA,NA,NA,Y,NA,D,22,0,0,1,0,0,0,0,0,0,-,-,33.94093,-118.34393,LOS ANGELES,INGLEWOOD,-118.34394,33.94093097
8108507,2016,2016-08-26,1942,2016-06-23,1800,37141,1837,4,5,7,1942,0,0,0,R,0,18A63,115TH ST,GRANDEE,300,W,N,A,-,N,NA,NA,NA,NA,NA,NA,NA,NA,NA,N,3,0,1,2,A,-,03,22350,A,N,B,E,A,A,H,-,A,D,0,NA,NA,NA,NA,Y,NA,A,01,0,1,0,0,0,0,0,0,0,-,-,NA,NA,LOS ANGELES,LOS ANGELES,-118.24447697,33.93030298
8108511,2016,2016-08-26,1942,2016-06-27,0315,42118,1823,1,5,7,1942,0,0,0,R,0,18A49,AVALON BL,97TH ST,0,NA,Y,A,-,N,NA,NA,NA,NA,NA,NA,NA,NA,NA,N,3,0,1,2,A,-,11,21954,A,N,G,B,D,A,H,-,C,A,0,Y,NA,NA,NA,Y,NA,N,60,0,1,0,0,1,0,0,0,0,-,-,NA,NA,LOS ANGELES,LOS ANGELES,-118.26517012,33.9483201
8108513,2016,2016-08-26,1933,2016-06-21,0805,826,13,2,5,6,1933,0,0,0,NA,0,003,8TH AV,80TH ST,15,S,N,A,-,N,NA,NA,NA,NA,NA,NA,NA,NA,NA,N,4,0,1,2,A,-,03,22350,NA,N,C,C,A,A,H,-,A,A,0,NA,NA,NA,NA,Y,NA,A,07,0,0,1,0,0,0,0,0,0,-,-,33.96638,-118.32648,LOS ANGELES,INGLEWOOD,-118.32651,33.96633886
8108523,2016,2016-08-24,1942,2016-08-01,1330,37705,0261,1,5,7,1942,0,0,0,B,0,11732,7TH ST,CARONDELET ST,0,NA,Y,A,-,N,NA,NA,NA,NA,NA,NA,NA,NA,NA,N,4,0,4,3,A,-,09,21801,A,F,D,C,A,A,H,-,A,D,0,NA,NA,NA,NA,Y,NA,-,99,0,0,4,0,0,0,0,0,0,-,-,NA,NA,LOS ANGELES,LOS ANGELES,-118.28154013,34.05858005
8108527,2016,2016-08-26,1942,2016-08-11,1245,31476,0261,4,5,7,1942,0,0,0,B,0,13TL53,PARKVIEW ST,7TH ST,99,N,N,A,-,N,NA,NA,NA,NA,NA,NA,NA,NA,NA,N,3,0,5,5,A,-,21,22106,NA,N,C,B,F,A,H,-,A,D,0,Y,NA,NA,NA,Y,NA,D,22,0,5,0,0,4,0,0,0,0,-,-,NA,NA,LOS ANGELES,LOS ANGELES,-118.28036228,34.05835767
8108543,2016,2016-08-26,1942,2016-07-29,1310,39061,0642,5,5,7,1942,0,0,0,F,0,8TL28,HOLLYWOOD BL,CURSON AV,100,E,N,A,-,N,NA,NA,NA,NA,NA,NA,NA,NA,NA,Y,4,0,1,2,A,-,07,21658,A,N,B,E,A,A,H,-,A,D,0,NA,NA,NA,NA,Y,NA,A,08,0,0,1,0,0,0,0,0,0,-,-,NA,NA,LOS ANGELES,LOS ANGELES,-118.3547203,34.10166
8108544,2016,2016-08-26,1942,2016-08-04,1615,37966,2019,4,5,7,1942,0,0,0,NA,0,6TL4,VERMONT AV,3RD ST,45,S,N,A,-,N,NA,NA,NA,NA,NA,NA,NA,NA,NA,N,4,0,1,3,A,-,03,22350,NA,N,C,C,A,A,H,-,A,D,0,NA,NA,NA,Y,Y,NA,A,01,0,0,1,0,0,0,0,0,0,-,-,NA,NA,LOS ANGELES,LOS ANGELES,-118.291654,34.068909
8108546,2016,2017-04-01,1942,2016-08-04,2215,33638,D514,4,5,7,1942,0,0,0,NA,0,5A26,PCH,WILMINGTON BL,25,W,N,A,-,Y,LA,7,1,-,-,11.208,I,5,S,NA,4,0,1,2,A,-,03,22350,NA,F,C,C,A,A,H,-,C,A,0,NA,NA,NA,NA,Y,NA,-,99,0,0,1,0,0,0,0,0,0,-,-,NA,NA,LOS ANGELES,LOS ANGELES,-118.27509355,33.79048373
8108548,2016,2016-08-26,1942,2016-08-04,0710,26281,2062,4,5,7,1942,0,0,0,NA,0,7MQ56,OLYMPIC BL,SAINT ANDREWS PL,50,W,N,A,-,N,NA,NA,NA,NA,NA,NA,NA,NA,NA,N,4,0,1,2,A,-,07,21658,A,N,B,C,A,A,H,-,A,A,0,NA,NA,NA,NA,Y,NA,-,NA,0,0,1,0,0,0,0,0,0,-,-,NA,NA,LOS ANGELES,LOS ANGELES,-118.31131473,34.0526422
8108553,2016,2016-08-26,1942,2016-07-30,2240,36814,0279,6,5,7,1942,0,0,0,B,0,1T11,11TH ST,UNION AV,140,E,N,A,-,N,NA,NA,NA,NA,NA,NA,NA,NA,NA,N,4,0,2,3,A,-,03,22350,NA,F,C,C,A,A,H,-,C,D,0,NA,NA,NA,NA,Y,NA,-,99,0,0,2,0,0,0,0,0,0,-,-,NA,NA,LOS ANGELES,LOS ANGELES,-118.27472699,34.04753324
8108554,2016,2016-11-08,1942,2016-08-09,1840,41439,1871,2,5,7,1942,0,0,0,R,0,3TS,135TH ST,FIGUEROA AV,0,NA,Y,A,-,N,NA,NA,NA,NA,NA,NA,NA,NA,NA,Y,3,0,4,2,A,-,09,21801,A,N,A,C,A,A,H,-,B,A,0,NA,NA,NA,NA,Y,NA,D,22,0,1,3,0,0,0,0,0,0,-,-,NA,NA,LOS ANGELES,LOS ANGELES,-118.28274009,33.90916006
8108555,2016,2016-09-13,1942,2016-08-05,0937,41172,1458,5,5,7,1942,0,0,0,N,0,14A45,SLAUSON,CULVER,0,NA,Y,B,-,N,NA,NA,NA,NA,NA,NA,NA,NA,NA,N,4,0,1,2,A,-,04,21703,NA,N,C,C,A,A,H,-,A,D,0,NA,NA,NA,NA,Y,NA,D,22,0,0,1,0,0,0,0,0,0,-,-,NA,NA,LOS ANGELES,LOS ANGELES,-118.41485011,33.99850012
8108556,2016,2016-08-26,1942,2016-07-08,1755,40726,0417,5,5,7,1942,0,0,0,D,0,11T32,HUNTINGTON DR,MOONSTONE DR,154,S,N,A,-,N,NA,NA,NA,NA,NA,NA,NA,NA,NA,N,4,0,1,3,A,-,01,23153,A,F,B,C,A,A,H,-,A,A,0,NA,NA,NA,NA,Y,Y,A,07,0,0,1,0,0,0,0,0,0,-,-,NA,NA,LOS ANGELES,LOS ANGELES,-118.19388944,34.07801258
8108558,2016,2016-08-24,1942,2016-08-02,1715,39521,1827,2,5,7,1942,0,0,0,R,0,18A49,92ND ST,BANDERA,60,W,N,A,-,N,NA,NA,NA,NA,NA,NA,NA,NA,NA,N,4,0,2,3,A,-,03,22350,NA,N,C,C,A,A,H,-,A,D,0,NA,NA,NA,NA,Y,NA,D,22,0,0,2,0,0,0,0,0,0,-,-,NA,NA,LOS ANGELES,LOS ANGELES,-118.23987741,33.95326359
8108559,2016,2016-10-11,1942,2016-08-07,0136,42174,1454,7,5,7,1942,0,0,0,N,0,14A73,JEFFERSON BL,PLAYA VISTA DR,20,W,N,A,-,N,NA,NA,NA,NA,NA,NA,NA,NA,NA,Y,4,0,1,2,A,-,03,22350,NA,N,C,D,A,A,H,-,C,A,0,NA,NA,NA,NA,Y,NA,D,22,0,0,1,0,0,0,0,0,0,-,-,NA,NA,LOS ANGELES,LOS ANGELES,-118.4278073,33.97329297
8108560,2016,2017-02-27,1942,2016-07-10,1550,34426,0421,7,5,7,1942,0,0,0,D,0,2TL28,AVENUE 21,BROADWAY,160,S,N,A,-,Y,LA,7,5,-,-,19.51,R,1,N,N,4,0,1,2,A,-,03,22350,NA,F,C,C,A,A,H,-,A,A,0,NA,NA,NA,NA,Y,NA,-,99,0,0,1,0,0,0,0,0,0,-,-,NA,NA,LOS ANGELES,LOS ANGELES,-118.21767903,34.07022551
8108561,2016,2016-08-24,1942,2016-08-09,2220,39058,0889,2,5,7,1942,0,0,0,H,0,14T47,ROBERTSON BL,SAWYER ST,0,NA,Y,A,-,N,NA,NA,NA,NA,NA,NA,NA,NA,NA,N,4,0,1,2,A,-,09,21804,A,N,D,C,A,A,H,-,C,A,0,NA,NA,NA,NA,Y,NA,A,08,0,0,1,0,0,0,0,0,0,-,-,NA,NA,LOS ANGELES,LOS ANGELES,-118.38663002,34.04490011
8108563,2016,2017-02-18,1942,2016-08-01,0950,40157,0822,1,5,7,1942,0,0,0,H,0,20TL59,BAY CLUB DR,PACIFIC COAST HWY,6,W,N,A,-,Y,LA,7,1,-,-,38.741,I,5,S,N,3,0,1,2,A,-,10,21950,A,N,G,B,B,A,H,-,A,A,0,Y,NA,NA,NA,Y,Y,A,01,0,1,0,0,1,0,0,0,0,-,-,NA,NA,LOS ANGELES,LOS ANGELES,-118.54586489,34.03957475
8108565,2016,2016-08-24,1942,2016-08-14,1630,35122,1456,7,5,7,1942,0,0,0,N,0,14X74W,INGLEWOOD BL,CULVER BL,10,S,N,A,-,N,NA,NA,NA,NA,NA,NA,NA,NA,NA,Y,3,0,2,2,A,-,09,21801,A,N,A,C,A,A,H,-,A,A,0,NA,NA,NA,NA,Y,NA,A,08,0,2,0,0,0,0,0,0,0,-,-,NA,NA,LOS ANGELES,LOS ANGELES,-118.41805351,33.9950137
8108567,2016,2016-08-26,1942,2016-08-09,1540,39022,0857,2,5,7,1942,0,0,0,H,0,8TL26,CASHIO ST,ROBERTSON BL,0,NA,Y,A,-,N,NA,NA,NA,NA,NA,NA,NA,NA,NA,N,4,0,1,2,C,-,18,NA,NA,N,B,C,A,A,H,-,A,D,0,NA,NA,NA,NA,Y,NA,-,-,0,0,1,0,0,0,0,0,0,-,-,NA,NA,LOS ANGELES,LOS ANGELES,-118.38413005,34.05220004
8108569,2016,2016-08-24,1942,2016-08-01,1720,40690,0882,1,5,7,1942,0,0,0,H,0,8TL26,OLYMPIC BL,CORINTH AV,0,NA,Y,A,-,N,NA,NA,NA,NA,NA,NA,NA,NA,NA,Y,4,0,1,2,A,-,03,22350,A,N,C,C,A,A,H,-,A,D,0,NA,NA,NA,NA,Y,NA,A,01,0,0,1,0,0,0,0,0,0,-,-,NA,NA,LOS ANGELES,LOS ANGELES,-118.44220005,34.03757003