CASE_ID,ACCIDENT_YEAR,PROC_DATE,JURIS,COLLISION_DATE,COLLISION_TIME,OFFICER_ID,REPORTING_DISTRICT,DAY_OF_WEEK,CHP_SHIFT,POPULATION,CNTY_CITY_LOC,SPECIAL_COND,BEAT_TYPE,CHP_BEAT_TYPE,CITY_DIVISION_LAPD,CHP_BEAT_CLASS,BEAT_NUMBER,PRIMARY_RD,SECONDARY_RD,DISTANCE,DIRECTION,INTERSECTION,WEATHER_1,WEATHER_2,STATE_HWY_IND,CALTRANS_COUNTY,CALTRANS_DISTRICT,STATE_ROUTE,ROUTE_SUFFIX,POSTMILE_PREFIX,POSTMILE,LOCATION_TYPE,RAMP_INTERSECTION,SIDE_OF_HWY,TOW_AWAY,COLLISION_SEVERITY,NUMBER_KILLED,NUMBER_INJURED,PARTY_COUNT,PRIMARY_COLL_FACTOR,PCF_CODE_OF_VIOL,PCF_VIOL_CATEGORY,PCF_VIOLATION,PCF_VIOL_SUBSECTION,HIT_AND_RUN,TYPE_OF_COLLISION,MVIW,PED_ACTION,ROAD_SURFACE,ROAD_COND_1,ROAD_COND_2,LIGHTING,CONTROL_DEVICE,CHP_ROAD_TYPE,PEDESTRIAN_ACCIDENT,BICYCLE_ACCIDENT,MOTORCYCLE_ACCIDENT,TRUCK_ACCIDENT,NOT_PRIVATE_PROPERTY,ALCOHOL_INVOLVED,STWD_VEHTYPE_AT_FAULT,CHP_VEHTYPE_AT_FAULT,COUNT_SEVERE_INJ,COUNT_VISIBLE_INJ,COUNT_COMPLAINT_PAIN,COUNT_PED_KILLED,COUNT_PED_INJURED,COUNT_BICYCLIST_KILLED,COUNT_BICYCLIST_INJURED,COUNT_MC_KILLED,COUNT_MC_INJURED,PRIMARY_RAMP,SECONDARY_RAMP,LATITUDE,LONGITUDE,COUNTY,CITY,POINT_X,POINT_Y
8109170,2016,2016-08-24,1933,2016-05-28,0655,1005,NA,6,5,6,1933,0,0,0,NA,0,004,CRENSHAW BL,111TH PL,0,NA,Y,B,-,N,NA,NA,NA,NA,NA,NA,NA,NA,NA,Y,2,0,1,1,A,-,01,23152,A,N,E,I,A,A,H,-,A,A,0,NA,NA,NA,NA,Y,Y,A,01,1,0,0,0,0,0,0,0,0,-,-,33.93387,-118.32648,LOS ANGELES,INGLEWOOD,-118.32657012,33.93389004
8109171,2016,2016-08-24,1933,2016-06-23,1132,587,25,4,5,6,1933,0,0,0,NA,0,002,ORCHARD DR,HARDY ST,235,N,N,A,-,N,NA,NA,NA,NA,NA,NA,NA,NA,NA,Y,4,0,1,2,A,-,06,21750,NA,N,B,C,A,A,H,-,A,D,0,NA,NA,NA,NA,Y,NA,A,07,0,0,1,0,0,0,0,0,0,-,-,33.94911,-118.35173,LOS ANGELES,INGLEWOOD,-118.35175534,33.94973453
8109172,2016,2016-08-24,1933,2016-06-13,0240,997,03,1,5,6,1933,0,0,0,NA,0,001,FLORENCE AV,WEST BL,150,W,N,A,-,N,NA,NA,NA,NA,NA,NA,NA,NA,NA,Y,2,0,1,1,A,-,12,21453,A,N,E,I,A,A,H,-,D,D,0,NA,NA,NA,NA,Y,NA,A,01,1,0,0,0,0,0,0,0,0,-,-,33.97451,-118.33519,LOS ANGELES,INGLEWOOD,-118.33570374,33.97448539
8109174,2016,2016-08-24,1933,2016-05-09,1529,924,34,1,5,6,1933,0,0,0,NA,0,004,PRAIRIE AV,112TH ST,0,NA,Y,A,-,N,NA,NA,NA,NA,NA,NA,NA,NA,NA,N,4,0,5,5,A,-,03,22350,NA,N,C,C,A,A,H,-,A,A,0,NA,NA,NA,NA,Y,NA,A,01,0,0,5,0,0,0,0,0,0,-,-,33.93294,-118.3439,LOS ANGELES,INGLEWOOD,-118.34391002,33.93291009
8109175,2016,2016-08-24,1933,2016-06-28,0805,812,15,2,5,6,1933,0,0,0,NA,0,002,ARBOR VITAE ST,CEDAR AV W,178,E,N,A,-,N,NA,NA,NA,NA,NA,NA,NA,NA,NA,N,3,0,1,2,A,-,17,22517,NA,N,H,-,A,A,H,-,A,D,0,NA,Y,NA,NA,Y,NA,A,01,0,1,0,0,0,0,1,0,0,-,-,33.95276,-118.36371,LOS ANGELES,INGLEWOOD,-118.36314416,33.95270845
8109176,2016,2016-08-24,1933,2016-06-12,1315,812,29,7,5,6,1933,0,0,0,NA,0,003,CRENSHAW BL,CENTURY BL,0,NA,Y,B,-,N,NA,NA,NA,NA,NA,NA,NA,NA,NA,N,4,0,1,2,A,-,21,22106,NA,N,C,C,A,A,H,-,A,A,0,NA,NA,NA,NA,Y,NA,A,01,0,0,1,0,0,0,0,0,0,-,-,33.94549,-118.32647,LOS ANGELES,INGLEWOOD,-118.32648002,33.94547009
8109177,2016,2016-08-24,1933,2016-05-01,2201,924,30,7,5,6,1933,0,0,0,NA,0,004,YUKON AV,108TH ST,30,N,N,A,-,N,NA,NA,NA,NA,NA,NA,NA,NA,NA,Y,3,0,1,4,A,-,01,23152,A,N,B,E,A,A,H,-,C,D,0,NA,NA,NA,NA,Y,Y,A,01,0,1,0,0,0,0,0,0,0,-,-,33.93775,-118.33488,LOS ANGELES,INGLEWOOD,-118.33489867,33.93780227
8109178,2016,2016-08-24,1933,2016-05-06,2030,959,01,5,5,6,1933,0,0,0,NA,0,001,LA CIENEGA BL,HILL ST,0,NA,Y,A,-,N,NA,NA,NA,NA,NA,NA,NA,NA,NA,N,4,0,3,2,A,-,08,22107,NA,N,D,C,A,A,H,-,C,A,0,NA,NA,NA,NA,Y,NA,A,01,0,0,3,0,0,0,0,0,0,-,-,33.97309,-118.37002,LOS ANGELES,INGLEWOOD,-118.37018006,33.97303012
8109179,2016,2016-08-24,1933,2016-06-28,1250,812,34,2,5,6,1933,0,0,0,NA,0,004,IMPERIAL HWY,DOTY AV,0,NA,Y,A,-,N,NA,NA,NA,NA,NA,NA,NA,NA,NA,Y,4,0,1,2,A,-,12,21453,A,N,D,C,A,A,H,-,A,A,0,NA,NA,NA,NA,Y,NA,A,01,0,0,1,0,0,0,0,0,0,-,-,33.93099,-118.33938,LOS ANGELES,INGLEWOOD,-118.33941005,33.93095009
8109180,2016,2016-08-24,1933,2016-06-17,0347,980,I23,5,5,6,1933,0,0,0,NA,0,002,CENTURY BL,BUFORD AV,0,NA,Y,A,-,N,NA,NA,NA,NA,NA,NA,NA,NA,NA,N,2,0,1,2,A,-,08,22107,NA,F,H,G,A,A,H,-,C,D,0,NA,Y,NA,NA,Y,NA,A,01,1,0,0,0,0,0,1,0,0,-,-,33.94551,-118.36352,LOS ANGELES,INGLEWOOD,-118.36354013,33.94543001
8109182,2016,2016-08-24,1933,2016-05-07,1405,959,05,6,5,6,1933,0,0,0,NA,0,001,BEACH AV,CENTINELA AV,570,W,N,A,-,N,NA,NA,NA,NA,NA,NA,NA,NA,NA,Y,4,0,1,2,A,-,03,22350,NA,N,C,C,A,A,H,-,A,A,0,NA,NA,NA,NA,Y,NA,A,01,0,0,1,0,0,0,0,0,0,-,-,33.97074,-118.34786,LOS ANGELES,INGLEWOOD,-118.36687,33.97701
8109183,2016,2016-08-24,1933,2016-06-29,1149,812,18,3,5,6,1933,0,0,0,NA,0,002,PRAIRIE AV,ARBOR VITAE ST,0,NA,Y,A,-,N,NA,NA,NA,NA,NA,NA,NA,NA,NA,Y,4,0,7,2,A,-,12,21453,A,N,D,C,A,A,H,-,A,A,0,NA,NA,NA,NA,Y,NA,A,01,0,0,7,0,0,0,0,0,0,-,-,33.95273,-118.3439,LOS ANGELES,INGLEWOOD,-118.34395009,33.95272008
8109184,2016,2016-08-24,1933,2016-06-14,0710,828,22,2,5,6,1933,0,0,0,NA,0,003,CRENSHAW BL,PINCAY DR,0,NA,Y,A,-,N,NA,NA,NA,NA,NA,NA,NA,NA,NA,Y,4,0,4,3,A,-,12,21453,A,N,D,C,A,A,H,-,A,A,0,NA,NA,NA,NA,Y,NA,A,01,0,0,4,0,0,0,0,0,0,-,-,33.95623,-118.32653,LOS ANGELES,INGLEWOOD,-118.326498,33.956222
8109186,2016,2016-08-24,1933,2016-05-24,1048,826,08,2,5,6,1933,0,0,0,NA,0,001,MANCHESTER BL,ASH AV,0,NA,Y,A,-,N,NA,NA,NA,NA,NA,NA,NA,NA,NA,N,4,0,2,2,A,-,12,21453,A,N,D,C,A,A,H,-,A,A,0,NA,NA,NA,NA,Y,NA,A,01,0,0,2,0,0,0,0,0,0,-,-,33.96169,-118.36815,LOS ANGELES,INGLEWOOD,-118.36825009,33.96161005
8109187,2016,2016-08-24,1933,2016-06-24,1917,974,10,5,5,6,1933,0,0,0,NA,0,001,FLORENCE AV,CENTINELA AV,231,E,N,A,-,N,NA,NA,NA,NA,NA,NA,NA,NA,NA,N,3,0,1,2,A,-,06,21750,NA,N,D,C,A,A,H,-,A,D,0,NA,NA,Y,NA,Y,NA,C,02,0,1,0,0,0,0,0,0,1,-,-,33.96983,-118.34717,LOS ANGELES,INGLEWOOD,-118.34656481,33.97013701
8109188,2016,2016-08-24,1933,2016-06-11,0140,1003,I34,6,5,6,1933,0,0,0,NA,0,004,112TH ST,PRAIRIE AV,620,E,N,A,-,N,NA,NA,NA,NA,NA,NA,NA,NA,NA,Y,4,0,1,1,A,-,08,22107,NA,N,E,I,A,A,H,-,C,D,0,NA,NA,NA,NA,Y,NA,A,01,0,0,1,0,0,0,0,0,0,-,-,33.93294,-118.3439,LOS ANGELES,INGLEWOOD,-118.34186993,33.93290636
8109190,2016,2016-08-24,1933,2016-05-05,2133,980,I04,4,5,6,1933,0,0,0,NA,0,001,LA CIENEGA BL,HILL ST,40,S,N,C,-,N,NA,NA,NA,NA,NA,NA,NA,NA,NA,Y,4,0,1,2,A,-,03,22350,NA,F,C,C,A,A,H,-,C,D,0,NA,NA,NA,NA,Y,NA,A,01,0,0,1,0,0,0,0,0,0,-,-,33.97309,-118.37002,LOS ANGELES,INGLEWOOD,-118.37018,33.97292029
8109191,2016,2016-08-24,1933,2016-06-28,2055,924,25,2,5,6,1933,0,0,0,NA,0,002,ARBOR VITAE ST,LA BREA AV,0,NA,Y,A,-,N,NA,NA,NA,NA,NA,NA,NA,NA,NA,Y,3,0,4,4,A,-,08,22107,NA,N,D,C,F,A,H,-,C,A,0,Y,NA,NA,NA,Y,NA,A,01,0,1,3,0,2,0,0,0,0,-,-,33.95274,-118.35262,LOS ANGELES,INGLEWOOD,-118.35274012000001,33.95273012
8109192,2016,2016-10-20,1933,2016-06-16,1227,670,10,4,5,6,1933,0,0,0,NA,0,002,MANCHESTER BL,LOCUST ST,0,NA,Y,A,-,N,NA,NA,NA,NA,NA,NA,NA,NA,NA,N,4,0,4,2,A,-,12,21453,A,N,D,C,A,A,H,-,A,A,0,NA,NA,NA,NA,Y,NA,-,-,0,0,4,0,0,0,0,0,0,-,-,33.96183,-118.3503,LOS ANGELES,INGLEWOOD,-118.35038004,33.9618001
8109194,2016,2016-08-24,1933,2016-05-02,1710,924,25,1,5,6,1933,0,0,0,NA,0,002,MYRTLE AV,99TH ST,0,NA,Y,A,-,N,NA,NA,NA,NA,NA,NA,NA,NA,NA,Y,4,0,1,2,A,-,09,21802,A,N,D,C,A,A,H,-,A,D,0,NA,NA,NA,NA,Y,NA,A,01,0,0,1,0,0,0,0,0,0,-,-,33.9467,-118.34916,LOS ANGELES,INGLEWOOD,-118.34919009,33.94667006
8109195,2016,2016-08-24,1933,2016-06-22,0709,826,23,3,5,6,1933,0,0,0,NA,0,002,CENTURY BL,LA CIENEGA BL,0,NA,Y,A,-,N,NA,NA,NA,NA,NA,NA,NA,NA,NA,Y,4,0,1,2,A,-,12,21453,A,N,D,C,A,A,H,-,A,A,0,NA,NA,NA,NA,Y,NA,A,01,0,0,1,0,0,0,0,0,0,-,-,33.94551,-118.37005,LOS ANGELES,INGLEWOOD,-118.37006002,33.94541002
8109196,2016,2016-08-24,1933,2016-06-18,1717,959,2,6,5,6,1933,0,0,0,NA,0,003,CRENSHAW BL,ARBOR VITAE ST S,20,S,N,A,-,N,NA,NA,NA,NA,NA,NA,NA,NA,NA,Y,4,0,1,2,A,-,01,23152,A,N,C,C,A,A,H,-,A,A,0,NA,NA,NA,NA,Y,Y,A,08,0,0,1,0,0,0,0,0,0,-,-,33.95236,-118.32646,LOS ANGELES,INGLEWOOD,-118.32672,33.95228515
8109199,2016,2016-08-24,1933,2016-06-27,0147,996,I34,1,5,6,1933,0,0,0,NA,0,004,PRAIRIE AV,112TH ST,70,N,N,A,-,N,NA,NA,NA,NA,NA,NA,NA,NA,NA,Y,2,0,1,2,A,-,08,22107,NA,F,D,C,A,A,H,-,C,D,0,NA,NA,Y,NA,Y,Y,A,01,1,0,0,0,0,0,0,0,1,-,-,33.93294,-118.3439,LOS ANGELES,INGLEWOOD,-118.34391,33.93310199
8109200,2016,2016-08-24,1933,2016-06-15,1656,924,30,3,5,6,1933,0,0,0,NA,0,003,CENTURY BL,DOTY AV,200,E,N,A,-,N,NA,NA,NA,NA,NA,NA,NA,NA,NA,Y,4,0,2,2,A,-,03,22350,NA,N,C,C,A,A,H,-,A,D,0,NA,NA,NA,NA,Y,NA,A,01,0,0,2,0,0,0,0,0,0,-,-,33.94546,-118.33977,LOS ANGELES,INGLEWOOD,-118.33917182,33.94546
8109201,2016,2016-08-29,1900,2016-07-21,1615,522303,2612,4,5,6,1950,0,0,0,NA,0,264T1,30TH ST W,AVENUE O,0,NA,Y,A,-,N,NA,NA,NA,NA,NA,NA,NA,NA,NA,Y,4,0,1,2,A,-,12,21453,A,N,D,C,A,A,H,-,A,A,0,NA,NA,NA,NA,Y,NA,A,07,0,0,1,0,0,0,0,0,0,-,-,NA,NA,LOS ANGELES,PALMDALE,-118.18368004,34.61645003
8109219,2016,2016-08-29,1902,2016-08-15,1648,711,15,1,5,5,1902,0,0,0,NA,0,002,HUNTINGTON DR,HOLLY AV,0,NA,Y,A,-,N,NA,NA,NA,NA,NA,NA,NA,NA,NA,Y,3,0,4,2,D,-,00,NA,NA,N,D,C,A,A,H,-,A,A,0,NA,NA,NA,NA,Y,NA,-,-,0,1,3,0,0,0,0,0,0,-,-,NA,NA,LOS ANGELES,ARCADIA,-118.04593001,34.1315401
81092272,2019,2019-10-08,1933,2019-09-21,2333,1031,08,6,5,6,1933,0,0,0,NA,0,001,MANCHESTER BLVD,EUCALYPTUS AV,70,W,N,A,-,N,NA,NA,NA,NA,NA,NA,NA,NA,NA,Y,4,0,1,3,A,-,03,22350,NA,N,C,C,A,A,H,-,C,D,0,NA,NA,NA,NA,Y,NA,A,01,0,0,1,0,0,0,0,0,0,-,-,33.961761474609375,-118.35946655273438,LOS ANGELES,INGLEWOOD,-118.35977172851564,33.96175003051758
81092273,2019,2019-10-08,1933,2019-09-27,2314,1022,15,5,5,6,1933,0,0,0,NA,0,002,ARBOR VITAE ST,OAK ST (W),277,E,N,A,-,N,NA,NA,NA,NA,NA,NA,NA,NA,NA,N,3,0,1,2,A,-,05,21202,NA,N,H,G,A,A,H,-,C,D,0,NA,Y,NA,NA,Y,NA,L,04,0,1,0,0,0,0,1,0,0,-,-,33.9527587890625,-118.36595916748048,LOS ANGELES,INGLEWOOD,-118.36492156982422,33.952701568603516
81092275,2019,2019-10-08,1933,2019-10-03,0700,1052,01,4,5,6,1933,0,0,0,NA,0,001,BEACH ST,CENTINELA AV,130,N,N,A,-,N,NA,NA,NA,NA,NA,NA,NA,NA,NA,Y,4,0,1,2,A,-,09,21804,A,N,D,C,A,A,H,-,A,D,0,NA,NA,NA,Y,Y,NA,F,26,0,0,1,0,0,0,0,0,0,-,-,33.97710037231445,-118.36669921875,LOS ANGELES,INGLEWOOD,-118.36683654785156,33.97736358642578
81092279,2019,2019-10-08,1933,2019-10-05,0206,1031,01,6,5,6,1933,0,0,0,NA,0,001,PLYMOUTH ST,EUCALYPTUS AV,123,W,N,A,-,N,NA,NA,NA,NA,NA,NA,NA,NA,NA,Y,4,0,1,3,A,-,03,22350,NA,N,B,E,A,A,H,-,D,D,0,NA,NA,NA,NA,Y,NA,A,01,0,0,1,0,0,0,0,0,0,-,-,33.974609375,-118.3593292236328,LOS ANGELES,INGLEWOOD,-118.35986328125,33.974552154541016
8109250,2016,2017-02-18,1900,2016-08-01,1526,527057,2607,1,5,6,1950,0,0,0,NA,0,263T1,RT 138,47TH ST,0,NA,Y,A,-,Y,LA,7,138,-,-,50.17,H,-,W,Y,3,0,2,2,A,-,03,22350,NA,N,C,C,A,A,H,-,A,A,0,NA,NA,NA,NA,Y,NA,A,01,0,1,1,0,0,0,0,0,0,-,-,NA,NA,LOS ANGELES,PALMDALE,-118.04527981,34.55531452
8109254,2016,2016-08-29,1900,2016-07-31,0906,517840,2607,7,5,6,1950,0,0,0,NA,0,264T1,AVENUE R,55TH ST EAST,0,NA,Y,A,-,N,NA,NA,NA,NA,NA,NA,NA,NA,NA,Y,3,0,2,2,A,-,03,22350,NA,N,C,C,A,A,H,-,A,A,0,NA,NA,NA,NA,Y,NA,A,01,0,1,1,0,0,0,0,0,0,-,-,NA,NA,LOS ANGELES,PALMDALE,-118.03160005,34.57253005
8109274,2016,2016-09-27,1900,2016-07-24,0836,510899,2603,7,5,6,1950,0,0,0,NA,0,263T1,PEARBLOSSOM HWY,52ND ST EAST,0,NA,Y,A,-,N,NA,NA,NA,NA,NA,NA,NA,NA,NA,Y,4,0,1,3,A,-,09,21801,A,N,D,C,A,A,H,-,A,D,0,NA,NA,NA,NA,Y,NA,A,01,0,0,1,0,0,0,0,0,0,-,-,NA,NA,LOS ANGELES,PALMDALE,-118.03650002,34.54273001
8109425,2016,2016-08-24,1941,2016-08-08,1529,6209,NA,1,5,7,1941,0,0,0,NA,0,NA,7TH ST,ROSE AV,0,NA,Y,A,-,N,NA,NA,NA,NA,NA,NA,NA,NA,NA,Y,4,0,1,2,A,-,09,21802,A,N,-,C,A,A,H,-,A,A,0,NA,NA,NA,NA,Y,NA,A,NA,0,0,1,0,0,0,0,0,0,-,-,NA,NA,LOS ANGELES,LONG BEACH,-118.16986005,33.77535001
8109440,2016,2016-08-24,1942,2016-08-02,0600,42121,LAPD,2,5,7,1942,0,0,0,NA,0,9A37,ROSCOE BL,ETIWANDA,0,NA,Y,A,-,N,NA,NA,NA,NA,NA,NA,NA,NA,NA,N,4,0,1,2,A,-,08,22107,NA,N,D,C,A,A,H,-,A,A,0,NA,NA,NA,NA,Y,NA,A,07,0,0,1,0,0,0,0,0,0,-,-,NA,NA,LOS ANGELES,LOS ANGELES,-118.53174005,34.220780070000004
8109446,2016,2016-08-25,1900,2016-07-23,1832,491337,2603,6,5,6,1950,0,0,0,NA,0,264T1,37TH ST EAST,SAN ANTONIO DR,0,NA,Y,A,-,N,NA,NA,NA,NA,NA,NA,NA,NA,NA,N,4,0,1,2,D,-,00,NA,NA,N,D,C,A,A,H,-,A,D,0,NA,NA,NA,NA,Y,NA,-,-,0,0,1,0,0,0,0,0,0,-,-,NA,NA,LOS ANGELES,PALMDALE,-118.06299007,34.55509006
8109447,2016,2016-08-30,1942,2016-08-05,0830,33504,0955,5,5,7,1942,0,0,0,I,0,19TL77,HAZELTINE AV,CHANDLER BL,100,S,N,A,-,N,NA,NA,NA,NA,NA,NA,NA,NA,NA,N,4,0,2,4,A,-,04,21703,NA,F,C,C,A,A,H,-,A,D,0,NA,NA,NA,NA,Y,NA,-,99,0,0,2,0,0,0,0,0,0,-,-,NA,NA,LOS ANGELES,LOS ANGELES,-118.43999,34.16827571
8109450,2016,2016-08-25,1900,2016-07-09,0708,522763,2612,6,5,6,1950,0,0,0,NA,0,261,ELIZABETH LAKE RD,25TH ST WEST,0,NA,Y,A,-,N,NA,NA,NA,NA,NA,NA,NA,NA,NA,Y,3,0,1,1,A,-,01,23152,A,N,E,I,A,A,H,-,A,D,0,NA,NA,NA,NA,Y,Y,A,01,0,1,0,0,0,0,0,0,0,-,-,NA,NA,LOS ANGELES,PALMDALE,-118.17344013,34.58432007
8109452,2016,2016-11-28,1902,2016-08-12,1155,738,35,5,5,5,1902,0,0,0,NA,0,005,S BALDWIN AV,W WOODRUFF AV,0,NA,Y,A,-,N,NA,NA,NA,NA,NA,NA,NA,NA,NA,N,4,0,1,2,A,-,03,22350,NA,N,C,C,A,A,H,-,A,D,0,NA,NA,NA,NA,Y,NA,A,01,0,0,1,0,0,0,0,0,0,-,-,NA,NA,LOS ANGELES,ARCADIA,-118.05238001,34.10879009
8109454,2016,2016-08-25,1900,2016-07-22,1923,527057,2621,5,5,6,1950,0,0,0,NA,0,263T1,AVENUE M,COLUMBIA WY,0,NA,Y,A,-,N,NA,NA,NA,NA,NA,NA,NA,NA,NA,Y,3,0,2,2,A,-,08,22107,NA,N,C,C,A,A,H,-,A,A,0,NA,NA,NA,NA,Y,NA,A,01,0,1,1,0,0,0,0,0,0,-,-,NA,NA,LOS ANGELES,PALMDALE,-118.11233012,34.64593005
8109456,2016,2016-08-26,1902,2016-08-20,0918,670,21,6,5,5,1902,0,0,0,NA,0,004,FAIRVIEW AV,GOLDEN WEST AV,388,E,N,A,-,N,NA,NA,NA,NA,NA,NA,NA,NA,NA,Y,2,0,2,3,A,-,08,22107,NA,N,C,E,A,A,H,-,A,D,0,NA,NA,NA,NA,Y,NA,A,01,1,1,0,0,0,0,0,0,0,-,-,NA,NA,LOS ANGELES,ARCADIA,-118.05925472,34.12866406
8109458,2016,2018-04-27,1900,2016-07-23,0130,522303,2619,6,5,6,1950,0,0,0,NA,0,262T1,AUTO CENTER DR,5TH ST WEST,0,NA,Y,A,-,N,NA,NA,NA,NA,NA,NA,NA,NA,NA,Y,4,0,1,1,A,-,01,23152,NA,N,E,I,A,A,H,-,C,D,0,NA,NA,NA,NA,Y,Y,A,01,0,0,1,0,0,0,0,0,0,-,-,NA,NA,LOS ANGELES,PALMDALE,-118.13928,34.59081003
8109459,2016,2016-08-26,1942,2016-08-03,0610,38669,1977,3,5,7,1942,0,0,0,NA,0,19A79,CHASE ST,SNOWDEN AV,0,NA,Y,A,-,N,NA,NA,NA,NA,NA,NA,NA,NA,NA,Y,4,0,1,2,A,-,12,22450,A,F,D,C,A,A,H,-,A,A,0,NA,NA,NA,NA,Y,NA,-,99,0,0,1,0,0,0,0,0,0,-,-,NA,NA,LOS ANGELES,LOS ANGELES,-118.43319012,34.22857005
8109463,2016,2016-08-26,1942,2016-08-05,1900,41771,0989,5,5,7,1942,0,0,0,I,0,9A37,VENTURA BL,SEPULVEDA BL,0,NA,Y,A,-,N,NA,NA,NA,NA,NA,NA,NA,NA,NA,N,4,0,1,2,A,-,00,21703,A,F,C,C,A,A,H,-,A,A,0,NA,NA,NA,NA,Y,Y,-,99,0,0,1,0,0,0,0,0,0,-,-,NA,NA,LOS ANGELES,LOS ANGELES,-118.46620007,34.15383005
8109464,2016,2016-08-26,1902,2016-08-19,0858,708,8,5,5,5,1902,0,0,0,NA,0,001,COLORADO BL,2ND AV,215,W,N,A,-,N,NA,NA,NA,NA,NA,NA,NA,NA,NA,Y,4,0,1,2,A,-,08,22107,NA,N,F,E,A,A,H,-,A,D,0,NA,NA,NA,NA,Y,NA,A,01,0,0,1,0,0,0,0,0,0,-,-,NA,NA,LOS ANGELES,ARCADIA,-118.02601882,34.14557
8109467,2016,2016-08-26,1941,2016-08-04,1322,5839,NA,4,5,7,1941,0,0,0,NA,0,NA,WILLOW ST,CEDAR AV,0,NA,Y,A,-,N,NA,NA,NA,NA,NA,NA,NA,NA,NA,Y,4,0,1,2,A,-,06,21755,NA,N,D,C,A,A,D,-,A,A,0,NA,NA,Y,NA,Y,NA,C,NA,0,0,1,0,0,0,0,0,1,-,-,NA,NA,LOS ANGELES,LONG BEACH,-118.1948401,33.80445008
8109471,2016,2016-08-26,1941,2016-08-04,0820,5839,NA,4,5,7,1941,0,0,0,NA,0,NA,OCEAN,ESPERANZA,10,W,N,A,-,N,NA,NA,NA,NA,NA,NA,NA,NA,NA,Y,4,0,2,3,A,-,03,22350,NA,N,C,C,A,A,H,-,A,D,0,NA,NA,NA,Y,Y,NA,A,NA,0,0,2,0,0,0,0,0,0,-,-,NA,NA,LOS ANGELES,LONG BEACH,-118.1756223,33.76543492
8109475,2016,2016-08-26,1942,2016-08-10,1500,38356,0961,3,5,7,1942,0,0,0,I,0,9TL58,SEPULVEDA BL,VALLEY HEART DR,23,S,N,A,-,N,NA,NA,NA,NA,NA,NA,NA,NA,NA,N,4,0,1,2,A,-,04,21703,NA,F,C,C,A,A,H,-,A,A,0,NA,NA,NA,NA,Y,NA,-,99,0,0,1,0,0,0,0,0,0,-,-,NA,NA,LOS ANGELES,LOS ANGELES,-118.46615,34.16176691
8109479,2016,2016-10-11,1941,2016-08-09,0924,10761,NA,2,5,7,1941,0,0,0,NA,0,NA,3RD ST,PACIFIC,100,E,N,A,-,N,NA,NA,NA,NA,NA,NA,NA,NA,NA,N,4,0,1,2,A,-,17,21208,A,N,G,G,A,A,H,-,A,D,0,NA,Y,NA,NA,Y,NA,L,NA,0,0,1,0,0,0,1,0,0,-,-,NA,NA,LOS ANGELES,LONG BEACH,-118.1933918,33.77049113
8109483,2016,2016-10-18,1941,2016-08-09,0719,5508,NA,2,5,7,1941,0,0,0,NA,0,NA,7TH ST,CERRITOS,0,NA,Y,A,-,N,NA,NA,NA,NA,NA,NA,NA,NA,NA,N,3,0,1,1,-,-,-,NA,NA,N,E,I,A,A,H,-,A,A,0,NA,Y,NA,NA,Y,NA,-,-,0,1,0,0,0,0,1,0,0,-,-,NA,NA,LOS ANGELES,LONG BEACH,-118.17798013,33.77535004
8109486,2016,2017-02-27,1900,2016-07-25,0724,491337,2608,1,5,6,1950,0,0,0,NA,0,262T1,RT 138,35TH ST EAST,0,NA,Y,A,-,Y,LA,7,138,-,-,47.27,H,-,W,N,2,0,1,1,A,-,08,22107,NA,N,E,I,A,A,H,-,A,A,0,NA,NA,NA,NA,Y,NA,A,01,1,0,0,0,0,0,0,0,0,-,-,NA,NA,LOS ANGELES,PALMDALE,-118.06692068,34.58019844
8109487,2016,2017-02-27,1941,2016-08-13,0303,10235,NA,6,5,7,1941,0,0,0,NA,0,NA,RT 710,GERALD DESMOND BR,0,NA,Y,A,-,Y,LA,7,710,-,-,5.32,H,-,N,Y,3,0,2,1,A,-,03,22350,NA,N,E,I,A,A,H,-,C,A,0,NA,NA,Y,NA,Y,NA,C,NA,0,2,0,0,0,0,0,0,2,NO,-,NA,NA,LOS ANGELES,LONG BEACH,-118.20808027,33.76721595
8109489,2016,2017-02-27,1900,2016-07-31,1539,527057,2603,7,5,6,1950,0,0,0,NA,0,263T1,RT 138,AVENUE T,300,E,N,A,-,Y,LA,7,138,-,-,51.47,H,-,W,N,3,0,1,2,A,-,03,22350,NA,N,C,C,A,A,H,-,A,A,0,NA,NA,NA,NA,Y,NA,A,01,0,1,0,0,0,0,0,0,0,-,-,NA,NA,LOS ANGELES,PALMDALE,-118.02956363,34.54214154
8109490,2016,2016-09-27,1942,2016-07-27,1945,42244,1557,3,5,7,1942,0,0,0,O,0,15A12,LANKERSHIM BL,BLIX ST,100,N,N,A,-,N,NA,NA,NA,NA,NA,NA,NA,NA,NA,Y,4,0,3,2,A,-,09,21804,A,N,D,C,A,A,H,-,B,D,0,NA,NA,NA,NA,Y,NA,A,01,0,0,3,0,0,0,0,0,0,-,-,NA,NA,LOS ANGELES,LOS ANGELES,-118.36981236,34.15691876