CASE_ID,ACCIDENT_YEAR,PROC_DATE,JURIS,COLLISION_DATE,COLLISION_TIME,OFFICER_ID,REPORTING_DISTRICT,DAY_OF_WEEK,CHP_SHIFT,POPULATION,CNTY_CITY_LOC,SPECIAL_COND,BEAT_TYPE,CHP_BEAT_TYPE,CITY_DIVISION_LAPD,CHP_BEAT_CLASS,BEAT_NUMBER,PRIMARY_RD,SECONDARY_RD,DISTANCE,DIRECTION,INTERSECTION,WEATHER_1,WEATHER_2,STATE_HWY_IND,CALTRANS_COUNTY,CALTRANS_DISTRICT,STATE_ROUTE,ROUTE_SUFFIX,POSTMILE_PREFIX,POSTMILE,LOCATION_TYPE,RAMP_INTERSECTION,SIDE_OF_HWY,TOW_AWAY,COLLISION_SEVERITY,NUMBER_KILLED,NUMBER_INJURED,PARTY_COUNT,PRIMARY_COLL_FACTOR,PCF_CODE_OF_VIOL,PCF_VIOL_CATEGORY,PCF_VIOLATION,PCF_VIOL_SUBSECTION,HIT_AND_RUN,TYPE_OF_COLLISION,MVIW,PED_ACTION,ROAD_SURFACE,ROAD_COND_1,ROAD_COND_2,LIGHTING,CONTROL_DEVICE,CHP_ROAD_TYPE,PEDESTRIAN_ACCIDENT,BICYCLE_ACCIDENT,MOTORCYCLE_ACCIDENT,TRUCK_ACCIDENT,NOT_PRIVATE_PROPERTY,ALCOHOL_INVOLVED,STWD_VEHTYPE_AT_FAULT,CHP_VEHTYPE_AT_FAULT,COUNT_SEVERE_INJ,COUNT_VISIBLE_INJ,COUNT_COMPLAINT_PAIN,COUNT_PED_KILLED,COUNT_PED_INJURED,COUNT_BICYCLIST_KILLED,COUNT_BICYCLIST_INJURED,COUNT_MC_KILLED,COUNT_MC_INJURED,PRIMARY_RAMP,SECONDARY_RAMP,LATITUDE,LONGITUDE,COUNTY,CITY,POINT_X,POINT_Y
8111540,2016,2016-08-31,1942,2016-08-21,0011,42155,0152,7,5,7,1942,0,0,0,A,0,1A2,6TH ST,FIGUEROA ST,15,N,N,A,-,N,NA,NA,NA,NA,NA,NA,NA,NA,NA,N,3,0,1,2,A,-,10,21950,A,F,G,B,A,A,H,-,D,A,0,NA,Y,NA,NA,Y,NA,-,99,0,1,0,0,0,0,1,0,0,-,-,NA,NA,LOS ANGELES,LOS ANGELES,-118.2585926,34.05085092
8111541,2016,2016-08-31,1942,2016-08-21,1735,41169,1257,7,5,7,1942,0,0,0,L,0,12X4W7,77TH ST,FIGUEROA,200,W,N,A,-,N,NA,NA,NA,NA,NA,NA,NA,NA,NA,N,2,0,1,2,A,-,11,21954,A,N,G,B,D,A,H,-,A,D,0,Y,NA,NA,NA,Y,NA,N,60,1,0,0,0,1,0,0,0,0,-,-,NA,NA,LOS ANGELES,LOS ANGELES,-118.28337818,33.96978818
8111543,2016,2016-08-31,1942,2016-08-16,2140,38233,1142,2,5,7,1942,0,0,0,K,0,2T15W3,LOS FELIZ BL,N VERMONT AV,0,NA,Y,A,-,N,NA,NA,NA,NA,NA,NA,NA,NA,NA,Y,3,0,1,2,A,-,09,21801,A,N,A,C,A,A,H,-,C,A,0,NA,NA,Y,NA,Y,NA,C,02,0,1,0,0,0,0,0,0,1,-,-,NA,NA,LOS ANGELES,LOS ANGELES,-118.29182013,34.11106003
8111544,2016,2016-08-31,1942,2016-08-20,2330,40325,0162,6,5,7,1942,0,0,0,A,0,11T21,HOPE ST,7TH ST,175,S,N,A,-,N,NA,NA,NA,NA,NA,NA,NA,NA,NA,N,3,0,1,2,A,-,11,21955,NA,N,G,B,D,A,H,-,C,A,0,Y,NA,NA,NA,Y,Y,N,60,0,1,0,0,1,0,0,0,0,-,-,NA,NA,LOS ANGELES,LOS ANGELES,-118.25804257,34.04761685
8111545,2016,2016-08-31,1942,2016-06-28,1750,41166,392,2,5,7,1942,0,0,0,NA,0,392,ARLINGTON AV,48TH ST,508,N,N,A,-,N,NA,NA,NA,NA,NA,NA,NA,NA,NA,N,4,0,1,3,A,-,04,21703,NA,N,C,C,A,A,H,-,A,D,0,NA,NA,NA,NA,Y,NA,A,08,0,0,1,0,0,0,0,0,0,-,-,34.00154,-118.31817,LOS ANGELES,LOS ANGELES,-118.318147,34.001432
8111548,2016,2016-10-18,1942,2016-08-16,1550,39761,0192,2,5,7,1942,0,0,0,A,0,11T32,VENICE BL,FLOWER ST,0,NA,Y,A,-,N,NA,NA,NA,NA,NA,NA,NA,NA,NA,Y,4,0,1,2,A,-,08,22100,A,N,D,C,A,A,H,-,A,A,0,NA,NA,Y,NA,Y,NA,-,-,0,0,1,0,0,0,0,0,1,-,-,NA,NA,LOS ANGELES,LOS ANGELES,-118.26883007,34.0369901
8111549,2016,2016-08-31,1942,2016-08-21,0215,37618,1207,7,5,7,1942,0,0,0,L,0,12T41,VERMONT AV,48TH ST,0,NA,Y,A,-,N,NA,NA,NA,NA,NA,NA,NA,NA,NA,N,2,0,1,2,A,-,11,21956,A,F,G,B,D,A,H,-,C,A,0,Y,NA,NA,NA,Y,NA,N,60,1,0,0,0,1,0,0,0,0,-,-,NA,NA,LOS ANGELES,LOS ANGELES,-118.29154,33.99959
8111551,2016,2017-02-18,1956,2016-08-12,0900,1209,17,5,5,5,1956,0,0,0,NA,0,002,RT 1,EMERALD ST,0,NA,Y,B,-,Y,LA,7,1,-,-,19.751,I,5,S,Y,3,0,1,2,A,-,09,21801,A,N,A,C,A,A,H,-,A,A,0,NA,NA,NA,NA,Y,NA,A,01,0,1,0,0,0,0,0,0,0,-,-,NA,NA,LOS ANGELES,REDONDO BEACH,-118.38580647,33.84205976
8111552,2016,2016-08-31,1942,2016-08-13,0330,42335,NA,6,5,7,1942,0,0,0,NA,0,NA,FRANCISCO ST,JAMES M WOODS,27,N,N,A,-,N,NA,NA,NA,NA,NA,NA,NA,NA,NA,Y,3,0,2,1,A,-,03,22350,NA,N,E,I,A,A,H,-,C,D,0,NA,NA,NA,NA,Y,NA,A,01,0,1,1,0,0,0,0,0,0,-,-,NA,NA,LOS ANGELES,LOS ANGELES,-118.26468,34.047
8111553,2016,2016-08-31,1942,2016-08-20,0230,39451,646,6,5,7,1942,0,0,0,NA,0,6A77,MELROSE,GRAMERCY PL,30,W,N,A,-,N,NA,NA,NA,NA,NA,NA,NA,NA,NA,Y,4,0,1,3,A,-,04,21703,NA,F,C,D,A,A,H,-,C,D,0,NA,NA,NA,NA,Y,NA,A,01,0,0,1,0,0,0,0,0,0,-,-,NA,NA,LOS ANGELES,LOS ANGELES,-118.31261889,34.08352
8111554,2016,2016-09-01,1942,2016-08-04,1615,42045,0111,4,5,7,1942,0,0,0,A,0,1FB12,BROADWAY ST,COLLEGE ST,60,N,N,A,-,N,NA,NA,NA,NA,NA,NA,NA,NA,NA,N,4,0,2,2,A,-,07,21658,A,N,B,C,A,A,H,-,A,A,0,NA,NA,NA,NA,Y,Y,A,01,0,0,2,0,0,0,0,0,0,-,-,NA,NA,LOS ANGELES,LOS ANGELES,-118.23740147,34.06418101
8111555,2016,2016-08-31,1942,2016-08-20,1650,36926,1152,6,5,7,1942,0,0,0,K,0,4T4,PROSPECT,VERMONT,70,E,N,A,-,N,NA,NA,NA,NA,NA,NA,NA,NA,NA,N,4,0,1,2,A,-,04,21703,NA,N,C,C,A,A,H,-,A,D,0,NA,NA,NA,NA,Y,NA,A,01,0,0,1,0,0,0,0,0,0,-,-,NA,NA,LOS ANGELES,LOS ANGELES,-118.29153922,34.10177
8111557,2016,2016-08-31,1942,2016-08-20,2230,39299,0668,6,5,7,1942,0,0,0,F,0,20T59,SUNSET BL,VAN NESS AV,20,E,N,A,-,N,NA,NA,NA,NA,NA,NA,NA,NA,NA,N,4,0,1,2,A,-,03,22350,NA,F,C,G,A,A,H,-,C,D,0,NA,Y,NA,NA,Y,NA,-,99,0,0,1,0,0,0,1,0,0,-,-,NA,NA,LOS ANGELES,LOS ANGELES,-118.31571406,34.09805
8111558,2016,2016-08-31,1942,2016-08-08,1920,42335,0132,1,5,7,1942,0,0,0,A,0,1A29,FIGUEROA ST,3RD ST,35,S,N,A,-,N,NA,NA,NA,NA,NA,NA,NA,NA,NA,Y,3,0,3,2,A,-,12,21453,A,N,D,C,A,A,H,-,B,A,0,NA,NA,NA,NA,Y,NA,A,01,0,3,0,0,0,0,0,0,0,-,-,NA,NA,LOS ANGELES,LOS ANGELES,-118.25468141,34.05493463
8111559,2016,2016-08-31,1942,2016-08-08,0330,37611,0111,1,5,7,1942,0,0,0,A,0,13T53,SUNSET BL,FIGUEROA ST,28,W,N,A,-,N,NA,NA,NA,NA,NA,NA,NA,NA,NA,N,4,0,1,2,A,-,03,22350,NA,F,C,C,A,A,H,-,C,A,0,NA,NA,NA,NA,Y,NA,-,99,0,0,1,0,0,0,0,0,0,-,-,NA,NA,LOS ANGELES,LOS ANGELES,-118.2463752,34.06271433
8111561,2016,2016-10-06,1942,2016-08-12,1535,42319,724,5,5,7,1942,0,0,0,NA,0,7A85,BEVERLY BL,FAIRFAX AV,0,NA,Y,A,-,N,NA,NA,NA,NA,NA,NA,NA,NA,NA,Y,3,0,2,2,A,-,08,22107,NA,N,D,C,A,A,H,-,A,A,0,NA,NA,NA,NA,Y,NA,A,01,0,2,0,0,0,0,0,0,0,-,-,NA,NA,LOS ANGELES,LOS ANGELES,-118.3614601,34.07610002
8111562,2016,2016-09-01,1942,2016-08-17,0905,37398,0105,3,5,7,1942,0,0,0,A,0,11T32,SOLANO,N BROADWAY,0,NA,Y,A,-,N,NA,NA,NA,NA,NA,NA,NA,NA,NA,N,4,0,1,2,A,-,10,21950,A,N,D,B,B,A,H,-,A,A,0,Y,NA,NA,NA,Y,NA,A,01,0,0,1,0,1,0,0,0,0,-,-,NA,NA,LOS ANGELES,LOS ANGELES,-118.23016011,34.07100012
8111563,2016,2016-08-31,1942,2016-08-19,0530,37540,1137,5,5,7,1942,0,0,0,K,0,11T32,AVENUE 53,MONTE VISTA ST,0,NA,Y,A,-,N,NA,NA,NA,NA,NA,NA,NA,NA,NA,N,4,0,1,2,A,-,09,21802,A,N,-,C,A,A,H,-,C,A,0,NA,NA,NA,NA,Y,NA,A,07,0,0,1,0,0,0,0,0,0,-,-,NA,NA,LOS ANGELES,LOS ANGELES,-118.19976013,34.10914002
8111564,2016,2016-11-03,1956,2016-08-18,0310,1328,42,4,5,5,1956,0,0,0,NA,0,005,ARTESIA BL,RINGE LN,400,W,N,A,-,N,NA,NA,NA,NA,NA,NA,NA,NA,NA,Y,4,0,1,1,A,-,07,21658,A,N,A,I,A,A,H,-,C,D,0,NA,NA,NA,NA,Y,NA,A,01,0,0,1,0,0,0,0,0,0,-,-,NA,NA,LOS ANGELES,REDONDO BEACH,-118.37407529,33.8729
8111565,2016,2016-08-31,1942,2016-08-05,0700,41718,0765,5,5,7,1942,0,0,0,G,0,765,LA BREA,12TH ST,25,S,N,A,-,N,NA,NA,NA,NA,NA,NA,NA,NA,NA,N,4,0,1,2,A,-,00,23350,NA,N,C,C,A,-,H,-,-,D,0,NA,NA,NA,NA,Y,NA,A,01,0,0,1,0,0,0,0,0,0,-,-,NA,NA,LOS ANGELES,LOS ANGELES,-118.34364526,34.05330474
8111566,2016,2016-09-01,1942,2016-08-08,1055,40008,0246,1,5,7,1942,0,0,0,B,0,2TL25,S ALVARADO ST,MARYLAND ST,70,N,N,A,-,N,NA,NA,NA,NA,NA,NA,NA,NA,NA,N,4,0,1,2,A,-,03,22350,NA,F,C,C,A,A,H,-,A,D,0,NA,NA,NA,NA,Y,NA,-,99,0,0,1,0,0,0,0,0,0,-,-,NA,NA,LOS ANGELES,LOS ANGELES,-118.27363473,34.06147082
8111567,2016,2016-08-31,1942,2016-08-19,0715,40592,1137,5,5,7,1942,0,0,0,K,0,11T25,ALDAMA ST,AVENUE 56,0,NA,Y,A,-,N,NA,NA,NA,NA,NA,NA,NA,NA,NA,N,4,0,1,2,A,-,09,21802,A,N,G,B,B,A,H,-,A,A,0,Y,NA,NA,NA,Y,NA,A,01,0,0,1,0,1,0,0,0,0,-,-,NA,NA,LOS ANGELES,LOS ANGELES,-118.1977901,34.113920040000004
8111568,2016,2016-11-07,1920,2016-08-10,2034,11859,1920,3,5,6,1920,0,0,0,NA,0,003,PARAMOUNT BL,GALLATIN RD,795,N,N,A,-,N,NA,NA,NA,NA,NA,NA,NA,NA,NA,Y,4,0,2,2,A,-,09,21802,A,N,D,C,A,A,H,-,C,D,0,NA,NA,NA,NA,Y,NA,A,01,0,0,2,0,0,0,0,0,0,-,-,NA,NA,LOS ANGELES,DOWNEY,-118.12140223,33.96346482
8111569,2016,2016-08-31,1942,2016-08-24,1135,39022,1465,3,5,7,1942,0,0,0,N,0,8TL26,JEFFERSON BL,MESMER AV,0,NA,Y,A,-,N,NA,NA,NA,NA,NA,NA,NA,NA,NA,Y,4,0,2,2,A,-,03,22350,NA,F,B,C,A,A,H,-,A,D,0,NA,NA,NA,NA,Y,Y,A,01,0,0,2,0,0,0,0,0,0,-,-,NA,NA,LOS ANGELES,LOS ANGELES,-118.40124009,33.98637003
8111570,2016,2016-09-01,1942,2016-08-21,0230,37611,1371,7,5,7,1942,0,0,0,M,0,13T53,MAIN ST,54TH ST,129,N,N,A,-,N,NA,NA,NA,NA,NA,NA,NA,NA,NA,N,2,0,1,3,A,-,08,22107,NA,F,D,G,A,A,H,-,C,D,0,NA,Y,NA,NA,Y,Y,L,04,1,0,0,0,0,0,1,0,0,-,-,NA,NA,LOS ANGELES,LOS ANGELES,-118.27397,33.99368379
8111571,2016,2016-10-18,1942,2016-08-15,1915,35967,1186,1,5,7,1942,0,0,0,K,0,11A37,STADIUM WY,ELYSIAN PARK DR,250,N,N,A,-,N,NA,NA,NA,NA,NA,NA,NA,NA,NA,Y,3,0,2,2,A,-,09,21801,A,N,D,C,A,A,H,-,B,D,0,NA,NA,NA,NA,Y,NA,-,NA,0,1,1,0,0,0,0,0,0,-,-,NA,NA,LOS ANGELES,LOS ANGELES,-118.24252015,34.08661523
8111572,2016,2016-09-01,1956,2016-08-11,1843,1327,67,4,5,5,1956,0,0,0,NA,0,005,MANHATTAN BEACH BL,RINDGE LN,0,NA,Y,A,-,N,NA,NA,NA,NA,NA,NA,NA,NA,NA,Y,3,0,2,2,A,-,12,21453,A,N,D,C,A,A,H,-,A,A,0,NA,NA,NA,NA,Y,NA,A,01,0,2,0,0,0,0,0,0,0,-,-,NA,NA,LOS ANGELES,REDONDO BEACH,-118.37282001,33.88746002
8111573,2016,2016-08-31,1942,2016-08-10,1050,37857,2081,3,5,7,1942,0,0,0,NA,0,20A39,VENICE BL,WESTERN AV,0,NA,Y,A,-,N,NA,NA,NA,NA,NA,NA,NA,NA,NA,N,3,0,1,2,A,-,08,22100,A,N,G,G,A,A,H,-,A,A,0,NA,Y,NA,NA,Y,NA,A,01,0,1,0,0,0,0,1,0,0,-,-,NA,NA,LOS ANGELES,LOS ANGELES,-118.30903013,34.04357006
8111575,2016,2016-08-31,1942,2016-08-15,1520,39443,0245,1,5,7,1942,0,0,0,B,0,11A1,LAKE ST,6TH ST,250,N,N,A,-,N,NA,NA,NA,NA,NA,NA,NA,NA,NA,N,4,0,1,1,B,-,22,NA,NA,N,H,-,A,A,H,-,A,D,0,NA,Y,NA,NA,Y,NA,L,04,0,0,1,0,0,0,1,0,0,-,-,NA,NA,LOS ANGELES,LOS ANGELES,-118.27566374,34.06067166
8111576,2016,2016-09-01,1956,2016-08-18,0902,1257,29,4,5,5,1956,0,0,0,NA,0,002,N LUCIA AV,190TH ST,48,S,N,A,B,N,NA,NA,NA,NA,NA,NA,NA,NA,NA,N,3,0,1,1,A,-,03,22350,NA,N,A,I,A,A,H,-,A,D,0,NA,Y,NA,NA,Y,NA,L,04,0,1,0,0,0,0,1,0,0,-,-,NA,NA,LOS ANGELES,REDONDO BEACH,-118.389497,33.854386
8111577,2016,2016-08-31,1942,2016-08-02,2120,37618,1209,2,5,7,1942,0,0,0,L,0,12T41,W 48TH ST,FIGUEROA ST,500,W,N,A,-,N,NA,NA,NA,NA,NA,NA,NA,NA,NA,Y,4,0,1,2,A,-,01,23152,A,F,B,C,A,A,H,-,C,D,0,NA,NA,NA,NA,Y,Y,A,01,0,0,1,0,0,0,0,0,0,-,-,NA,NA,LOS ANGELES,LOS ANGELES,-118.28436635,33.99963702
8111579,2016,2016-08-31,1942,2016-08-16,1845,40126,NA,2,5,7,1942,0,0,0,NA,0,NA,SANTA MONICA BL,HOOVER ST,0,NA,Y,A,-,N,NA,NA,NA,NA,NA,NA,NA,NA,NA,N,4,0,1,2,A,-,12,21453,A,F,D,C,A,A,H,-,A,A,0,NA,NA,NA,NA,Y,NA,A,NA,0,0,1,0,0,0,0,0,0,-,-,NA,NA,LOS ANGELES,LOS ANGELES,-118.28451013,34.0908801
8111583,2016,2016-10-18,1942,2016-08-04,1840,42212,NORTH,4,5,7,1942,0,0,0,NA,0,11A58,BROADWAY,ALPINE,0,NA,Y,A,-,N,NA,NA,NA,NA,NA,NA,NA,NA,NA,N,4,0,1,3,A,-,09,21801,A,N,D,C,A,A,H,-,A,A,0,NA,NA,NA,NA,Y,NA,-,-,0,0,1,0,0,0,0,0,0,-,-,NA,NA,LOS ANGELES,LOS ANGELES,-118.23834004,34.06236001
8111584,2016,2016-08-31,1942,2016-08-19,0900,41307,0132,5,5,7,1942,0,0,0,A,0,1A61,FIGUEROA,2ND ST,12,E,N,A,-,N,NA,NA,NA,NA,NA,NA,NA,NA,NA,N,4,0,1,2,A,-,10,21950,A,N,G,B,B,A,H,-,A,A,0,Y,NA,NA,NA,Y,NA,A,01,0,0,1,0,1,0,0,0,0,-,-,NA,NA,LOS ANGELES,LOS ANGELES,-118.25309471,34.05657529
8111585,2016,2016-08-31,1942,2016-08-10,1420,37857,2029,3,5,7,1942,0,0,0,NA,0,20A39,LA FAYETTE PARK PL,WILSHIRE BL,150,N,N,A,-,N,NA,NA,NA,NA,NA,NA,NA,NA,NA,N,4,0,2,2,A,-,21,22106,NA,N,G,B,A,A,H,-,A,A,0,NA,NA,NA,NA,Y,NA,A,01,0,0,2,0,0,0,0,0,0,-,-,NA,NA,LOS ANGELES,LOS ANGELES,-118.28303374,34.06171134
8111586,2016,2016-11-02,1942,2016-08-16,0815,39010,1184,2,5,7,1942,0,0,0,K,0,11TL21,SUTHERLAND ST,SUNSET BL,84,N,N,A,-,N,NA,NA,NA,NA,NA,NA,NA,NA,NA,Y,3,0,1,3,A,-,00,22518,A,N,B,B,E,A,H,-,A,D,0,Y,NA,NA,NA,Y,NA,N,60,0,1,0,0,1,0,0,0,0,-,-,NA,NA,LOS ANGELES,LOS ANGELES,-118.25337227,34.07529438
8111587,2016,2016-08-31,1942,2016-08-09,1745,34458,0159,2,5,7,1942,0,0,0,A,0,2TL28,ALAMEDA ST,7TH ST,0,NA,Y,A,-,N,NA,NA,NA,NA,NA,NA,NA,NA,NA,Y,3,0,2,2,A,-,12,21453,A,N,D,C,A,A,H,-,A,A,0,NA,NA,NA,NA,Y,NA,A,01,0,2,0,0,0,0,0,0,0,-,-,NA,NA,LOS ANGELES,LOS ANGELES,-118.23864,34.03505
8111588,2016,2016-09-01,1920,2016-08-07,1153,11992,NA,7,5,6,1920,0,0,0,NA,0,006,IMPERIAL HWY,BROOKSHIRE AV,0,NA,Y,A,-,N,NA,NA,NA,NA,NA,NA,NA,NA,NA,Y,3,0,2,2,A,-,09,21801,A,N,D,C,A,A,H,-,A,A,0,NA,NA,NA,NA,Y,NA,A,01,0,2,0,0,0,0,0,0,0,-,-,NA,NA,LOS ANGELES,DOWNEY,-118.14386002,33.91985003
8111589,2016,2016-08-31,1942,2016-08-03,2050,24475,2093,3,5,7,1942,0,0,0,NA,0,6T7,WESTERN AV,WASHINGTON BL,0,NA,Y,A,-,N,NA,NA,NA,NA,NA,NA,NA,NA,NA,N,4,0,1,2,A,-,12,21453,A,F,D,G,A,A,H,-,C,A,0,NA,Y,NA,NA,Y,Y,-,99,0,0,1,0,0,0,1,0,0,-,-,NA,NA,LOS ANGELES,LOS ANGELES,-118.3089901,34.03992004
8111590,2016,2016-09-01,1942,2016-08-17,1430,40726,1127,3,5,7,1942,0,0,0,K,0,2T28,FIGUEROA ST,YORK BL,0,NA,Y,A,-,N,NA,NA,NA,NA,NA,NA,NA,NA,NA,N,3,0,2,3,A,-,09,21801,A,N,A,C,A,A,H,-,A,A,0,NA,NA,NA,NA,Y,NA,A,07,0,1,1,0,0,0,0,0,0,-,-,NA,NA,LOS ANGELES,LOS ANGELES,-118.18434006,34.11550002
8111591,2016,2016-08-31,1942,2016-08-09,1553,27512,0158,2,5,7,1942,0,0,0,A,0,1X92,6TH ST,STANFORD ST,0,NA,Y,A,-,N,NA,NA,NA,NA,NA,NA,NA,NA,NA,Y,4,0,1,2,A,-,09,21802,A,N,A,C,A,A,H,-,A,A,0,NA,NA,NA,NA,Y,NA,A,08,0,0,1,0,0,0,0,0,0,-,-,NA,NA,LOS ANGELES,LOS ANGELES,-118.24282002,34.04076007
8111592,2016,2016-09-01,1920,2016-08-08,1440,11992,NA,1,5,6,1920,0,0,0,NA,0,001,FIRESTONE BL,WOODRUFF AV,0,NA,Y,A,-,N,NA,NA,NA,NA,NA,NA,NA,NA,NA,N,4,0,1,2,A,-,12,21453,A,M,D,G,A,A,H,-,A,A,0,NA,Y,NA,NA,Y,NA,A,01,0,0,1,0,0,0,1,0,0,-,-,NA,NA,LOS ANGELES,DOWNEY,-118.11787013,33.93243009
8111593,2016,2016-08-31,1942,2016-08-03,1605,38380,0666,3,5,7,1942,0,0,0,F,0,7TL72,SUNSET BL,SCHRADER BL,0,NA,Y,A,-,N,NA,NA,NA,NA,NA,NA,NA,NA,NA,Y,4,0,1,2,D,-,00,NA,NA,N,B,C,A,A,H,-,A,A,0,NA,NA,Y,NA,Y,NA,-,-,0,0,1,0,0,0,0,0,1,-,-,NA,NA,LOS ANGELES,LOS ANGELES,-118.33245006,34.09799005
8111594,2016,2016-09-01,1942,2016-08-08,1735,38171,0218,1,5,7,1942,0,0,0,B,0,4T4,SUNSET BL,DOUGLAS ST,0,NA,Y,A,-,N,NA,NA,NA,NA,NA,NA,NA,NA,NA,Y,4,0,1,2,A,-,09,21801,A,F,A,C,A,A,H,-,A,A,0,NA,NA,NA,NA,Y,NA,-,99,0,0,1,0,0,0,0,0,0,-,-,NA,NA,LOS ANGELES,LOS ANGELES,-118.25198003,34.07419004
8111595,2016,2016-08-31,1942,2016-08-09,2305,41463,111,2,5,7,1942,0,0,0,K,0,1X27,HILL ST,ALPINE ST,0,NA,Y,A,-,N,NA,NA,NA,NA,NA,NA,NA,NA,NA,N,3,0,1,2,A,-,03,22350,NA,F,A,B,B,A,H,-,C,A,0,Y,NA,NA,NA,Y,NA,-,99,0,1,0,0,1,0,0,0,0,-,-,NA,NA,LOS ANGELES,LOS ANGELES,-118.23957008,34.06277011
8111596,2016,2016-09-01,1920,2016-08-10,1549,12476,NA,3,5,6,1920,0,0,0,NA,0,001,LAKEWOOD BL,FIRESTONE BL,0,NA,Y,A,-,N,NA,NA,NA,NA,NA,NA,NA,NA,NA,Y,4,0,2,2,A,-,09,21801,A,N,D,C,A,A,H,-,A,A,0,NA,NA,NA,NA,Y,NA,A,07,0,0,2,0,0,0,0,0,0,-,-,NA,NA,LOS ANGELES,DOWNEY,-118.12402003,33.93553004
8111597,2016,2016-08-31,1942,2016-08-16,1850,42092,0656,2,5,7,1942,0,0,0,F,0,6A48,VINE ST,SANTA MONICA BL,40,S,N,A,-,N,NA,NA,NA,NA,NA,NA,NA,NA,NA,N,3,0,1,2,A,-,17,22109,NA,F,C,G,A,A,H,-,A,A,0,NA,Y,NA,NA,Y,NA,-,99,0,1,0,0,0,0,1,0,0,-,-,NA,NA,LOS ANGELES,LOS ANGELES,-118.32661439,34.09063036
8111598,2016,2016-11-02,1942,2016-08-04,1505,40726,0139,4,5,7,1942,0,0,0,A,0,11T32,2ND ST,ROSE ST,0,NA,Y,A,-,N,NA,NA,NA,NA,NA,NA,NA,NA,NA,Y,4,0,1,2,A,-,09,21801,A,N,A,C,A,A,H,-,A,D,0,NA,NA,NA,NA,Y,NA,A,07,0,0,1,0,0,0,0,0,0,-,-,NA,NA,LOS ANGELES,LOS ANGELES,-118.23710005,34.04717009
8111599,2016,2016-08-31,1942,2016-08-04,0855,38050,0195,4,5,7,1942,0,0,0,A,0,1TL11,BROADWAY,15TH ST,0,NA,Y,A,-,N,NA,NA,NA,NA,NA,NA,NA,NA,NA,N,4,0,2,2,A,-,09,21802,A,N,D,C,A,A,H,-,A,D,0,NA,NA,NA,NA,Y,NA,A,01,0,0,2,0,0,0,0,0,0,-,-,NA,NA,LOS ANGELES,LOS ANGELES,-118.263,34.03487
8111600,2016,2016-09-01,1920,2016-08-10,2229,11859,1920,3,5,6,1920,0,0,0,NA,0,006,GARDENDALE ST,PARAMOUNT BL,0,NA,Y,A,-,N,NA,NA,NA,NA,NA,NA,NA,NA,NA,Y,3,0,1,2,A,-,09,21801,A,N,D,C,A,A,H,-,C,A,0,NA,NA,NA,NA,Y,NA,A,07,0,1,0,0,0,0,0,0,0,-,-,NA,NA,LOS ANGELES,DOWNEY,-118.15702001,33.91741003
8111601,2016,2016-09-01,1920,2016-08-01,1742,12611,NA,1,5,6,1920,0,0,0,NA,0,006,LAKEWOOD BL,FIRESTONE BL,0,NA,Y,A,-,N,NA,NA,NA,NA,NA,NA,NA,NA,NA,Y,4,0,2,2,A,-,09,21801,A,N,A,C,A,A,H,-,A,A,0,NA,NA,NA,NA,Y,NA,-,NA,0,0,2,0,0,0,0,0,0,-,-,NA,NA,LOS ANGELES,DOWNEY,-118.12402003,33.93553004
8111605,2016,2016-09-01,1920,2016-08-03,0925,11992,NA,3,5,6,1920,0,0,0,NA,0,005,DOWNEY AV,FIRESTONE BL,0,NA,Y,A,-,N,NA,NA,NA,NA,NA,NA,NA,NA,NA,N,4,0,1,2,A,-,09,21804,A,N,D,G,A,A,H,-,A,A,0,NA,Y,NA,NA,Y,NA,L,04,0,0,1,0,0,0,1,0,0,-,-,NA,NA,LOS ANGELES,DOWNEY,-118.13318004,33.94007006
8111609,2016,2016-09-01,1920,2016-08-03,1532,12476,NA,3,5,6,1920,0,0,0,NA,0,004,FLORENCE AV,LESTERFORD AV,50,E,N,A,-,N,NA,NA,NA,NA,NA,NA,NA,NA,NA,Y,4,0,1,3,A,-,03,22350,NA,N,C,C,A,A,H,-,A,D,0,NA,NA,NA,NA,Y,NA,A,01,0,0,1,0,0,0,0,0,0,-,-,NA,NA,LOS ANGELES,DOWNEY,-118.10284745,33.94018158
8111613,2016,2016-09-01,1920,2016-08-05,2129,12323,NA,5,5,6,1920,0,0,0,NA,0,006,BROOKSHIRE AV,IMPERIAL HWY,336,N,N,A,-,N,NA,NA,NA,NA,NA,NA,NA,NA,NA,Y,4,0,1,2,A,-,21,22106,NA,N,D,C,A,A,H,-,C,D,0,NA,NA,Y,NA,Y,NA,A,01,0,0,1,0,0,0,0,0,1,-,-,NA,NA,LOS ANGELES,DOWNEY,-118.14324874,33.92061763
8111617,2016,2016-09-01,1920,2016-08-05,0738,12476,NA,5,5,6,1920,0,0,0,NA,0,006,DOWNEY AV,COLE ST,80,S,N,A,B,N,NA,NA,NA,NA,NA,NA,NA,NA,NA,Y,4,0,2,3,A,-,09,21802,NA,N,B,C,A,A,H,-,A,A,0,NA,NA,NA,NA,Y,NA,A,07,0,0,2,0,0,0,0,0,0,-,-,NA,NA,LOS ANGELES,DOWNEY,-118.13962087,33.9308647