CASE_ID,ACCIDENT_YEAR,PROC_DATE,JURIS,COLLISION_DATE,COLLISION_TIME,OFFICER_ID,REPORTING_DISTRICT,DAY_OF_WEEK,CHP_SHIFT,POPULATION,CNTY_CITY_LOC,SPECIAL_COND,BEAT_TYPE,CHP_BEAT_TYPE,CITY_DIVISION_LAPD,CHP_BEAT_CLASS,BEAT_NUMBER,PRIMARY_RD,SECONDARY_RD,DISTANCE,DIRECTION,INTERSECTION,WEATHER_1,WEATHER_2,STATE_HWY_IND,CALTRANS_COUNTY,CALTRANS_DISTRICT,STATE_ROUTE,ROUTE_SUFFIX,POSTMILE_PREFIX,POSTMILE,LOCATION_TYPE,RAMP_INTERSECTION,SIDE_OF_HWY,TOW_AWAY,COLLISION_SEVERITY,NUMBER_KILLED,NUMBER_INJURED,PARTY_COUNT,PRIMARY_COLL_FACTOR,PCF_CODE_OF_VIOL,PCF_VIOL_CATEGORY,PCF_VIOLATION,PCF_VIOL_SUBSECTION,HIT_AND_RUN,TYPE_OF_COLLISION,MVIW,PED_ACTION,ROAD_SURFACE,ROAD_COND_1,ROAD_COND_2,LIGHTING,CONTROL_DEVICE,CHP_ROAD_TYPE,PEDESTRIAN_ACCIDENT,BICYCLE_ACCIDENT,MOTORCYCLE_ACCIDENT,TRUCK_ACCIDENT,NOT_PRIVATE_PROPERTY,ALCOHOL_INVOLVED,STWD_VEHTYPE_AT_FAULT,CHP_VEHTYPE_AT_FAULT,COUNT_SEVERE_INJ,COUNT_VISIBLE_INJ,COUNT_COMPLAINT_PAIN,COUNT_PED_KILLED,COUNT_PED_INJURED,COUNT_BICYCLIST_KILLED,COUNT_BICYCLIST_INJURED,COUNT_MC_KILLED,COUNT_MC_INJURED,PRIMARY_RAMP,SECONDARY_RAMP,LATITUDE,LONGITUDE,COUNTY,CITY,POINT_X,POINT_Y
81123164,2019,2019-11-19,1933,2019-11-10,0532,1036,05,7,5,6,1933,0,0,0,NA,0,001,LA BREA AV,HYDE PARK BLVD,245,S,N,A,-,N,NA,NA,NA,NA,NA,NA,NA,NA,NA,Y,4,0,3,2,A,-,03,22350,NA,N,C,C,A,A,H,-,A,D,0,NA,NA,NA,NA,Y,NA,A,01,0,0,3,0,0,0,0,0,0,-,-,33.97132110595703,-118.35738372802734,LOS ANGELES,INGLEWOOD,-118.3570556640625,33.970703125
8112337,2016,2016-09-01,1900,2016-07-28,2200,532734,0975,4,5,4,1979,0,0,0,NA,0,93T2,SANTA MONICA BL,LAUREL AV,26,E,N,A,-,N,NA,NA,NA,NA,NA,NA,NA,NA,NA,Y,4,0,1,4,A,-,01,23152,A,N,C,C,A,A,H,-,C,A,0,NA,NA,NA,NA,Y,Y,A,07,0,0,1,0,0,0,0,0,0,-,-,NA,NA,LOS ANGELES,WEST HOLLYWOOD,-118.36478432,34.09080204
8112341,2016,2016-09-01,1900,2016-07-29,0857,443069,0973,5,5,4,1979,0,0,0,NA,0,92T1,FOUNTAIN AV,FULLER AV,73,E,N,A,-,N,NA,NA,NA,NA,NA,NA,NA,NA,NA,Y,4,0,2,3,A,-,04,21703,NA,N,C,C,A,A,H,-,A,D,0,NA,NA,NA,NA,Y,NA,A,01,0,0,2,0,0,0,0,0,0,-,-,NA,NA,LOS ANGELES,WEST HOLLYWOOD,-118.34985934,34.09437
8112345,2016,2016-09-01,1900,2016-07-29,0733,443069,0973,5,5,4,1979,0,0,0,NA,0,92T1,SANTA MONICA BL,LA BREA AV,11,W,N,A,-,N,NA,NA,NA,NA,NA,NA,NA,NA,NA,N,4,0,1,2,A,-,12,21453,A,N,D,G,A,A,H,-,A,A,0,NA,Y,NA,NA,Y,NA,L,04,0,0,1,0,0,0,1,0,0,-,-,NA,NA,LOS ANGELES,WEST HOLLYWOOD,-118.34411626,34.0907
8112346,2016,2017-02-18,1900,2016-08-02,1701,535053,1087,2,5,3,1995,0,0,0,NA,0,101T1,RT 1,CROSSCREEK RD,1584,S,N,A,-,Y,LA,7,1,-,-,46.79,H,-,S,Y,4,0,1,5,A,-,03,22350,NA,N,B,E,A,A,H,-,A,D,0,NA,NA,NA,NA,Y,NA,A,01,0,0,1,0,0,0,0,0,0,-,-,NA,NA,LOS ANGELES,MALIBU,-118.68048722,34.03497117
8112349,2016,2016-09-01,1900,2016-07-27,1338,443069,0973,3,5,4,1979,0,0,0,NA,0,92T1,SANTA MONICA BL,VISTA ST,100,E,N,A,-,N,NA,NA,NA,NA,NA,NA,NA,NA,NA,Y,4,0,7,4,A,-,05,21650,NA,N,A,C,A,A,H,-,A,D,0,NA,NA,NA,NA,Y,NA,A,01,0,0,7,0,0,0,0,0,0,-,-,NA,NA,LOS ANGELES,WEST HOLLYWOOD,-118.35246039,34.09077628
8112350,2016,2017-02-18,1900,2016-08-10,1359,529688,1012,3,5,3,1995,0,0,0,NA,0,101TY,RT 1,MEADOWS CT,180,S,N,A,-,Y,LA,7,1,-,-,51.96,H,-,N,Y,3,0,1,2,A,-,09,21804,A,N,B,C,A,A,H,-,A,D,0,NA,NA,NA,NA,Y,NA,A,08,0,1,0,0,0,0,0,0,0,-,-,34.133,-118.464,LOS ANGELES,MALIBU,-118.76940051,34.02569339
8112351,2016,2017-02-18,1900,2016-08-22,0740,471285,0530,1,5,5,1959,0,0,0,NA,0,53T1AM,ROSEMEAD BL,DE ADALENA ST,19,N,N,A,-,Y,LA,7,164,-,-,5.94,H,-,S,Y,3,0,1,2,A,-,06,21755,A,N,C,C,A,A,H,-,A,D,0,NA,NA,Y,NA,Y,NA,C,02,0,1,0,0,0,0,0,0,1,-,-,NA,NA,LOS ANGELES,ROSEMEAD,-118.07318842,34.07681698
8112353,2016,2016-11-03,1900,2016-07-26,0846,453022,0975,2,5,4,1979,0,0,0,NA,0,91A,FOUNTAIN AV,HAYWORTH AV,0,NA,Y,A,-,N,NA,NA,NA,NA,NA,NA,NA,NA,NA,Y,4,0,1,4,A,-,09,21802,A,N,D,C,A,A,H,-,A,A,0,NA,NA,NA,NA,Y,NA,A,01,0,0,1,0,0,0,0,0,0,-,-,NA,NA,LOS ANGELES,WEST HOLLYWOOD,-118.36301012,34.09445011
8112357,2016,2016-11-07,1900,2016-07-27,2103,534572,0975,3,5,4,1979,0,0,0,NA,0,93T1,FAIRFAX AV,ROMAINE ST,5,S,N,A,-,N,NA,NA,NA,NA,NA,NA,NA,NA,NA,N,4,0,1,2,A,-,10,21950,A,N,G,B,B,A,H,-,A,D,0,Y,NA,NA,NA,Y,NA,-,-,0,0,1,0,1,0,0,0,0,-,-,NA,NA,LOS ANGELES,WEST HOLLYWOOD,-118.36154988,34.08876629
8112361,2016,2016-09-01,1920,2016-07-24,0740,12609,NA,7,5,6,1920,0,0,0,NA,0,NA,MULLER ST,OLD RIVER SCHOOL RD,458,E,N,A,-,N,NA,NA,NA,NA,NA,NA,NA,NA,NA,Y,3,0,1,2,A,-,01,23152,A,N,B,E,A,A,H,-,A,A,0,NA,NA,NA,NA,Y,Y,A,01,0,1,0,0,0,0,0,0,0,-,-,NA,NA,LOS ANGELES,DOWNEY,-118.14327576,33.95266368
8112362,2016,2016-09-27,1900,2016-08-08,1305,279461,0454,1,5,6,1949,0,0,0,NA,0,43T1D,IMPERIAL HWY,PIONEER BL,100,E,N,A,-,N,NA,NA,NA,NA,NA,NA,NA,NA,NA,N,4,0,2,2,A,-,03,22350,NA,M,C,C,A,A,H,-,A,A,0,NA,NA,NA,NA,Y,NA,A,01,0,0,2,0,0,0,0,0,0,-,-,NA,NA,LOS ANGELES,NORWALK,-118.0815711,33.91709
8112363,2016,2017-02-18,1941,2016-08-16,1802,5462,NA,2,5,7,1941,0,0,0,NA,0,NA,PACIFIC COAST HWY,HAVANA AV,141,N,N,A,-,Y,LA,7,1,-,-,2.29,H,-,S,Y,3,0,2,2,A,-,03,22350,NA,N,C,C,A,A,H,-,A,D,0,NA,NA,NA,NA,Y,NA,A,NA,0,1,1,0,0,0,0,0,0,-,-,NA,NA,LOS ANGELES,LONG BEACH,-118.1265207,33.77805649
8112365,2016,2016-09-01,1920,2016-07-22,0956,10705,NA,5,5,6,1920,0,0,0,NA,0,005,LAKEWOOD BL,FIRESTONE BL,0,NA,Y,A,-,N,NA,NA,NA,NA,NA,NA,NA,NA,NA,Y,4,0,1,3,A,-,09,21801,A,N,D,C,A,A,H,-,A,A,0,NA,NA,NA,NA,Y,NA,-,NA,0,0,1,0,0,0,0,0,0,-,-,NA,NA,LOS ANGELES,DOWNEY,-118.12402003,33.93553004
8112366,2016,2017-02-22,1900,2016-08-11,1843,526282,1016,4,5,3,1995,0,0,0,NA,0,101T2,RT 1,CARBON CANYON RD,1056,N,N,A,-,Y,LA,7,1,-,-,45.16,H,-,N,Y,4,0,2,2,A,-,07,21658,A,N,C,E,A,A,H,-,A,D,0,NA,NA,NA,NA,Y,NA,A,01,0,0,2,0,0,0,0,0,0,-,-,34.02321,-118.39227,LOS ANGELES,MALIBU,-118.65351314,34.03869804
8112367,2016,2017-02-18,1941,2016-08-20,0309,10799,NA,6,5,7,1941,0,0,0,NA,0,NA,RT 710,POLE #10622,230,S,N,A,-,Y,LA,7,710,-,-,10.62,H,-,N,Y,3,0,2,2,A,-,01,23152,A,N,C,C,A,A,H,-,D,D,0,NA,NA,NA,NA,Y,Y,A,NA,0,1,1,0,0,0,0,0,0,-,-,NA,NA,LOS ANGELES,LONG BEACH,-118.20610778,33.84356725
8112369,2016,2016-09-27,1920,2016-07-26,0815,10705,NA,2,5,6,1920,0,0,0,NA,0,006,IMPERIAL HWY,DOWNEY AV,38,W,N,A,-,N,NA,NA,NA,NA,NA,NA,NA,NA,NA,Y,4,0,2,2,A,-,03,22350,NA,N,C,C,A,A,H,-,A,A,0,NA,NA,NA,NA,Y,NA,-,NA,0,0,2,0,0,0,0,0,0,-,-,NA,NA,LOS ANGELES,DOWNEY,-118.1469858,33.92136548
8112377,2016,2016-09-01,1920,2016-07-28,1403,10705,NA,4,5,6,1920,0,0,0,NA,0,001,LAKEWOOD BL,BELLFLOWER BL,0,NA,Y,A,-,N,NA,NA,NA,NA,NA,NA,NA,NA,NA,N,4,0,1,2,D,-,00,NA,NA,N,B,C,A,A,H,-,A,A,0,NA,NA,NA,NA,Y,NA,-,-,0,0,1,0,0,0,0,0,0,-,-,NA,NA,LOS ANGELES,DOWNEY,-118.12549014,33.93350003
8112381,2016,2016-09-01,1920,2016-07-28,1138,10705,NA,4,5,6,1920,0,0,0,NA,0,006,FIRESTONE BL,DOLAN AV,85,E,N,A,-,N,NA,NA,NA,NA,NA,NA,NA,NA,NA,N,3,0,1,3,A,-,03,22350,NA,N,C,C,A,A,H,-,A,D,0,NA,NA,NA,NA,Y,NA,-,NA,0,1,0,0,0,0,0,0,0,-,-,NA,NA,LOS ANGELES,DOWNEY,-118.13117255,33.93900688
8112387,2016,2016-09-27,1900,2016-08-18,1516,546256,0524,4,5,4,1971,0,0,0,NA,0,5251PM,RT 164,PENTLAND ST,288,S,N,A,-,N,NA,NA,NA,NA,NA,NA,NA,NA,NA,N,4,0,2,2,A,-,03,22350,NA,N,C,C,A,A,H,-,A,A,0,NA,NA,NA,NA,Y,NA,A,01,0,0,2,0,0,0,0,0,0,-,-,NA,NA,LOS ANGELES,TEMPLE CITY,-118.073324,34.092645
8112395,2016,2017-02-18,1944,2016-08-15,1811,345,SOUTH,1,5,4,1944,0,0,0,NA,0,003,SEPULVEDA BL,30TH ST,232,N,N,A,-,Y,LA,7,1,-,-,23.63,H,-,N,Y,4,0,3,2,A,-,03,22350,NA,N,C,C,A,A,H,-,A,D,0,NA,NA,NA,NA,Y,NA,A,01,0,0,3,0,0,0,0,0,0,-,-,NA,NA,LOS ANGELES,MANHATTAN BEACH,-118.39595718,33.89793693
8112399,2016,2017-02-18,1944,2016-08-10,1321,259,SOUTH,3,5,4,1944,0,0,0,NA,0,002,SEPULVEDA BL,14TH ST,0,NA,Y,A,-,Y,LA,7,1,-,-,23.021,I,5,S,Y,4,0,2,2,A,-,09,21801,A,N,D,D,A,A,H,-,A,D,0,NA,NA,NA,NA,Y,NA,A,01,0,0,2,0,0,0,0,0,0,-,-,NA,NA,LOS ANGELES,MANHATTAN BEACH,-118.39610188,33.88894983
8112403,2016,2017-03-04,1900,2016-08-19,1700,486618,0454,5,5,6,1949,0,0,0,NA,0,43T1,IMPERIAL HWY,FRONTAGE RD,0,NA,Y,A,-,Y,LA,7,5,-,-,5.221,R,4,S,Y,4,0,1,2,A,-,08,22100,B,N,B,D,A,A,E,-,A,A,0,NA,NA,NA,NA,Y,NA,A,01,0,0,1,0,0,0,0,0,0,-,-,NA,NA,LOS ANGELES,NORWALK,-118.08250451,33.920752
8112407,2016,2016-09-01,1900,2016-08-19,0052,516689,0462,5,5,4,1936,0,0,0,NA,0,46T1,ROSECRANS AV,CASTELLON RD,75,W,N,A,-,N,NA,NA,NA,NA,NA,NA,NA,NA,NA,Y,4,0,1,1,A,-,08,22107,NA,N,E,I,A,A,H,-,C,D,0,NA,NA,NA,NA,Y,NA,A,01,0,0,1,0,0,0,0,0,0,-,-,NA,NA,LOS ANGELES,LA MIRADA,-118.02406947,33.90218912
8112411,2016,2016-09-01,1900,2016-08-20,2230,529403,0466,6,5,4,1936,0,0,0,NA,0,46T2,FIRESTONE BL,PHOEBE AV,248,W,N,A,-,N,NA,NA,NA,NA,NA,NA,NA,NA,NA,Y,4,0,1,1,A,-,03,22350,NA,N,F,J,A,A,H,-,C,D,0,NA,NA,NA,NA,Y,NA,A,01,0,0,1,0,0,0,0,0,0,-,-,NA,NA,LOS ANGELES,LA MIRADA,-118.0223007,33.88074421
8112415,2016,2016-09-01,1900,2016-08-18,1715,466734,0454,4,5,6,1949,0,0,0,NA,0,45T2 P,PIONEER BL,ORANGE ST,0,NA,Y,A,-,N,NA,NA,NA,NA,NA,NA,NA,NA,NA,Y,4,0,3,2,A,-,09,21801,A,N,D,C,A,A,H,-,A,A,0,NA,NA,NA,NA,Y,NA,A,07,0,0,3,0,0,0,0,0,0,-,-,NA,NA,LOS ANGELES,NORWALK,-118.0825801,33.90539002
8112423,2016,2016-09-01,1900,2016-08-04,1320,520746,0455,4,5,6,1949,0,0,0,NA,0,43T1D,PIONEER BL,163RD ST,67,S,N,A,-,N,NA,NA,NA,NA,NA,NA,NA,NA,NA,Y,4,0,1,1,A,-,08,22107,NA,N,E,I,A,A,H,-,A,D,0,NA,NA,NA,NA,Y,NA,A,01,0,0,1,0,0,0,0,0,0,-,-,NA,NA,LOS ANGELES,NORWALK,-118.08245,33.88349629
81124230,2019,2019-11-20,1933,2019-11-12,1858,969,17,2,5,6,1933,0,0,0,NA,0,002,GREVILLEA AV,HILLCREST BLVD (S),0,NA,Y,A,-,N,NA,NA,NA,NA,NA,NA,NA,NA,NA,Y,3,0,1,2,A,-,08,22107,NA,F,G,B,B,A,H,-,C,A,0,Y,NA,NA,NA,Y,NA,A,01,0,1,0,0,1,0,0,0,0,-,-,33.956600189208984,-118.35485076904295,LOS ANGELES,INGLEWOOD,-118.35491943359376,33.956668853759766
81124231,2019,2019-11-20,1933,2019-11-18,0825,812,24,1,5,6,1933,0,0,0,NA,0,002,CENTURY BLVD,INGLEWOOD AV,0,NA,Y,A,-,N,NA,NA,NA,NA,NA,NA,NA,NA,NA,N,3,0,3,2,A,-,09,21801,A,F,A,C,A,A,D,-,A,A,0,NA,NA,NA,NA,Y,NA,A,07,0,2,1,0,0,0,0,0,0,-,-,33.945499420166016,-118.36134338378906,LOS ANGELES,INGLEWOOD,-118.3613510131836,33.945438385009766
8112427,2016,2017-03-04,1900,2016-08-21,1639,70314,0456,7,5,6,1949,0,0,0,NA,0,43T1,ROSECRANS AV,RT 5,33,E,N,A,-,Y,LA,7,5,-,-,3.383,R,4,S,N,3,0,2,2,A,-,03,22350,NA,N,C,C,A,A,H,-,A,A,0,NA,NA,NA,NA,Y,NA,A,01,0,1,1,0,0,0,0,0,0,-,SF,NA,NA,LOS ANGELES,NORWALK,-118.06074138,33.90156359
8112433,2016,2016-09-01,1900,2016-08-04,0815,444381,0975,4,5,4,1979,0,0,0,NA,0,90M2,FOUNTAIN AV,HAYWORTH AV,0,NA,Y,A,-,N,NA,NA,NA,NA,NA,NA,NA,NA,NA,N,4,0,2,2,A,-,09,21802,A,N,D,C,A,A,H,-,A,A,0,NA,NA,NA,NA,Y,NA,A,01,0,0,2,0,0,0,0,0,0,-,-,NA,NA,LOS ANGELES,WEST HOLLYWOOD,-118.36301012,34.09445011
8112437,2016,2016-09-01,1900,2016-08-19,0217,609125,0972,5,5,4,1979,0,0,0,NA,0,91T4,SANTA MONICA BL,DOHENY AV,0,NA,Y,A,-,N,NA,NA,NA,NA,NA,NA,NA,NA,NA,Y,4,0,1,2,A,-,09,21453,C,N,A,C,A,A,H,-,C,A,0,NA,NA,NA,NA,Y,NA,A,01,0,0,1,0,0,0,0,0,0,-,-,NA,NA,LOS ANGELES,WEST HOLLYWOOD,-118.38976013,34.08115002
8112441,2016,2016-09-01,1900,2016-08-08,1820,516588,0976,1,5,4,1979,0,0,0,NA,0,9313,SANTA MONICA BL,ORLANDO AV,19,E,N,A,-,N,NA,NA,NA,NA,NA,NA,NA,NA,NA,N,4,0,1,2,A,-,09,21801,A,N,D,G,A,A,H,-,A,D,0,NA,Y,NA,NA,Y,NA,-,NA,0,0,1,0,0,0,1,0,0,-,-,NA,NA,LOS ANGELES,WEST HOLLYWOOD,-118.37312746,34.09066284
8112505,2016,2017-02-28,1900,2016-07-29,2015,516547,1016,5,5,3,1995,0,0,0,NA,0,101T1P,RT 1,SERRA RD,3696,S,N,A,-,Y,LA,7,1,-,-,46.11,H,-,N,Y,3,0,3,2,A,-,05,21460,A,N,A,C,A,A,H,-,C,A,0,NA,NA,NA,NA,Y,NA,A,01,0,1,2,0,0,0,0,0,0,-,-,34.03938,-118.67008,LOS ANGELES,MALIBU,-118.66988875,34.03947197
8112509,2016,2017-03-04,1900,2016-07-29,0640,540702,1017,5,5,3,1995,0,0,0,NA,0,101,RT 1,LAS FLORES CANYON RD,1316,S,N,A,-,Y,LA,7,1,-,-,43.87,H,-,N,Y,4,0,1,3,A,-,08,22107,NA,N,C,E,A,A,H,-,A,D,0,NA,NA,NA,NA,Y,NA,A,01,0,0,1,0,0,0,0,0,0,-,-,34.03766,-118.63151,LOS ANGELES,MALIBU,-118.63173508,34.03764772
8112513,2016,2017-02-28,1900,2016-07-24,1341,548404,1012,7,5,3,1995,0,0,0,NA,0,101A,RT 1,WESTWARD BEACH RD,0,NA,Y,A,-,Y,LA,7,1,-,-,54.911,I,5,S,Y,3,0,1,2,A,-,09,21801,A,N,D,C,A,A,H,-,A,D,0,NA,NA,Y,NA,Y,NA,A,01,0,1,0,0,0,0,0,0,0,-,-,NA,NA,LOS ANGELES,MALIBU,-118.81628837,34.01732155
8112517,2016,2016-11-08,1942,2016-07-11,0725,32973,0195,1,5,7,1942,0,0,0,A,0,11T32,MAIN ST,18TH ST,0,NA,Y,A,-,N,NA,NA,NA,NA,NA,NA,NA,NA,NA,Y,4,0,2,2,A,-,12,21453,A,F,D,C,A,A,H,-,A,A,0,NA,NA,NA,NA,Y,NA,-,-,0,0,2,0,0,0,0,0,0,-,-,NA,NA,LOS ANGELES,LOS ANGELES,-118.26369004,34.03218001
8112529,2016,2016-11-03,1942,2016-06-25,2115,31542,0185,6,5,7,1942,0,0,0,A,0,4T43,W PICO BL,HILL ST,0,NA,Y,A,-,N,NA,NA,NA,NA,NA,NA,NA,NA,NA,Y,4,0,1,2,A,-,12,21453,A,N,D,C,A,A,H,-,C,A,0,NA,NA,NA,NA,Y,NA,-,-,0,0,1,0,0,0,0,0,0,-,-,NA,NA,LOS ANGELES,LOS ANGELES,-118.26216006,34.03765006
8112533,2016,2016-09-01,1942,2016-06-24,0955,40099,0182,5,5,7,1942,0,0,0,A,0,4TL45,FIGUEROA ST,OLYMPIC BL,0,NA,Y,A,-,N,NA,NA,NA,NA,NA,NA,NA,NA,NA,Y,4,0,1,2,A,-,09,21801,A,N,D,C,A,A,H,-,A,A,0,NA,NA,Y,NA,Y,NA,A,01,0,0,1,0,0,0,0,0,1,-,-,NA,NA,LOS ANGELES,LOS ANGELES,-118.26398007,34.04497003
8112534,2016,2016-09-01,1900,2016-07-28,1520,532734,0977,4,5,4,1979,0,0,0,NA,0,93T2,SAN VICENTE BL,HARRATT ST,35,S,N,A,-,N,NA,NA,NA,NA,NA,NA,NA,NA,NA,Y,4,0,1,2,A,-,04,21703,NA,N,C,C,A,A,H,-,A,A,0,NA,NA,NA,NA,Y,Y,A,01,0,0,1,0,0,0,0,0,0,-,-,NA,NA,LOS ANGELES,WEST HOLLYWOOD,-118.38561168,34.08934401
8112537,2016,2016-09-01,1942,2016-06-24,1140,39060,0127,5,5,7,1942,0,0,0,A,0,13TL53,TEMPLE ST,ALAMEDA ST,76,W,N,A,-,N,NA,NA,NA,NA,NA,NA,NA,NA,NA,N,3,0,1,2,A,-,05,21650,1,N,A,G,A,A,H,-,A,A,0,NA,Y,NA,NA,Y,NA,L,04,0,1,0,0,0,0,1,0,0,-,-,NA,NA,LOS ANGELES,LOS ANGELES,-118.23822695,34.05124746
8112538,2016,2016-09-01,1900,2016-07-28,1635,532734,0975,4,5,4,1979,0,0,0,NA,0,93T2,FAIRFAX AV,SANTA MONICA BL,60,S,N,A,-,N,NA,NA,NA,NA,NA,NA,NA,NA,NA,Y,4,0,1,3,A,-,04,21703,NA,N,C,C,A,A,H,-,A,A,0,NA,NA,NA,NA,Y,NA,A,01,0,0,1,0,0,0,0,0,0,-,-,NA,NA,LOS ANGELES,WEST HOLLYWOOD,-118.36152498,34.09068192
8112541,2016,2016-11-03,1942,2016-06-25,0900,39840,0185,6,5,7,1942,0,0,0,A,0,1A35,11TH ST,BROADWAY,0,NA,Y,A,-,N,NA,NA,NA,NA,NA,NA,NA,NA,NA,Y,4,0,4,2,A,-,12,21453,A,N,C,C,A,A,H,-,A,A,0,NA,NA,NA,NA,Y,NA,-,-,0,0,4,0,0,0,0,0,0,-,-,NA,NA,LOS ANGELES,LOS ANGELES,-118.25900006,34.03960011
8112545,2016,2016-09-01,1942,2016-06-27,1845,40493,0159,1,5,7,1942,0,0,0,A,0,1A12,ALAMEDA ST,5TH ST,75,S,N,A,-,N,NA,NA,NA,NA,NA,NA,NA,NA,NA,N,3,0,1,2,B,-,22,NA,NA,N,G,B,F,A,H,-,A,D,0,Y,NA,NA,NA,Y,NA,A,01,0,1,0,0,1,0,0,0,0,-,-,NA,NA,LOS ANGELES,LOS ANGELES,-118.238248,34.041203
8112546,2016,2016-09-01,1900,2016-07-28,1950,507777,2920,4,5,5,1990,0,0,0,NA,0,292K2,GOLDEN SPRINGS DR,CARPIO DR,0,NA,Y,A,-,N,NA,NA,NA,NA,NA,NA,NA,NA,NA,NA,4,0,1,2,A,-,08,22107,NA,N,A,C,A,A,H,-,B,A,0,NA,NA,NA,NA,Y,NA,A,01,0,0,1,0,0,0,0,0,0,-,-,NA,NA,LOS ANGELES,DIAMOND BAR,-117.79672008,34.0264601
8112549,2016,2016-09-01,1942,2016-06-24,2200,41753,0192,5,5,7,1942,0,0,0,A,0,1A41,FIGUEROA,VENICE,5,N,N,A,-,N,NA,NA,NA,NA,NA,NA,NA,NA,NA,N,4,0,1,2,A,-,12,21453,A,N,D,C,A,A,H,-,C,A,0,NA,NA,NA,NA,Y,NA,A,01,0,0,1,0,0,0,0,0,0,-,-,NA,NA,LOS ANGELES,LOS ANGELES,-118.27004177,34.03752188
8112553,2016,2016-09-01,1942,2016-06-27,1745,39761,0124,1,5,7,1942,0,0,0,A,0,11T32,1ST ST,BROADWAY,120,E,N,A,-,N,NA,NA,NA,NA,NA,NA,NA,NA,NA,N,4,0,3,2,A,-,04,21703,NA,N,C,C,A,A,H,-,A,D,0,NA,NA,NA,NA,Y,NA,A,07,0,0,3,0,0,0,0,0,0,-,-,NA,NA,LOS ANGELES,LOS ANGELES,-118.24523878,34.05343703
8112554,2016,2016-09-01,1900,2016-07-10,0300,526486,0976,7,5,4,1979,0,0,0,NA,0,91T3,LA CIENEGA BL,FOUNTAIN AV,0,NA,Y,A,-,N,NA,NA,NA,NA,NA,NA,NA,NA,NA,Y,4,0,2,2,A,-,01,23152,A,N,A,C,A,A,H,-,C,A,0,NA,NA,NA,NA,Y,Y,A,01,0,0,2,0,0,0,0,0,0,-,-,NA,NA,LOS ANGELES,WEST HOLLYWOOD,-118.37631,34.0925901
8112555,2016,2017-02-18,1941,2016-08-19,1218,6122,NA,5,5,7,1941,0,0,0,NA,0,NA,W PACIFIC COAST HWY,PACIFIC AV,0,NA,Y,A,-,Y,LA,7,1,-,-,6.511,I,5,S,N,3,0,1,2,A,-,08,22100,A,F,B,C,A,A,H,-,A,A,0,NA,NA,Y,NA,Y,NA,A,NA,0,1,0,0,0,0,0,0,1,-,-,NA,NA,LOS ANGELES,LONG BEACH,-118.19361906,33.78980805
8112558,2016,2016-09-01,1900,2016-07-13,1642,534341,2117,3,5,5,1943,0,0,0,NA,0,212T3,ATLANTIC BL,CARLIN AV,0,NA,Y,A,-,N,NA,NA,NA,NA,NA,NA,NA,NA,NA,N,4,0,1,2,A,-,10,21950,A,N,G,B,B,A,H,-,A,A,0,Y,NA,NA,NA,Y,NA,A,NA,0,0,1,0,1,0,0,0,0,-,-,NA,NA,LOS ANGELES,LYNWOOD,-118.19201005,33.91034007
8112561,2016,2016-09-07,1906,2016-08-04,1521,4405,1906,4,5,5,1906,0,0,0,NA,0,002,JOANBRIDGE ST,EDISON POLE #1128352E,45,E,N,A,-,N,NA,NA,NA,NA,NA,NA,NA,NA,NA,Y,3,0,1,2,A,-,09,21801,A,N,D,C,A,A,H,-,A,D,0,NA,NA,NA,NA,Y,NA,D,22,0,1,0,0,0,0,0,0,0,-,-,NA,NA,LOS ANGELES,BALDWIN PARK,NA,NA
8112563,2016,2016-09-01,1942,2016-06-29,1525,40858,0192,3,5,7,1942,0,0,0,A,0,1FB5,FLOWER ST,VENICE BL,0,NA,Y,A,-,N,NA,NA,NA,NA,NA,NA,NA,NA,NA,N,2,0,1,2,A,-,11,21456,B,N,G,B,B,A,H,-,A,A,0,Y,NA,NA,NA,Y,NA,N,60,1,0,0,0,1,0,0,0,0,-,-,NA,NA,LOS ANGELES,LOS ANGELES,-118.26883007,34.0369901
8112565,2016,2016-09-07,1906,2016-08-25,1631,2899,NA,4,5,5,1906,0,0,0,NA,0,001,RAMONA BL,BARNES AV,34,E,N,A,-,N,NA,NA,NA,NA,NA,NA,NA,NA,NA,Y,4,0,1,2,A,-,09,21453,C,N,D,C,A,-,H,-,A,A,0,NA,NA,NA,NA,Y,NA,A,08,0,0,1,0,0,0,0,0,0,-,-,NA,NA,LOS ANGELES,BALDWIN PARK,-117.99316186,34.07872433
8112568,2016,2016-09-01,1924,2016-06-04,1404,115352,46,6,5,5,1924,0,0,0,NA,0,8A31D,NORMANDIE AV,REDONDO BEACH BL,102,N,N,A,-,N,NA,NA,NA,NA,NA,NA,NA,NA,NA,N,4,0,1,1,A,-,03,22350,NA,N,E,I,A,A,H,-,A,D,0,NA,NA,NA,NA,Y,NA,A,01,0,0,1,0,0,0,0,0,0,-,-,33.89141,-118.30023,LOS ANGELES,GARDENA,-118.30036343,33.89163622
8112575,2016,2017-09-07,1942,2016-06-11,1515,41804,0256,6,5,7,1942,0,0,0,B,0,2A39,UNION AV,6TH ST,52,S,N,B,-,N,NA,NA,NA,NA,NA,NA,NA,NA,NA,N,3,0,1,3,A,-,08,22107,NA,F,B,G,A,A,H,-,A,-,0,NA,Y,NA,NA,Y,NA,-,99,0,1,0,0,0,0,1,0,0,-,-,NA,NA,LOS ANGELES,LOS ANGELES,-118.26987,34.05731