CASE_ID,ACCIDENT_YEAR,PROC_DATE,JURIS,COLLISION_DATE,COLLISION_TIME,OFFICER_ID,REPORTING_DISTRICT,DAY_OF_WEEK,CHP_SHIFT,POPULATION,CNTY_CITY_LOC,SPECIAL_COND,BEAT_TYPE,CHP_BEAT_TYPE,CITY_DIVISION_LAPD,CHP_BEAT_CLASS,BEAT_NUMBER,PRIMARY_RD,SECONDARY_RD,DISTANCE,DIRECTION,INTERSECTION,WEATHER_1,WEATHER_2,STATE_HWY_IND,CALTRANS_COUNTY,CALTRANS_DISTRICT,STATE_ROUTE,ROUTE_SUFFIX,POSTMILE_PREFIX,POSTMILE,LOCATION_TYPE,RAMP_INTERSECTION,SIDE_OF_HWY,TOW_AWAY,COLLISION_SEVERITY,NUMBER_KILLED,NUMBER_INJURED,PARTY_COUNT,PRIMARY_COLL_FACTOR,PCF_CODE_OF_VIOL,PCF_VIOL_CATEGORY,PCF_VIOLATION,PCF_VIOL_SUBSECTION,HIT_AND_RUN,TYPE_OF_COLLISION,MVIW,PED_ACTION,ROAD_SURFACE,ROAD_COND_1,ROAD_COND_2,LIGHTING,CONTROL_DEVICE,CHP_ROAD_TYPE,PEDESTRIAN_ACCIDENT,BICYCLE_ACCIDENT,MOTORCYCLE_ACCIDENT,TRUCK_ACCIDENT,NOT_PRIVATE_PROPERTY,ALCOHOL_INVOLVED,STWD_VEHTYPE_AT_FAULT,CHP_VEHTYPE_AT_FAULT,COUNT_SEVERE_INJ,COUNT_VISIBLE_INJ,COUNT_COMPLAINT_PAIN,COUNT_PED_KILLED,COUNT_PED_INJURED,COUNT_BICYCLIST_KILLED,COUNT_BICYCLIST_INJURED,COUNT_MC_KILLED,COUNT_MC_INJURED,PRIMARY_RAMP,SECONDARY_RAMP,LATITUDE,LONGITUDE,COUNTY,CITY,POINT_X,POINT_Y
8116190,2016,2016-11-02,1942,2016-06-04,1440,37080,1735,6,5,7,1942,0,0,0,Q,0,19TL76,AMESTOY AV,CHATSWORTH ST,0,NA,Y,A,-,N,NA,NA,NA,NA,NA,NA,NA,NA,NA,Y,3,0,2,2,A,-,12,21453,A,N,D,C,A,A,H,-,A,A,0,NA,NA,NA,NA,Y,NA,-,-,0,1,1,0,0,0,0,0,0,-,-,NA,NA,LOS ANGELES,LOS ANGELES,-118.50666003,34.26481002
8116197,2016,2017-02-18,1925,2016-04-10,0000,24819,1,7,5,6,1925,0,0,0,NA,0,205,WESTERN AV,FLOWER ST,528,S,N,A,-,Y,LA,7,5,-,-,27.657,R,4,N,Y,2,0,2,2,A,-,01,23152,A,N,A,C,A,A,H,-,C,D,0,NA,NA,NA,NA,Y,Y,A,01,1,0,1,0,0,0,0,0,0,-,-,NA,NA,LOS ANGELES,GLENDALE,-118.29419832,34.16278493
81162101,2020,2020-01-09,1933,2020-01-07,2233,1044,02,2,5,6,1933,0,0,0,NA,0,002,LA BREA AV,CENTURY BLVD,100,N,N,A,-,N,NA,NA,NA,NA,NA,NA,NA,NA,NA,N,4,0,1,2,A,-,05,21650,1,N,H,G,A,A,H,-,C,D,0,NA,Y,NA,NA,Y,NA,L,04,0,0,1,0,0,0,1,0,0,-,-,33.94548034667969,-118.35263061523438,LOS ANGELES,INGLEWOOD,-118.35272979736328,33.94571304321289
8116246,2016,2016-09-07,1900,2016-06-07,2500,436136,1328,2,5,5,1935,0,0,0,NA,0,132T2,207TH ST,IBEX AV,60,W,N,A,-,N,NA,NA,NA,NA,NA,NA,NA,NA,NA,N,4,0,1,2,A,-,09,21804,A,N,A,C,A,A,H,-,A,D,0,NA,NA,NA,NA,Y,NA,A,01,0,0,1,0,0,0,0,0,0,-,-,NA,NA,LOS ANGELES,LAKEWOOD,-118.07323679,33.84236009
8116250,2016,2017-02-18,1900,2016-05-05,2046,552623,1320,4,5,5,1935,0,0,0,NA,0,132F,RT 19,DEL AMO BL,15,E,N,B,-,Y,LA,7,19,-,-,3.98,I,5,S,N,3,0,1,2,A,-,12,21453,A,F,G,B,B,A,H,-,C,A,0,Y,NA,NA,NA,Y,NA,A,NA,0,1,0,0,1,0,0,0,0,-,-,NA,NA,LOS ANGELES,LAKEWOOD,-118.14247727,33.84700171
8116258,2016,2016-09-07,1900,2016-05-18,1450,575597,1321,3,5,5,1935,0,0,0,NA,0,132T2,BELLFLOWER BL,DEL AMO BL,0,NA,Y,A,-,N,NA,NA,NA,NA,NA,NA,NA,NA,NA,Y,4,0,3,3,A,-,09,21801,A,N,D,C,A,A,H,-,A,A,0,NA,NA,NA,NA,Y,NA,A,NA,0,0,3,0,0,0,0,0,0,-,-,NA,NA,LOS ANGELES,LAKEWOOD,-118.12515011,33.84711005
8116265,2016,2016-11-02,1972,2016-08-15,0748,19086,NA,1,5,6,1972,0,0,0,NA,0,NA,SEPULVEDA,HICKORY,0,NA,Y,A,-,N,NA,NA,NA,NA,NA,NA,NA,NA,NA,Y,3,0,2,2,A,-,12,21453,A,N,D,C,A,A,H,-,A,A,0,NA,NA,NA,NA,Y,NA,-,-,0,2,0,0,0,0,0,0,0,-,-,NA,NA,LOS ANGELES,TORRANCE,-118.3345201,33.82310008
8116269,2016,2016-09-06,1972,2016-08-12,1401,18874,NA,5,5,6,1972,0,0,0,NA,0,NA,LOMITA BL,HOSPITAL & TECHNOLOGY,100,W,N,A,-,N,NA,NA,NA,NA,NA,NA,NA,NA,NA,N,4,0,1,3,A,-,03,22350,NA,N,C,C,A,A,H,-,A,A,0,NA,NA,NA,NA,Y,NA,A,NA,0,0,1,0,0,0,0,0,0,-,-,NA,NA,LOS ANGELES,TORRANCE,-118.342513,33.812108
8116273,2016,2016-09-06,1972,2016-08-11,0812,16610,NA,4,5,6,1972,0,0,0,NA,0,NA,ROLLING HILLS WY,AIRPORT DR,10,S,N,B,-,N,NA,NA,NA,NA,NA,NA,NA,NA,NA,N,4,0,1,2,A,-,10,21950,NA,N,D,B,B,A,H,-,A,A,0,Y,NA,NA,NA,Y,NA,A,NA,0,0,1,0,1,0,0,0,0,-,-,NA,NA,LOS ANGELES,TORRANCE,-118.33497105,33.79469895
8116274,2016,2016-09-07,1942,2016-06-22,1800,40695,1467,3,5,7,1942,0,0,0,N,0,14A46,SEPULVEDA,77TH ST,0,NA,Y,A,-,N,NA,NA,NA,NA,NA,NA,NA,NA,NA,Y,4,0,1,2,A,-,09,21801,A,N,D,C,A,A,-,-,B,A,0,NA,NA,NA,NA,Y,NA,A,01,0,0,1,0,0,0,0,0,0,-,-,NA,NA,LOS ANGELES,LOS ANGELES,-118.39494004,33.97169006
8116278,2016,2016-09-07,1942,2016-06-25,0030,37078,1431,6,5,7,1942,0,0,0,N,0,14A67,ABBOTT KINNEY BL,SAN JUAN AV,0,NA,Y,A,-,N,NA,NA,NA,NA,NA,NA,NA,NA,NA,N,3,0,1,2,A,-,17,22517,NA,N,H,G,A,A,H,-,C,D,0,NA,Y,NA,NA,Y,NA,A,01,0,1,0,0,0,0,1,0,0,-,-,NA,NA,LOS ANGELES,LOS ANGELES,-118.46954003,33.99155005
81162806,2020,2020-01-10,1933,2020-01-08,0842,826,30,3,5,6,1933,0,0,0,NA,0,004,PRAIRIE AV,102ND ST,0,NA,Y,A,-,N,NA,NA,NA,NA,NA,NA,NA,NA,NA,Y,3,0,2,3,A,-,09,21801,A,N,A,C,B,A,H,-,A,A,0,Y,NA,Y,NA,Y,NA,A,01,0,1,1,0,1,0,0,0,1,-,-,33.94364929199219,-118.34393310546876,LOS ANGELES,INGLEWOOD,-118.3439483642578,33.94363021850586
81162808,2020,2020-01-10,1933,2020-01-08,1304,959,12,3,5,6,1933,0,0,0,NA,0,003,CRENSHAW BLVD,84TH ST,0,NA,Y,B,-,N,NA,NA,NA,NA,NA,NA,NA,NA,NA,Y,3,0,3,2,A,-,05,21650,NA,N,A,C,A,A,H,-,A,A,0,NA,NA,NA,NA,Y,NA,A,01,0,1,2,0,0,0,0,0,0,-,-,33.962799072265625,-118.32874298095705,LOS ANGELES,INGLEWOOD,-118.32894134521484,33.96284866333008
8116282,2016,2016-09-07,1942,2016-06-29,0200,40491,2011,3,5,7,1942,0,0,0,NA,0,20A53,WESTERN AV,2ND ST,135,NA,N,A,-,N,NA,NA,NA,NA,NA,NA,NA,NA,NA,Y,2,0,2,2,A,-,03,22350,NA,N,B,E,A,A,H,-,C,D,0,NA,NA,NA,NA,Y,Y,A,01,1,0,1,0,0,0,0,0,0,-,-,NA,NA,LOS ANGELES,LOS ANGELES,NA,NA
8116286,2016,2016-09-07,1942,2016-06-26,0030,41822,1444,7,5,7,1942,0,0,0,N,0,14A46,LINCOLN BL,WASHINGTON BL,0,NA,Y,A,-,N,NA,NA,NA,NA,NA,NA,NA,NA,NA,Y,2,0,1,2,A,-,12,21453,A,N,B,C,A,A,H,-,C,A,0,NA,NA,Y,NA,Y,NA,A,01,1,0,0,0,0,0,0,0,1,-,-,NA,NA,LOS ANGELES,LOS ANGELES,-118.44785008,33.99047004
8116289,2016,2016-09-06,1942,2016-08-16,1720,40476,0615,2,5,7,1942,0,0,0,F,0,20A58,BARHAM BL,HOLLYCREST DR,130,N,N,A,-,N,NA,NA,NA,NA,NA,NA,NA,NA,NA,N,4,0,1,2,A,-,21,22106,NA,F,G,B,E,A,H,-,A,A,0,Y,NA,NA,NA,Y,NA,-,99,0,0,1,0,1,0,0,0,0,-,-,NA,NA,LOS ANGELES,LOS ANGELES,-118.346521,34.129342
8116290,2016,2016-09-07,1942,2016-06-19,2230,41436,0138,7,5,7,1942,0,0,0,A,0,1A61,4TH,ALAMEDA,0,NA,Y,A,-,N,NA,NA,NA,NA,NA,NA,NA,NA,NA,Y,4,0,1,3,A,-,01,23152,A,F,B,C,A,A,D,-,C,A,0,NA,NA,NA,NA,Y,Y,A,01,0,0,1,0,0,0,0,0,0,-,-,NA,NA,LOS ANGELES,LOS ANGELES,-118.23813,34.0433
8116294,2016,2016-09-07,1942,2016-06-08,1420,39060,0128,3,5,7,1942,0,0,0,A,0,4TL4,3RD ST,SAN PEDRO ST,7,E,N,A,-,N,NA,NA,NA,NA,NA,NA,NA,NA,NA,N,3,0,1,2,A,-,12,21453,A,F,D,G,A,A,H,-,A,A,0,NA,Y,NA,NA,Y,NA,-,99,0,1,0,0,0,0,1,0,0,-,-,NA,NA,LOS ANGELES,LOS ANGELES,-118.24248966,34.04731096
8116298,2016,2016-09-07,1942,2016-06-21,0945,35439,NA,2,5,7,1942,0,0,0,NA,0,20A45,ARLINGTON,WASHINGTON BL,0,NA,Y,A,-,N,NA,NA,NA,NA,NA,NA,NA,NA,NA,N,4,0,3,3,A,-,12,21453,A,N,D,C,A,A,H,-,A,A,0,NA,NA,NA,NA,Y,NA,A,01,0,0,3,0,0,0,0,0,0,-,-,NA,NA,LOS ANGELES,LOS ANGELES,-118.31773013,34.03989006
8116300,2017,2017-04-12,1942,2017-02-15,2020,41167,526,3,5,7,1942,0,0,0,NA,0,5A25,ANAHEIM ST,AVALON BL,0,NA,Y,A,-,N,NA,NA,NA,NA,NA,NA,NA,NA,NA,Y,4,0,2,2,A,-,17,24250,NA,N,D,-,A,A,H,-,C,A,0,NA,NA,NA,NA,Y,NA,A,01,0,0,2,0,0,0,0,0,0,-,-,NA,NA,LOS ANGELES,LOS ANGELES,-118.26245004,33.77998006
8116302,2016,2016-09-07,1942,2016-06-22,1430,39022,0826,3,5,7,1942,0,0,0,H,0,8TL26,SUNSET BL,BOWLING GREEN WY,50,W,N,A,-,N,NA,NA,NA,NA,NA,NA,NA,NA,NA,N,4,0,1,2,A,-,04,21703,NA,N,C,C,A,A,H,-,A,D,0,NA,NA,NA,NA,Y,NA,A,01,0,0,1,0,0,0,0,0,0,-,-,NA,NA,LOS ANGELES,LOS ANGELES,-118.47719147,34.05931733
8116306,2016,2016-09-07,1942,2016-06-27,0310,40491,2031,1,5,7,1942,0,0,0,NA,0,20A53,WILSHIRE BL,WESTERN AV,0,NA,Y,A,-,N,NA,NA,NA,NA,NA,NA,NA,NA,NA,N,4,0,1,2,A,-,09,21801,A,N,D,G,A,A,H,-,C,A,0,NA,Y,NA,NA,Y,NA,A,01,0,0,1,0,0,0,1,0,0,-,-,NA,NA,LOS ANGELES,LOS ANGELES,-118.30908006,34.06168006
8116307,2017,2017-04-12,1942,2017-02-15,1440,33068,565,3,5,7,1942,0,0,0,NA,0,5X26,GAFFEY ST,8TH ST,0,NA,Y,A,-,N,NA,NA,NA,NA,NA,NA,NA,NA,NA,N,4,0,1,2,A,-,10,21950,A,N,D,B,B,A,H,-,A,A,0,Y,NA,NA,NA,Y,NA,A,01,0,0,1,0,1,0,0,0,0,-,-,NA,NA,LOS ANGELES,LOS ANGELES,-118.29235011,33.73697004
8116310,2016,2016-09-07,1942,2016-06-17,1330,39993,0749,5,5,7,1942,0,0,0,G,0,6TL7,OLYMPIC BL,WINDSOR BL,0,NA,Y,A,-,N,NA,NA,NA,NA,NA,NA,NA,NA,NA,N,4,0,2,2,A,-,09,21802,A,N,D,C,A,A,H,-,A,A,0,NA,NA,NA,NA,Y,NA,A,01,0,0,2,0,0,0,0,0,0,-,-,NA,NA,LOS ANGELES,LOS ANGELES,-118.32569003,34.05500004
8116311,2017,2017-04-12,1942,2017-02-14,2215,39062,269,2,5,7,1942,0,0,0,NA,0,24T33,UNION AV,7TH ST,75,S,N,A,-,N,NA,NA,NA,NA,NA,NA,NA,NA,NA,Y,3,0,2,3,A,-,07,21658,A,N,D,E,A,A,H,-,C,A,0,NA,NA,NA,NA,Y,NA,-,99,0,1,1,0,0,0,0,0,0,-,-,NA,NA,LOS ANGELES,LOS ANGELES,-118.27128633,34.05374853
8116314,2016,2016-09-07,1942,2016-06-22,0955,41025,0706,3,5,7,1942,0,0,0,G,0,7A17,LA BREA,MELROSE,0,NA,Y,A,-,N,NA,NA,NA,NA,NA,NA,NA,NA,NA,Y,3,0,2,3,A,-,08,22107,NA,N,D,C,A,A,H,-,A,A,0,NA,NA,Y,NA,Y,NA,A,01,0,1,1,0,0,0,0,0,1,-,-,NA,NA,LOS ANGELES,LOS ANGELES,-118.34407011,34.08345003
8116318,2016,2016-09-07,1942,2016-06-25,1600,42268,0729,6,5,7,1942,0,0,0,G,0,7A21,S LARCHMONT BL,2ND,0,NA,Y,A,B,N,NA,NA,NA,NA,NA,NA,NA,NA,NA,Y,4,0,2,2,A,-,12,22450,NA,N,D,C,A,A,H,-,A,D,0,NA,NA,NA,NA,Y,NA,-,-,0,0,2,0,0,0,0,0,0,-,-,NA,NA,LOS ANGELES,LOS ANGELES,-118.32370003,34.07112005
8116321,2016,2016-09-07,1942,2016-06-24,2130,42089,1361,5,5,7,1942,0,0,0,M,0,13A63,51ST ST,GRAND AV,0,NA,Y,A,-,N,NA,NA,NA,NA,NA,NA,NA,NA,NA,N,4,0,1,2,A,-,03,22350,NA,F,A,C,A,A,H,-,C,A,0,NA,NA,NA,NA,Y,NA,-,99,0,0,1,0,0,0,0,0,0,-,-,NA,NA,LOS ANGELES,LOS ANGELES,-118.28008006,33.99647004
8116322,2016,2016-09-27,1942,2016-08-13,0545,40533,LOSAN,6,5,7,1942,0,0,0,NA,0,2147,LURLINE AV,SHERMAN WY,0,NA,Y,A,-,N,NA,NA,NA,NA,NA,NA,NA,NA,NA,Y,4,0,1,2,-,-,-,NA,NA,F,D,D,A,A,H,-,A,A,0,NA,NA,NA,NA,Y,NA,-,-,0,0,1,0,0,0,0,0,0,-,-,NA,NA,LOS ANGELES,LOS ANGELES,-118.58414013,34.20111003
8116328,2016,2016-09-27,1942,2016-08-21,0300,42075,646,7,5,7,1942,0,0,0,NA,0,6A63,WESTERN AV,HOLLYWOOD BL,0,NA,Y,A,-,N,NA,NA,NA,NA,NA,NA,NA,NA,NA,N,4,0,1,2,A,-,11,21955,NA,N,G,B,D,A,H,-,C,D,0,Y,NA,NA,NA,Y,NA,N,60,0,0,1,0,1,0,0,0,0,-,-,NA,NA,LOS ANGELES,LOS ANGELES,-118.30927011,34.10175003
8116334,2016,2016-09-27,1944,2016-08-11,1230,259,SOUTH,4,5,4,1944,0,0,0,NA,0,003,HIGHLAND AV,MARINE AV,0,NA,Y,A,-,N,NA,NA,NA,NA,NA,NA,NA,NA,NA,Y,4,0,1,2,A,-,09,21801,A,N,D,C,A,A,H,-,A,A,0,NA,NA,NA,NA,Y,NA,A,07,0,0,1,0,0,0,0,0,0,-,-,NA,NA,LOS ANGELES,MANHATTAN BEACH,-118.41357005,33.89178003
8116336,2016,2016-09-26,1942,2016-08-05,1700,41407,0497,5,5,7,1942,0,0,0,D,0,NA,GRANDE VISTA,OLYMPIC AV,0,NA,Y,A,-,N,NA,NA,NA,NA,NA,NA,NA,NA,NA,N,4,0,1,2,D,-,00,NA,NA,M,C,C,A,A,H,-,A,A,0,NA,NA,NA,NA,Y,NA,-,-,0,0,1,0,0,0,0,0,0,-,-,NA,NA,LOS ANGELES,LOS ANGELES,-118.21047004,34.02013002
8116337,2016,2016-09-27,1900,2016-07-29,1745,532734,0972,5,5,4,1979,0,0,0,NA,0,93T2,WEST KNOLL DR,SHERWOOD DR,236,N,N,A,-,N,NA,NA,NA,NA,NA,NA,NA,NA,NA,Y,4,0,2,1,C,-,18,NA,NA,N,H,J,A,A,H,-,A,A,0,NA,NA,NA,NA,Y,NA,-,-,0,0,2,0,0,0,0,0,0,-,-,NA,NA,LOS ANGELES,WEST HOLLYWOOD,-118.37756388,34.08552715
8116338,2016,2016-09-27,1942,2016-08-06,0945,30734,2187,6,5,7,1942,0,0,0,NA,0,21A57W,VENTURA BL,SERRANIA,0,NA,Y,A,-,N,NA,NA,NA,NA,NA,NA,NA,NA,NA,Y,4,0,1,3,A,-,07,21658,A,F,B,C,A,A,H,-,A,A,0,NA,NA,NA,NA,Y,NA,-,99,0,0,1,0,0,0,0,0,0,-,-,NA,NA,LOS ANGELES,LOS ANGELES,-118.58825009,34.16640006
8116341,2016,2016-09-28,1942,2016-06-26,1015,39060,0111,7,5,7,1942,0,0,0,A,0,13TL53,MAIN ST,ARCADIA ST,0,NA,Y,A,-,N,NA,NA,NA,NA,NA,NA,NA,NA,NA,N,3,0,1,2,A,-,12,21453,A,N,D,C,A,A,H,-,A,A,0,NA,NA,NA,NA,Y,NA,A,08,0,1,0,0,0,0,0,0,0,-,-,NA,NA,LOS ANGELES,LOS ANGELES,-118.24005014,34.05581007
8116344,2016,2016-09-26,1902,2016-08-18,0831,696,31,4,5,5,1902,0,0,0,NA,0,005,W CAMINO REAL AV,CAMBURY AV,57,E,N,A,-,N,NA,NA,NA,NA,NA,NA,NA,NA,NA,Y,4,0,1,2,A,-,09,21804,A,N,D,C,A,A,H,-,A,D,0,NA,NA,NA,NA,Y,NA,A,01,0,0,1,0,0,0,0,0,0,-,-,NA,NA,LOS ANGELES,ARCADIA,-118.05755473,34.12185616
8116350,2016,2016-09-27,1942,2016-07-24,0055,41938,0211,7,5,7,1942,0,0,0,B,0,2A76,VERMONT AV,ROSEWOOD AV,0,NA,Y,A,-,N,NA,NA,NA,NA,NA,NA,NA,NA,NA,Y,4,0,2,2,A,-,12,21453,A,F,D,C,A,A,H,-,C,A,0,NA,NA,NA,NA,Y,Y,-,NA,0,0,2,0,0,0,0,0,0,-,-,NA,NA,LOS ANGELES,LOS ANGELES,-118.2917,34.0790401
8116354,2016,2016-09-27,1942,2016-06-12,1040,37540,1101,7,5,7,1942,0,0,0,K,0,11TL32,WESTERN CANYON RD,W OBSERVATION RD,0,NA,Y,B,-,N,NA,NA,NA,NA,NA,NA,NA,NA,NA,NA,3,0,1,2,A,-,03,22350,NA,N,G,B,E,A,G,-,A,D,0,Y,NA,NA,NA,Y,NA,A,07,0,1,0,0,1,0,0,0,0,-,-,NA,NA,LOS ANGELES,LOS ANGELES,-118.30223,34.12336
8116362,2016,2016-09-27,1942,2016-07-20,0805,39443,1149,3,5,7,1942,0,0,0,K,0,11A17,AVENUE 54,FIGUEROA ST,0,NA,Y,A,-,N,NA,NA,NA,NA,NA,NA,NA,NA,NA,N,4,0,1,2,A,-,09,21800,A,N,D,G,A,A,H,-,A,A,0,NA,Y,NA,NA,Y,NA,A,07,0,0,1,0,0,0,1,0,0,-,-,NA,NA,LOS ANGELES,LOS ANGELES,-118.19725011,34.10739006
8116364,2016,2016-09-27,1942,2016-08-02,1330,31387,814,2,5,7,1942,0,0,0,NA,0,20TL56,SUNSET BL,GUNSTON DR,46,W,N,A,-,N,NA,NA,NA,NA,NA,NA,NA,NA,NA,NA,4,0,1,3,A,-,03,22350,NA,F,C,C,A,A,H,-,A,D,0,NA,NA,NA,NA,Y,NA,-,99,0,0,1,0,0,0,0,0,0,-,-,NA,NA,LOS ANGELES,LOS ANGELES,-118.46926356,34.07059966
8116368,2016,2016-09-27,1934,2016-03-23,1745,292,1934,3,5,1,1934,0,0,0,NA,0,0B1,IRWINDALE AV,EDNA PL,100,N,N,A,-,N,NA,NA,NA,NA,NA,NA,NA,NA,NA,N,4,0,1,2,A,-,03,22350,NA,N,C,C,A,A,H,-,A,A,0,NA,NA,NA,NA,Y,NA,A,01,0,0,1,0,0,0,0,0,0,-,-,NA,NA,LOS ANGELES,IRWINDALE,-117.93415884,34.09280405
8116374,2016,2016-09-27,1942,2016-07-09,1300,37852,1345,6,5,7,1942,0,0,0,M,0,13T75,CENTRAL,34TH ST,0,NA,Y,A,-,N,NA,NA,NA,NA,NA,NA,NA,NA,NA,N,4,0,1,2,A,-,07,21658,A,N,-,D,A,A,-,-,A,A,0,NA,NA,NA,NA,Y,NA,A,01,0,0,1,0,0,0,0,0,0,-,-,NA,NA,LOS ANGELES,LOS ANGELES,-118.25652009,34.01279007
8116382,2016,2016-09-27,1942,2016-07-08,1300,39060,1383,5,5,7,1942,0,0,0,M,0,13TL53,MAIN ST,GAGE AV,0,NA,Y,A,-,N,NA,NA,NA,NA,NA,NA,NA,NA,NA,Y,4,0,3,2,A,-,17,21451,A,N,D,C,A,A,H,-,A,A,0,NA,NA,NA,NA,Y,NA,A,07,0,0,3,0,0,0,0,0,0,-,-,NA,NA,LOS ANGELES,LOS ANGELES,-118.2739501,33.98242011
8116392,2016,2016-09-27,1942,2016-08-05,1940,40899,0745,5,5,7,1942,0,0,0,G,0,6T7,OLYMPIC BL,COCHRAN AV,0,NA,Y,A,-,N,NA,NA,NA,NA,NA,NA,NA,NA,NA,Y,4,0,1,2,A,-,09,21801,A,N,A,C,A,A,H,-,A,A,0,NA,NA,NA,NA,Y,NA,A,01,0,0,1,0,0,0,0,0,0,-,-,NA,NA,LOS ANGELES,LOS ANGELES,-118.34908012,34.0573001
8116396,2016,2016-09-27,1942,2016-08-08,0115,40024,0636,1,5,7,1942,0,0,0,F,0,14T47,WHITLEY AV,HOLLYWOOD BL,40,N,N,B,-,N,NA,NA,NA,NA,NA,NA,NA,NA,NA,N,4,0,2,2,A,-,03,22350,NA,F,C,C,A,A,H,-,C,D,0,NA,NA,NA,NA,Y,Y,A,01,0,0,2,0,0,0,0,0,0,-,-,NA,NA,LOS ANGELES,LOS ANGELES,-118.33335147,34.1016897
8116399,2016,2016-09-27,1942,2016-07-30,2050,32781,1596,6,5,7,1942,0,0,0,O,0,15A84,VENTURA BL,FRUITLAND DR,150,W,N,A,-,N,NA,NA,NA,NA,NA,NA,NA,NA,NA,N,4,0,2,2,A,-,09,21804,A,N,D,C,A,A,H,-,C,D,0,NA,NA,NA,NA,Y,NA,A,01,0,0,2,0,0,0,0,0,0,-,-,NA,NA,LOS ANGELES,LOS ANGELES,-118.37243588,34.14134835
8116403,2016,2016-09-27,1900,2016-08-08,2145,527381,2603,1,5,6,1950,0,0,0,NA,0,263T1,PEARBLOSSOM HWY,47TH ST EAST,460,W,N,A,-,N,NA,NA,NA,NA,NA,NA,NA,NA,NA,Y,4,0,1,3,A,-,03,22350,NA,N,C,D,A,A,H,-,B,D,0,NA,NA,NA,Y,Y,NA,A,01,0,0,1,0,0,0,0,0,0,-,-,NA,NA,LOS ANGELES,PALMDALE,-118.04679406,34.54273
8116407,2016,2016-10-18,1900,2016-08-10,0746,491337,2603,3,5,6,1950,0,0,0,NA,0,261T1,PEARBLOSSOM HWY,30TH ST EAST,0,NA,Y,A,-,N,NA,NA,NA,NA,NA,NA,NA,NA,NA,Y,4,0,1,2,A,-,03,22350,NA,N,C,C,A,A,H,-,A,A,0,NA,NA,NA,Y,Y,NA,A,01,0,0,1,0,0,0,0,0,0,-,-,NA,NA,LOS ANGELES,PALMDALE,-118.07347009,34.5417401
8116423,2016,2017-02-18,1900,2016-08-19,1111,517840,2603,5,5,6,1950,0,0,0,NA,0,264T1,RT 138,AVENUE T,0,NA,Y,A,-,Y,LA,7,138,-,-,51.42,H,-,W,N,4,0,1,2,A,-,03,22350,NA,N,C,C,A,A,H,-,A,A,0,NA,NA,NA,NA,Y,NA,-,NA,0,0,1,0,0,0,0,0,0,-,-,NA,NA,LOS ANGELES,PALMDALE,-118.03024764,34.54263535
8116443,2016,2016-09-13,1900,2016-08-10,1610,473596,2607,3,5,6,1950,0,0,0,NA,0,263M,PALMDALE BL,75TH ST EAST,135,E,N,A,-,N,NA,NA,NA,NA,NA,NA,NA,NA,NA,Y,3,0,1,2,C,-,18,NA,NA,N,A,C,A,A,H,-,A,D,0,NA,NA,NA,NA,Y,NA,-,-,0,1,0,0,0,0,0,0,0,-,-,NA,NA,LOS ANGELES,PALMDALE,-117.99553255,34.57965426
8116447,2016,2016-09-13,1900,2016-08-11,0858,527062,2611,4,5,6,1950,0,0,0,NA,0,263T1,6TH ST EAST,AVENUE Q-3,105,N,N,A,-,N,NA,NA,NA,NA,NA,NA,NA,NA,NA,N,4,0,3,2,A,-,21,22106,NA,N,D,C,A,A,H,-,A,D,0,NA,NA,NA,NA,Y,NA,D,22,0,0,3,0,0,0,0,0,0,-,-,NA,NA,LOS ANGELES,PALMDALE,-118.11898895,34.58451504
81164718,2020,2020-01-14,1933,2020-01-08,0609,869,17,3,5,6,1933,0,0,0,NA,0,002,MANCHESTER BLVD,GREVILLEA AV,13,W,N,A,-,N,NA,NA,NA,NA,NA,NA,NA,NA,NA,N,3,0,1,2,A,-,10,21950,A,N,G,B,B,A,H,-,C,A,0,Y,NA,NA,NA,Y,NA,A,01,0,1,0,0,1,0,0,0,0,-,-,33.961788177490234,-118.35498046875,LOS ANGELES,INGLEWOOD,-118.35511016845705,33.96173095703125
81164720,2020,2020-01-14,1933,2020-01-02,1401,959,3,4,5,6,1933,0,0,0,NA,0,004,CENTURY BLVD,YUKON AV,0,NA,Y,A,-,N,NA,NA,NA,NA,NA,NA,NA,NA,NA,Y,3,0,1,2,A,-,03,22350,NA,N,C,C,A,A,H,-,A,A,0,NA,NA,NA,NA,Y,NA,A,01,0,1,0,0,0,0,0,0,0,-,-,33.94544982910156,-118.33515167236328,LOS ANGELES,INGLEWOOD,-118.33516693115234,33.94546127319336
81164721,2020,2020-01-14,1933,2020-01-08,2315,941,35,3,5,6,1933,0,0,0,NA,0,004,CRENSHAW BLVD,111TH ST,57,S,N,A,-,N,NA,NA,NA,NA,NA,NA,NA,NA,NA,N,4,0,1,1,A,-,03,22350,NA,N,E,I,A,A,H,-,C,D,0,NA,NA,NA,NA,Y,NA,A,01,0,0,1,0,0,0,0,0,0,-,-,33.93484115600586,-118.32647705078124,LOS ANGELES,INGLEWOOD,-118.32656097412108,33.9346923828125