CASE_ID,ACCIDENT_YEAR,PROC_DATE,JURIS,COLLISION_DATE,COLLISION_TIME,OFFICER_ID,REPORTING_DISTRICT,DAY_OF_WEEK,CHP_SHIFT,POPULATION,CNTY_CITY_LOC,SPECIAL_COND,BEAT_TYPE,CHP_BEAT_TYPE,CITY_DIVISION_LAPD,CHP_BEAT_CLASS,BEAT_NUMBER,PRIMARY_RD,SECONDARY_RD,DISTANCE,DIRECTION,INTERSECTION,WEATHER_1,WEATHER_2,STATE_HWY_IND,CALTRANS_COUNTY,CALTRANS_DISTRICT,STATE_ROUTE,ROUTE_SUFFIX,POSTMILE_PREFIX,POSTMILE,LOCATION_TYPE,RAMP_INTERSECTION,SIDE_OF_HWY,TOW_AWAY,COLLISION_SEVERITY,NUMBER_KILLED,NUMBER_INJURED,PARTY_COUNT,PRIMARY_COLL_FACTOR,PCF_CODE_OF_VIOL,PCF_VIOL_CATEGORY,PCF_VIOLATION,PCF_VIOL_SUBSECTION,HIT_AND_RUN,TYPE_OF_COLLISION,MVIW,PED_ACTION,ROAD_SURFACE,ROAD_COND_1,ROAD_COND_2,LIGHTING,CONTROL_DEVICE,CHP_ROAD_TYPE,PEDESTRIAN_ACCIDENT,BICYCLE_ACCIDENT,MOTORCYCLE_ACCIDENT,TRUCK_ACCIDENT,NOT_PRIVATE_PROPERTY,ALCOHOL_INVOLVED,STWD_VEHTYPE_AT_FAULT,CHP_VEHTYPE_AT_FAULT,COUNT_SEVERE_INJ,COUNT_VISIBLE_INJ,COUNT_COMPLAINT_PAIN,COUNT_PED_KILLED,COUNT_PED_INJURED,COUNT_BICYCLIST_KILLED,COUNT_BICYCLIST_INJURED,COUNT_MC_KILLED,COUNT_MC_INJURED,PRIMARY_RAMP,SECONDARY_RAMP,LATITUDE,LONGITUDE,COUNTY,CITY,POINT_X,POINT_Y
81185341,2020,2020-02-12,1933,2020-01-23,0937,826,32,4,5,6,1933,0,0,0,NA,0,004,CENTURY BLVD,CLUB DR,118,W,N,A,-,N,NA,NA,NA,NA,NA,NA,NA,NA,NA,Y,3,0,2,2,A,-,03,22350,NA,N,C,C,A,A,H,-,A,A,0,NA,NA,NA,NA,Y,NA,A,01,0,1,1,0,0,0,0,0,0,-,-,33.945499420166016,-118.33267211914064,LOS ANGELES,INGLEWOOD,-118.33304595947266,33.94546890258789
81185346,2020,2020-02-12,1933,2020-01-25,1420,1019,20,6,5,6,1933,0,0,0,NA,0,002,GLASGOW AV,OLIVE ST,0,NA,Y,A,-,N,NA,NA,NA,NA,NA,NA,NA,NA,NA,N,4,0,1,2,A,-,09,21802,A,N,D,C,A,A,H,-,A,A,0,NA,NA,NA,NA,Y,NA,A,01,0,0,1,0,0,0,0,0,0,-,-,33.96001052856445,-118.37177276611328,LOS ANGELES,INGLEWOOD,-118.37185668945313,33.95991897583008
81185350,2020,2020-02-12,1933,2020-01-29,0935,1047,02,3,5,6,1933,0,0,0,NA,0,001,LA BREA AV,ELLIS AV,0,NA,Y,A,-,N,NA,NA,NA,NA,NA,NA,NA,NA,NA,Y,4,0,2,3,A,-,09,21802,A,N,D,C,A,A,H,-,A,A,0,NA,NA,NA,NA,Y,NA,A,01,0,0,2,0,0,0,0,0,0,-,-,33.97840118408203,-118.35753631591795,LOS ANGELES,INGLEWOOD,-118.3576889038086,33.97835159301758
81185353,2020,2020-02-12,1933,2020-01-30,1746,1048,13,4,5,6,1933,0,0,0,NA,0,003,MANCHESTER BLVD,CRENSHAW BLVD,0,NA,Y,A,-,N,NA,NA,NA,NA,NA,NA,NA,NA,NA,N,4,0,1,2,A,-,10,21950,A,N,G,B,B,A,H,-,A,A,0,Y,NA,NA,NA,Y,NA,A,01,0,0,1,0,1,0,0,0,0,-,-,33.95998001098633,-118.32653045654295,LOS ANGELES,INGLEWOOD,-118.32649993896484,33.95998001098633
81185357,2020,2020-02-12,1933,2020-01-31,0817,1040,18,5,5,6,1933,0,0,0,NA,0,002,MYRTLE AV,BUCKTHORN ST,0,NA,Y,A,-,N,NA,NA,NA,NA,NA,NA,NA,NA,NA,N,4,0,1,2,A,-,12,22450,A,N,H,G,A,A,H,-,A,D,0,NA,Y,NA,NA,Y,NA,L,04,0,0,1,0,0,0,0,0,0,-,-,33.95415115356445,-118.34845733642578,LOS ANGELES,INGLEWOOD,-118.34853363037108,33.95410919189453
81185359,2020,2020-02-12,1933,2020-02-01,0057,1025,113,6,5,6,1933,0,0,0,NA,0,003,MANCHESTER BLVD,5TH AV,0,NA,Y,A,-,N,NA,NA,NA,NA,NA,NA,NA,NA,NA,N,4,0,1,2,A,-,09,21801,A,F,D,C,A,A,H,-,C,A,0,NA,NA,NA,NA,Y,NA,A,01,0,0,1,0,0,0,0,0,0,-,-,33.95996856689453,-118.32215118408205,LOS ANGELES,INGLEWOOD,-118.32215881347656,33.95996856689453
81185361,2020,2020-02-12,1933,2020-02-02,1426,1037,02,7,5,6,1933,0,0,0,NA,0,002,ARBOR VITAE ST,LA BREA AV,0,NA,Y,A,-,N,NA,NA,NA,NA,NA,NA,NA,NA,NA,N,4,0,1,2,A,-,08,22107,NA,N,D,C,A,A,H,-,A,A,0,NA,NA,NA,NA,Y,NA,A,01,0,0,1,0,0,0,0,0,0,-,-,33.95273971557617,-118.35262298583984,LOS ANGELES,INGLEWOOD,-118.3527374267578,33.952728271484375
81185362,2020,2020-02-12,1933,2020-02-03,0850,815,29,1,5,6,1933,0,0,0,NA,0,003,CENTURY BLVD,2ND AV,0,NA,Y,A,G,N,NA,NA,NA,NA,NA,NA,NA,NA,NA,N,4,0,1,2,A,-,08,22107,NA,N,B,C,A,A,H,-,A,D,0,NA,NA,NA,NA,Y,NA,A,01,0,0,1,0,0,0,0,0,0,-,-,33.94546890258789,-118.31883239746094,LOS ANGELES,INGLEWOOD,-118.31884002685548,33.94546127319336
81185363,2020,2020-02-12,1933,2020-02-04,0810,815,12,2,5,6,1933,0,0,0,NA,0,003,MANCHESTER BLVD,11TH AV,0,NA,Y,A,-,N,NA,NA,NA,NA,NA,NA,NA,NA,NA,N,4,0,1,2,A,-,10,21950,A,N,G,B,B,A,H,-,A,A,0,Y,NA,NA,NA,Y,NA,A,01,0,0,1,0,1,0,0,0,0,-,-,33.959991455078125,-118.32877349853516,LOS ANGELES,INGLEWOOD,-118.32875823974608,33.959991455078125
81185364,2020,2020-02-12,1933,2020-02-06,2017,1054,20,4,5,6,1933,0,0,0,NA,0,002,PRAIRIE AV,PINCAY DR,475,N,N,A,-,N,NA,NA,NA,NA,NA,NA,NA,NA,NA,N,3,0,1,2,A,-,03,22350,NA,F,C,D,A,A,H,-,C,D,0,NA,NA,NA,NA,Y,NA,A,01,0,1,0,0,0,0,0,0,0,-,-,33.956790924072266,-118.34388732910156,LOS ANGELES,INGLEWOOD,-118.34396362304688,33.95802307128906
81185365,2020,2020-02-12,1933,2020-02-07,0452,1055,25,5,5,6,1933,0,0,0,NA,0,002,CENTURY BLVD,LA BREA AV,0,NA,Y,A,-,N,NA,NA,NA,NA,NA,NA,NA,NA,NA,Y,4,0,1,2,D,-,00,NA,NA,N,D,C,A,A,H,-,C,A,0,NA,NA,NA,NA,Y,NA,-,-,0,0,1,0,0,0,0,0,0,-,-,33.94548034667969,-118.35263061523438,LOS ANGELES,INGLEWOOD,-118.35272979736328,33.945438385009766
8118540,2016,2017-06-22,1900,2016-09-08,1500,529141,1510,4,5,5,1954,0,0,0,NA,0,151T2,ROSEMEAD BL,OLYMPIC BL,15,S,N,A,-,N,NA,NA,NA,NA,NA,NA,NA,NA,NA,N,4,0,2,2,A,-,09,21801,A,N,D,C,A,A,H,-,A,A,0,NA,NA,NA,NA,Y,NA,A,01,0,0,2,0,0,0,0,0,0,-,-,NA,NA,LOS ANGELES,PICO RIVERA,-118.08253609,34.00576112
8118563,2016,2016-09-16,1942,2016-07-01,0545,37905,0396,5,5,7,1942,0,0,0,C,0,3A73,VERMONT AV,VERNON AV,5,N,N,A,-,N,NA,NA,NA,NA,NA,NA,NA,NA,NA,Y,4,0,2,3,A,-,09,21453,NA,F,D,C,A,A,H,-,A,A,0,NA,NA,NA,NA,Y,Y,A,01,0,0,2,0,0,0,0,0,0,-,-,NA,NA,LOS ANGELES,LOS ANGELES,-118.29156965,34.00369371
8118569,2016,2016-10-21,1926,2016-08-29,2210,3599,NA,1,5,5,1926,0,0,0,NA,0,003,RT 66,GLENWOOD,222,E,N,A,-,N,NA,NA,NA,NA,NA,NA,NA,NA,NA,Y,4,0,1,1,B,-,22,NA,NA,N,E,I,A,A,H,-,C,A,0,NA,NA,NA,NA,Y,NA,I,20,0,0,1,0,0,0,0,0,0,-,-,NA,NA,LOS ANGELES,GLENDORA,-117.85215821,34.12883198
8118573,2016,2016-09-16,1976,2016-08-08,1228,429,NA,1,5,5,1976,0,0,0,NA,0,001,GREENLEAF AV,WARDMAN ST,15,S,N,A,-,N,NA,NA,NA,NA,NA,NA,NA,NA,NA,N,4,0,1,2,A,-,10,21950,A,N,G,B,B,A,H,-,A,D,0,Y,NA,NA,NA,Y,NA,D,22,0,0,1,0,1,0,0,0,0,-,-,NA,NA,LOS ANGELES,WHITTIER,-118.03737977,33.97721887
8118589,2016,2016-09-16,1942,2016-07-11,1610,42345,0353,1,5,7,1942,0,0,0,C,0,03A,VICTORIA AV,COLISEUM ST,200,N,N,A,-,N,NA,NA,NA,NA,NA,NA,NA,NA,NA,N,4,0,1,2,A,-,21,22106,NA,N,-,G,A,A,H,-,A,D,0,NA,Y,NA,NA,Y,NA,D,22,0,0,1,0,0,0,1,0,0,-,-,NA,NA,LOS ANGELES,LOS ANGELES,-118.33632,34.01874854
8118593,2016,2016-11-14,1942,2016-07-03,1805,41290,0335,7,5,7,1942,0,0,0,C,0,3A62,30TH ST,4TH AV,60,E,N,A,-,N,NA,NA,NA,NA,NA,NA,NA,NA,NA,N,3,0,1,3,A,-,21,22106,NA,F,C,C,F,A,H,-,A,D,0,Y,NA,NA,NA,Y,Y,-,99,0,1,0,0,1,0,0,0,0,-,-,NA,NA,LOS ANGELES,LOS ANGELES,-118.32122,34.02763
8118596,2016,2016-09-16,1942,2016-07-12,1700,41167,0341,2,5,7,1942,0,0,0,C,0,3A92,RODEO RD,KALSMAN DR,0,NA,Y,A,-,N,NA,NA,NA,NA,NA,NA,NA,NA,NA,N,4,0,2,4,A,-,09,21801,A,N,D,C,A,A,H,-,A,A,0,NA,NA,NA,NA,Y,NA,-,-,0,0,2,0,0,0,0,0,0,-,-,NA,NA,LOS ANGELES,LOS ANGELES,-118.37470009,34.02182005
8118598,2016,2016-10-18,1900,2016-08-30,0830,506205,1621,2,5,5,1977,0,0,0,NA,0,168T,ALAMEDA ST,223 RD ST,890,S,N,A,-,N,NA,NA,NA,NA,NA,NA,NA,NA,NA,Y,4,0,2,2,A,-,03,22350,NA,N,C,C,A,A,H,-,A,D,0,NA,NA,NA,Y,Y,NA,A,01,0,0,2,0,0,0,0,0,0,-,-,NA,NA,LOS ANGELES,CARSON,-118.22956052,33.82223917
8118600,2016,2016-09-16,1942,2016-07-07,1630,40762,0396,4,5,7,1942,0,0,0,C,0,3XL28,41ST DR,S VERMONT AV,100,E,N,A,-,N,NA,NA,NA,NA,NA,NA,NA,NA,NA,N,4,0,1,2,A,-,11,21954,A,N,G,B,D,A,H,-,A,D,0,Y,NA,NA,NA,Y,NA,N,60,0,0,1,0,1,0,0,0,0,-,-,NA,NA,LOS ANGELES,LOS ANGELES,-118.29122068,34.00828
8118604,2016,2016-09-16,1942,2016-07-09,1620,41241,0313,6,5,7,1942,0,0,0,C,0,3Z1,CRENSHAW BL,ADAMS BL,30,N,N,A,-,N,NA,NA,NA,NA,NA,NA,NA,NA,NA,N,3,0,3,2,A,-,09,21804,A,N,B,C,A,A,H,-,A,D,0,NA,NA,NA,NA,Y,NA,D,22,0,1,2,0,0,0,0,0,0,-,-,NA,NA,LOS ANGELES,LOS ANGELES,-118.334991,34.03266075
8118635,2016,2016-09-16,1942,2016-07-15,0945,41793,391,5,5,7,1942,0,0,0,NA,0,3A15,LA BREA AV,DON LORENZO,200,N,N,A,-,N,NA,NA,NA,NA,NA,NA,NA,NA,NA,N,4,0,1,3,A,-,03,22350,NA,N,C,C,A,A,H,-,A,D,0,NA,NA,NA,NA,Y,NA,D,22,0,0,1,0,0,0,0,0,0,-,-,NA,NA,LOS ANGELES,LOS ANGELES,-118.35913322,34.00134575
8118639,2016,2016-09-20,1942,2016-07-19,1455,40063,0374,2,5,7,1942,0,0,0,C,0,3A12,MLK KING JR BL,ROXTON AV,0,NA,Y,A,-,N,NA,NA,NA,NA,NA,NA,NA,NA,NA,N,4,0,2,2,A,-,09,21801,A,F,D,C,A,A,H,-,A,A,0,NA,NA,NA,NA,Y,NA,-,99,0,0,2,0,0,0,0,0,0,-,-,NA,NA,LOS ANGELES,LOS ANGELES,-118.32144,34.01077
8118647,2016,2016-09-12,1942,2016-08-19,2339,36981,1446,5,5,7,1942,0,0,0,N,0,14A11,PACIFIC AV,INGLEWOOD BL,156,W,N,A,-,N,NA,NA,NA,NA,NA,NA,NA,NA,NA,N,4,0,1,3,A,-,03,22350,NA,F,G,B,F,A,D,-,D,D,0,Y,NA,NA,NA,Y,Y,-,99,0,0,1,0,1,0,0,0,0,-,-,NA,NA,LOS ANGELES,LOS ANGELES,-118.42859302,34.00497715
8118651,2016,2016-09-12,1942,2016-08-03,1415,37614,1449,3,5,7,1942,0,0,0,N,0,14TL52,WASHINGTON PL,INGLEWOOD BL,313,W,N,A,-,N,NA,NA,NA,NA,NA,NA,NA,NA,NA,Y,4,0,1,2,A,-,08,22103,NA,N,D,C,A,A,H,-,A,D,0,NA,NA,NA,NA,Y,NA,A,08,0,0,1,0,0,0,0,0,0,-,-,NA,NA,LOS ANGELES,LOS ANGELES,-118.42639967,34.00143908
8118655,2016,2016-09-12,1942,2016-08-30,2200,40024,0717,2,5,7,1942,0,0,0,G,0,14T47,HIGHLAND AV,BEVERLY BL,250,NA,N,C,-,N,NA,NA,NA,NA,NA,NA,NA,NA,NA,Y,4,0,3,2,A,-,00,21703,B,N,D,C,A,A,H,-,C,D,0,NA,NA,NA,NA,Y,Y,A,07,0,0,3,0,0,0,0,0,0,-,-,NA,NA,LOS ANGELES,LOS ANGELES,-118.33865006,34.0761901
8118659,2016,2016-09-12,1942,2016-08-18,1530,41942,0724,4,5,7,1942,0,0,0,G,0,7A53,BEVERLY BL,FAIRFAX AV,0,NA,Y,A,-,N,NA,NA,NA,NA,NA,NA,NA,NA,NA,N,4,0,1,2,A,-,00,24806,A,F,D,C,A,A,H,-,A,D,0,NA,NA,NA,NA,Y,NA,-,99,0,0,1,0,0,0,0,0,0,-,-,NA,NA,LOS ANGELES,LOS ANGELES,-118.3614601,34.07610002
8118663,2016,2016-09-12,1942,2016-08-30,2045,37987,779,2,5,7,1942,0,0,0,NA,0,7A22,ARLINGTON AV,17TH ST,25,N,N,A,-,N,NA,NA,NA,NA,NA,NA,NA,NA,NA,N,4,0,1,2,A,-,04,21703,NA,F,C,C,A,A,H,-,C,D,0,NA,NA,NA,NA,Y,NA,-,99,0,0,1,0,0,0,0,0,0,-,-,NA,NA,LOS ANGELES,LOS ANGELES,-118.317731,34.041874
8118778,2016,2016-09-14,1942,2016-08-01,1020,41072,0513,1,5,7,1942,0,0,0,E,0,18T23,PACIFIC COAST HWY,FRAMPTON AV,0,NA,Y,A,-,N,NA,NA,NA,NA,NA,NA,NA,NA,NA,Y,4,0,3,2,A,-,09,21801,A,N,D,C,A,A,H,-,A,A,0,NA,NA,NA,NA,Y,NA,A,08,0,0,3,0,0,0,0,0,0,-,-,NA,NA,LOS ANGELES,LOS ANGELES,-118.29997011,33.78945
8118794,2016,2017-02-18,1976,2016-08-25,1829,279,1976,4,5,5,1976,0,0,0,NA,0,00Z,WHITTIER BL,COMSTOCK AV,0,NA,Y,A,-,Y,LA,7,72,-,-,4.06,I,5,N,N,2,0,1,2,A,-,11,21954,A,N,G,B,D,A,H,-,A,D,0,Y,NA,NA,NA,Y,NA,A,07,1,0,0,0,1,0,0,0,0,-,-,NA,NA,LOS ANGELES,WHITTIER,-118.03854201,33.96649264
8118927,2016,2017-02-18,1941,2016-08-25,1427,5870,NA,4,5,7,1941,0,0,0,NA,0,NA,OCEAN BL,RT 47,1784,E,N,A,-,Y,LA,7,710,-,-,3.75,H,-,S,N,4,0,1,1,A,-,08,22107,NA,N,E,I,A,A,C,D,A,D,0,NA,NA,NA,Y,Y,NA,F,NA,0,0,1,0,0,0,0,0,0,-,-,NA,NA,LOS ANGELES,LONG BEACH,-118.23319768,33.76014546
8118931,2016,2016-09-16,1941,2016-08-17,1155,5755,546,3,5,7,1941,0,0,0,NA,0,012,TERMINO AV,11TH ST,0,NA,Y,A,-,N,NA,NA,NA,NA,NA,NA,NA,NA,NA,N,3,0,1,2,A,-,09,21802,A,N,D,G,A,A,H,-,A,A,0,NA,Y,NA,NA,Y,NA,L,04,0,1,0,0,0,0,1,0,0,-,-,NA,NA,LOS ANGELES,LONG BEACH,-118.14592007,33.78076006
8118943,2016,2016-09-16,1942,2016-09-01,1040,30830,0919,4,5,7,1942,0,0,0,I,0,16T23,FULTON AV,KITTRIDGE ST,258,S,N,A,-,N,NA,NA,NA,NA,NA,NA,NA,NA,NA,Y,3,0,2,4,A,-,05,21460,A,F,A,C,A,A,H,-,A,A,0,NA,NA,NA,NA,Y,NA,D,22,0,2,0,0,0,0,0,0,0,-,-,NA,NA,LOS ANGELES,LOS ANGELES,-118.42252472,34.18959236
8118947,2016,2016-09-16,1942,2016-08-13,0140,39355,1681,6,5,7,1942,0,0,0,P,0,17T17,LAUREL CANYON BL,STAGG ST,14,N,N,A,-,N,NA,NA,NA,NA,NA,NA,NA,NA,NA,N,4,0,1,2,A,-,09,21801,A,N,D,C,A,A,H,-,C,A,0,NA,NA,NA,NA,Y,NA,D,22,0,0,1,0,0,0,0,0,0,-,-,NA,NA,LOS ANGELES,LOS ANGELES,-118.39651,34.2121284
8118948,2016,2016-09-13,1976,2016-08-01,1325,418,NA,1,5,5,1976,0,0,0,NA,0,001,PHILADELPHIA AV,PICKERING AV,0,NA,Y,A,-,N,NA,NA,NA,NA,NA,NA,NA,NA,NA,Y,4,0,2,2,A,-,12,21453,A,N,D,C,A,A,H,-,A,A,0,NA,NA,NA,NA,Y,NA,A,01,0,0,2,0,0,0,0,0,0,-,-,NA,NA,LOS ANGELES,WHITTIER,-118.04207008,33.97910003
8118952,2016,2016-09-13,1976,2016-08-04,1430,212,NA,4,5,5,1976,0,0,0,NA,0,001,WORKMAN MILL RD,BEVERLY BL,120,N,N,A,-,N,NA,NA,NA,NA,NA,NA,NA,NA,NA,N,4,0,1,2,A,-,03,22350,NA,N,C,C,A,A,D,-,A,A,0,NA,NA,NA,NA,Y,NA,A,01,0,0,1,0,0,0,0,0,0,-,-,NA,NA,LOS ANGELES,WHITTIER,-118.0551768,33.99889889
8118964,2016,2016-09-13,1925,2016-08-19,1710,24822,237,5,5,6,1925,0,0,0,NA,0,004,N GLENDALE,E WILSON AV,50,N,N,A,-,N,NA,NA,NA,NA,NA,NA,NA,NA,NA,N,3,0,1,2,A,-,11,21955,NA,N,G,B,D,A,H,-,A,A,0,Y,NA,NA,NA,Y,NA,N,60,0,1,0,0,1,0,0,0,0,-,-,NA,NA,LOS ANGELES,GLENDALE,-118.24639527,34.14827935
8119042,2016,2016-09-12,1925,2016-08-22,0029,24285,215,1,5,6,1925,0,0,0,NA,0,002,SAN FERNANDO RD,DORAN ST,21,S,N,A,-,N,NA,NA,NA,NA,NA,NA,NA,NA,NA,Y,4,0,1,2,A,-,08,22100,A,N,B,C,A,A,H,-,C,A,0,NA,NA,NA,NA,Y,NA,A,01,0,0,1,0,0,0,0,0,0,-,-,NA,NA,LOS ANGELES,GLENDALE,-118.27508341,34.15316682
8119046,2016,2016-09-12,1925,2016-08-29,1651,21092,218,1,5,6,1925,0,0,0,NA,0,002,PACIFIC AV,WILSON AV,0,NA,Y,A,-,N,NA,NA,NA,NA,NA,NA,NA,NA,NA,Y,4,0,1,4,A,-,12,21453,A,M,D,C,A,A,H,-,A,A,0,NA,NA,NA,NA,Y,NA,A,01,0,0,1,0,0,0,0,0,0,-,-,NA,NA,LOS ANGELES,GLENDALE,-118.26450007,34.14801012
8119049,2016,2017-02-18,1944,2016-08-29,1246,345,SOUTH,1,5,4,1944,0,0,0,NA,0,002,SEPULVEDA BL,8TH ST,9,N,N,A,-,Y,LA,7,1,-,-,22.641,I,5,S,N,4,0,1,2,A,-,11,21456,B,N,D,B,B,A,H,-,A,A,0,Y,NA,NA,NA,Y,NA,N,60,0,0,1,0,1,0,0,0,0,-,-,NA,NA,LOS ANGELES,MANHATTAN BEACH,-118.39608569,33.88375493
8119050,2016,2016-09-12,1925,2016-08-29,1231,21092,NA,1,5,6,1925,0,0,0,NA,0,NA,BROADWAY,GLENDALE AV,0,NA,Y,A,-,N,NA,NA,NA,NA,NA,NA,NA,NA,NA,Y,3,0,2,3,A,-,09,21801,A,N,A,C,A,A,H,-,A,A,0,NA,NA,NA,NA,Y,NA,A,07,0,1,1,0,0,0,0,0,0,-,-,NA,NA,LOS ANGELES,GLENDALE,-118.24719008,34.1463001
8119053,2016,2017-03-15,1956,2016-08-24,0710,1221,24,3,5,5,1956,0,0,0,NA,0,002,RT 1,N CATALINA AV,0,NA,Y,A,-,Y,LA,7,1,-,-,20.558,I,5,N,N,4,0,1,2,A,-,03,22350,NA,F,C,C,A,A,H,-,A,A,0,NA,NA,NA,NA,Y,NA,-,99,0,0,1,0,0,0,0,0,0,-,-,NA,NA,LOS ANGELES,REDONDO BEACH,-118.38991341,33.85353418
8119054,2016,2016-09-12,1925,2016-08-30,0925,21092,167,2,5,6,1925,0,0,0,NA,0,001,BRAND BL,GLENOAKS BL,49,N,N,A,-,N,NA,NA,NA,NA,NA,NA,NA,NA,NA,N,4,0,1,2,A,-,03,22350,NA,N,-,C,A,A,H,-,A,A,0,NA,NA,NA,NA,Y,NA,A,01,0,0,1,0,0,0,0,0,0,-,-,NA,NA,LOS ANGELES,GLENDALE,-118.25515,34.15952438
8119058,2016,2016-09-12,1925,2016-08-20,1926,24967,196,6,5,6,1925,0,0,0,NA,0,001,SONORA AV,SAN FERNANDO RD,0,S,N,A,-,N,NA,NA,NA,NA,NA,NA,NA,NA,NA,N,4,0,4,2,A,-,07,21658,A,N,B,C,A,A,H,-,B,D,0,NA,NA,NA,NA,Y,NA,A,NA,0,0,4,0,0,0,0,0,0,-,-,NA,NA,LOS ANGELES,GLENDALE,-118.28830001,34.16596002
8119062,2016,2016-09-12,1925,2016-08-22,1207,22458,230,1,5,6,1925,0,0,0,NA,0,002,BRAND BL,LEXINGTON DR,0,NA,Y,A,-,N,NA,NA,NA,NA,NA,NA,NA,NA,NA,Y,4,0,2,2,A,-,03,22350,NA,N,C,C,A,A,H,-,A,A,0,NA,NA,NA,NA,Y,NA,A,01,0,0,2,0,0,0,0,0,0,-,-,NA,NA,LOS ANGELES,GLENDALE,-118.25512006,34.15172003
8119065,2016,2017-02-18,1925,2016-08-23,0854,14089,220,2,5,6,1925,0,0,0,NA,0,NA,BRAND BL,GOODE AV,0,NA,Y,A,-,Y,LA,7,134,-,R,7.254,R,4,W,Y,3,0,1,2,A,-,12,21453,A,N,D,C,A,A,H,-,A,A,0,NA,NA,Y,NA,Y,NA,A,01,0,1,0,0,0,0,0,0,1,-,-,NA,NA,LOS ANGELES,GLENDALE,-118.25268685,34.15646292
8119066,2016,2016-09-12,1925,2016-08-19,0751,19167,243,5,5,6,1925,0,0,0,NA,0,003,VERDUGO RD,MAPLE ST,0,NA,Y,A,-,N,NA,NA,NA,NA,NA,NA,NA,NA,NA,Y,4,0,1,1,A,-,08,22107,NA,N,E,I,A,A,H,-,A,A,0,NA,NA,NA,NA,Y,NA,A,01,0,0,1,0,0,0,0,0,0,-,-,NA,NA,LOS ANGELES,GLENDALE,-118.23358013000001,34.13987006
8119069,2016,2017-03-02,1956,2016-08-24,0942,1257,03,3,5,5,1956,0,0,0,NA,0,001,RT 1,AVE G,45,N,N,A,-,Y,LA,7,1,-,-,18.36,H,-,S,Y,4,0,1,2,A,-,08,22107,NA,N,C,E,A,A,H,-,A,D,0,NA,NA,NA,NA,Y,NA,A,01,0,0,1,0,0,0,0,0,0,-,-,NA,NA,LOS ANGELES,REDONDO BEACH,-118.38538557,33.82165023
8119070,2016,2016-11-07,1925,2016-08-16,0956,22458,163,2,5,6,1925,0,0,0,NA,0,004,GLENOAKS BL,JACKSON ST,0,NA,Y,A,-,N,NA,NA,NA,NA,NA,NA,NA,NA,NA,Y,4,0,2,2,A,-,12,21453,A,N,D,-,A,A,H,-,A,A,0,NA,NA,NA,NA,Y,NA,-,-,0,0,2,0,0,0,0,0,0,-,-,NA,NA,LOS ANGELES,GLENDALE,-118.25021004,34.15832002
8119074,2016,2016-09-12,1925,2016-08-18,0851,19167,228,4,5,6,1925,0,0,0,NA,0,004,MONTEREY RD,GENEVA ST,0,NA,Y,A,-,N,NA,NA,NA,NA,NA,NA,NA,NA,NA,Y,4,0,2,2,A,-,12,21453,A,N,D,C,A,A,H,-,A,A,0,NA,NA,NA,NA,Y,NA,A,01,0,0,2,0,0,0,0,0,0,-,-,NA,NA,LOS ANGELES,GLENDALE,-118.24682002,34.15752005
8119078,2016,2016-09-12,1925,2016-08-15,1807,19893,191,1,5,6,1925,0,0,0,NA,0,001,WESTERN AV,GLENOAKS BL,119,S,N,A,-,N,NA,NA,NA,NA,NA,NA,NA,NA,NA,N,4,0,1,2,A,-,03,22350,NA,N,C,C,A,A,H,-,A,A,0,NA,NA,NA,NA,Y,NA,A,01,0,0,1,0,0,0,0,0,0,-,-,NA,NA,LOS ANGELES,GLENDALE,-118.28999599,34.17081254
8119081,2016,2017-01-21,1925,2016-08-28,1817,24286,222,7,5,6,1925,0,0,0,NA,0,002,CENTRAL AV,SANCHEZ DR,0,NA,Y,A,-,Y,LA,7,134,-,R,6.69,R,4,E,Y,4,0,2,2,A,-,12,21453,A,N,A,C,A,A,H,-,A,A,0,NA,NA,NA,NA,Y,NA,-,-,0,0,2,0,0,0,0,0,0,-,-,NA,NA,LOS ANGELES,GLENDALE,-118.26251816,34.15623908
8119082,2016,2016-09-12,1925,2016-08-14,1833,23811,4,7,5,6,1925,0,0,0,NA,0,240,LURENS PL,BROADWAY,0,NA,Y,A,-,N,NA,NA,NA,NA,NA,NA,NA,NA,NA,Y,3,0,1,3,A,-,03,22350,NA,N,F,E,A,A,H,-,A,D,0,NA,NA,NA,NA,Y,NA,A,01,0,1,0,0,0,0,0,0,0,-,-,NA,NA,LOS ANGELES,GLENDALE,-118.23343,34.14618
8119086,2016,2016-09-12,1925,2016-08-13,1808,20886,154,6,5,6,1925,0,0,0,NA,0,004,GLENOAKS BL,WALTONIA DR,100,E,N,A,-,N,NA,NA,NA,NA,NA,NA,NA,NA,NA,N,4,0,2,2,A,-,08,22103,NA,N,D,C,A,A,-,-,A,D,0,NA,NA,Y,NA,Y,NA,A,01,0,0,2,0,0,0,0,0,1,-,-,NA,NA,LOS ANGELES,GLENDALE,-118.21978364,34.1509702