CASE_ID,ACCIDENT_YEAR,PROC_DATE,JURIS,COLLISION_DATE,COLLISION_TIME,OFFICER_ID,REPORTING_DISTRICT,DAY_OF_WEEK,CHP_SHIFT,POPULATION,CNTY_CITY_LOC,SPECIAL_COND,BEAT_TYPE,CHP_BEAT_TYPE,CITY_DIVISION_LAPD,CHP_BEAT_CLASS,BEAT_NUMBER,PRIMARY_RD,SECONDARY_RD,DISTANCE,DIRECTION,INTERSECTION,WEATHER_1,WEATHER_2,STATE_HWY_IND,CALTRANS_COUNTY,CALTRANS_DISTRICT,STATE_ROUTE,ROUTE_SUFFIX,POSTMILE_PREFIX,POSTMILE,LOCATION_TYPE,RAMP_INTERSECTION,SIDE_OF_HWY,TOW_AWAY,COLLISION_SEVERITY,NUMBER_KILLED,NUMBER_INJURED,PARTY_COUNT,PRIMARY_COLL_FACTOR,PCF_CODE_OF_VIOL,PCF_VIOL_CATEGORY,PCF_VIOLATION,PCF_VIOL_SUBSECTION,HIT_AND_RUN,TYPE_OF_COLLISION,MVIW,PED_ACTION,ROAD_SURFACE,ROAD_COND_1,ROAD_COND_2,LIGHTING,CONTROL_DEVICE,CHP_ROAD_TYPE,PEDESTRIAN_ACCIDENT,BICYCLE_ACCIDENT,MOTORCYCLE_ACCIDENT,TRUCK_ACCIDENT,NOT_PRIVATE_PROPERTY,ALCOHOL_INVOLVED,STWD_VEHTYPE_AT_FAULT,CHP_VEHTYPE_AT_FAULT,COUNT_SEVERE_INJ,COUNT_VISIBLE_INJ,COUNT_COMPLAINT_PAIN,COUNT_PED_KILLED,COUNT_PED_INJURED,COUNT_BICYCLIST_KILLED,COUNT_BICYCLIST_INJURED,COUNT_MC_KILLED,COUNT_MC_INJURED,PRIMARY_RAMP,SECONDARY_RAMP,LATITUDE,LONGITUDE,COUNTY,CITY,POINT_X,POINT_Y
8122937,2016,2016-09-16,1942,2016-09-05,1355,41397,1612,1,5,7,1942,0,0,0,P,0,19T74,VAN NUYS BL,BRADLEY AV,180,W,N,A,-,N,NA,NA,NA,NA,NA,NA,NA,NA,NA,Y,3,0,2,2,A,-,01,23152,A,N,C,C,A,A,H,-,A,D,0,NA,NA,NA,NA,Y,Y,A,01,0,1,1,0,0,0,0,0,0,-,-,NA,NA,LOS ANGELES,LOS ANGELES,-118.41873079,34.268568
8122938,2016,2017-03-01,1900,2016-08-31,1215,526292,0560,3,5,3,1968,0,0,0,NA,0,55T1AM,RT 164,FERN ST,38,E,N,A,-,Y,LA,7,164,-,-,4.557,I,5,S,Y,3,0,1,2,A,-,09,21801,A,N,A,C,A,B,H,-,A,D,0,NA,NA,NA,NA,Y,NA,A,07,0,1,0,0,0,0,0,0,0,-,-,NA,NA,LOS ANGELES,SOUTH EL MONTE,-118.06444115,34.0591504
8122942,2016,2017-03-01,1942,2016-08-28,1945,42322,2103,7,5,7,1942,0,0,0,NA,0,21A56,PARTHENIA ST,TOPANGA CANYON BL,0,W,N,A,-,Y,LA,7,27,-,-,16.471,I,6,N,N,4,0,1,2,A,-,05,21650,1,M,D,G,A,A,H,-,C,A,0,NA,Y,NA,NA,Y,NA,L,04,0,0,1,0,0,0,1,0,0,-,-,NA,NA,LOS ANGELES,LOS ANGELES,-118.60377451,34.22836195
8122950,2016,2017-03-01,1942,2016-08-28,1640,41976,2185,7,5,7,1942,0,0,0,NA,0,21XL57,TOPANGA CANYON BL,CLARENDON ST,0,NA,Y,A,-,Y,LA,7,27,-,-,12.36,H,-,N,N,4,0,1,2,A,-,03,22350,NA,F,C,C,A,A,H,-,A,A,0,NA,NA,NA,NA,Y,NA,-,99,0,0,1,0,0,0,0,0,0,-,-,NA,NA,LOS ANGELES,LOS ANGELES,-118.60577603,34.16970189
8122965,2016,2016-09-19,1942,2016-08-03,1450,39217,1024,3,5,7,1942,0,0,0,J,0,9TL52,BAIRD AV,VANOWEN ST,250,N,N,A,-,N,NA,NA,NA,NA,NA,NA,NA,NA,NA,Y,4,0,1,2,A,-,03,22350,NA,N,H,C,A,A,H,-,A,D,0,NA,NA,NA,NA,Y,NA,A,01,0,0,1,0,0,0,0,0,0,-,-,NA,NA,LOS ANGELES,LOS ANGELES,-118.53731137,34.19454572
8122969,2016,2016-09-19,1942,2016-08-30,1630,38356,0964,2,5,7,1942,0,0,0,I,0,9TL58,WOODMAN AV,RIVERSIDE DR,560,S,N,A,-,N,NA,NA,NA,NA,NA,NA,NA,NA,NA,Y,4,0,1,2,A,-,12,21453,A,N,D,C,A,A,H,-,A,A,0,NA,NA,NA,NA,Y,NA,A,01,0,0,1,0,0,0,0,0,0,-,-,NA,NA,LOS ANGELES,LOS ANGELES,-118.43122337,34.15607425
8122973,2016,2016-09-19,1942,2016-08-24,1940,41984,0901,3,5,7,1942,0,0,0,I,0,9U1,SATICOY BL,FIRMAMENT AV,0,NA,Y,A,-,N,NA,NA,NA,NA,NA,NA,NA,NA,NA,N,4,0,1,2,A,-,09,21802,A,N,-,C,A,A,H,-,C,A,0,NA,NA,NA,NA,Y,NA,A,01,0,0,1,0,0,0,0,0,0,-,-,NA,NA,LOS ANGELES,LOS ANGELES,-118.47283013,34.20846002
8122977,2016,2016-09-19,1942,2016-08-29,0645,38980,0933,1,5,7,1942,0,0,0,I,0,9TL59,VAN NUYS BL,FRIAR ST,0,NA,Y,A,-,N,NA,NA,NA,NA,NA,NA,NA,NA,NA,Y,4,0,3,2,A,-,12,21453,A,N,D,C,A,A,H,-,A,A,0,NA,NA,NA,NA,Y,NA,A,01,0,0,3,0,0,0,0,0,0,-,-,NA,NA,LOS ANGELES,LOS ANGELES,-118.44873006,34.18568005
8122981,2016,2016-09-19,1942,2016-08-29,1135,38687,0923,1,5,7,1942,0,0,0,I,0,19T75,VICTORY BL,VESPER AV,300,W,N,A,-,N,NA,NA,NA,NA,NA,NA,NA,NA,NA,Y,4,0,1,2,A,-,21,22106,NA,N,D,C,A,A,H,-,A,D,0,NA,NA,NA,NA,Y,NA,A,08,0,0,1,0,0,0,0,0,0,-,-,NA,NA,LOS ANGELES,LOS ANGELES,-118.4519202,34.18666
8122985,2016,2016-09-19,1942,2016-08-18,1910,39222,1596,4,5,7,1942,0,0,0,O,0,15A3,VENTURA BL,ARCH DR,30,W,N,A,-,N,NA,NA,NA,NA,NA,NA,NA,NA,NA,Y,4,0,1,2,A,-,05,21650,NA,N,B,C,A,A,H,-,A,D,0,NA,NA,NA,NA,Y,NA,A,01,0,0,1,0,0,0,0,0,0,-,-,NA,NA,LOS ANGELES,LOS ANGELES,-118.37422786,34.14188777
8122986,2016,2016-09-19,1942,2016-08-27,1815,37550,2019,6,5,7,1942,0,0,0,NA,0,20T59,VERMONT AV,1ST ST,162,S,N,A,-,N,NA,NA,NA,NA,NA,NA,NA,NA,NA,Y,4,0,1,2,A,-,09,21804,A,F,C,C,A,A,H,-,A,A,0,NA,NA,NA,NA,Y,NA,A,01,0,0,1,0,0,0,0,0,0,-,-,NA,NA,LOS ANGELES,LOS ANGELES,-118.291683,34.0723
8122989,2016,2016-09-19,1942,2016-08-22,1940,35107,1559,1,5,7,1942,0,0,0,O,0,NA,FORMAN AV,SARAH ST,0,NA,Y,A,-,N,NA,NA,NA,NA,NA,NA,NA,NA,NA,N,3,0,1,2,A,-,12,22450,A,N,D,G,A,A,H,-,B,A,0,NA,Y,NA,NA,Y,NA,A,01,0,1,0,0,0,0,1,0,0,-,-,NA,NA,LOS ANGELES,LOS ANGELES,-118.35277012,34.15403012
8122990,2016,2016-09-19,1942,2016-08-24,1120,35439,2027,3,5,7,1942,0,0,0,NA,0,20A71,VERMONT,6TH ST,0,NA,Y,A,-,N,NA,NA,NA,NA,NA,NA,NA,NA,NA,NA,4,0,1,2,A,-,04,21703,NA,F,C,C,A,A,H,-,A,A,0,NA,NA,NA,NA,Y,NA,-,99,0,0,1,0,0,0,0,0,0,-,-,NA,NA,LOS ANGELES,LOS ANGELES,-118.291645,34.063621
8122993,2016,2016-12-21,1942,2016-08-14,1150,38857,1031,7,5,7,1942,0,0,0,J,0,17TL14,TAMPA AV,VICTORY BL,25,N,N,A,-,N,NA,NA,NA,NA,NA,NA,NA,NA,NA,N,4,0,1,2,A,-,03,22350,A,N,C,C,A,A,A,-,A,A,0,NA,NA,NA,NA,Y,NA,A,01,0,0,1,0,0,0,0,0,0,-,-,NA,NA,LOS ANGELES,LOS ANGELES,-118.55349,34.18663858
8122997,2016,2016-12-21,1942,2016-08-16,1325,38996,1008,2,5,7,1942,0,0,0,J,0,19TL72,ROSCOE BL,BALBOA PL,0,NA,Y,A,-,N,NA,NA,NA,NA,NA,NA,NA,NA,NA,Y,4,0,2,2,A,-,09,21453,B,N,-,C,A,A,H,-,A,A,0,NA,NA,NA,NA,Y,NA,A,01,0,0,2,0,0,0,0,0,0,-,-,NA,NA,LOS ANGELES,LOS ANGELES,-118.50113001,34.22118
8122998,2016,2016-09-19,1942,2016-08-12,1300,31255,0711,5,5,7,1942,0,0,0,G,0,8TL26,KINGS RD,BEVERLY BL,15,N,N,A,-,N,NA,NA,NA,NA,NA,NA,NA,NA,NA,N,4,0,1,2,A,-,03,22350,A,F,C,C,A,A,H,-,A,D,0,NA,NA,NA,NA,Y,NA,-,99,0,0,1,0,0,0,0,0,0,-,-,NA,NA,LOS ANGELES,LOS ANGELES,-118.37214,34.07608114
8123001,2016,2016-12-21,1942,2016-08-09,2005,38326,1008,2,5,7,1942,0,0,0,J,0,15T45,STRATHERN ST,GLORIA AV,100,W,N,A,-,N,NA,NA,NA,NA,NA,NA,NA,NA,NA,Y,3,0,1,2,A,-,05,21460,A,N,B,C,A,A,H,-,C,D,0,NA,NA,Y,NA,Y,NA,C,02,0,1,0,0,0,0,0,0,1,-,-,NA,NA,LOS ANGELES,LOS ANGELES,-118.47962018,34.2156885
8123005,2016,2016-12-21,1942,2016-08-10,0830,39194,1067,3,5,7,1942,0,0,0,J,0,9TL57,BALBOA BL,CLARK ST,306,N,N,A,-,N,NA,NA,NA,NA,NA,NA,NA,NA,NA,N,4,0,1,2,A,-,04,21703,NA,N,C,C,A,A,H,-,A,A,0,NA,NA,NA,NA,Y,NA,A,01,0,0,1,0,0,0,0,0,0,-,-,NA,NA,LOS ANGELES,LOS ANGELES,-118.5011,34.16961938
8123009,2016,2016-09-19,1942,2016-08-24,1710,36888,1532,3,5,7,1942,0,0,0,O,0,15FBL1,OXNARD ST,SHADYGLADE,0,NA,Y,A,-,N,NA,NA,NA,NA,NA,NA,NA,NA,NA,Y,4,0,3,2,A,-,09,21804,A,N,D,C,A,A,H,-,A,D,0,NA,NA,NA,NA,Y,NA,A,01,0,0,3,0,0,0,0,0,0,-,-,NA,NA,LOS ANGELES,LOS ANGELES,-118.40199009,34.17941002
8123013,2016,2016-09-19,1942,2016-08-25,2155,41422,1526,4,5,7,1942,0,0,0,O,0,15EL1,LANKERSHIM BL,OXNARD ST,0,NA,Y,A,-,N,NA,NA,NA,NA,NA,NA,NA,NA,NA,N,4,0,3,2,A,-,12,21453,A,N,D,C,A,A,H,-,C,A,0,NA,NA,NA,NA,Y,NA,A,01,0,0,3,0,0,0,0,0,0,-,-,NA,NA,LOS ANGELES,LOS ANGELES,-118.38341013,34.17942011
8123018,2016,2016-09-26,1955,2016-08-14,2139,41886,0014,7,5,6,1955,0,0,0,NA,0,003,KINGSLEY,INDIAN HILL BL,12,W,N,A,-,N,NA,NA,NA,NA,NA,NA,NA,NA,NA,N,4,0,1,2,A,-,08,22107,NA,F,G,B,B,A,H,-,C,A,0,Y,NA,NA,NA,Y,Y,A,01,0,0,1,0,1,0,0,0,0,-,-,NA,NA,LOS ANGELES,POMONA,-117.71924948,34.0669285
8123021,2016,2016-11-16,1942,2016-08-23,1910,41269,LOS A,2,5,7,1942,0,0,0,NA,0,16A59,FOOTHILL BL,MCVINE,0,NA,Y,A,-,N,NA,NA,NA,NA,NA,NA,NA,NA,NA,N,4,0,1,2,A,-,10,21950,A,N,G,B,B,A,H,-,A,A,0,Y,NA,NA,NA,Y,NA,A,07,0,0,1,0,1,0,0,0,0,-,-,NA,NA,LOS ANGELES,LOS ANGELES,-118.31138011,34.25967006
8123022,2016,2016-10-11,1955,2016-08-29,0807,41871,0037,1,5,6,1955,0,0,0,NA,0,002,ARROW HWY,FAIR ST,100,E,N,A,-,N,NA,NA,NA,NA,NA,NA,NA,NA,NA,Y,4,0,1,3,A,-,02,22400,A,N,C,C,A,A,H,-,A,A,0,NA,NA,NA,NA,Y,NA,A,07,0,0,1,0,0,0,0,0,0,-,-,NA,NA,LOS ANGELES,POMONA,-117.76019469,34.09136676
8123025,2016,2016-09-19,1942,2016-08-31,2115,36336,1591,3,5,7,1942,0,0,0,O,0,10T37,MULHOLLAND DR,LAUREL PASS AV,750,E,N,A,-,N,NA,NA,NA,NA,NA,NA,NA,NA,NA,Y,3,0,1,1,A,-,03,22350,NA,N,E,I,A,A,H,-,D,D,0,NA,NA,NA,NA,Y,NA,A,01,0,1,0,0,0,0,0,0,0,-,-,NA,NA,LOS ANGELES,LOS ANGELES,-118.38128511,34.12273257
8123026,2016,2016-09-19,1955,2016-08-21,0201,42002,0005,7,5,6,1955,0,0,0,NA,0,004,GAREY AV,4TH ST,12,N,N,A,-,N,NA,NA,NA,NA,NA,NA,NA,NA,NA,N,3,0,1,2,A,-,12,21453,A,F,G,B,B,A,H,-,C,A,0,Y,NA,NA,NA,Y,NA,A,01,0,1,0,0,1,0,0,0,0,-,-,NA,NA,LOS ANGELES,POMONA,-117.75009219,34.05604284
8123030,2016,2016-09-19,1955,2016-08-08,1830,42045,0009,1,5,6,1955,0,0,0,NA,0,003,HOLT AV,GIBBS ST,0,NA,Y,A,-,N,NA,NA,NA,NA,NA,NA,NA,NA,NA,N,3,0,1,2,A,-,05,21650,1,N,D,G,A,A,H,-,A,A,0,NA,Y,NA,NA,Y,NA,L,04,0,1,0,0,0,0,1,0,0,-,-,NA,NA,LOS ANGELES,POMONA,-117.7481401,34.06244011
8123053,2016,2016-09-16,1955,2016-07-28,2226,42210,0035,4,5,6,1955,0,0,0,NA,0,002,WHITE AV,VAL VISTA ST,114,NA,N,A,-,N,NA,NA,NA,NA,NA,NA,NA,NA,NA,N,3,0,1,2,A,-,17,22109,NA,N,C,G,A,A,H,-,C,A,0,NA,Y,NA,NA,Y,Y,L,04,0,1,0,0,0,0,1,0,0,-,-,NA,NA,LOS ANGELES,POMONA,-117.75926005,34.07288012
81230649,2020,2020-04-29,1933,2020-04-27,0713,869,24,1,5,6,1933,0,0,0,NA,0,002,INGLEWOOD AV,93RD ST,12,S,N,A,-,N,NA,NA,NA,NA,NA,NA,NA,NA,NA,N,4,0,1,4,A,-,03,22350,NA,N,B,E,A,A,H,-,A,D,0,NA,NA,NA,NA,Y,NA,A,08,0,0,1,0,0,0,0,0,0,-,-,33.951778411865234,-118.361328125,LOS ANGELES,INGLEWOOD,-118.36135864257813,33.95168685913086
8123281,2016,2016-11-16,1942,2016-07-04,1215,41923,585,1,5,7,1942,0,0,0,NA,0,5A59,25TH ST,WESTERN AV,250,E,N,A,-,N,NA,NA,NA,NA,NA,NA,NA,NA,NA,N,3,0,1,2,A,-,09,21804,A,N,D,C,A,A,H,-,A,A,0,NA,NA,NA,NA,Y,NA,A,01,0,1,0,0,0,0,0,0,0,-,-,NA,NA,LOS ANGELES,LOS ANGELES,-118.31224041,33.72252027
8123283,2016,2016-09-21,1942,2016-08-03,0745,31324,1309,3,5,7,1942,0,0,0,M,0,11T32,OLYMPIC BL,SANTA FE AV,1275,E,N,A,-,N,NA,NA,NA,NA,NA,NA,NA,NA,NA,N,4,0,1,2,A,-,04,21703,NA,N,C,C,A,A,H,-,A,A,0,NA,NA,NA,NA,Y,NA,D,22,0,0,1,0,0,0,0,0,0,-,-,NA,NA,LOS ANGELES,LOS ANGELES,-118.22659218,34.02559195
8123285,2016,2016-09-20,1942,2016-07-10,0600,33852,0529,7,5,7,1942,0,0,0,E,0,5A85,ANAHEIM ST,BANNING BL,10,E,N,A,-,N,NA,NA,NA,NA,NA,NA,NA,NA,NA,N,3,0,1,1,A,-,07,21658,A,N,A,I,A,A,B,-,A,D,0,NA,NA,NA,NA,Y,NA,A,01,0,1,0,0,0,0,0,0,0,-,-,NA,NA,LOS ANGELES,LOS ANGELES,-118.25728721,33.78025151
8123287,2016,2016-09-21,1942,2016-08-28,0030,31288,0315,7,5,7,1942,0,0,0,C,0,5T21,ADAMS BL,WESTERN AV,0,NA,Y,A,-,N,NA,NA,NA,NA,NA,NA,NA,NA,NA,Y,4,0,1,2,A,-,01,23152,A,N,-,C,A,A,H,-,C,A,0,NA,NA,NA,NA,Y,Y,D,22,0,0,1,0,0,0,0,0,0,-,-,NA,NA,LOS ANGELES,LOS ANGELES,-118.30898013,34.03270008
8123289,2016,2016-11-07,1942,2016-07-23,1640,41921,1831,6,5,7,1942,0,0,0,R,0,18U3,VERMONT AV,125TH ST,4,N,N,-,-,N,NA,NA,NA,NA,NA,NA,NA,NA,NA,Y,4,0,1,2,A,-,12,22450,A,F,-,-,A,-,-,-,-,-,0,NA,NA,NA,NA,Y,NA,-,99,0,0,1,0,0,0,0,0,0,-,-,NA,NA,LOS ANGELES,LOS ANGELES,-118.291544,33.918397
8123290,2016,2017-03-01,1942,2016-08-07,1620,39820,3,7,5,7,1942,0,0,0,NA,0,001,WESTERN AV,S 227TH ST,50,S,N,A,-,Y,LA,7,213,-,-,7.21,H,-,N,N,3,0,1,4,A,-,03,22350,NA,N,B,E,A,A,H,-,A,D,0,NA,NA,NA,NA,Y,NA,A,01,0,1,0,0,0,0,0,0,0,-,-,NA,NA,LOS ANGELES,LOS ANGELES,-118.30896787,33.82043546
8123291,2016,2016-09-20,1942,2016-07-07,1130,26360,551,4,5,7,1942,0,0,0,NA,0,543,SUMMERLAND AV,WALKER AV,0,NA,Y,A,-,N,NA,NA,NA,NA,NA,NA,NA,NA,NA,N,4,0,2,2,A,-,04,21703,NA,N,C,C,A,A,H,-,A,A,0,NA,NA,NA,NA,Y,NA,A,07,0,0,2,0,0,0,0,0,0,-,-,NA,NA,LOS ANGELES,LOS ANGELES,-118.30427011,33.7469701
8123293,2016,2016-09-20,1942,2016-07-08,1800,25385,0509,5,5,7,1942,0,0,0,E,0,25MQ52,WESTERN AV,242ND PL,0,NA,Y,A,-,N,NA,NA,NA,NA,NA,NA,NA,NA,NA,Y,4,0,5,2,A,-,09,21801,A,N,A,C,A,A,H,-,A,A,0,NA,NA,NA,NA,Y,NA,A,01,0,0,5,0,0,0,0,0,0,-,-,NA,NA,LOS ANGELES,LOS ANGELES,-118.3077201,33.8049401
8123297,2016,2016-09-20,1942,2016-07-08,0300,39123,0555,5,5,7,1942,0,0,0,E,0,5A59,GAFFEY ST,SEPULVEDA ST,100,N,N,A,-,N,NA,NA,NA,NA,NA,NA,NA,NA,NA,N,4,0,1,2,A,-,03,22350,NA,N,C,C,A,A,H,-,C,D,0,NA,NA,NA,NA,Y,NA,A,01,0,0,1,0,0,0,0,0,0,-,-,NA,NA,LOS ANGELES,LOS ANGELES,-118.29231,33.74590426
8123298,2016,2016-10-11,1942,2016-08-02,1405,38855,529,2,5,7,1942,0,0,0,NA,0,5A1,ALAMEDA ST,EUBANK AV,408,E,N,A,-,N,NA,NA,NA,NA,NA,NA,NA,NA,NA,Y,4,0,1,1,A,-,03,22350,NA,N,D,I,A,A,H,-,A,D,0,NA,NA,NA,NA,Y,Y,A,07,0,0,1,0,0,0,0,0,0,-,-,NA,NA,LOS ANGELES,LOS ANGELES,-118.25253085,33.77351613
8123301,2016,2016-11-16,1942,2016-07-08,1530,40233,0506,5,5,7,1942,0,0,0,E,0,5Z3,NORMANDIE AV,220TH ST,0,NA,Y,A,-,N,NA,NA,NA,NA,NA,NA,NA,NA,NA,Y,4,0,1,3,A,-,12,21453,A,F,D,C,A,A,H,-,A,A,0,NA,NA,NA,NA,Y,NA,-,99,0,0,1,0,0,0,0,0,0,-,-,NA,NA,LOS ANGELES,LOS ANGELES,-118.29957002,33.82810003
8123302,2016,2016-09-20,1942,2016-09-10,2135,40415,0526,6,5,7,1942,0,0,0,E,0,5T21,PACIFIC COAST HWY,WILMINGTON AV,55,W,N,A,-,N,NA,NA,NA,NA,NA,NA,NA,NA,NA,N,4,0,2,2,A,-,04,21703,NA,F,C,C,A,A,H,-,C,A,0,NA,NA,NA,NA,Y,NA,-,99,0,0,2,0,0,0,0,0,0,-,-,NA,NA,LOS ANGELES,LOS ANGELES,-118.27523026,33.79053999
8123303,2016,2016-11-22,1942,2016-06-27,1546,41001,LOSAN,1,5,7,1942,0,0,0,NA,0,557,GAFFEY ST,5TH ST,15,N,N,A,-,N,NA,NA,NA,NA,NA,NA,NA,NA,NA,N,4,0,1,3,A,-,12,21453,A,N,A,C,A,A,H,-,A,A,0,NA,NA,NA,NA,Y,NA,A,01,0,0,1,0,0,0,0,0,0,-,-,NA,NA,LOS ANGELES,LOS ANGELES,-118.29233,33.73973114
8123305,2016,2016-09-20,1942,2016-07-09,1955,41439,0566,6,5,7,1942,0,0,0,E,0,12T41,MESA ST,12TH ST,75,S,N,A,-,N,NA,NA,NA,NA,NA,NA,NA,NA,NA,Y,4,0,1,2,A,-,21,22106,NA,N,C,C,A,A,H,-,C,A,0,NA,NA,NA,NA,Y,Y,A,01,0,0,1,0,0,0,0,0,0,-,-,NA,NA,LOS ANGELES,LOS ANGELES,-118.2858,33.7331243
8123306,2016,2016-09-19,1942,2016-09-15,1805,38503,1256,4,5,7,1942,0,0,0,L,0,3TL57,FLORENCE,BONSALLO AV,0,NA,Y,A,-,N,NA,NA,NA,NA,NA,NA,NA,NA,NA,N,3,0,2,2,A,-,09,21804,A,N,D,C,A,A,H,-,A,A,0,NA,NA,NA,NA,Y,NA,-,99,0,1,1,0,0,0,0,0,0,-,-,NA,NA,LOS ANGELES,LOS ANGELES,-118.28598005,33.97465005
8123307,2016,2016-09-20,1942,2016-07-02,0430,37944,0522,6,5,7,1942,0,0,0,E,0,5A15,BAY VIEW,OPP,300,N,N,A,-,N,NA,NA,NA,NA,NA,NA,NA,NA,NA,Y,3,0,1,3,A,-,03,22350,NA,N,C,-,A,A,H,-,C,B,0,NA,NA,NA,NA,Y,NA,A,01,0,1,0,0,0,0,0,0,0,-,-,NA,NA,LOS ANGELES,LOS ANGELES,-118.27020346,33.78332106
8123309,2016,2016-09-20,1942,2016-07-14,0745,40602,0555,4,5,7,1942,0,0,0,E,0,5A59,GAFFEY ST,4TH ST,0,NA,Y,A,-,N,NA,NA,NA,NA,NA,NA,NA,NA,NA,N,4,0,1,2,A,-,09,21801,A,N,D,C,A,A,H,-,A,D,0,NA,NA,Y,NA,Y,NA,C,02,0,0,1,0,0,0,0,0,1,-,-,NA,NA,LOS ANGELES,LOS ANGELES,-118.29232005,33.7406201
8123310,2016,2016-09-19,1942,2016-09-06,1640,41927,1256,2,5,7,1942,0,0,0,L,0,3T57,FIGUEROA ST,73RD ST,100,S,N,A,-,N,NA,NA,NA,NA,NA,NA,NA,NA,NA,N,4,0,2,3,A,-,03,22350,NA,F,C,C,A,A,H,-,A,A,0,NA,NA,NA,NA,Y,NA,-,99,0,0,2,0,0,0,0,0,0,-,-,NA,NA,LOS ANGELES,LOS ANGELES,-118.28270196,33.97340576
8123311,2016,2016-11-19,1942,2016-07-17,1150,41545,0514,7,5,7,1942,0,0,0,E,0,18T23,WILMINGTON BL,SANDISON ST,28,N,N,A,-,N,NA,NA,NA,NA,NA,NA,NA,NA,NA,Y,3,0,1,2,A,-,05,21651,A,N,D,C,A,A,H,-,A,A,0,NA,NA,NA,NA,Y,NA,D,22,0,1,0,0,0,0,0,0,0,-,-,NA,NA,LOS ANGELES,LOS ANGELES,-118.27510229,33.79275677
8123313,2016,2016-09-20,1942,2016-07-12,0115,38616,567,2,5,7,1942,0,0,0,NA,0,5A59,22ND ST,MINER ST,0,NA,Y,A,-,N,NA,NA,NA,NA,NA,NA,NA,NA,NA,N,4,0,1,2,A,-,10,21950,A,N,G,B,C,A,H,-,C,A,0,Y,NA,NA,NA,Y,NA,A,01,0,0,1,0,1,0,0,0,0,-,-,NA,NA,LOS ANGELES,LOS ANGELES,-118.27829007,33.72616002
8123314,2016,2016-09-19,1942,2016-09-01,1425,41747,0374,4,5,7,1942,0,0,0,C,0,12T41,MARTIN LUTHER KING BL,4TH AV,0,NA,Y,A,-,N,NA,NA,NA,NA,NA,NA,NA,NA,NA,Y,2,0,6,2,A,-,12,21453,A,N,D,C,A,A,H,-,A,A,0,NA,NA,NA,NA,Y,NA,A,07,1,1,4,0,0,0,0,0,0,-,-,NA,NA,LOS ANGELES,LOS ANGELES,-118.32144012,34.01077003
8123315,2016,2016-09-27,1942,2016-06-30,2155,40003,0562,4,5,7,1942,0,0,0,E,0,12T41,9TH ST,PATTON AV,100,E,N,A,-,N,NA,NA,NA,NA,NA,NA,NA,NA,NA,Y,3,0,1,3,C,-,18,NA,NA,N,C,E,A,A,H,-,C,D,0,NA,NA,NA,NA,Y,NA,-,-,0,1,0,0,0,0,0,0,0,-,-,NA,NA,LOS ANGELES,LOS ANGELES,-118.30525172,33.7361
8123316,2016,2017-04-21,1942,2016-09-05,1650,40099,0239,1,5,7,1942,0,0,0,B,0,2T28,3RD ST,BEAUDRY ST,45,E,N,A,-,N,NA,NA,NA,NA,NA,NA,NA,NA,NA,N,4,0,1,2,A,-,03,22350,NA,F,C,C,A,A,H,-,A,D,0,NA,NA,NA,NA,Y,NA,-,99,0,0,1,0,0,0,0,0,0,-,-,NA,NA,LOS ANGELES,LOS ANGELES,-118.2565453,34.05647179
8123317,2016,2016-09-21,1942,2016-07-12,1705,33852,0514,2,5,7,1942,0,0,0,E,0,5A8I,WILMINGTON BL,Q ST,10,N,N,A,-,N,NA,NA,NA,NA,NA,NA,NA,NA,NA,N,4,0,1,2,A,-,04,21703,NA,N,C,C,A,A,B,-,A,D,0,NA,NA,NA,NA,Y,NA,A,01,0,0,1,0,0,0,0,0,0,-,-,NA,NA,LOS ANGELES,LOS ANGELES,-118.27518069,33.79482742
8123318,2016,2016-09-19,1942,2016-09-03,2000,42084,0328,6,5,7,1942,0,0,0,C,0,3A74,28TH ST,PORTLAND ST,5,W,N,A,-,N,NA,NA,NA,NA,NA,NA,NA,NA,NA,Y,3,0,2,3,A,-,11,21950,B,N,D,B,D,A,H,-,C,D,0,Y,NA,Y,NA,Y,NA,N,60,0,1,1,0,1,0,0,0,1,-,-,NA,NA,LOS ANGELES,LOS ANGELES,-118.28346482,34.02881598
8123319,2016,2016-09-27,1942,2016-07-18,1220,39010,1313,1,5,7,1942,0,0,0,M,0,1T11,SAN PEDRO ST,20TH ST,68,S,N,A,-,N,NA,NA,NA,NA,NA,NA,NA,NA,NA,Y,4,0,2,2,A,-,07,21658,A,N,B,C,A,A,H,-,A,A,0,NA,NA,NA,Y,Y,NA,F,26,0,0,2,0,0,0,0,0,0,-,-,NA,NA,LOS ANGELES,LOS ANGELES,-118.25810511,34.02657532
8123321,2016,2016-09-20,1942,2016-07-12,1710,38259,521,2,5,7,1942,0,0,0,NA,0,5Z34,GAFFEY ST,WESTMONT AV,0,NA,Y,A,-,N,NA,NA,NA,NA,NA,NA,NA,NA,NA,Y,4,0,1,2,A,-,09,21801,A,N,A,C,A,A,H,-,A,A,0,NA,NA,NA,NA,Y,NA,A,07,0,0,1,0,0,0,0,0,0,-,-,NA,NA,LOS ANGELES,LOS ANGELES,-118.2934201,33.76392012
8123322,2016,2016-09-19,1942,2016-09-01,2355,3128,0528,4,5,7,1942,0,0,0,E,0,3T5,PACIFIC COAST HWY,COIL AV,0,NA,Y,A,-,N,NA,NA,NA,NA,NA,NA,NA,NA,NA,Y,2,0,1,2,A,-,09,21801,A,F,B,C,A,A,H,-,C,A,0,NA,NA,Y,NA,Y,NA,-,99,1,0,0,0,0,0,0,0,1,-,-,NA,NA,LOS ANGELES,LOS ANGELES,-118.24411003,33.79110007