CASE_ID,ACCIDENT_YEAR,PROC_DATE,JURIS,COLLISION_DATE,COLLISION_TIME,OFFICER_ID,REPORTING_DISTRICT,DAY_OF_WEEK,CHP_SHIFT,POPULATION,CNTY_CITY_LOC,SPECIAL_COND,BEAT_TYPE,CHP_BEAT_TYPE,CITY_DIVISION_LAPD,CHP_BEAT_CLASS,BEAT_NUMBER,PRIMARY_RD,SECONDARY_RD,DISTANCE,DIRECTION,INTERSECTION,WEATHER_1,WEATHER_2,STATE_HWY_IND,CALTRANS_COUNTY,CALTRANS_DISTRICT,STATE_ROUTE,ROUTE_SUFFIX,POSTMILE_PREFIX,POSTMILE,LOCATION_TYPE,RAMP_INTERSECTION,SIDE_OF_HWY,TOW_AWAY,COLLISION_SEVERITY,NUMBER_KILLED,NUMBER_INJURED,PARTY_COUNT,PRIMARY_COLL_FACTOR,PCF_CODE_OF_VIOL,PCF_VIOL_CATEGORY,PCF_VIOLATION,PCF_VIOL_SUBSECTION,HIT_AND_RUN,TYPE_OF_COLLISION,MVIW,PED_ACTION,ROAD_SURFACE,ROAD_COND_1,ROAD_COND_2,LIGHTING,CONTROL_DEVICE,CHP_ROAD_TYPE,PEDESTRIAN_ACCIDENT,BICYCLE_ACCIDENT,MOTORCYCLE_ACCIDENT,TRUCK_ACCIDENT,NOT_PRIVATE_PROPERTY,ALCOHOL_INVOLVED,STWD_VEHTYPE_AT_FAULT,CHP_VEHTYPE_AT_FAULT,COUNT_SEVERE_INJ,COUNT_VISIBLE_INJ,COUNT_COMPLAINT_PAIN,COUNT_PED_KILLED,COUNT_PED_INJURED,COUNT_BICYCLIST_KILLED,COUNT_BICYCLIST_INJURED,COUNT_MC_KILLED,COUNT_MC_INJURED,PRIMARY_RAMP,SECONDARY_RAMP,LATITUDE,LONGITUDE,COUNTY,CITY,POINT_X,POINT_Y
8125692,2016,2016-10-04,1942,2016-09-07,1200,31152,1327,3,5,7,1942,0,0,0,M,0,11TL25,21ST ST,HOOPER AV,0,NA,Y,A,-,N,NA,NA,NA,NA,NA,NA,NA,NA,NA,Y,3,0,1,2,A,-,09,21802,A,N,D,C,A,A,H,-,A,A,0,NA,NA,NA,NA,Y,NA,D,22,0,1,0,0,0,0,0,0,0,-,-,NA,NA,LOS ANGELES,LOS ANGELES,-118.24738005,34.01970008
8125696,2016,2016-10-05,1942,2016-07-18,0900,40275,0246,1,5,7,1942,0,0,0,B,0,11T25,3RD ST,WESTLAKE AV,0,NA,Y,A,-,N,NA,NA,NA,NA,NA,NA,NA,NA,NA,Y,4,0,2,2,A,-,03,22350,NA,N,C,C,A,A,H,-,A,D,0,NA,NA,NA,NA,Y,NA,A,01,0,0,2,0,0,0,0,0,0,-,-,NA,NA,LOS ANGELES,LOS ANGELES,-118.27146012,34.06245011
8125699,2016,2016-11-16,1902,2016-09-22,2015,734,23,4,5,5,1902,0,0,0,NA,0,002,SANTA ANITA AV,DUARTE RD,0,NA,Y,A,-,N,NA,NA,NA,NA,NA,NA,NA,NA,NA,Y,4,0,1,2,A,-,09,21453,NA,N,A,C,A,A,H,-,C,A,0,NA,NA,NA,NA,Y,NA,A,01,0,0,1,0,0,0,0,0,0,-,-,NA,NA,LOS ANGELES,ARCADIA,-118.0313,34.12949011
8125702,2016,2016-10-05,1900,2016-08-14,1500,532450,1364,7,5,5,1952,0,0,0,NA,0,136A,ROSECRANS AV,GARFIELD AV,190,E,N,A,-,N,NA,NA,NA,NA,NA,NA,NA,NA,NA,N,4,0,1,2,A,-,04,21703,NA,N,C,C,A,A,H,-,A,A,0,NA,NA,NA,NA,Y,NA,D,22,0,0,1,0,0,0,0,0,0,-,-,NA,NA,LOS ANGELES,PARAMOUNT,-118.16824514,33.90372
8125704,2016,2016-10-04,1942,2016-08-31,1415,40440,1232,3,5,7,1942,0,0,0,L,0,12T73,SLAUSON AV,2ND AV,0,NA,Y,A,-,N,NA,NA,NA,NA,NA,NA,NA,NA,NA,N,4,0,1,2,A,-,09,21802,A,N,D,C,A,A,H,-,A,A,0,NA,NA,NA,NA,Y,NA,D,22,0,0,1,0,0,0,0,0,0,-,-,NA,NA,LOS ANGELES,LOS ANGELES,-118.31962009,33.98910008
8125705,2016,2016-10-04,1900,2016-09-01,0710,274533,1320,4,5,5,1935,0,0,0,NA,0,132T1,DEL AMO BL,VERDURA AV,0,NA,Y,A,-,N,NA,NA,NA,NA,NA,NA,NA,NA,NA,Y,3,0,2,2,A,-,06,21755,A,N,A,C,A,A,H,-,A,D,0,NA,NA,NA,NA,Y,NA,D,22,0,1,1,0,0,0,0,0,0,-,-,NA,NA,LOS ANGELES,LAKEWOOD,-118.14994002,33.84730002
81257127,2020,2020-06-25,1933,2020-06-23,1644,1057,10,2,5,6,1933,0,0,0,NA,0,001,REGENT ST,LOCUST ST,0,NA,Y,A,-,N,NA,NA,NA,NA,NA,NA,NA,NA,NA,N,4,0,2,2,D,-,00,NA,NA,N,D,C,A,A,H,-,A,A,0,NA,NA,NA,NA,Y,NA,-,-,0,0,2,0,0,0,0,0,0,-,-,33.964500427246094,-118.35032653808594,LOS ANGELES,INGLEWOOD,-118.35041046142578,33.96445846557617
8125714,2016,2016-10-05,1900,2016-08-17,1600,546255,1367,3,5,5,1952,0,0,0,NA,0,136A,GARFIELD AV,SOMERSET BL,26,S,N,A,-,N,NA,NA,NA,NA,NA,NA,NA,NA,NA,N,4,0,1,2,A,-,09,21804,A,N,D,C,A,A,H,-,A,D,0,NA,NA,NA,NA,Y,NA,D,22,0,0,1,0,0,0,0,0,0,-,-,NA,NA,LOS ANGELES,PARAMOUNT,-118.16884,33.8963587
8125717,2016,2016-10-05,1900,2016-08-16,1130,443539,1321,2,5,5,1935,0,0,0,NA,0,132T1,SOUTH ST,OCANA AV,0,NA,Y,A,-,N,NA,NA,NA,NA,NA,NA,NA,NA,NA,Y,4,0,1,2,A,-,09,21801,A,N,D,C,A,A,H,-,A,D,0,NA,NA,NA,NA,Y,NA,D,22,0,0,1,0,0,0,0,0,0,-,-,NA,NA,LOS ANGELES,LAKEWOOD,-118.12022006,33.85916002
8125725,2016,2016-10-05,1900,2016-08-17,0800,436136,1324,3,5,5,1935,0,0,0,NA,0,132T2,CONQUISTA AV,DEL AMO BL,561,S,N,A,-,N,NA,NA,NA,NA,NA,NA,NA,NA,NA,Y,4,0,1,1,A,-,08,22107,NA,N,E,-,A,A,H,-,A,D,0,NA,NA,NA,NA,Y,NA,D,22,0,0,1,0,0,0,0,0,0,-,-,NA,NA,LOS ANGELES,LAKEWOOD,-118.10882388,33.84541168
8125730,2016,2017-01-23,1900,2016-09-17,2330,507736,1016,6,5,3,1995,0,0,0,NA,0,101,RT 1,CARBON CANYON RD,2112,N,N,A,-,Y,LA,7,1,-,-,45.36,H,-,S,N,3,0,1,2,A,-,09,21804,A,N,B,C,A,A,H,-,C,D,0,NA,NA,Y,NA,Y,NA,D,22,0,1,0,0,0,0,0,0,1,-,-,34.03901,-118.6586,LOS ANGELES,MALIBU,-118.65695079,34.03900585
8125732,2016,2016-10-04,1942,2016-08-15,0945,39745,1346,1,5,7,1942,0,0,0,M,0,13TL55,VERNON AV,CENTRAL AV,695,E,N,A,-,N,NA,NA,NA,NA,NA,NA,NA,NA,NA,N,4,0,1,2,A,-,21,22106,NA,N,D,C,A,A,H,-,A,D,0,NA,NA,NA,NA,Y,NA,A,07,0,0,1,0,0,0,0,0,0,-,-,NA,NA,LOS ANGELES,LOS ANGELES,-118.25420161,34.00391
8125733,2016,2016-10-06,1900,2016-08-12,0920,504665,1320,5,5,5,1935,0,0,0,NA,0,132T1,PARAMOUNT BL,DEL AMO BL,20,N,N,A,-,N,NA,NA,NA,NA,NA,NA,NA,NA,NA,Y,4,0,2,2,A,-,09,21801,A,N,A,C,A,A,H,-,A,A,0,NA,NA,NA,NA,Y,NA,A,01,0,0,2,0,0,0,0,0,0,-,-,NA,NA,LOS ANGELES,LAKEWOOD,-118.15988905,33.84719484
8125737,2016,2016-10-05,1900,2016-08-14,1040,443072,1327,7,5,5,1935,0,0,0,NA,0,132T1,CENTRALIA ST,ALBURTIS AV,18,W,N,A,-,N,NA,NA,NA,NA,NA,NA,NA,NA,NA,Y,4,0,1,3,A,-,09,21802,A,N,D,C,A,A,H,-,A,A,0,NA,NA,NA,NA,Y,NA,D,22,0,0,1,0,0,0,0,0,0,-,-,NA,NA,LOS ANGELES,LAKEWOOD,-118.08419914,33.83869955
8125738,2016,2017-01-23,1900,2016-09-17,1331,529688,1013,6,5,3,1995,0,0,0,NA,0,101T4,RT 1,ZUMIREZ DR,65,N,N,A,-,Y,LA,7,1,-,-,53.68,H,-,S,Y,3,0,1,2,A,-,04,21703,NA,N,C,C,A,A,H,-,A,A,0,NA,NA,Y,NA,Y,NA,A,01,0,1,0,0,0,0,0,0,1,-,-,34.114,-118.4747,LOS ANGELES,MALIBU,-118.79638184,34.02043266
8125742,2016,2017-01-23,1900,2016-09-14,0619,408120,1017,3,5,3,1995,0,0,0,NA,0,101T4,RT 1,BIG ROCK DR,1584,S,N,B,-,Y,LA,7,1,-,-,42.19,H,-,S,Y,3,0,1,3,A,-,07,21658,A,N,B,C,A,A,H,-,A,D,0,NA,Y,NA,NA,Y,NA,A,01,0,1,0,0,0,0,1,0,0,-,-,34.09365,-118.60348,LOS ANGELES,MALIBU,-118.60345216,34.03938569
8125824,2016,2016-09-27,1907,2016-08-10,1620,235,3,3,5,4,1907,0,0,0,NA,0,NA,EASTERN AV,RAILROAD TRACKS,68,N,N,A,-,N,NA,NA,NA,NA,NA,NA,NA,NA,NA,N,4,0,1,2,A,-,08,22107,NA,N,E,I,A,A,H,-,A,A,0,NA,NA,NA,NA,Y,NA,-,NA,0,0,1,0,0,0,0,0,0,-,-,33.99214,-118.16113,LOS ANGELES,BELL,-118.161299,33.991125
8125834,2016,2016-09-21,1963,2016-01-08,1606,324,225,5,5,3,1963,0,0,0,NA,0,TWO,SAN MARINO AV,LORAIN RD,37,S,N,A,-,N,NA,NA,NA,NA,NA,NA,NA,NA,NA,Y,4,0,4,2,A,-,03,22350,NA,N,C,C,A,A,H,-,A,A,0,NA,NA,NA,NA,Y,NA,A,07,0,0,4,0,0,0,0,0,0,-,-,NA,NA,LOS ANGELES,SAN MARINO,-118.10470348,34.11531097
8125838,2016,2016-09-21,1963,2016-01-01,0214,329,239,5,5,3,1963,0,0,0,NA,0,002,LORAIN RD,RUBIO DR,0,NA,Y,A,-,N,NA,NA,NA,NA,NA,NA,NA,NA,NA,Y,4,0,1,1,A,-,01,23152,A,N,E,I,A,A,H,-,C,A,0,NA,NA,NA,NA,Y,Y,A,01,0,0,1,0,0,0,0,0,0,-,-,NA,NA,LOS ANGELES,SAN MARINO,-118.09749,34.11919003
8125843,2016,2016-09-27,1923,2016-09-02,1446,472,106,5,5,3,1923,0,0,0,NA,0,3M5,OAK AV,MAIN ST,0,NA,Y,A,-,N,NA,NA,NA,NA,NA,NA,NA,NA,NA,Y,4,0,1,2,A,-,09,21802,A,N,D,C,A,A,H,-,A,A,0,NA,NA,NA,NA,Y,NA,A,01,0,0,1,0,0,0,0,0,0,-,-,NA,NA,LOS ANGELES,EL SEGUNDO,-118.41601009,33.92602005
8125847,2016,2016-09-27,1923,2016-09-10,1004,436,211,6,5,3,1923,0,0,0,NA,0,3L2D,GRAND AV,SIERRA ST,0,NA,Y,A,-,N,NA,NA,NA,NA,NA,NA,NA,NA,NA,Y,3,0,3,3,A,-,09,21802,A,N,D,C,A,A,H,-,A,D,0,NA,NA,NA,NA,Y,NA,-,NA,0,3,0,0,0,0,0,0,0,-,-,NA,NA,LOS ANGELES,EL SEGUNDO,-118.40893006,33.91943005
8125851,2016,2017-01-23,1976,2016-09-09,1553,269,NA,5,5,5,1976,0,0,0,NA,0,004,LA ENTRADA AV,WHITTIER BL,18,N,N,A,-,Y,LA,7,72,-,-,2.262,I,5,S,N,4,0,1,2,A,-,03,22350,NA,N,C,C,A,A,H,-,A,A,0,NA,NA,NA,NA,Y,NA,A,01,0,0,1,0,0,0,0,0,0,-,-,NA,NA,LOS ANGELES,WHITTIER,-118.01270462,33.95179186
8125855,2016,2017-01-23,1976,2016-09-06,0758,380,NA,2,5,5,1976,0,0,0,NA,0,004,WHITTIER BL,1ST AV,60,E,N,A,-,Y,LA,7,72,-,-,0.527,I,5,S,Y,4,0,1,2,A,-,09,21453,B,N,C,C,A,A,H,-,A,A,0,NA,NA,Y,NA,Y,NA,A,01,0,0,1,0,0,0,0,0,1,-,-,NA,NA,LOS ANGELES,WHITTIER,-117.98528885,33.94121625
81258762,2020,2020-06-26,1933,2020-06-24,1811,787,32,3,5,6,1933,0,0,0,NA,0,004,CENTURY BLVD,YUKON AV,150,E,N,A,-,N,NA,NA,NA,NA,NA,NA,NA,NA,NA,N,4,0,1,2,A,-,10,21952,NA,N,G,B,F,A,H,-,A,A,0,Y,NA,NA,NA,Y,NA,A,01,0,0,1,0,1,0,0,0,0,-,-,33.94551086425781,-118.33515167236328,LOS ANGELES,INGLEWOOD,-118.33467864990234,33.94546127319336
8125895,2016,2016-09-27,1976,2016-09-11,0008,269,NA,7,5,5,1976,0,0,0,NA,0,004,VIRGINIA AV,HALDANE ST,150,N,N,A,-,N,NA,NA,NA,NA,NA,NA,NA,NA,NA,Y,3,0,1,5,A,-,03,22350,NA,N,C,E,A,A,H,-,C,D,0,NA,NA,NA,NA,Y,NA,A,01,0,1,0,0,0,0,0,0,0,-,-,NA,NA,LOS ANGELES,WHITTIER,-117.98916089,33.94130095
8125899,2016,2016-09-27,1976,2016-09-12,1704,590,COUNT,1,5,5,1976,0,0,0,NA,0,NA,GREENLEAF AV,WALNUT ST,0,NA,Y,A,-,N,NA,NA,NA,NA,NA,NA,NA,NA,NA,Y,4,0,2,2,A,-,12,21453,A,N,D,C,A,A,H,-,A,A,0,NA,NA,NA,NA,Y,NA,A,01,0,0,2,0,0,0,0,0,0,-,-,NA,NA,LOS ANGELES,WHITTIER,-118.03740001,33.97181005
8125903,2016,2016-09-27,1976,2016-09-13,1621,249,NA,2,5,5,1976,0,0,0,NA,0,NA,WORKMAN MILL RD,STRONG AV,152,S,N,A,-,N,NA,NA,NA,NA,NA,NA,NA,NA,NA,Y,4,0,2,2,A,-,03,22350,NA,N,C,C,A,A,H,-,A,D,0,NA,NA,NA,NA,Y,NA,A,01,0,0,2,0,0,0,0,0,0,-,-,NA,NA,LOS ANGELES,WHITTIER,-118.05631477,34.00339573
8125996,2016,2016-09-21,1963,2016-01-22,0759,00300,103,5,5,3,1963,0,0,0,NA,0,ONE,GARFIELD AV,MONTEREY RD,255,S,N,A,-,N,NA,NA,NA,NA,NA,NA,NA,NA,NA,Y,4,0,2,4,A,-,03,22350,NA,N,C,C,A,A,H,-,A,D,0,NA,NA,NA,NA,Y,NA,A,01,0,0,2,0,0,0,0,0,0,-,-,NA,NA,LOS ANGELES,SAN MARINO,-118.13913581,34.11191158
8126000,2016,2016-09-21,1963,2016-01-15,1831,324,127,5,5,3,1963,0,0,0,NA,0,ONE,SIERRA MADRE BL,EUSTON RD,36,N,N,A,-,N,NA,NA,NA,NA,NA,NA,NA,NA,NA,Y,4,0,1,1,A,-,03,22350,NA,N,E,I,A,A,H,-,C,D,0,NA,NA,NA,NA,Y,NA,A,01,0,0,1,0,0,0,0,0,0,-,-,NA,NA,LOS ANGELES,SAN MARINO,-118.10689256,34.12517604
8126004,2016,2016-09-20,1900,2016-08-09,0930,257075,0817,2,5,4,1960,0,0,0,NA,0,81K2D,VIA VERDE,AVENIDA LOMITA,13,NA,N,A,-,N,NA,NA,NA,NA,NA,NA,NA,NA,NA,Y,3,0,1,2,A,-,09,21802,A,N,D,C,A,A,H,-,A,D,0,NA,NA,NA,NA,Y,NA,A,01,0,1,0,0,0,0,0,0,0,-,-,NA,NA,LOS ANGELES,SAN DIMAS,-117.8265401,34.0757701
8126011,2016,2016-09-20,1900,2016-08-10,1725,540314,0453,3,5,6,1949,0,0,0,NA,0,43T1,EXCELSIOR DR,IBEX AV,12,E,N,A,-,N,NA,NA,NA,NA,NA,NA,NA,NA,NA,N,4,0,1,2,A,-,05,21650,1,N,D,G,A,A,H,-,A,-,0,NA,Y,NA,NA,Y,NA,L,04,0,0,1,0,0,0,1,0,0,-,-,NA,NA,LOS ANGELES,NORWALK,-118.07406054,33.89492
8126013,2016,2016-11-04,1941,2016-09-06,1742,6183,92,2,5,7,1941,0,0,0,NA,0,006,PACIFIC AV,3RD ST,0,NA,Y,A,-,N,NA,NA,NA,NA,NA,NA,NA,NA,NA,Y,4,0,2,2,A,-,12,21453,A,N,D,C,A,A,A,-,A,A,0,NA,NA,NA,NA,Y,NA,-,NA,0,0,2,0,0,0,0,0,0,-,-,NA,NA,LOS ANGELES,LONG BEACH,-118.19372,33.77050011
8126015,2016,2016-09-20,1955,2016-08-28,0604,42042,0084,7,5,6,1955,0,0,0,NA,0,004,TOWNE AV,PHILADELPHIA ST,600,S,N,A,-,N,NA,NA,NA,NA,NA,NA,NA,NA,NA,Y,3,0,2,2,A,-,08,22107,NA,N,C,E,A,A,H,-,A,A,0,NA,NA,NA,NA,Y,NA,A,01,0,1,1,0,0,0,0,0,0,-,-,NA,NA,LOS ANGELES,POMONA,-117.74047665,34.03187628
8126018,2016,2017-01-28,1942,2016-09-10,1920,40054,1756,6,5,7,1942,0,0,0,Q,0,9T53,WHITE OAK AV,DEVONSHIRE ST,265,S,N,A,-,N,NA,NA,NA,NA,NA,NA,NA,NA,NA,Y,4,0,1,5,A,-,03,22350,NA,M,B,C,A,A,H,-,B,D,0,NA,NA,NA,NA,Y,NA,A,01,0,0,1,0,0,0,0,0,0,-,-,NA,NA,LOS ANGELES,LOS ANGELES,-118.51980391,34.25690318
8126019,2016,2016-09-21,1955,2016-08-17,0209,42193,0010,3,5,6,1955,0,0,0,NA,0,003,GAREY AV,ORANGE GROVE AV,0,NA,Y,A,-,N,NA,NA,NA,NA,NA,NA,NA,NA,NA,Y,4,0,1,2,A,-,12,21453,A,N,D,C,A,A,H,-,C,A,0,NA,NA,NA,NA,Y,NA,-,-,0,0,1,0,0,0,0,0,0,-,-,NA,NA,LOS ANGELES,POMONA,-117.75226001,34.07263001
8126022,2016,2016-09-22,1942,2016-09-11,1950,34561,1017,7,5,7,1942,0,0,0,J,0,19T75,BALBOA BL,SATICOY ST,0,NA,Y,A,-,N,NA,NA,NA,NA,NA,NA,NA,NA,NA,Y,4,0,3,2,A,-,01,23152,A,N,D,C,A,A,H,-,C,A,0,NA,NA,NA,NA,Y,Y,A,01,0,0,3,0,0,0,0,0,0,-,-,NA,NA,LOS ANGELES,LOS ANGELES,-118.5011601,34.20842001
8126026,2016,2016-09-22,1942,2016-09-05,2030,39495,1526,1,5,7,1942,0,0,0,O,0,15A27,SYLVAN ST,BECK AV,105,W,N,A,-,N,NA,NA,NA,NA,NA,NA,NA,NA,NA,N,3,0,2,2,A,-,09,21801,A,N,D,C,A,A,H,-,C,D,0,NA,NA,NA,NA,Y,Y,D,22,0,1,1,0,0,0,0,0,0,-,-,NA,NA,LOS ANGELES,LOS ANGELES,-118.38374651,34.18486615
8126028,2016,2016-09-20,1900,2016-08-02,1815,482198,0814,2,5,4,1960,0,0,0,NA,0,81K3,CIENEGA AV,BORREGO CT,1200,W,N,A,-,N,NA,NA,NA,NA,NA,NA,NA,NA,NA,Y,4,0,1,2,A,-,09,21804,A,N,D,C,A,-,H,-,A,D,0,NA,NA,NA,NA,Y,NA,A,01,0,0,1,0,0,0,0,0,0,-,-,NA,NA,LOS ANGELES,SAN DIMAS,-117.82011153,34.10441551
8126031,2016,2016-09-21,1941,2016-08-30,2132,5277,NA,2,5,7,1941,0,0,0,NA,0,NA,CHERRY AV,COVER ST,0,NA,Y,A,-,N,NA,NA,NA,NA,NA,NA,NA,NA,NA,Y,4,0,2,2,A,-,12,21453,A,N,D,C,A,A,H,-,C,A,0,NA,NA,NA,NA,Y,NA,A,NA,0,0,2,0,0,0,0,0,0,-,-,NA,NA,LOS ANGELES,LONG BEACH,-118.16754012,33.82767007
8126032,2016,2016-09-20,1900,2016-08-10,1825,434609,0814,3,5,4,1960,0,0,0,NA,0,81T2,ARROW HWY,CATARACT AV,0,NA,Y,A,-,N,NA,NA,NA,NA,NA,NA,NA,NA,NA,Y,3,0,3,2,A,-,12,21453,A,N,D,C,A,A,H,-,A,A,0,NA,NA,NA,NA,Y,NA,A,01,0,1,2,0,0,0,0,0,0,-,-,NA,NA,LOS ANGELES,SAN DIMAS,-117.81148009,34.10308002
8126037,2016,2017-04-15,1955,2016-09-01,1957,40764,0097,4,5,6,1955,0,0,0,NA,0,004,MISSION BL,RESERVOIR ST,0,NA,Y,A,-,N,NA,NA,NA,NA,NA,NA,NA,NA,NA,Y,4,0,3,2,A,-,01,23152,A,N,D,C,A,A,H,-,C,A,0,NA,NA,NA,NA,Y,Y,D,22,0,0,3,0,0,0,0,0,0,-,-,NA,NA,LOS ANGELES,POMONA,-117.73261011,34.05554009
8126041,2016,2016-09-23,1955,2016-07-31,1411,42194,0013,7,5,6,1955,0,0,0,NA,0,003,LINCOLN AV,SAN ANTONIO AV,0,NA,Y,A,-,N,NA,NA,NA,NA,NA,NA,NA,NA,NA,Y,4,0,1,2,A,-,03,22350,NA,F,B,C,A,A,H,-,A,D,0,NA,NA,NA,NA,Y,NA,A,01,0,0,1,0,0,0,0,0,0,-,-,NA,NA,LOS ANGELES,POMONA,-117.73669001,34.07095003
8126044,2016,2016-09-20,1928,2016-08-11,1050,239,517,4,5,5,1928,0,0,0,NA,0,503,EL SEGUNDO BL,WEBER WY,0,NA,Y,A,-,N,NA,NA,NA,NA,NA,NA,NA,NA,NA,N,4,0,1,2,A,-,05,21202,A,N,D,G,A,A,H,-,A,A,0,NA,Y,NA,NA,Y,NA,L,04,0,0,1,0,0,0,1,0,0,-,-,33.91639,-118.33155,LOS ANGELES,HAWTHORNE,-118.33156002,33.91643002
81260455,2020,2020-06-30,1933,2020-06-17,1833,969,25,3,5,6,1933,0,0,0,NA,0,002,PRAIRIE AV,HARDY ST,100,N,N,A,-,N,NA,NA,NA,NA,NA,NA,NA,NA,NA,Y,4,0,1,2,A,-,09,21801,A,N,D,C,A,A,H,-,A,D,0,NA,NA,NA,NA,Y,NA,A,01,0,0,1,0,0,0,0,0,0,-,-,33.949100494384766,-118.34391021728516,LOS ANGELES,INGLEWOOD,-118.3439483642578,33.949363708496094
81260456,2020,2020-06-30,1933,2020-06-25,1519,826,37,4,5,6,1933,0,0,0,NA,0,004,CHRISTOPHER AV,118TH PL,156,N,N,A,-,N,NA,NA,NA,NA,NA,NA,NA,NA,NA,N,3,0,1,1,A,-,03,22350,NA,N,E,I,A,A,H,-,A,A,0,NA,NA,NA,NA,Y,NA,M,96,0,1,0,0,0,0,0,0,0,-,-,33.92631149291992,-118.3285675048828,LOS ANGELES,INGLEWOOD,-118.3285675048828,33.9267578125
81260457,2020,2020-06-30,1933,2020-06-25,1357,826,36,4,5,6,1933,0,0,0,NA,0,004,IMPERIAL HWY,VAN NESS AV,45,W,N,A,-,N,NA,NA,NA,NA,NA,NA,NA,NA,NA,N,4,0,1,2,A,-,03,22350,NA,F,C,C,A,A,H,-,A,A,0,NA,NA,NA,NA,Y,NA,A,01,0,0,1,0,0,0,0,0,0,-,-,33.9309196472168,-118.31783294677734,LOS ANGELES,INGLEWOOD,-118.31792449951172,33.93102264404297
81260458,2020,2020-06-30,1933,2020-06-27,1256,826,36,6,5,6,1933,0,0,0,NA,0,004,IMPERIAL HWY,DEHN AV,0,NA,Y,A,-,N,NA,NA,NA,NA,NA,NA,NA,NA,NA,Y,4,0,2,2,A,-,09,21802,A,N,D,C,A,A,H,-,A,A,0,NA,NA,NA,NA,Y,NA,A,01,0,0,2,0,0,0,0,0,0,-,-,33.93096923828125,-118.33203125,LOS ANGELES,INGLEWOOD,-118.33204650878906,33.93098068237305
8126053,2016,2016-09-22,1955,2016-08-30,1744,40939,0096,2,5,6,1955,0,0,0,NA,0,004,1ST ST,SAN ANTONIO AV,500,W,N,A,-,N,NA,NA,NA,NA,NA,NA,NA,NA,NA,Y,4,0,3,2,A,-,08,22102,NA,N,D,C,A,A,H,-,A,A,0,NA,NA,NA,NA,Y,NA,-,NA,0,0,3,0,0,0,0,0,0,-,-,NA,NA,LOS ANGELES,POMONA,-117.73871588,34.05898868
8126057,2016,2016-09-23,1955,2016-08-19,1509,42085,0099,5,5,6,1955,0,0,0,NA,0,003,HOLT AV,HERSHEY ST,63,E,N,A,-,N,NA,NA,NA,NA,NA,NA,NA,NA,NA,N,4,0,2,3,A,-,03,22350,NA,N,C,C,A,A,H,-,A,D,0,NA,NA,NA,NA,Y,NA,A,01,0,0,2,0,0,0,0,0,0,-,-,NA,NA,LOS ANGELES,POMONA,-117.72663264,34.06296584
8126072,2016,2016-09-20,1928,2016-08-26,1655,371,513,5,5,5,1928,0,0,0,NA,0,504,RAMONA AV,129TH ST,10,S,N,A,-,N,NA,NA,NA,NA,NA,NA,NA,NA,NA,N,4,0,1,2,A,-,09,21801,A,N,A,C,A,A,H,-,A,D,0,NA,NA,NA,NA,Y,NA,A,01,0,0,1,0,0,0,0,0,0,-,-,33.91549,-118.3572,LOS ANGELES,HAWTHORNE,-118.35721971,33.91543257
8126076,2016,2016-09-20,1928,2016-08-20,1505,389,520,6,5,5,1928,0,0,0,NA,0,503,PRAIRIE AV,ROSECRANS AV,0,NA,Y,A,-,N,NA,NA,NA,NA,NA,NA,NA,NA,NA,Y,4,0,1,2,A,-,09,21801,A,N,A,C,A,A,H,-,A,A,0,NA,NA,NA,NA,Y,NA,A,01,0,0,1,0,0,0,0,0,0,-,-,33.9019,-118.34388,LOS ANGELES,HAWTHORNE,-118.34387012,33.90191006
8126080,2016,2016-09-20,1928,2016-08-08,1649,239,504,1,5,5,1928,0,0,0,NA,0,504,LEMOLI AV,ROSECRANS AV,0,NA,Y,A,-,N,NA,NA,NA,NA,NA,NA,NA,NA,NA,N,4,0,1,2,A,-,04,21703,NA,M,C,C,A,A,H,-,A,A,0,NA,NA,NA,NA,Y,NA,A,01,0,0,1,0,0,0,0,0,0,-,-,33.90189,-118.33077,LOS ANGELES,HAWTHORNE,-118.33087001,33.90193001
8126082,2016,2016-09-20,1941,2016-08-25,1612,5870,NA,4,5,7,1941,0,0,0,NA,0,NA,MAGNOLIA AV,11TH ST,234,N,N,A,-,N,NA,NA,NA,NA,NA,NA,NA,NA,NA,Y,3,0,1,3,A,-,08,22107,NA,N,B,E,A,A,H,-,A,D,0,NA,NA,NA,NA,Y,NA,A,NA,0,1,0,0,0,0,0,0,0,-,-,NA,NA,LOS ANGELES,LONG BEACH,-118.19804,33.78085171
8126085,2016,2016-09-21,1941,2016-09-06,1530,6292,NA,2,5,7,1941,0,0,0,NA,0,NA,LONG BEACH BL,LOUISE ST,0,NA,Y,A,-,N,NA,NA,NA,NA,NA,NA,NA,NA,NA,N,4,0,1,2,A,-,11,21954,A,N,G,B,D,A,H,-,A,D,0,Y,NA,NA,NA,Y,NA,N,NA,0,0,1,0,1,0,0,0,0,-,-,NA,NA,LOS ANGELES,LONG BEACH,-118.19689007,33.85506002
8126089,2016,2016-09-20,1942,2016-09-11,0209,42444,0635,7,5,7,1942,0,0,0,F,0,6A49,CAHUENGA BL,DIX ST,870,N,N,A,-,N,NA,NA,NA,NA,NA,NA,NA,NA,NA,Y,4,0,2,3,A,-,12,21453,A,F,D,C,A,A,H,-,C,A,0,NA,NA,NA,NA,Y,NA,A,01,0,0,2,0,0,0,0,0,0,-,-,NA,NA,LOS ANGELES,LOS ANGELES,-118.33076,34.10783