CASE_ID,ACCIDENT_YEAR,PROC_DATE,JURIS,COLLISION_DATE,COLLISION_TIME,OFFICER_ID,REPORTING_DISTRICT,DAY_OF_WEEK,CHP_SHIFT,POPULATION,CNTY_CITY_LOC,SPECIAL_COND,BEAT_TYPE,CHP_BEAT_TYPE,CITY_DIVISION_LAPD,CHP_BEAT_CLASS,BEAT_NUMBER,PRIMARY_RD,SECONDARY_RD,DISTANCE,DIRECTION,INTERSECTION,WEATHER_1,WEATHER_2,STATE_HWY_IND,CALTRANS_COUNTY,CALTRANS_DISTRICT,STATE_ROUTE,ROUTE_SUFFIX,POSTMILE_PREFIX,POSTMILE,LOCATION_TYPE,RAMP_INTERSECTION,SIDE_OF_HWY,TOW_AWAY,COLLISION_SEVERITY,NUMBER_KILLED,NUMBER_INJURED,PARTY_COUNT,PRIMARY_COLL_FACTOR,PCF_CODE_OF_VIOL,PCF_VIOL_CATEGORY,PCF_VIOLATION,PCF_VIOL_SUBSECTION,HIT_AND_RUN,TYPE_OF_COLLISION,MVIW,PED_ACTION,ROAD_SURFACE,ROAD_COND_1,ROAD_COND_2,LIGHTING,CONTROL_DEVICE,CHP_ROAD_TYPE,PEDESTRIAN_ACCIDENT,BICYCLE_ACCIDENT,MOTORCYCLE_ACCIDENT,TRUCK_ACCIDENT,NOT_PRIVATE_PROPERTY,ALCOHOL_INVOLVED,STWD_VEHTYPE_AT_FAULT,CHP_VEHTYPE_AT_FAULT,COUNT_SEVERE_INJ,COUNT_VISIBLE_INJ,COUNT_COMPLAINT_PAIN,COUNT_PED_KILLED,COUNT_PED_INJURED,COUNT_BICYCLIST_KILLED,COUNT_BICYCLIST_INJURED,COUNT_MC_KILLED,COUNT_MC_INJURED,PRIMARY_RAMP,SECONDARY_RAMP,LATITUDE,LONGITUDE,COUNTY,CITY,POINT_X,POINT_Y
8126532,2016,2016-09-23,1942,2016-07-28,1855,40325,1371,4,5,7,1942,0,0,0,M,0,2T15,MAIN ST,54TH ST,0,NA,Y,A,-,N,NA,NA,NA,NA,NA,NA,NA,NA,NA,N,4,0,2,2,A,-,09,21801,A,N,D,C,A,A,H,-,A,A,0,NA,NA,NA,NA,Y,NA,D,22,0,0,2,0,0,0,0,0,0,-,-,NA,NA,LOS ANGELES,LOS ANGELES,-118.27397013,33.993330040000004
8126534,2016,2016-11-16,1926,2016-09-09,0845,8104,NA,5,5,5,1926,0,0,0,NA,0,004,RT 66,LONE HILL,134,E,N,A,-,N,NA,NA,NA,NA,NA,NA,NA,NA,NA,Y,3,0,1,1,A,-,08,22107,NA,N,E,I,A,A,H,-,A,A,0,NA,NA,NA,NA,Y,NA,A,01,0,1,0,0,0,0,0,0,0,-,-,NA,NA,LOS ANGELES,GLENDORA,-117.82867695,34.1285688
8126538,2016,2016-10-17,1926,2016-09-07,0814,8104,NA,3,5,5,1926,0,0,0,NA,0,001,BARRANCA AV,HEBER ST,145,N,N,A,-,N,NA,NA,NA,NA,NA,NA,NA,NA,NA,Y,3,0,2,2,A,-,09,21804,A,N,D,C,A,A,H,-,A,A,0,NA,NA,NA,NA,Y,NA,A,01,0,1,1,0,0,0,0,0,0,-,-,NA,NA,LOS ANGELES,GLENDORA,-117.88135,34.13230737
8126542,2016,2016-09-22,1926,2016-09-01,2017,2742,NA,4,5,5,1926,0,0,0,NA,0,003,GLENDORA,CARTER,15,S,N,A,-,N,NA,NA,NA,NA,NA,NA,NA,NA,NA,Y,4,0,2,2,A,-,08,22107,NA,N,B,E,A,A,H,-,C,D,0,NA,NA,NA,NA,Y,NA,A,01,0,0,2,0,0,0,0,0,0,-,-,NA,NA,LOS ANGELES,GLENDORA,-117.86381,34.10861888
8126544,2016,2016-09-22,1942,2016-09-04,1535,34426,1354,7,5,7,1942,0,0,0,M,0,2T28,42ND ST,MAIN ST,0,NA,Y,A,-,N,NA,NA,NA,NA,NA,NA,NA,NA,NA,Y,3,0,4,2,A,-,09,21802,A,F,D,C,A,A,H,-,A,A,0,NA,NA,NA,NA,Y,NA,D,22,0,1,3,0,0,0,0,0,0,-,-,NA,NA,LOS ANGELES,LOS ANGELES,-118.27402006,34.00736012
8126557,2016,2016-09-22,1926,2016-08-24,0924,8104,NA,3,5,5,1926,0,0,0,NA,0,002,GRAND AV,BASELINE RD,0,NA,Y,A,-,N,NA,NA,NA,NA,NA,NA,NA,NA,NA,Y,4,0,3,3,D,-,00,NA,NA,N,D,C,A,A,H,-,A,A,0,NA,NA,NA,NA,Y,NA,-,-,0,0,3,0,0,0,0,0,0,-,-,NA,NA,LOS ANGELES,GLENDORA,-117.87275006,34.12148003
8126561,2016,2017-01-21,1942,2016-09-11,0950,36553,0824,7,5,7,1942,0,0,0,H,0,14TL49,RT 1,ENTRADA DR,845,S,N,A,-,Y,LA,7,1,-,-,36.84,H,-,N,Y,4,0,1,3,A,-,04,21703,NA,N,C,C,A,A,H,-,A,D,0,NA,NA,Y,NA,Y,NA,A,01,0,0,1,0,0,0,0,0,1,-,-,NA,NA,LOS ANGELES,LOS ANGELES,-118.51649265,34.0266498
8126562,2016,2016-09-21,1942,2016-09-01,0845,39930,0784,4,5,7,1942,0,0,0,G,0,6T7,WILTON PL,4TH ST,146,S,N,A,-,N,NA,NA,NA,NA,NA,NA,NA,NA,NA,Y,3,0,3,2,A,-,09,21804,A,N,D,C,A,A,H,-,A,D,0,NA,NA,NA,NA,Y,NA,A,01,0,1,2,0,0,0,0,0,0,-,-,NA,NA,LOS ANGELES,LOS ANGELES,-118.3140799,34.06672967
8126565,2016,2016-11-19,1942,2016-09-09,1040,37575,0853,5,5,7,1942,0,0,0,H,0,7TL23,SANTA MONICA BL,COLBY AV,0,NA,Y,A,-,N,NA,NA,NA,NA,NA,NA,NA,NA,NA,Y,4,0,1,2,A,-,12,21453,A,N,C,C,A,A,H,-,A,A,0,NA,NA,NA,NA,Y,NA,-,-,0,0,1,0,0,0,0,0,0,-,-,NA,NA,LOS ANGELES,LOS ANGELES,-118.45299004,34.04511005
8126566,2016,2016-09-21,1942,2016-09-06,1445,37437,2015,2,5,7,1942,0,0,0,NA,0,7MQ134,COUNCIL ST,NORMANDIE AV,0,NA,Y,A,-,N,NA,NA,NA,NA,NA,NA,NA,NA,NA,Y,4,0,1,2,A,-,09,21802,A,N,D,C,A,A,H,-,A,A,0,NA,NA,NA,NA,Y,NA,A,01,0,0,1,0,0,0,0,0,0,-,-,NA,NA,LOS ANGELES,LOS ANGELES,-118.3004101,34.07531002
8126569,2016,2016-09-21,1942,2016-09-08,1420,42009,0775,4,5,7,1942,0,0,0,G,0,7A33,PICKFORD ST,VINEYARD AV,330,W,N,A,-,N,NA,NA,NA,NA,NA,NA,NA,NA,NA,N,4,0,1,2,A,-,21,22106,NA,N,H,E,A,A,H,-,A,D,0,NA,NA,NA,NA,Y,NA,A,07,0,0,1,0,0,0,0,0,0,-,-,NA,NA,LOS ANGELES,LOS ANGELES,-118.34063864,34.04077753
8126573,2016,2016-09-21,1942,2016-09-06,1800,39834,0842,2,5,7,1942,0,0,0,H,0,8A98,WESTGATE AV,OHIO AV,0,NA,Y,A,-,N,NA,NA,NA,NA,NA,NA,NA,NA,NA,N,2,0,1,2,A,-,09,21801,A,N,D,C,A,A,-,-,A,A,0,NA,NA,Y,NA,Y,NA,A,01,1,0,0,0,0,0,0,0,1,-,-,NA,NA,LOS ANGELES,LOS ANGELES,-118.4595501,34.04273012
8126574,2016,2016-09-21,1942,2016-09-12,0940,38050,0461,1,5,7,1942,0,0,0,D,0,1TL11,MISSION RD,1ST ST,0,NA,Y,B,-,N,NA,NA,NA,NA,NA,NA,NA,NA,NA,Y,3,0,4,2,A,-,12,21453,A,F,D,C,A,A,H,-,A,A,0,NA,NA,NA,NA,Y,NA,A,01,0,2,2,0,0,0,0,0,0,-,-,NA,NA,LOS ANGELES,LOS ANGELES,-118.22776013,34.04769005
8126577,2016,2016-09-21,1942,2016-09-11,0955,41932,0817,7,5,7,1942,0,0,0,H,0,8A1,BROXTON AV,KINROSS AV,600,N,N,A,-,N,NA,NA,NA,NA,NA,NA,NA,NA,NA,N,4,0,1,2,A,-,21,22106,NA,F,G,B,D,A,H,-,A,D,0,Y,NA,NA,NA,Y,NA,-,99,0,0,1,0,1,0,0,0,0,-,-,NA,NA,LOS ANGELES,LOS ANGELES,-118.44675111,34.06208135
8126578,2016,2016-09-21,1942,2016-09-02,0645,38282,2081,5,5,7,1942,0,0,0,NA,0,7TL23,VENICE BL,VAN NESS AV,118,E,N,A,-,N,NA,NA,NA,NA,NA,NA,NA,NA,NA,Y,3,0,1,2,A,-,08,22107,NA,N,F,E,A,A,H,-,A,D,0,NA,NA,NA,NA,Y,NA,-,-,0,1,0,0,0,0,0,0,0,-,-,NA,NA,LOS ANGELES,LOS ANGELES,-118.31603123,34.04356
8126581,2016,2016-09-21,1942,2016-09-08,1430,42410,0882,4,5,7,1942,0,0,0,H,0,8A59,CORINTH AV,OLYMPIC BL,0,NA,Y,A,-,N,NA,NA,NA,NA,NA,NA,NA,NA,NA,N,3,0,1,2,A,-,10,21950,A,N,G,B,B,-,H,-,A,D,0,Y,NA,NA,NA,Y,NA,A,08,0,1,0,0,1,0,0,0,0,-,-,NA,NA,LOS ANGELES,LOS ANGELES,-118.44220005,34.03757003
8126585,2016,2016-09-21,1942,2016-09-12,0020,36602,2081,1,5,7,1942,0,0,0,NA,0,20T59,VENICE BL,VAN NESS AV,75,W,N,A,-,N,NA,NA,NA,NA,NA,NA,NA,NA,NA,Y,3,0,2,2,A,-,01,23152,A,N,A,C,A,A,H,-,C,A,0,NA,NA,NA,NA,Y,Y,A,01,0,2,0,0,0,0,0,0,0,-,-,NA,NA,LOS ANGELES,LOS ANGELES,-118.3166671,34.04356
8126586,2016,2016-09-21,1942,2016-09-02,1625,37700,2027,5,5,7,1942,0,0,0,NA,0,20TL56,MARIPOSA AV,3RD ST,3,N,N,A,-,N,NA,NA,NA,NA,NA,NA,NA,NA,NA,N,4,0,1,2,A,-,09,21802,A,N,D,G,A,A,H,-,A,D,0,NA,Y,NA,NA,Y,NA,A,01,0,0,1,0,0,0,1,0,0,-,-,NA,NA,LOS ANGELES,LOS ANGELES,-118.29914893,34.06902818
8126589,2016,2016-09-21,1942,2016-09-04,1450,42206,2039,7,5,7,1942,0,0,0,NA,0,20A45,W 7TH ST,W 7TH ST 2845,0,NA,-,A,-,N,NA,NA,NA,NA,NA,NA,NA,NA,NA,N,3,0,1,2,C,-,18,NA,NA,N,H,G,A,A,H,-,A,A,0,NA,Y,NA,NA,Y,NA,-,-,0,1,0,0,0,0,1,0,0,-,-,NA,NA,LOS ANGELES,LOS ANGELES,NA,NA
8126590,2016,2016-09-21,1942,2016-09-01,1200,39061,2088,4,5,7,1942,0,0,0,NA,0,7TL38,HOOVER ST,18TH ST,0,NA,Y,A,-,N,NA,NA,NA,NA,NA,NA,NA,NA,NA,N,3,0,1,2,A,-,05,21650,1,N,H,G,A,A,H,-,A,A,0,NA,Y,NA,NA,Y,NA,L,04,0,1,0,0,0,0,1,0,0,-,-,NA,NA,LOS ANGELES,LOS ANGELES,-118.28414009,34.04183009
8126593,2016,2016-09-21,1942,2016-09-09,2125,40899,0847,5,5,7,1942,0,0,0,H,0,8T35,OLYMPIC BL,OVERLAND,0,NA,Y,A,-,N,NA,NA,NA,NA,NA,NA,NA,NA,NA,Y,4,0,1,2,A,-,12,21453,A,N,A,C,A,A,H,-,B,A,0,NA,NA,NA,NA,Y,NA,A,01,0,0,1,0,0,0,0,0,0,-,-,NA,NA,LOS ANGELES,LOS ANGELES,-118.42817013,34.04600012
8126594,2016,2016-09-21,1942,2016-09-06,1600,36757,2069,2,5,7,1942,0,0,0,NA,0,20C42,VERMONT AV,OLYMPIC BL,0,NA,Y,A,-,N,NA,NA,NA,NA,NA,NA,NA,NA,NA,Y,4,0,1,2,A,-,04,21703,NA,N,-,C,A,A,H,-,A,A,0,NA,NA,NA,NA,Y,Y,A,01,0,0,1,0,0,0,0,0,0,-,-,NA,NA,LOS ANGELES,LOS ANGELES,-118.29162007,34.05255006
8126597,2016,2016-09-21,1942,2016-09-09,0830,37575,0827,5,5,7,1942,0,0,0,H,0,7TL23,SAN VICENTE BL,BRINGHAM AV,0,NA,Y,A,-,N,NA,NA,NA,NA,NA,NA,NA,NA,NA,Y,4,0,1,1,A,-,03,22350,NA,N,E,I,A,A,H,-,A,D,0,NA,NA,NA,NA,Y,NA,A,01,0,0,1,0,0,0,0,0,0,-,-,NA,NA,LOS ANGELES,LOS ANGELES,-118.46209013000001,34.05389007
8126598,2016,2016-09-21,1942,2016-09-05,0600,40491,2079,1,5,7,1942,0,0,0,NA,0,20Z99,MAGNOLIA AV,15TH ST,2,S,N,B,-,N,NA,NA,NA,NA,NA,NA,NA,NA,NA,N,3,0,1,1,A,-,03,22350,NA,N,E,I,A,A,H,-,B,D,0,NA,NA,NA,NA,Y,NA,A,08,0,1,0,0,0,0,0,0,0,-,-,NA,NA,LOS ANGELES,LOS ANGELES,-118.28638,34.04527451
8126601,2016,2016-11-19,1942,2016-09-08,0830,25481,1433,4,5,7,1942,0,0,0,N,0,14MQ78,VENICE BL,SUPERIOR AV,2,W,N,A,-,N,NA,NA,NA,NA,NA,NA,NA,NA,NA,N,4,0,1,2,A,-,08,22100,A,F,B,G,A,A,H,-,A,D,0,NA,Y,NA,NA,Y,NA,-,-,0,0,1,0,0,0,1,0,0,-,-,NA,NA,LOS ANGELES,LOS ANGELES,-118.45215574,33.99443731
8126602,2016,2016-09-21,1942,2016-09-01,1830,39035,2019,4,5,7,1942,0,0,0,NA,0,20EL2,VERMONT AV,2ND ST,150,N,N,A,-,N,NA,NA,NA,NA,NA,NA,NA,NA,NA,Y,4,0,3,2,A,-,09,21801,A,N,D,C,A,A,H,-,A,A,0,NA,NA,NA,NA,Y,NA,A,01,0,0,3,0,0,0,0,0,0,-,-,NA,NA,LOS ANGELES,LOS ANGELES,-118.291664,34.070782
8126605,2016,2016-09-21,1942,2016-09-08,0750,33599,1219,4,5,7,1942,0,0,0,L,0,3TL5,52ND PL,FLOWER,0,NA,Y,A,-,N,NA,NA,NA,NA,NA,NA,NA,NA,NA,Y,4,0,2,2,A,-,09,21802,A,N,D,C,A,A,H,-,A,A,0,NA,NA,NA,NA,Y,NA,A,01,0,0,2,0,0,0,0,0,0,-,-,NA,NA,LOS ANGELES,LOS ANGELES,-118.28094008,33.99500002
8126606,2016,2016-09-21,1942,2016-09-04,1450,39061,2079,7,5,7,1942,0,0,0,NA,0,6TL4,VERMONT AV,PICO BL,100,N,N,A,-,N,NA,NA,NA,NA,NA,NA,NA,NA,NA,N,4,0,1,2,A,-,08,22107,NA,N,G,G,A,A,H,-,A,D,0,NA,Y,NA,NA,Y,NA,A,07,0,0,1,0,0,0,1,0,0,-,-,NA,NA,LOS ANGELES,LOS ANGELES,-118.2916,34.04753425
8126609,2016,2016-09-22,1942,2016-09-08,0630,33599,1283,4,5,7,1942,0,0,0,L,0,3TL5,VAN NESS AV,CENTURY,0,NA,Y,A,-,N,NA,NA,NA,NA,NA,NA,NA,NA,NA,Y,4,0,3,2,A,-,12,21453,A,N,A,C,A,A,H,-,A,A,0,NA,NA,NA,NA,Y,NA,A,01,0,0,3,0,0,0,0,0,0,-,-,NA,NA,LOS ANGELES,LOS ANGELES,-118.31772005,33.94546004
8126610,2016,2016-09-21,1942,2016-09-05,2033,41210,2069,1,5,7,1942,0,0,0,NA,0,6T7,VERMONT AV,11TH ST,0,NA,Y,A,-,N,NA,NA,NA,NA,NA,NA,NA,NA,NA,N,4,0,2,2,A,-,12,21453,A,N,D,C,A,A,H,-,C,A,0,NA,NA,NA,NA,Y,NA,A,01,0,0,2,0,0,0,0,0,0,-,-,NA,NA,LOS ANGELES,LOS ANGELES,-118.2916,34.05079
8126613,2016,2016-09-21,1942,2016-09-05,1210,37922,2039,1,5,7,1942,0,0,0,NA,0,20A39,VERMONT AV,4TH ST,50,N,N,A,-,N,NA,NA,NA,NA,NA,NA,NA,NA,NA,N,4,0,1,2,B,-,22,NA,NA,N,H,G,A,A,H,-,A,D,0,NA,Y,NA,NA,Y,NA,A,01,0,0,1,0,0,0,1,0,0,-,-,NA,NA,LOS ANGELES,LOS ANGELES,-118.29167,34.067483
8126614,2016,2016-11-19,1942,2016-09-13,2035,36602,0734,2,5,7,1942,0,0,0,G,0,20TL59,FAIRFAX AV,6TH ST,0,NA,Y,A,-,N,NA,NA,NA,NA,NA,NA,NA,NA,NA,Y,4,0,1,3,A,-,09,21801,A,N,D,C,A,A,H,-,C,A,0,NA,NA,NA,NA,Y,NA,-,-,0,0,1,0,0,0,0,0,0,-,-,NA,NA,LOS ANGELES,LOS ANGELES,-118.36139005,34.06487004
8126617,2016,2016-09-21,1942,2016-09-12,0010,41729,1208,1,5,7,1942,0,0,0,L,0,3T3,HOOVER ST,48TH ST,150,S,N,A,-,N,NA,NA,NA,NA,NA,NA,NA,NA,NA,N,4,0,1,2,A,-,03,22350,A,F,D,C,A,A,H,-,C,D,0,NA,NA,NA,NA,Y,NA,-,99,0,0,1,0,0,0,0,0,0,-,-,NA,NA,LOS ANGELES,LOS ANGELES,-118.28714065,33.99920869
8126618,2016,2016-09-21,1942,2016-09-13,1745,38590,0774,2,5,7,1942,0,0,0,G,0,7T38,PICKFORD ST,LA BREA AV,0,NA,Y,A,-,N,NA,NA,NA,NA,NA,NA,NA,NA,NA,Y,3,0,3,2,A,-,09,21802,A,N,D,C,A,A,H,-,A,A,0,NA,NA,NA,NA,Y,NA,A,01,0,1,2,0,0,0,0,0,0,-,-,NA,NA,LOS ANGELES,LOS ANGELES,-118.34675003,34.04239004
8126621,2016,2016-09-21,1942,2016-09-05,1450,40440,1822,1,5,7,1942,0,0,0,R,0,12TL73,BROADWAY,CENTURY BL,0,NA,Y,A,-,N,NA,NA,NA,NA,NA,NA,NA,NA,NA,Y,3,0,1,2,A,-,12,21453,A,F,D,C,A,A,H,-,A,A,0,NA,NA,NA,NA,Y,NA,A,07,0,1,0,0,0,0,0,0,0,-,-,NA,NA,LOS ANGELES,LOS ANGELES,-118.27839,33.94555003
8126622,2016,2016-09-21,1942,2016-09-02,1640,37966,2081,5,5,7,1942,0,0,0,NA,0,6TL4,GRAMERCY PL,VENICE BL,0,NA,Y,A,-,N,NA,NA,NA,NA,NA,NA,NA,NA,NA,Y,4,0,2,2,A,-,09,21802,A,N,D,C,A,A,H,-,A,A,0,NA,NA,NA,NA,Y,NA,A,01,0,0,2,0,0,0,0,0,0,-,-,NA,NA,LOS ANGELES,LOS ANGELES,-118.31304005,34.04356011
8126625,2016,2016-09-21,1942,2016-09-02,1145,33599,1233,5,5,7,1942,0,0,0,L,0,12TL41,WILTON PL,HYDE PARK BL,0,NA,Y,A,-,N,NA,NA,NA,NA,NA,NA,NA,NA,NA,Y,4,0,1,3,A,-,05,21650,NA,F,A,C,A,A,H,-,A,A,0,NA,NA,NA,NA,Y,NA,A,01,0,0,1,0,0,0,0,0,0,-,-,NA,NA,LOS ANGELES,LOS ANGELES,-118.31522008,33.9855501
8126626,2016,2016-09-21,1942,2016-09-03,0915,36553,2088,6,5,7,1942,0,0,0,NA,0,14TL49,HOOVER ST,17TH ST,30,N,N,A,-,N,NA,NA,NA,NA,NA,NA,NA,NA,NA,Y,3,0,1,2,A,-,03,22350,NA,N,C,C,A,A,H,-,A,D,0,NA,NA,NA,NA,Y,NA,A,01,0,1,0,0,0,0,0,0,0,-,-,NA,NA,LOS ANGELES,LOS ANGELES,-118.28414,34.04288228
8126629,2016,2016-09-21,1926,2016-09-06,1619,8104,NA,2,5,5,1926,0,0,0,NA,0,003,ADA AV,TREANOR DR,24,E,N,A,-,N,NA,NA,NA,NA,NA,NA,NA,NA,NA,Y,4,0,1,1,A,-,00,23123,5,N,A,I,A,A,H,-,A,D,0,NA,NA,NA,NA,Y,NA,A,01,0,0,1,0,0,0,0,0,0,-,-,NA,NA,LOS ANGELES,GLENDORA,-117.84307089,34.13168
8126630,2016,2016-09-21,1942,2016-09-02,2135,37580,0827,5,5,7,1942,0,0,0,H,0,8TL35,BARRINGTON AV,CHENAULT ST,325,N,N,A,-,N,NA,NA,NA,NA,NA,NA,NA,NA,NA,N,3,0,1,2,A,-,09,21801,A,N,A,C,A,A,H,-,C,D,0,NA,NA,Y,NA,Y,NA,A,01,0,1,0,0,0,0,0,0,1,-,-,NA,NA,LOS ANGELES,LOS ANGELES,-118.46795246,34.05719992
8126633,2016,2016-09-21,1926,2016-09-04,1523,8975,NA,7,5,5,1926,0,0,0,NA,0,002,JUANITA AV,GLENDORA AV,51,E,N,A,-,N,NA,NA,NA,NA,NA,NA,NA,NA,NA,N,3,0,1,1,A,-,13,22515,A,N,G,B,A,A,H,-,A,D,0,NA,NA,NA,NA,Y,NA,A,01,0,1,0,0,0,0,0,0,0,-,-,NA,NA,LOS ANGELES,GLENDORA,-117.86382,34.11032
8126634,2016,2016-09-21,1942,2016-09-01,1915,25495,0889,4,5,7,1942,0,0,0,H,0,7T23,18TH ST,WOOSTER ST,0,NA,Y,A,-,N,NA,NA,NA,NA,NA,NA,NA,NA,NA,Y,4,0,2,2,A,-,09,21802,A,N,D,C,A,A,H,-,A,A,0,NA,NA,NA,NA,Y,NA,A,01,0,0,2,0,0,0,0,0,0,-,-,NA,NA,LOS ANGELES,LOS ANGELES,-118.38412012,34.04610002
8126637,2016,2016-09-21,1926,2016-09-06,1248,8104,NA,2,5,5,1926,0,0,0,NA,0,001,BARRANCA AV,CARROLL AV,171,S,N,A,-,N,NA,NA,NA,NA,NA,NA,NA,NA,NA,Y,3,0,3,2,A,-,09,21804,A,N,D,C,A,A,H,-,A,A,0,NA,NA,NA,NA,Y,NA,A,01,0,1,2,0,0,0,0,0,0,-,-,NA,NA,LOS ANGELES,GLENDORA,-117.8813495,34.1337513
8126638,2016,2016-09-21,1942,2016-09-12,0400,38721,0669,1,5,7,1942,0,0,0,F,0,14TL49,SANTA MONICA BL,NORMANDIE AV,32,W,N,A,-,N,NA,NA,NA,NA,NA,NA,NA,NA,NA,Y,4,0,1,2,A,-,01,23152,A,F,C,C,A,A,H,-,C,D,0,NA,NA,NA,NA,Y,Y,A,01,0,0,1,0,0,0,0,0,0,-,-,NA,NA,LOS ANGELES,LOS ANGELES,-118.30059549,34.09083
81266383,2020,2020-07-10,1933,2020-07-06,2150,916,02,1,5,6,1933,0,0,0,NA,0,001,CENTINELA AV,EUCALYPTUS AV,0,NA,Y,A,-,N,NA,NA,NA,NA,NA,NA,NA,NA,NA,Y,3,0,1,4,A,-,08,22107,NA,N,D,C,A,A,H,-,C,A,0,NA,NA,NA,NA,Y,NA,A,01,0,1,0,0,0,0,0,0,0,-,-,33.976470947265625,-118.35933685302734,LOS ANGELES,INGLEWOOD,-118.35952758789064,33.97639846801758
81266384,2020,2020-07-10,1933,2020-07-07,1423,812,03,2,5,6,1933,0,0,0,NA,0,001,BRETT ST,GAY ST,0,NA,Y,A,-,N,NA,NA,NA,NA,NA,NA,NA,NA,NA,N,4,0,1,2,A,-,12,22450,A,N,D,C,A,A,H,-,A,A,0,NA,NA,NA,Y,Y,NA,F,26,0,0,1,0,0,0,0,0,0,-,-,33.9798583984375,-118.34123229980467,LOS ANGELES,INGLEWOOD,-118.34130096435548,33.979820251464844
81266385,2020,2020-07-10,1933,2020-07-08,0654,828,04,3,5,6,1933,0,0,0,NA,0,001,EUCALYPTUS AV,HYDE PARK BLVD,465,N,N,A,-,N,NA,NA,NA,NA,NA,NA,NA,NA,NA,Y,3,0,1,4,A,-,03,22350,NA,N,A,E,A,A,H,-,A,D,0,NA,NA,NA,NA,Y,NA,A,01,0,1,0,0,0,0,0,0,0,-,-,33.97132873535156,-118.3591537475586,LOS ANGELES,INGLEWOOD,-118.35936737060548,33.9725341796875
81266386,2020,2020-07-10,1933,2020-07-08,1045,812,14,3,5,6,1933,0,0,0,NA,0,002,AVIATION BLVD,ARBOR VITAE ST,732,N,N,A,-,N,NA,NA,NA,NA,NA,NA,NA,NA,NA,Y,2,0,1,2,A,-,08,22102,NA,N,D,C,A,A,H,-,A,A,0,NA,NA,Y,NA,Y,NA,A,01,1,0,0,0,0,0,0,0,1,-,-,33.9527587890625,-118.37700653076172,LOS ANGELES,INGLEWOOD,-118.37705993652344,33.95466613769531
8126641,2016,2016-09-21,1947,2016-08-03,1732,1385,NA,3,5,5,1947,0,0,0,NA,0,00B,WEST BEVERLY BL,N SPRUCE ST N,0,NA,Y,A,-,N,NA,NA,NA,NA,NA,NA,NA,NA,NA,Y,4,0,2,2,A,-,08,22101,D,N,D,C,A,A,H,-,A,A,0,NA,NA,NA,NA,Y,NA,A,01,0,0,2,0,0,0,0,0,0,-,-,34.01753,-118.10755,LOS ANGELES,MONTEBELLO,-118.10755008,34.01752004
8126642,2016,2016-09-21,1942,2016-08-31,1610,41907,0842,3,5,7,1942,0,0,0,H,0,8X48W4,WILSHIRE BL,BARRY AV,0,NA,Y,A,-,N,NA,NA,NA,NA,NA,NA,NA,NA,NA,N,4,0,1,2,A,-,09,21801,B,N,D,C,A,A,H,-,A,D,0,NA,NA,NA,NA,Y,NA,A,01,0,0,1,0,0,0,0,0,0,-,-,NA,NA,LOS ANGELES,LOS ANGELES,-118.4600801,34.05014002
8126643,2016,2016-09-21,1942,2016-08-21,0815,32973,1323,7,5,7,1942,0,0,0,M,0,11TL32,GRIFFITH AV,ADAMS BL,10,N,N,A,-,N,NA,NA,NA,NA,NA,NA,NA,NA,NA,N,4,0,1,2,A,-,08,22107,NA,N,D,G,A,A,H,-,A,A,0,NA,Y,NA,NA,Y,NA,A,01,0,0,1,0,0,0,1,0,0,-,-,NA,NA,LOS ANGELES,LOS ANGELES,-118.25746464,34.01990426
8126644,2016,2016-09-21,1942,2016-08-21,1655,41927,1249,7,5,7,1942,0,0,0,L,0,25E7,FLORENCE AV,DENVER AV,15,E,N,A,-,N,NA,NA,NA,NA,NA,NA,NA,NA,NA,N,4,0,2,2,A,-,03,22350,NA,F,C,C,A,A,-,-,A,D,0,NA,NA,NA,NA,Y,NA,-,99,0,0,2,0,0,0,0,0,0,-,-,NA,NA,LOS ANGELES,LOS ANGELES,-118.28376062,33.97466
8126645,2016,2016-09-21,1947,2016-08-01,1700,1408,NA,1,5,5,1947,0,0,0,NA,0,00B,MONTEBELLO BL,MADISON ST,0,NA,Y,A,-,N,NA,NA,NA,NA,NA,NA,NA,NA,NA,N,3,0,1,2,A,-,12,21453,A,N,D,C,A,A,H,-,A,A,0,NA,NA,NA,NA,Y,NA,A,01,0,1,0,0,0,0,0,0,0,-,-,NA,NA,LOS ANGELES,MONTEBELLO,-118.10708,34.01368005
8126646,2016,2016-09-21,1942,2016-08-31,1235,41766,0859,3,5,7,1942,0,0,0,H,0,8EL4W4,ROBERTSON BL,CASHIO ST,0,NA,Y,A,-,N,NA,NA,NA,NA,NA,NA,NA,NA,NA,Y,4,0,1,2,A,-,12,21453,A,N,D,C,A,A,H,-,A,A,0,NA,NA,NA,NA,Y,NA,A,01,0,0,1,0,0,0,0,0,0,-,-,NA,NA,LOS ANGELES,LOS ANGELES,-118.38413005,34.05220004
8126647,2016,2016-11-28,1942,2016-08-10,0550,41162,1321,3,5,7,1942,0,0,0,M,0,13A43,MAIN,ADAMS,0,NA,Y,A,-,N,NA,NA,NA,NA,NA,NA,NA,NA,NA,N,4,0,1,2,A,-,12,21453,A,N,D,C,A,A,H,-,B,A,0,NA,NA,NA,NA,Y,NA,A,01,0,0,1,0,0,0,0,0,0,-,-,NA,NA,LOS ANGELES,LOS ANGELES,-118.26865006,34.02485007