CASE_ID,ACCIDENT_YEAR,PROC_DATE,JURIS,COLLISION_DATE,COLLISION_TIME,OFFICER_ID,REPORTING_DISTRICT,DAY_OF_WEEK,CHP_SHIFT,POPULATION,CNTY_CITY_LOC,SPECIAL_COND,BEAT_TYPE,CHP_BEAT_TYPE,CITY_DIVISION_LAPD,CHP_BEAT_CLASS,BEAT_NUMBER,PRIMARY_RD,SECONDARY_RD,DISTANCE,DIRECTION,INTERSECTION,WEATHER_1,WEATHER_2,STATE_HWY_IND,CALTRANS_COUNTY,CALTRANS_DISTRICT,STATE_ROUTE,ROUTE_SUFFIX,POSTMILE_PREFIX,POSTMILE,LOCATION_TYPE,RAMP_INTERSECTION,SIDE_OF_HWY,TOW_AWAY,COLLISION_SEVERITY,NUMBER_KILLED,NUMBER_INJURED,PARTY_COUNT,PRIMARY_COLL_FACTOR,PCF_CODE_OF_VIOL,PCF_VIOL_CATEGORY,PCF_VIOLATION,PCF_VIOL_SUBSECTION,HIT_AND_RUN,TYPE_OF_COLLISION,MVIW,PED_ACTION,ROAD_SURFACE,ROAD_COND_1,ROAD_COND_2,LIGHTING,CONTROL_DEVICE,CHP_ROAD_TYPE,PEDESTRIAN_ACCIDENT,BICYCLE_ACCIDENT,MOTORCYCLE_ACCIDENT,TRUCK_ACCIDENT,NOT_PRIVATE_PROPERTY,ALCOHOL_INVOLVED,STWD_VEHTYPE_AT_FAULT,CHP_VEHTYPE_AT_FAULT,COUNT_SEVERE_INJ,COUNT_VISIBLE_INJ,COUNT_COMPLAINT_PAIN,COUNT_PED_KILLED,COUNT_PED_INJURED,COUNT_BICYCLIST_KILLED,COUNT_BICYCLIST_INJURED,COUNT_MC_KILLED,COUNT_MC_INJURED,PRIMARY_RAMP,SECONDARY_RAMP,LATITUDE,LONGITUDE,COUNTY,CITY,POINT_X,POINT_Y
8129791,2016,2016-09-22,1942,2016-09-12,0100,42183,1668,1,5,7,1942,0,0,0,P,0,16A59,ELMHURST DR,TUJUNGA CANYON BL,60,W,N,A,-,N,NA,NA,NA,NA,NA,NA,NA,NA,NA,N,4,0,1,2,A,-,05,21650,NA,F,B,C,A,A,H,-,C,A,0,NA,NA,NA,NA,Y,NA,-,99,0,0,1,0,0,0,0,0,0,-,-,NA,NA,LOS ANGELES,LOS ANGELES,-118.27330095,34.2402367
8129792,2016,2016-09-23,1955,2016-09-09,1713,4227,0087,5,5,6,1955,0,0,0,NA,0,004,TOWNE AV,PHILADELPHIA ST,50,W,N,A,-,N,NA,NA,NA,NA,NA,NA,NA,NA,NA,Y,4,0,1,2,A,-,09,21801,A,N,A,C,A,A,H,-,A,A,0,NA,NA,NA,NA,Y,NA,A,01,0,0,1,0,0,0,0,0,0,-,-,NA,NA,LOS ANGELES,POMONA,-117.74054609,34.03365695
8129794,2016,2016-09-26,1944,2016-09-01,0900,259,SOUTH,4,5,4,1944,0,0,0,NA,0,001,AVIATION BL,10TH ST,0,NA,Y,A,-,N,NA,NA,NA,NA,NA,NA,NA,NA,NA,Y,4,0,4,3,A,-,09,21802,A,N,D,C,A,A,H,-,A,D,0,NA,NA,NA,NA,Y,NA,A,01,0,0,4,0,0,0,0,0,0,-,-,NA,NA,LOS ANGELES,MANHATTAN BEACH,-118.37860004,33.88557005
8129798,2016,2016-09-26,1956,2016-09-07,1842,1325,05,3,5,5,1956,0,0,0,NA,0,001,S PROSPECT,PALOS VERDES BL,0,NA,Y,A,-,N,NA,NA,NA,NA,NA,NA,NA,NA,NA,N,4,0,1,2,A,-,09,21804,A,N,D,G,A,A,H,-,B,A,0,NA,Y,NA,NA,Y,Y,L,04,0,0,1,0,0,0,1,0,0,-,-,NA,NA,LOS ANGELES,REDONDO BEACH,-118.37689011,33.82292006
8129800,2016,2016-09-22,1902,2016-09-07,1444,694,19,3,5,5,1902,0,0,0,NA,0,00Z,SANTA ANITA AV,CAMPUS AV,0,NA,Y,A,-,N,NA,NA,NA,NA,NA,NA,NA,NA,NA,Y,3,0,1,3,A,-,03,22350,NA,N,C,D,A,A,H,-,A,A,0,NA,NA,NA,NA,Y,NA,-,NA,0,1,0,0,0,0,0,0,0,-,-,NA,NA,LOS ANGELES,ARCADIA,-118.03135005,34.13082011
8129804,2016,2016-09-22,1955,2016-09-03,2039,42045,0088,6,5,6,1955,0,0,0,NA,0,004,FICUS ST,WALNUT AV,800,S,N,A,-,N,NA,NA,NA,NA,NA,NA,NA,NA,NA,Y,3,0,1,1,A,-,08,22107,NA,N,A,I,A,A,H,-,C,A,0,NA,NA,NA,NA,Y,NA,A,08,0,1,0,0,0,0,0,0,0,-,-,NA,NA,LOS ANGELES,POMONA,-117.73573005,34.02118316
8129806,2016,2016-09-26,1956,2016-09-07,0737,1192,27,3,5,5,1956,0,0,0,NA,0,002,CARNELIAN ST,MARIA AV,5,W,N,A,-,N,NA,NA,NA,NA,NA,NA,NA,NA,NA,N,4,0,1,2,A,-,09,21802,A,N,D,G,A,A,H,-,A,A,0,NA,Y,NA,NA,Y,NA,A,07,0,0,1,0,0,0,1,0,0,-,-,NA,NA,LOS ANGELES,REDONDO BEACH,-118.38221197,33.8515806
8129808,2016,2016-09-22,1955,2016-09-10,1529,42150,0071,6,5,6,1955,0,0,0,NA,0,005,PHILLIPS RANCH RD,SCENIC RIDGE DR,24,S,N,A,-,N,NA,NA,NA,NA,NA,NA,NA,NA,NA,N,4,0,1,2,A,-,03,22350,NA,N,C,C,A,A,H,-,A,A,0,NA,NA,NA,NA,Y,NA,A,01,0,0,1,0,0,0,0,0,0,-,-,NA,NA,LOS ANGELES,POMONA,-117.77137,34.02108
8129809,2016,2016-10-28,1942,2016-09-04,1255,32973,0235,7,5,7,1942,0,0,0,B,0,11TL32,ALVARADO ST,BELLEVUE AV,60,S,N,B,-,N,NA,NA,NA,NA,NA,NA,NA,NA,NA,N,4,0,1,2,A,-,21,22106,NA,N,C,C,A,A,H,-,A,D,0,NA,NA,NA,NA,Y,NA,A,07,0,0,1,0,0,0,0,0,0,-,-,NA,NA,LOS ANGELES,LOS ANGELES,-118.26645422,34.07272537
8129811,2016,2016-09-22,1942,2016-09-14,2220,36565,0991,3,5,7,1942,0,0,0,I,0,9T53,MULHOLLAND DR,WOODCLIFF RD,800,W,N,A,-,N,NA,NA,NA,NA,NA,NA,NA,NA,NA,Y,3,0,1,1,A,-,01,23152,A,N,E,I,A,A,H,-,C,D,0,NA,NA,NA,NA,Y,Y,A,01,0,1,0,0,0,0,0,0,0,-,-,NA,NA,LOS ANGELES,LOS ANGELES,-118.46333002,34.13094829
8129812,2016,2016-09-22,1955,2016-09-06,1411,30564,0092,2,5,6,1955,0,0,0,NA,0,004,RESERVOIR ST,9TH ST,0,NA,Y,A,-,N,NA,NA,NA,NA,NA,NA,NA,NA,NA,Y,3,0,1,2,A,-,12,21453,A,N,D,C,A,A,H,-,A,A,0,NA,NA,NA,NA,Y,NA,A,01,0,1,0,0,0,0,0,0,0,-,-,NA,NA,LOS ANGELES,POMONA,-117.73248006,34.05187002
81298133,2020,2020-09-03,1933,2020-07-04,2033,1032,17,6,5,6,1933,0,0,0,NA,0,001,FLORENCE AV,WEST BLVD,1000,W,N,A,-,N,NA,NA,NA,NA,NA,NA,NA,NA,NA,Y,3,0,4,4,A,-,03,22350,NA,F,C,C,E,A,H,-,D,D,0,Y,NA,NA,NA,Y,NA,-,99,0,4,0,0,1,0,0,0,0,-,-,33.97447967529297,-118.33509826660156,LOS ANGELES,INGLEWOOD,-118.33837890625,33.974002838134766
81298134,2020,2020-09-03,1933,2020-07-09,1845,1015,I25,4,5,6,1933,0,0,0,NA,0,002,LA BREA AV,CENTURY BLVD,40,N,N,A,-,N,NA,NA,NA,NA,NA,NA,NA,NA,NA,N,4,0,1,2,A,-,08,22107,NA,N,D,G,A,A,H,-,A,D,0,NA,Y,NA,NA,Y,NA,L,04,0,0,1,0,0,0,1,0,0,-,-,33.94548034667969,-118.35263061523438,LOS ANGELES,INGLEWOOD,-118.35272979736328,33.94554901123047
8129816,2016,2016-09-22,1955,2016-09-08,0803,30354,0051,4,5,6,1955,0,0,0,NA,0,001,HAMILTON BL,3RD ST,125,S,N,A,-,N,NA,NA,NA,NA,NA,NA,NA,NA,NA,Y,4,0,1,2,D,-,00,NA,NA,N,D,G,A,A,H,-,A,A,0,NA,Y,NA,NA,Y,NA,-,-,0,0,1,0,0,0,1,0,0,-,-,NA,NA,LOS ANGELES,POMONA,-117.76317858,34.0562375
8129820,2016,2016-09-22,1902,2016-09-08,1507,668,26,4,5,5,1902,0,0,0,NA,0,004,DUARTE RD,LOVELL AV,0,NA,Y,A,-,N,NA,NA,NA,NA,NA,NA,NA,NA,NA,N,3,0,1,2,A,-,06,21951,NA,N,G,B,B,-,H,-,A,D,0,Y,NA,NA,NA,Y,NA,-,NA,0,1,0,0,1,0,0,0,0,-,-,NA,NA,LOS ANGELES,ARCADIA,-118.05130005,34.12661007
8129824,2016,2016-09-22,1942,2016-09-08,1000,40542,15,4,5,7,1942,0,0,0,O,0,1531,COLDWATER CANYON,TIARA,150,S,N,A,-,N,NA,NA,NA,NA,NA,NA,NA,NA,NA,N,3,0,1,2,A,-,07,21658,A,F,B,C,A,A,H,-,A,D,0,NA,NA,NA,NA,Y,NA,-,99,0,1,0,0,0,0,0,0,0,-,-,NA,NA,LOS ANGELES,LOS ANGELES,-118.41379,34.17805857
8129825,2016,2016-10-28,1941,2016-09-13,0909,5839,NA,2,5,7,1941,0,0,0,NA,0,004,LONG BEACH BL,RT 1,45,S,N,A,-,N,NA,NA,NA,NA,NA,NA,NA,NA,NA,Y,3,0,1,3,A,-,03,22350,NA,F,E,-,F,A,H,-,A,D,0,Y,NA,NA,NA,Y,NA,A,NA,0,1,0,0,1,0,0,0,0,-,-,NA,NA,LOS ANGELES,LONG BEACH,-118.18948,33.76796659
81298252,2020,2020-09-03,1942,2020-08-25,0720,42157,2074,2,5,7,1942,0,0,0,NA,0,20A71,NORMANDIE AVE,WASHINGTON BLVD,0,NA,Y,A,-,N,NA,NA,NA,NA,NA,NA,NA,NA,NA,N,4,0,4,2,A,-,09,21801,NA,N,A,C,A,A,H,-,A,D,0,NA,NA,NA,Y,Y,NA,F,21,0,0,4,0,0,0,0,0,0,-,-,NA,NA,LOS ANGELES,LOS ANGELES,-118.30084228515624,34.03998947143555
81298276,2020,2020-09-03,1942,2020-09-02,1140,41376,0782,3,5,7,1942,0,0,0,G,0,8A59,S LA CIENEGA BL,GUTHRIE AV,185,S,N,A,-,N,NA,NA,NA,NA,NA,NA,NA,NA,NA,N,3,0,1,2,A,-,03,22350,NA,N,C,C,A,A,H,-,A,D,0,NA,Y,NA,NA,Y,NA,L,04,0,1,0,0,0,0,1,0,0,-,-,NA,NA,LOS ANGELES,LOS ANGELES,-118.37712097167967,34.03984451293945
8129828,2016,2016-09-22,1902,2016-09-12,0745,711,6,1,5,5,1902,0,0,0,NA,0,001,ORANGE GROVE AV,SAN CARLOS RD,0,NA,Y,B,-,N,NA,NA,NA,NA,NA,NA,NA,NA,NA,Y,3,0,1,2,A,-,09,21802,A,N,D,C,A,A,H,-,A,A,0,NA,NA,NA,NA,Y,NA,A,01,0,1,0,0,0,0,0,0,0,-,-,NA,NA,LOS ANGELES,ARCADIA,-118.04814011,34.15713006
81298290,2020,2020-09-03,1942,2020-08-24,1107,38721,0752,1,5,7,1942,0,0,0,G,0,7A53,LA CIENEGA BLVD,WHITWORTH DR,64,N,N,A,-,N,NA,NA,NA,NA,NA,NA,NA,NA,NA,N,4,0,1,3,A,-,08,22107,NA,F,G,B,E,A,H,-,A,A,0,Y,NA,NA,NA,Y,NA,-,99,0,0,1,0,1,0,0,0,0,-,-,NA,NA,LOS ANGELES,LOS ANGELES,-118.37621307373048,34.05721664428711
81298310,2020,2020-09-03,1942,2020-09-02,1630,40315,0776,3,5,7,1942,0,0,0,G,0,7A85,VINEYARD AV,PICKFORD ST,0,NA,Y,A,-,N,NA,NA,NA,NA,NA,NA,NA,NA,NA,N,4,0,1,2,A,-,12,22450,NA,F,D,C,A,A,H,-,A,A,0,NA,NA,NA,NA,Y,NA,-,99,0,0,1,0,0,0,0,0,0,-,-,NA,NA,LOS ANGELES,LOS ANGELES,-118.339599609375,34.04050827026367
8129832,2016,2016-09-22,1902,2016-09-09,1632,2241,21,5,5,5,1902,0,0,0,NA,0,004,SUNSET BL,FAIRVIEW AV,100,S,N,A,-,N,NA,NA,NA,NA,NA,NA,NA,NA,NA,N,4,0,1,2,A,-,03,22350,NA,N,C,C,A,A,H,-,A,D,0,NA,NA,NA,NA,Y,NA,A,07,0,0,1,0,0,0,0,0,0,-,-,NA,NA,LOS ANGELES,ARCADIA,-118.06483154,34.12797683
8129833,2016,2016-10-28,1942,2016-09-05,2015,37613,1485,1,5,7,1942,0,0,0,N,0,8TL35,MANCHESTER BL,KENTWOOD AV,160,W,N,A,-,N,NA,NA,NA,NA,NA,NA,NA,NA,NA,Y,3,0,4,5,A,-,03,22350,NA,F,C,C,A,A,H,-,B,D,0,NA,NA,NA,NA,Y,NA,-,99,0,1,3,0,0,0,0,0,0,-,-,NA,NA,LOS ANGELES,LOS ANGELES,-118.40095667,33.95989942
8129834,2016,2017-02-18,1900,2016-09-10,0850,520746,0452,6,5,6,1949,0,0,0,NA,0,43T1,IMPERIAL HWY,PIONEER BL,367,E,N,A,-,Y,LA,7,5,-,-,4.869,R,4,S,Y,4,0,1,2,A,-,03,22350,NA,N,C,C,A,A,H,-,A,D,0,NA,NA,NA,NA,Y,NA,A,07,0,0,1,0,0,0,0,0,0,-,-,NA,NA,LOS ANGELES,NORWALK,-118.07936863,33.91630046
8129836,2016,2016-09-22,1902,2016-09-07,0953,668,21,3,5,5,1902,0,0,0,NA,0,004,SUNSET BL,OKOBOJI DR,0,NA,Y,A,-,N,NA,NA,NA,NA,NA,NA,NA,NA,NA,Y,4,0,2,2,A,-,09,21801,A,N,D,C,A,A,H,-,A,D,0,NA,NA,NA,NA,Y,NA,A,01,0,0,2,0,0,0,0,0,0,-,-,NA,NA,LOS ANGELES,ARCADIA,-118.06500007,34.12951011
81298378,2020,2020-09-03,1942,2020-09-02,1840,38262,0832,3,5,7,1942,0,0,0,H,0,8A13,FEDERAL AVE,WILSHIRE BLVD,0,NA,Y,A,-,N,NA,NA,NA,NA,NA,NA,NA,NA,NA,N,3,0,1,2,A,-,08,22107,NA,N,H,G,A,A,H,-,B,A,0,NA,Y,NA,NA,Y,NA,L,04,0,1,0,0,0,0,1,0,0,-,-,NA,NA,LOS ANGELES,LOS ANGELES,-118.4591827392578,34.05078125
8129838,2016,2016-10-28,1900,2016-09-11,0930,466734,0455,7,5,6,1949,0,0,0,NA,0,45T1D,ALONDRA BL,PIUMA AV,0,NA,Y,A,-,N,NA,NA,NA,NA,NA,NA,NA,NA,NA,Y,4,0,1,2,A,-,12,21453,A,N,D,C,A,A,H,-,A,A,0,NA,NA,NA,NA,Y,NA,A,01,0,0,1,0,0,0,0,0,0,-,-,NA,NA,LOS ANGELES,NORWALK,-118.10589,33.887533
8129840,2016,2016-09-22,1902,2016-09-18,0148,661,23,7,5,5,1902,0,0,0,NA,0,002,SANTA ANITA AV,LE ROY AV,39,N,N,A,-,N,NA,NA,NA,NA,NA,NA,NA,NA,NA,Y,3,0,2,1,A,-,08,22107,NA,N,E,I,A,A,H,-,C,D,0,NA,NA,NA,NA,Y,NA,A,07,0,2,0,0,0,0,0,0,0,-,-,NA,NA,LOS ANGELES,ARCADIA,-118.03122119,34.12529693
81298410,2020,2020-09-03,1942,2020-09-02,1815,37336,1431,3,5,7,1942,0,0,0,N,0,14A11,VENICE BL,DELL AV,6,W,N,A,-,N,NA,NA,NA,NA,NA,NA,NA,NA,NA,N,4,0,1,2,A,-,12,22450,NA,F,G,B,B,A,H,-,A,A,0,Y,NA,NA,NA,Y,NA,-,99,0,0,1,0,1,0,0,0,0,-,-,NA,NA,LOS ANGELES,LOS ANGELES,-118.4680633544922,33.98627853393555
81298425,2020,2020-09-03,1942,2020-09-02,2140,37336,0881,3,5,7,1942,0,0,0,H,0,8A53,PICO BL,WESTGATE AV,0,NA,Y,A,-,N,NA,NA,NA,NA,NA,NA,NA,NA,NA,Y,4,0,2,2,A,-,04,21703,NA,N,C,C,A,A,H,-,C,D,0,NA,NA,NA,NA,Y,NA,A,01,0,0,2,0,0,0,0,0,0,-,-,NA,NA,LOS ANGELES,LOS ANGELES,-118.44915771484376,34.02989959716797
8129844,2016,2016-11-15,1902,2016-08-30,0808,668,26,2,5,5,1902,0,0,0,NA,0,005,CAMINO REAL AV,MELANIE LN,0,NA,Y,A,-,N,NA,NA,NA,NA,NA,NA,NA,NA,NA,N,2,0,1,2,-,-,-,NA,NA,N,G,B,D,A,H,-,A,D,0,Y,NA,NA,NA,Y,NA,-,-,1,0,0,0,1,0,0,0,0,-,-,NA,NA,LOS ANGELES,ARCADIA,-118.05380008,34.12239002
81298444,2020,2020-09-03,1942,2020-08-25,1415,41516,0646,2,5,7,1942,0,0,0,F,0,6A67,W SUNSET BL,N HUDSON AV,18,E,N,A,-,N,NA,NA,NA,NA,NA,NA,NA,NA,NA,N,3,0,1,2,A,-,11,21955,NA,N,G,B,D,A,H,-,A,D,0,Y,NA,NA,NA,Y,NA,N,60,0,1,0,0,1,0,0,0,0,-,-,NA,NA,LOS ANGELES,LOS ANGELES,-118.33152770996094,34.09798812866211
81298453,2020,2020-09-03,1942,2020-08-31,1945,41210,0656,1,5,7,1942,0,0,0,F,0,NA,VINE ST,SANTA MONICA BLVD,0,NA,Y,A,-,N,NA,NA,NA,NA,NA,NA,NA,NA,NA,Y,1,1,1,4,A,-,01,23152,NA,N,G,B,B,A,H,-,C,A,0,Y,NA,NA,NA,Y,NA,A,01,0,1,0,1,0,0,0,0,0,-,-,NA,NA,LOS ANGELES,LOS ANGELES,-118.32660675048828,34.09074020385742
81298471,2020,2020-09-03,1942,2020-08-31,0750,42157,0881,1,5,7,1942,0,0,0,H,0,8A53,W PICO BL,S BUNDY DR,46,W,N,A,-,N,NA,NA,NA,NA,NA,NA,NA,NA,NA,Y,3,0,2,2,A,-,09,21801,NA,N,D,C,A,A,H,-,A,D,0,NA,NA,NA,NA,Y,NA,A,01,0,1,1,0,0,0,0,0,0,-,-,NA,NA,LOS ANGELES,LOS ANGELES,-118.45033264160156,34.0293083190918
81298477,2020,2020-09-03,1942,2020-08-31,0930,34959,0656,1,5,7,1942,0,0,0,F,0,6A77,GOWER STREET,LEXINGTON AVENUE,243,S,N,A,-,N,NA,NA,NA,NA,NA,NA,NA,NA,NA,N,3,0,1,2,A,-,21,22106,NA,N,H,G,A,A,H,-,A,D,0,NA,Y,NA,NA,Y,NA,A,01,0,1,0,0,0,0,1,0,0,-,-,NA,NA,LOS ANGELES,LOS ANGELES,-118.32228088378906,34.09189224243164
81298561,2020,2020-09-03,1942,2020-08-28,1855,38090,2058,5,5,7,1942,0,0,0,NA,0,20A69,W OLYMPIC BL,ARAPAHOE ST,11,W,N,A,-,N,NA,NA,NA,NA,NA,NA,NA,NA,NA,Y,4,0,1,5,A,-,05,21460,NA,N,B,C,A,A,H,-,A,A,0,NA,NA,NA,NA,Y,NA,A,07,0,0,1,0,0,0,0,0,0,-,-,NA,NA,LOS ANGELES,LOS ANGELES,-118.28543853759766,34.05241012573242
81298578,2020,2020-09-03,1942,2020-08-25,1445,36940,0782,2,5,7,1942,0,0,0,G,0,7A73,VENICE BL,S FAIRFAX AV,0,NA,Y,A,-,N,NA,NA,NA,NA,NA,NA,NA,NA,NA,Y,4,0,1,2,A,-,12,21453,NA,N,D,C,A,A,H,-,A,A,0,NA,NA,NA,NA,Y,NA,-,-,0,0,1,0,0,0,0,0,0,-,-,NA,NA,LOS ANGELES,LOS ANGELES,-118.36976623535156,34.03995132446289
8129860,2016,2016-09-23,1955,2016-08-31,0737,42225,0007,3,5,6,1955,0,0,0,NA,0,003,PALOMARES ST,HOLT AV,24,N,N,A,-,N,NA,NA,NA,NA,NA,NA,NA,NA,NA,Y,3,0,2,2,A,-,09,21801,A,N,D,C,A,A,H,-,A,A,0,NA,NA,NA,NA,Y,NA,A,01,0,2,0,0,0,0,0,0,0,-,-,NA,NA,LOS ANGELES,POMONA,-117.74596241,34.06255575
8129868,2016,2016-09-23,1942,2016-08-29,1540,34436,0911,1,5,7,1942,0,0,0,I,0,15TL42,VANOWEN ST,FIRMAMENT AV,0,NA,Y,A,-,N,NA,NA,NA,NA,NA,NA,NA,NA,NA,Y,3,0,1,2,A,-,05,21460,NA,N,D,C,A,A,H,-,A,-,0,NA,NA,NA,NA,Y,NA,A,01,0,1,0,0,0,0,0,0,0,-,-,NA,NA,LOS ANGELES,LOS ANGELES,-118.47293006,34.19392009
81298700,2020,2020-09-03,1942,2020-08-30,1545,41671,0659,7,5,7,1942,0,0,0,F,0,6A79,HARVARD BL,FOUNTAIN AV,0,NA,Y,A,-,N,NA,NA,NA,NA,NA,NA,NA,NA,NA,Y,3,0,3,2,A,-,09,21802,NA,N,D,C,A,A,H,-,A,A,0,NA,NA,NA,NA,Y,NA,A,08,0,1,2,0,0,0,0,0,0,-,-,NA,NA,LOS ANGELES,LOS ANGELES,-118.30435180664064,34.095088958740234
8129876,2016,2016-11-15,1942,2016-08-29,1210,34436,1764,1,5,7,1942,0,0,0,Q,0,15TL42,PLUMMER ST,SHIRLEY AV,0,NA,Y,A,-,N,NA,NA,NA,NA,NA,NA,NA,NA,NA,Y,4,0,2,2,A,-,12,21453,A,N,D,C,A,A,H,-,A,A,0,NA,NA,NA,NA,Y,NA,-,-,0,0,2,0,0,0,0,0,0,-,-,NA,NA,LOS ANGELES,LOS ANGELES,-118.55792004,34.24274011
81298898,2020,2020-09-04,1942,2020-09-03,0130,38262,2004,4,5,7,1942,0,0,0,NA,0,20A13,BEVERLY BLVD,HOBART BLVD,18,W,N,A,-,N,NA,NA,NA,NA,NA,NA,NA,NA,NA,Y,3,0,1,3,A,-,01,23152,NA,N,E,I,A,A,H,-,C,D,0,NA,NA,NA,NA,Y,Y,A,01,0,1,0,0,0,0,0,0,0,-,-,NA,NA,LOS ANGELES,LOS ANGELES,-118.30558013916016,34.07625961303711
8129891,2016,2016-09-23,1944,2016-08-31,1956,254,SOUTH,3,5,4,1944,0,0,0,NA,0,2M75,VALLEY DR,2ND ST,72,N,N,B,-,N,NA,NA,NA,NA,NA,NA,NA,NA,NA,Y,4,0,1,3,A,-,01,23152,A,N,C,E,A,A,H,-,C,D,0,NA,NA,NA,NA,Y,Y,A,01,0,0,1,0,0,0,0,0,0,-,-,NA,NA,LOS ANGELES,MANHATTAN BEACH,-118.40290522,33.88021403
81298943,2020,2020-09-04,1942,2020-09-01,2210,42065,2033,2,5,7,1942,0,0,0,NA,0,20A33,SERRANO AVE,8TH ST,0,NA,Y,A,-,N,NA,NA,NA,NA,NA,NA,NA,NA,NA,Y,3,0,2,2,A,-,01,23152,NA,N,D,C,A,A,H,-,C,D,0,NA,NA,NA,NA,Y,Y,A,07,0,1,1,0,0,0,0,0,0,-,-,NA,NA,LOS ANGELES,LOS ANGELES,-118.30657958984376,34.05768966674805
81298958,2020,2020-09-04,1942,2020-08-24,1825,41139,0678,1,5,7,1942,0,0,0,F,0,6A77,N KINGSLEY DR,MELROSE AV,6,E,N,A,-,N,NA,NA,NA,NA,NA,NA,NA,NA,NA,N,4,0,1,2,A,-,09,21802,NA,N,C,C,A,A,H,-,A,A,0,NA,NA,NA,NA,Y,NA,A,08,0,0,1,0,0,0,0,0,0,-,-,NA,NA,LOS ANGELES,LOS ANGELES,-118.30345916748048,34.08353042602539
81298984,2020,2020-09-04,1942,2020-08-28,0100,38251,0625,5,5,7,1942,0,0,0,F,0,6A31,N HIGHLAND AV,ODIN ST,0,NA,Y,A,-,N,NA,NA,NA,NA,NA,NA,NA,NA,NA,Y,4,0,1,2,A,-,12,21453,NA,F,D,C,A,A,H,-,C,A,0,NA,NA,NA,NA,Y,NA,A,01,0,0,1,0,0,0,0,0,0,-,-,NA,NA,LOS ANGELES,LOS ANGELES,-118.33645629882813,34.109901428222656
81299129,2020,2020-09-04,1942,2020-08-21,2040,39127,1466,5,5,7,1942,0,0,0,N,0,14A67,S SEPULVEDA BL,HOWARD HUGHES PWY,0,NA,Y,A,-,N,NA,NA,NA,NA,NA,NA,NA,NA,NA,Y,4,0,2,2,A,-,12,21453,NA,N,D,C,A,A,H,-,C,A,0,NA,NA,NA,NA,Y,NA,A,07,0,0,2,0,0,0,0,0,0,-,-,NA,NA,LOS ANGELES,LOS ANGELES,-118.39411163330078,33.974998474121094
8129920,2016,2016-09-23,1900,2016-08-15,1215,279461,0455,1,5,6,1949,0,0,0,NA,0,45T1D,ALONDRA BL,PIUMA AV,175,E,N,A,-,N,NA,NA,NA,NA,NA,NA,NA,NA,NA,N,4,0,2,2,A,-,21,22106,NA,N,C,C,A,A,H,-,A,D,0,NA,NA,NA,NA,Y,NA,A,01,0,0,2,0,0,0,0,0,0,-,-,NA,NA,LOS ANGELES,NORWALK,-118.10531,33.887493
8129921,2016,2016-09-26,1942,2016-07-24,1300,25635,0528,7,5,7,1942,0,0,0,E,0,5A15,L ST,SANFORD AV,78,W,N,A,-,N,NA,NA,NA,NA,NA,NA,NA,NA,NA,N,3,0,2,5,A,-,08,22107,A,N,G,B,F,A,H,-,A,D,0,Y,NA,NA,NA,Y,NA,A,01,0,2,0,0,2,0,0,0,0,-,-,NA,NA,LOS ANGELES,LOS ANGELES,-118.25101552,33.78736452
8129922,2016,2016-09-27,1942,2016-08-03,1140,40971,0391,3,5,7,1942,0,0,0,C,0,12TL41,LA BREA AV,STOCKER ST,730,N,N,A,-,N,NA,NA,NA,NA,NA,NA,NA,NA,NA,Y,4,0,3,3,A,-,07,21658,A,F,B,C,A,A,H,-,A,A,0,NA,NA,NA,NA,Y,NA,-,99,0,0,3,0,0,0,0,0,0,-,-,NA,NA,LOS ANGELES,LOS ANGELES,-118.35827312,33.99917903
8129925,2016,2016-09-26,1942,2016-07-23,1540,42155,0205,6,5,7,1942,0,0,0,B,0,1A85,MARATHON ST,RAMPART BL,0,NA,Y,A,-,N,NA,NA,NA,NA,NA,NA,NA,NA,NA,Y,4,0,1,2,A,-,09,21802,A,N,D,C,A,A,H,-,A,A,0,NA,NA,NA,NA,Y,NA,A,01,0,0,1,0,0,0,0,0,0,-,-,NA,NA,LOS ANGELES,LOS ANGELES,-118.2708401,34.07863002
8129926,2016,2017-03-16,1942,2016-08-24,1830,37335,0736,3,5,7,1942,0,0,0,G,0,2XL14W,TEMPLE ST,UNION AV,0,NA,Y,A,-,N,NA,NA,NA,NA,NA,NA,NA,NA,NA,N,4,0,1,2,A,-,08,22107,NA,F,B,C,A,A,H,-,A,A,0,NA,NA,NA,NA,Y,NA,-,99,0,0,1,0,0,0,0,0,0,-,-,NA,NA,LOS ANGELES,LOS ANGELES,-118.2632001,34.0686901
8129927,2016,2016-09-27,1942,2016-09-15,1440,40735,1555,4,5,7,1942,0,0,0,O,0,9TL54,MAGNOLIA BL,BAKMAN AV,177,E,N,A,-,N,NA,NA,NA,NA,NA,NA,NA,NA,NA,N,4,0,2,2,A,-,07,21658,A,F,C,C,A,A,H,-,A,D,0,NA,NA,NA,NA,Y,NA,-,99,0,0,2,0,0,0,0,0,0,-,-,NA,NA,LOS ANGELES,LOS ANGELES,-118.37681598,34.16493987
8129929,2016,2017-03-04,1942,2016-07-20,1700,40331,0515,3,5,7,1942,0,0,0,E,0,5G67,MARINE AV,PACIFIC COAST HWY,60,S,N,A,-,Y,LA,7,1,-,-,10.607,I,6,S,N,3,0,1,2,A,-,08,22100,A,N,A,C,A,A,H,-,A,D,0,NA,NA,NA,NA,Y,NA,A,01,0,1,0,0,0,0,0,0,0,-,-,NA,NA,LOS ANGELES,LOS ANGELES,-118.26462847,33.79103046