CASE_ID,ACCIDENT_YEAR,PROC_DATE,JURIS,COLLISION_DATE,COLLISION_TIME,OFFICER_ID,REPORTING_DISTRICT,DAY_OF_WEEK,CHP_SHIFT,POPULATION,CNTY_CITY_LOC,SPECIAL_COND,BEAT_TYPE,CHP_BEAT_TYPE,CITY_DIVISION_LAPD,CHP_BEAT_CLASS,BEAT_NUMBER,PRIMARY_RD,SECONDARY_RD,DISTANCE,DIRECTION,INTERSECTION,WEATHER_1,WEATHER_2,STATE_HWY_IND,CALTRANS_COUNTY,CALTRANS_DISTRICT,STATE_ROUTE,ROUTE_SUFFIX,POSTMILE_PREFIX,POSTMILE,LOCATION_TYPE,RAMP_INTERSECTION,SIDE_OF_HWY,TOW_AWAY,COLLISION_SEVERITY,NUMBER_KILLED,NUMBER_INJURED,PARTY_COUNT,PRIMARY_COLL_FACTOR,PCF_CODE_OF_VIOL,PCF_VIOL_CATEGORY,PCF_VIOLATION,PCF_VIOL_SUBSECTION,HIT_AND_RUN,TYPE_OF_COLLISION,MVIW,PED_ACTION,ROAD_SURFACE,ROAD_COND_1,ROAD_COND_2,LIGHTING,CONTROL_DEVICE,CHP_ROAD_TYPE,PEDESTRIAN_ACCIDENT,BICYCLE_ACCIDENT,MOTORCYCLE_ACCIDENT,TRUCK_ACCIDENT,NOT_PRIVATE_PROPERTY,ALCOHOL_INVOLVED,STWD_VEHTYPE_AT_FAULT,CHP_VEHTYPE_AT_FAULT,COUNT_SEVERE_INJ,COUNT_VISIBLE_INJ,COUNT_COMPLAINT_PAIN,COUNT_PED_KILLED,COUNT_PED_INJURED,COUNT_BICYCLIST_KILLED,COUNT_BICYCLIST_INJURED,COUNT_MC_KILLED,COUNT_MC_INJURED,PRIMARY_RAMP,SECONDARY_RAMP,LATITUDE,LONGITUDE,COUNTY,CITY,POINT_X,POINT_Y
8131350,2016,2016-09-28,1942,2016-08-30,1750,37359,0333,2,5,7,1942,0,0,0,C,0,3XL28,BUCKINGHAM,JEFFERSON BL,0,NA,Y,A,-,N,NA,NA,NA,NA,NA,NA,NA,NA,NA,Y,4,0,1,2,A,-,03,22350,NA,N,C,D,A,A,H,-,B,D,0,NA,NA,NA,NA,Y,NA,A,01,0,0,1,0,0,0,0,0,0,-,-,NA,NA,LOS ANGELES,LOS ANGELES,-118.3405001,34.02557009
8131351,2016,2017-06-17,1942,2016-09-21,1430,39473,2157,3,5,7,1942,0,0,0,NA,0,17TL16,VANOWEN ST,MASON AV,0,NA,Y,A,-,N,NA,NA,NA,NA,NA,NA,NA,NA,NA,Y,4,0,1,2,A,-,12,21453,A,F,D,C,A,A,H,-,A,A,0,NA,NA,NA,NA,Y,NA,-,99,0,0,1,0,0,0,0,0,0,-,-,NA,NA,LOS ANGELES,LOS ANGELES,-118.57970008,34.19378005
8131352,2016,2016-09-28,1942,2016-09-15,1350,41908,0847,4,5,7,1942,0,0,0,H,0,8X48,W PICO BL,PROSSER AV,100,W,N,A,-,N,NA,NA,NA,NA,NA,NA,NA,NA,NA,N,4,0,1,2,A,-,04,21703,NA,F,C,C,A,A,H,-,A,D,0,NA,NA,NA,NA,Y,NA,-,99,0,0,1,0,0,0,0,0,0,-,-,NA,NA,LOS ANGELES,LOS ANGELES,-118.42135199,34.04385518
8131353,2016,2017-02-18,1942,2016-08-20,1810,41439,0513,6,5,7,1942,0,0,0,E,0,12T41,NORMANDIE,PCH,0,NA,Y,A,-,Y,LA,7,1,-,-,12.517,I,6,S,N,4,0,1,2,A,-,03,22350,NA,N,C,C,A,A,H,-,A,A,0,NA,NA,NA,NA,Y,NA,A,01,0,0,1,0,0,0,0,0,0,-,-,NA,NA,LOS ANGELES,LOS ANGELES,-118.29751493,33.78987447
8131354,2016,2016-09-28,1942,2016-08-21,0250,41729,0361,7,5,7,1942,0,0,0,C,0,3T5,RODEO RD,LA BREA ST,245,W,N,A,-,N,NA,NA,NA,NA,NA,NA,NA,NA,NA,N,3,0,1,1,A,-,03,22350,NA,N,E,I,A,A,H,-,C,D,0,NA,NA,NA,NA,Y,NA,A,01,0,1,0,0,0,0,0,0,0,-,-,NA,NA,LOS ANGELES,LOS ANGELES,-118.35641701,34.02153
8131355,2016,2016-09-28,1942,2016-09-21,1300,39473,1777,3,5,7,1942,0,0,0,Q,0,17TL16,WOODLEY AV,PLUMMER ST,0,NA,Y,A,-,N,NA,NA,NA,NA,NA,NA,NA,NA,NA,Y,3,0,1,2,A,-,12,21453,A,N,D,C,A,A,H,-,A,A,0,NA,NA,NA,NA,Y,NA,-,99,0,1,0,0,0,0,0,0,0,-,-,NA,NA,LOS ANGELES,LOS ANGELES,-118.48502,34.24291004
8131356,2016,2016-09-28,1942,2016-09-19,1509,41179,0636,1,5,7,1942,0,0,0,F,0,343L4,HOLLYWOOD BL,MCCADDEN PL,9,E,N,A,-,N,NA,NA,NA,NA,NA,NA,NA,NA,NA,Y,3,0,2,3,A,-,01,23152,A,N,G,B,B,A,H,-,A,A,0,Y,NA,NA,NA,Y,Y,A,01,0,2,0,0,2,0,0,0,0,-,-,NA,NA,LOS ANGELES,LOS ANGELES,-118.33741036,34.10155119
8131357,2016,2016-10-14,1942,2016-08-13,1525,34426,0236,6,5,7,1942,0,0,0,B,0,2TL28,VALLEY ST,ALVARADO ST,0,NA,Y,A,-,N,NA,NA,NA,NA,NA,NA,NA,NA,NA,Y,4,0,3,2,A,-,09,21802,A,N,D,C,A,A,H,-,A,A,0,NA,NA,NA,NA,Y,NA,A,01,0,0,3,0,0,0,0,0,0,-,-,NA,NA,LOS ANGELES,LOS ANGELES,-118.27150999,34.06484011
8131358,2016,2016-09-28,1942,2016-08-17,0125,38635,0399,3,5,7,1942,0,0,0,C,0,3A99,VERNON AV,FIGUEROA ST,120,E,N,A,-,N,NA,NA,NA,NA,NA,NA,NA,NA,NA,N,4,0,1,2,B,-,22,NA,NA,N,G,B,F,A,H,-,C,D,0,Y,NA,NA,NA,Y,NA,D,22,0,0,1,0,1,0,0,0,0,-,-,NA,NA,LOS ANGELES,LOS ANGELES,-118.2823449,34.00375549
8131359,2016,2016-09-28,1942,2016-09-18,1610,41198,1501,7,5,7,1942,0,0,0,O,0,15TL42,SATICOY ST,ATOLL AV,0,NA,N,A,-,N,NA,NA,NA,NA,NA,NA,NA,NA,NA,Y,3,0,2,2,A,-,09,21801,A,F,B,C,A,A,H,-,A,D,0,NA,NA,NA,NA,Y,NA,-,99,0,1,1,0,0,0,0,0,0,-,-,NA,NA,LOS ANGELES,LOS ANGELES,-118.42103004,34.20793003
8131360,2016,2016-09-28,1942,2016-09-18,0620,40383,0636,7,5,7,1942,0,0,0,F,0,16T23,HOLLYWOOD BL,HIGHLAND AV,60,E,N,A,-,N,NA,NA,NA,NA,NA,NA,NA,NA,NA,N,4,0,1,2,A,-,03,22350,NA,F,C,C,A,A,H,-,A,A,0,NA,NA,NA,NA,Y,NA,-,99,0,0,1,0,0,0,0,0,0,-,-,NA,NA,LOS ANGELES,LOS ANGELES,-118.33849218,34.10155
8131361,2016,2016-09-28,1942,2016-08-21,1720,39759,0212,7,5,7,1942,0,0,0,B,0,2T28,VIRGIL AV,MIDDLEBURY ST,0,NA,Y,A,-,N,NA,NA,NA,NA,NA,NA,NA,NA,NA,N,4,0,1,2,A,-,09,21802,A,N,D,C,A,A,H,-,A,D,0,NA,NA,NA,NA,Y,NA,A,01,0,0,1,0,0,0,0,0,0,-,-,NA,NA,LOS ANGELES,LOS ANGELES,-118.28681003,34.07984001
8131362,2016,2016-09-29,1942,2016-08-17,1745,41053,1383,3,5,7,1942,0,0,0,M,0,13X62W,SLAUSON AV,BROADWAY,0,NA,Y,A,-,N,NA,NA,NA,NA,NA,NA,NA,NA,NA,N,4,0,1,3,A,-,03,22350,NA,N,C,C,A,A,H,-,A,A,0,NA,NA,NA,NA,Y,NA,-,NA,0,0,1,0,0,0,0,0,0,-,-,NA,NA,LOS ANGELES,LOS ANGELES,-118.27830003,33.98918012
8131363,2016,2016-09-28,1942,2016-08-25,1440,33956,1805,4,5,7,1942,0,0,0,R,0,18A26,AVALON BL,92ND ST,20,S,N,A,-,N,NA,NA,NA,NA,NA,NA,NA,NA,NA,N,3,0,1,2,A,-,17,22517,NA,F,-,-,A,A,H,-,A,D,0,NA,Y,NA,NA,Y,NA,-,NA,0,1,0,0,0,0,1,0,0,-,-,NA,NA,LOS ANGELES,LOS ANGELES,-118.26516,33.95283515
8131364,2016,2016-09-29,1942,2016-08-02,1155,31152,1183,2,5,7,1942,0,0,0,K,0,11T25,GLENDALE BL,BERKELEY AV,300,N,N,A,-,N,NA,NA,NA,NA,NA,NA,NA,NA,NA,N,3,0,1,2,A,-,03,22350,NA,N,B,C,A,A,H,-,A,D,0,NA,NA,Y,NA,Y,NA,A,07,0,1,0,0,0,0,0,0,1,-,-,NA,NA,LOS ANGELES,LOS ANGELES,-118.26006775,34.0843723
8131365,2016,2016-09-28,1942,2016-08-07,1450,35769,0238,7,5,7,1942,0,0,0,B,0,1A29,1ST ST,EDGEWARE RD,12,E,N,A,-,N,NA,NA,NA,NA,NA,NA,NA,NA,NA,N,3,0,2,2,A,-,09,21802,A,N,D,C,A,A,H,-,A,D,0,NA,NA,NA,NA,Y,NA,A,01,0,1,1,0,0,0,0,0,0,-,-,NA,NA,LOS ANGELES,LOS ANGELES,-118.25787464,34.06096527
8131366,2016,2016-09-29,1942,2016-08-21,2255,40421,1309,7,5,7,1942,0,0,0,M,0,13X62,ALAMEDA,WASHINGTON,0,NA,Y,A,-,N,NA,NA,NA,NA,NA,NA,NA,NA,NA,N,3,0,1,2,A,-,12,21453,A,N,-,G,A,A,H,-,C,A,0,NA,Y,NA,NA,Y,NA,L,04,0,1,0,0,0,0,1,0,0,-,-,NA,NA,LOS ANGELES,LOS ANGELES,-118.23954,34.01997
8131367,2016,2016-09-28,1942,2016-08-17,0815,40093,1028,3,5,7,1942,0,0,0,J,0,10A7,VICTORY BL,HAYVENHURST,50,E,N,A,-,N,NA,NA,NA,NA,NA,NA,NA,NA,NA,N,4,0,1,2,A,-,03,22350,NA,N,C,C,A,A,H,-,A,A,0,NA,NA,NA,NA,Y,NA,A,01,0,0,1,0,0,0,0,0,0,-,-,NA,NA,LOS ANGELES,LOS ANGELES,-118.49223496,34.18661
8131368,2016,2016-11-22,1942,2016-08-03,1915,40643,1134,3,5,7,1942,0,0,0,K,0,4T43,SAN FERNANDO RD,CAZADOR ST,35,S,N,A,-,N,NA,NA,NA,NA,NA,NA,NA,NA,NA,N,4,0,1,2,A,-,21,22106,NA,N,B,C,A,A,H,-,B,A,0,NA,NA,Y,NA,Y,NA,-,-,0,0,1,0,0,0,0,0,1,-,-,NA,NA,LOS ANGELES,LOS ANGELES,-118.23756569,34.10322138
8131369,2016,2016-09-28,1942,2016-08-14,0930,33276,246,7,5,7,1942,0,0,0,NA,0,2A47,6TH ST,WESTLAKE AV,134,W,N,A,-,N,NA,NA,NA,NA,NA,NA,NA,NA,NA,N,4,0,1,2,A,-,09,21804,A,N,B,C,A,A,H,-,A,D,0,NA,NA,NA,NA,Y,NA,-,NA,0,0,1,0,0,0,0,0,0,-,-,NA,NA,LOS ANGELES,LOS ANGELES,-118.27404575,34.05916881
8131370,2016,2016-09-29,1942,2016-08-04,1555,34426,1391,4,5,7,1942,0,0,0,M,0,2T28,67TH ST,GRAND AV,75,E,N,A,-,N,NA,NA,NA,NA,NA,NA,NA,NA,NA,N,3,0,1,2,A,-,11,21954,A,F,G,B,D,A,H,-,A,D,0,Y,NA,NA,NA,Y,NA,-,99,0,1,0,0,1,0,0,0,0,-,-,NA,NA,LOS ANGELES,LOS ANGELES,-118.28004313,33.97899345
8131371,2016,2016-09-28,1942,2016-08-12,1515,38817,1243,5,5,7,1942,0,0,0,L,0,12A45,WESTERN AV,GAGE AV,250,N,N,A,-,N,NA,NA,NA,NA,NA,NA,NA,NA,NA,Y,2,0,3,2,A,-,09,21801,A,N,A,C,A,A,H,-,A,D,0,NA,NA,NA,NA,Y,NA,A,01,1,1,1,0,0,0,0,0,0,-,-,NA,NA,LOS ANGELES,LOS ANGELES,-118.30896444,33.98304561
8131372,2016,2016-09-29,1942,2016-08-27,2125,38233,1141,6,5,7,1942,0,0,0,K,0,11T21,VERMONT AV,AMBROSE AV,0,NA,Y,A,-,N,NA,NA,NA,NA,NA,NA,NA,NA,NA,Y,3,0,2,2,A,-,03,22350,NA,N,C,C,A,A,H,-,C,A,0,NA,NA,NA,NA,Y,NA,A,01,0,2,0,0,0,0,0,0,0,-,-,NA,NA,LOS ANGELES,LOS ANGELES,-118.2918001,34.10996004
8131373,2016,2016-09-28,1942,2016-08-18,1855,39062,0271,4,5,7,1942,0,0,0,B,0,1T11,CARONDELET ST,JAMES M WOOD BL,0,NA,Y,A,-,N,NA,NA,NA,NA,NA,NA,NA,NA,NA,Y,3,0,1,2,A,-,09,21802,A,N,D,C,A,A,H,-,A,A,0,NA,NA,NA,NA,Y,NA,A,01,0,1,0,0,0,0,0,0,0,-,-,NA,NA,LOS ANGELES,LOS ANGELES,-118.28304,34.05531
8131374,2016,2016-09-29,1942,2016-08-21,1620,31379,1383,7,5,7,1942,0,0,0,M,0,13A63,SLAUSON AV,INSKEEP AV,0,NA,Y,A,-,N,NA,NA,NA,NA,NA,NA,NA,NA,NA,N,4,0,1,2,A,-,03,22350,NA,N,C,C,A,A,D,-,A,D,0,NA,NA,NA,NA,Y,NA,A,07,0,0,1,0,0,0,0,0,0,-,-,NA,NA,LOS ANGELES,LOS ANGELES,-118.27612011,33.98920008
8131375,2016,2016-09-28,1942,2016-08-31,1530,41911,0396,3,5,7,1942,0,0,0,C,0,12T73,VERMONT AV,42ND ST,40,N,N,A,-,N,NA,NA,NA,NA,NA,NA,NA,NA,NA,N,4,0,2,2,A,-,08,22100,A,F,B,C,A,A,H,-,A,A,0,NA,NA,NA,NA,Y,NA,-,99,0,0,2,0,0,0,0,0,0,-,-,NA,NA,LOS ANGELES,LOS ANGELES,-118.291554,34.00742
8131376,2016,2016-09-29,1942,2016-08-28,0830,40592,1127,7,5,7,1942,0,0,0,K,0,11T25,YORK BL,ALDAMA ST,0,NA,Y,A,-,N,NA,NA,NA,NA,NA,NA,NA,NA,NA,Y,3,0,6,2,A,-,08,22107,NA,N,B,C,A,A,H,-,A,D,0,NA,NA,NA,NA,Y,NA,A,07,0,3,3,0,0,0,0,0,0,-,-,NA,NA,LOS ANGELES,LOS ANGELES,-118.18936012,34.11810002
8131377,2016,2016-09-28,1942,2016-08-16,0050,37398,0211,2,5,7,1942,0,0,0,B,0,11TL32,N MARIPOSA AV,ROSEWOOD AV,75,N,N,A,-,N,NA,NA,NA,NA,NA,NA,NA,NA,NA,N,4,0,1,2,A,-,09,21804,A,N,D,D,A,A,H,-,A,D,0,NA,NA,NA,NA,Y,NA,A,07,0,0,1,0,0,0,0,0,0,-,-,NA,NA,LOS ANGELES,LOS ANGELES,-118.29920374,34.07922567
8131378,2016,2016-09-29,1942,2016-08-18,0730,40800,1313,4,5,7,1942,0,0,0,M,0,13A13,TRINITY ST,21ST ST,0,NA,Y,A,-,N,NA,NA,NA,NA,NA,NA,NA,NA,NA,NA,4,0,1,2,A,-,11,21950,B,N,G,B,B,A,H,-,A,D,0,Y,NA,NA,NA,Y,NA,A,01,0,0,1,0,1,0,0,0,0,-,-,NA,NA,LOS ANGELES,LOS ANGELES,-118.26054008,34.02676004
8131379,2016,2016-09-28,1942,2016-08-06,1910,41729,0337,6,5,7,1942,0,0,0,C,0,3T5,NORMANDIE AV,30TH ST,160,S,N,A,-,N,NA,NA,NA,NA,NA,NA,NA,NA,NA,Y,4,0,2,2,A,-,21,22106,NA,N,D,C,A,A,H,-,A,D,0,NA,NA,NA,NA,Y,NA,A,01,0,0,2,0,0,0,0,0,0,-,-,NA,NA,LOS ANGELES,LOS ANGELES,-118.30022185,34.0269012
8131380,2016,2016-09-29,1942,2016-08-28,0935,40008,1101,7,5,7,1942,0,0,0,K,0,2TL15,RIVERSIDE DR,VICTORY BL,200,W,N,A,-,N,NA,NA,NA,NA,NA,NA,NA,NA,NA,Y,3,0,2,1,C,-,18,NA,NA,N,E,I,A,A,H,-,A,D,0,NA,NA,NA,NA,Y,NA,-,-,0,1,1,0,0,0,0,0,0,-,-,NA,NA,LOS ANGELES,LOS ANGELES,-118.29733934,34.15861
81313808,2020,2020-09-29,1942,2020-09-27,2250,43910,0719,7,5,7,1942,0,0,0,G,0,7A17,MELROSE AVE,LUCERNE BL,106,W,N,A,-,N,NA,NA,NA,NA,NA,NA,NA,NA,NA,Y,2,0,2,2,A,-,01,23152,NA,N,B,E,A,A,H,-,C,D,0,NA,NA,NA,NA,Y,Y,A,07,1,1,0,0,0,0,0,0,0,-,-,NA,NA,LOS ANGELES,LOS ANGELES,-118.32521057128906,34.083499908447266
8131381,2016,2016-09-28,1942,2016-08-19,0700,39060,0237,5,5,7,1942,0,0,0,B,0,13TL53,3RD ST,BEAUDRY AV,0,NA,Y,A,-,N,NA,NA,NA,NA,NA,NA,NA,NA,NA,N,4,0,1,4,A,-,12,21453,A,N,D,C,A,A,H,-,A,A,0,NA,NA,NA,NA,Y,NA,A,01,0,0,1,0,0,0,0,0,0,-,-,NA,NA,LOS ANGELES,LOS ANGELES,-118.25666,34.05655007
8131382,2016,2016-09-29,1942,2016-08-19,1720,40138,1352,5,5,7,1942,0,0,0,M,0,13X21,AVALON,46TH ST,0,NA,Y,A,-,N,NA,NA,NA,NA,NA,NA,NA,NA,NA,Y,3,0,1,3,A,-,09,21801,A,N,A,B,F,A,H,-,A,A,0,Y,NA,NA,NA,Y,NA,A,01,0,1,0,0,1,0,0,0,0,-,-,NA,NA,LOS ANGELES,LOS ANGELES,-118.2652601,34.00158008
8131383,2016,2016-09-28,1942,2016-08-06,0100,37724,0398,6,5,7,1942,0,0,0,C,0,12T41,MLK BL,FIGUEROA ST,60,E,N,A,-,N,NA,NA,NA,NA,NA,NA,NA,NA,NA,N,4,0,1,2,A,-,12,21453,A,F,D,C,A,A,H,-,C,A,0,NA,NA,NA,NA,Y,NA,-,99,0,0,1,0,0,0,0,0,0,-,-,NA,NA,LOS ANGELES,LOS ANGELES,-118.28254251,34.01112466
8131384,2016,2016-09-29,1942,2016-08-01,1205,40275,1123,1,5,7,1942,0,0,0,K,0,11T25,GLENHURST AV,GLENDALE BL,90,E,N,A,-,N,NA,NA,NA,NA,NA,NA,NA,NA,NA,N,4,0,1,3,A,-,09,21804,A,N,D,C,A,A,H,-,A,D,0,NA,NA,NA,NA,Y,NA,A,01,0,0,1,0,0,0,0,0,0,-,-,NA,NA,LOS ANGELES,LOS ANGELES,-118.26246415,34.11599715
8131385,2016,2016-09-28,1942,2016-08-10,0105,42356,0334,3,5,7,1942,0,0,0,C,0,3A31,CRENSHAW BL,28TH ST,0,NA,Y,A,-,N,NA,NA,NA,NA,NA,NA,NA,NA,NA,N,4,0,1,2,A,-,09,21801,A,F,D,B,D,A,H,-,C,A,0,Y,NA,NA,NA,Y,NA,-,99,0,0,1,0,1,0,0,0,0,-,-,NA,NA,LOS ANGELES,LOS ANGELES,-118.33512,34.03113
8131386,2016,2016-09-29,1942,2016-08-19,1250,38324,1309,5,5,7,1942,0,0,0,M,0,4A71,OLYMPIC,ALAMEDA,0,NA,Y,A,-,N,NA,NA,NA,NA,NA,NA,NA,NA,NA,N,4,0,1,2,A,-,03,22350,NA,F,C,C,A,A,H,-,A,A,0,NA,NA,NA,NA,Y,NA,-,NA,0,0,1,0,0,0,0,0,0,-,-,NA,NA,LOS ANGELES,LOS ANGELES,-118.23909,34.02765
8131387,2016,2016-09-28,1942,2016-08-02,1050,33599,0391,2,5,7,1942,0,0,0,C,0,3TL5,LA BREA AV,VERONICA ST,70,S,N,A,-,N,NA,NA,NA,NA,NA,NA,NA,NA,NA,Y,4,0,1,2,A,-,03,22350,NA,N,C,C,A,A,H,-,A,D,0,NA,NA,NA,NA,Y,NA,A,01,0,0,1,0,0,0,0,0,0,-,-,NA,NA,LOS ANGELES,LOS ANGELES,-118.35559474,34.0126684
8131388,2016,2016-09-29,1942,2016-08-24,0625,37398,1145,3,5,7,1942,0,0,0,K,0,11TL32,FLETCHER DR,RIVERSIDE DR,172,E,N,A,-,N,NA,NA,NA,NA,NA,NA,NA,NA,NA,Y,4,0,1,2,A,-,09,21801,A,N,D,D,A,A,H,-,A,A,0,NA,NA,NA,NA,Y,NA,A,01,0,0,1,0,0,0,0,0,0,-,-,NA,NA,LOS ANGELES,LOS ANGELES,-118.25615562,34.10632853
8131389,2016,2016-09-28,1942,2016-08-10,1930,41601,0359,3,5,7,1942,0,0,0,C,0,3A15,FLOWER ST,EXPOSITION BL,200,N,N,A,-,N,NA,NA,NA,NA,NA,NA,NA,NA,NA,N,4,0,1,2,A,-,05,21650,1,N,G,G,A,A,H,-,A,D,0,NA,Y,NA,NA,Y,NA,L,04,0,0,1,0,0,0,1,0,0,-,-,NA,NA,LOS ANGELES,LOS ANGELES,-118.28029852,34.01889769
8131390,2016,2016-09-29,1942,2016-08-24,1000,42412,1323,3,5,7,1942,0,0,0,M,0,13A75,SAN PEDRO,ADAMS,0,NA,Y,A,-,N,NA,NA,NA,NA,NA,NA,NA,NA,NA,NA,4,0,1,2,A,-,09,21801,B,N,D,C,A,A,H,-,A,A,0,NA,NA,NA,NA,Y,NA,-,NA,0,0,1,0,0,0,0,0,0,-,-,NA,NA,LOS ANGELES,LOS ANGELES,-118.26130009,34.02160004
81313904,2020,2020-09-29,1942,2020-09-21,2255,34350,2027,1,5,7,1942,0,0,0,NA,0,20A45,W 6TH ST,S VERMONT AV,24,W,N,A,-,N,NA,NA,NA,NA,NA,NA,NA,NA,NA,Y,4,0,1,2,A,-,08,22107,NA,F,B,C,A,A,H,-,C,A,0,NA,NA,NA,NA,Y,NA,A,01,0,0,1,0,0,0,0,0,0,-,-,NA,NA,LOS ANGELES,LOS ANGELES,-118.29171752929688,34.06364059448242
8131391,2016,2016-09-28,1942,2016-08-15,1815,40545,0363,1,5,7,1942,0,0,0,C,0,3A98,MARTIN LUTHER KING BL,CRENSHAW BL,0,NA,Y,A,-,N,NA,NA,NA,NA,NA,NA,NA,NA,NA,N,3,0,1,2,A,-,10,21950,A,F,G,B,B,A,H,-,A,A,0,Y,NA,NA,NA,Y,NA,-,99,0,1,0,0,1,0,0,0,0,-,-,NA,NA,LOS ANGELES,LOS ANGELES,-118.33512001,34.01093004
8131392,2016,2016-09-28,1942,2016-08-06,2225,38233,0265,6,5,7,1942,0,0,0,B,0,4T43,S ALVARADO ST,W 8TH ST,0,NA,Y,A,-,N,NA,NA,NA,NA,NA,NA,NA,NA,NA,N,4,0,1,2,A,-,03,22350,NA,F,B,B,B,A,H,-,C,A,0,Y,NA,NA,NA,Y,NA,-,99,0,0,1,0,1,0,0,0,0,-,-,NA,NA,LOS ANGELES,LOS ANGELES,-118.27784001,34.05489011
8131393,2016,2016-09-28,1942,2016-08-07,2245,40643,0261,7,5,7,1942,0,0,0,B,0,4T43,7TH ST,HOOVER ST,25,E,N,A,-,N,NA,NA,NA,NA,NA,NA,NA,NA,NA,Y,4,0,2,2,A,-,01,23152,A,N,C,C,A,A,H,-,C,A,0,NA,NA,NA,NA,Y,Y,A,01,0,0,2,0,0,0,0,0,0,-,-,NA,NA,LOS ANGELES,LOS ANGELES,-118.2841348,34.05977809
8131394,2016,2016-09-29,1942,2016-08-23,0800,39745,1331,2,5,7,1942,0,0,0,M,0,2TL15,GRAND AV,30TH ST,0,NA,Y,A,-,N,NA,NA,NA,NA,NA,NA,NA,NA,NA,N,4,0,1,2,A,-,10,21950,A,N,G,B,B,A,H,-,A,A,0,Y,NA,NA,NA,Y,NA,A,01,0,0,1,0,1,0,0,0,0,-,-,NA,NA,LOS ANGELES,LOS ANGELES,-118.27426011,34.02338009
8131395,2016,2016-09-28,1942,2016-08-18,1510,39258,0923,4,5,7,1942,0,0,0,I,0,10TL38,VAN NUYS BL,KITTRIDGE ST,0,NA,Y,A,-,N,NA,NA,NA,NA,NA,NA,NA,NA,NA,Y,3,0,2,2,A,-,09,21801,A,N,D,C,A,A,H,-,A,A,0,NA,NA,NA,NA,Y,NA,A,08,0,1,1,0,0,0,0,0,0,-,-,NA,NA,LOS ANGELES,LOS ANGELES,-118.44873006,34.19066009
8131396,2016,2016-09-28,1942,2016-08-23,0825,41545,0502,2,5,7,1942,0,0,0,E,0,18T23,182ND ST,BUDLONG,458,W,N,A,-,N,NA,NA,NA,NA,NA,NA,NA,NA,NA,Y,4,0,1,4,A,-,09,21801,A,N,D,C,G,-,H,-,A,D,0,Y,NA,NA,NA,Y,NA,A,01,0,0,1,0,1,0,0,0,0,-,-,NA,NA,LOS ANGELES,LOS ANGELES,-118.2960657,33.86635
8131397,2016,2016-09-28,1942,2016-08-08,0640,31324,0281,1,5,7,1942,0,0,0,B,0,11T32,ALVARADO ST,11TH ST,0,NA,Y,B,-,N,NA,NA,NA,NA,NA,NA,NA,NA,NA,Y,4,0,3,4,A,-,05,21460,A,N,A,C,A,A,H,-,A,A,0,NA,NA,NA,NA,Y,NA,A,01,0,0,3,0,0,0,0,0,0,-,-,NA,NA,LOS ANGELES,LOS ANGELES,-118.28079,34.05028
8131398,2016,2016-09-29,1942,2016-08-16,1245,38050,1351,2,5,7,1942,0,0,0,M,0,1TL11,41ST PL,BROADWAY,100,E,N,A,-,N,NA,NA,NA,NA,NA,NA,NA,NA,NA,N,3,0,1,1,A,-,03,22350,NA,N,E,I,A,A,H,-,A,D,0,NA,Y,NA,NA,Y,NA,L,04,0,1,0,0,0,0,1,0,0,-,-,NA,NA,LOS ANGELES,LOS ANGELES,-118.2780527,34.00820052
8131399,2016,2016-09-28,1942,2016-08-21,1550,39258,0901,7,5,7,1942,0,0,0,I,0,10TL38,SEPULVEDA BL,COHASSET ST,30,N,N,A,-,N,NA,NA,NA,NA,NA,NA,NA,NA,NA,N,3,0,1,2,A,-,07,21658,A,N,B,C,A,A,H,-,A,A,0,NA,NA,NA,NA,Y,NA,A,07,0,1,0,0,0,0,0,0,0,-,-,NA,NA,LOS ANGELES,LOS ANGELES,-118.46621,34.20671229
8131400,2016,2016-09-29,1942,2016-08-05,0615,37540,1184,5,5,7,1942,0,0,0,K,0,11T32,SUNSET BL,LAVETA TER,279,E,N,B,-,N,NA,NA,NA,NA,NA,NA,NA,NA,NA,N,3,0,1,2,A,-,17,21209,A,F,C,G,A,A,H,-,A,D,0,NA,Y,NA,NA,Y,NA,-,99,0,1,0,0,0,0,1,0,0,-,-,NA,NA,LOS ANGELES,LOS ANGELES,-118.25546666,34.07593323
8131401,2016,2016-09-29,1942,2016-08-06,0825,39060,0249,6,5,7,1942,0,0,0,B,0,13T53,7TH ST,BIXEL ST,0,NA,Y,A,-,N,NA,NA,NA,NA,NA,NA,NA,NA,NA,Y,4,0,3,2,A,-,09,21801,A,N,D,C,A,A,H,-,A,A,0,NA,NA,NA,NA,Y,NA,A,01,0,0,3,0,0,0,0,0,0,-,-,NA,NA,LOS ANGELES,LOS ANGELES,-118.26417003,34.05086008
8131402,2016,2016-11-22,1942,2016-08-23,1040,39745,1383,2,5,7,1942,0,0,0,M,0,2TL15,59TH PL,BROADWAY,0,NA,Y,A,-,N,NA,NA,NA,NA,NA,NA,NA,NA,NA,Y,4,0,2,2,A,-,12,21453,A,N,D,C,A,A,H,-,A,A,0,NA,NA,NA,NA,Y,NA,-,-,0,0,2,0,0,0,0,0,0,-,-,NA,NA,LOS ANGELES,LOS ANGELES,-118.27829004,33.98600005
8131403,2016,2016-09-28,1942,2016-08-12,1941,42347,0926,5,5,7,1942,0,0,0,I,0,9A37,VANOWEN ST,WOODMAN AV,0,NA,Y,A,-,N,NA,NA,NA,NA,NA,NA,NA,NA,NA,Y,3,0,2,2,A,-,09,21801,A,N,D,C,A,A,H,-,A,A,0,NA,NA,NA,NA,Y,NA,A,01,0,1,1,0,0,0,0,0,0,-,-,NA,NA,LOS ANGELES,LOS ANGELES,-118.43127013,34.19394008