CASE_ID,ACCIDENT_YEAR,PROC_DATE,JURIS,COLLISION_DATE,COLLISION_TIME,OFFICER_ID,REPORTING_DISTRICT,DAY_OF_WEEK,CHP_SHIFT,POPULATION,CNTY_CITY_LOC,SPECIAL_COND,BEAT_TYPE,CHP_BEAT_TYPE,CITY_DIVISION_LAPD,CHP_BEAT_CLASS,BEAT_NUMBER,PRIMARY_RD,SECONDARY_RD,DISTANCE,DIRECTION,INTERSECTION,WEATHER_1,WEATHER_2,STATE_HWY_IND,CALTRANS_COUNTY,CALTRANS_DISTRICT,STATE_ROUTE,ROUTE_SUFFIX,POSTMILE_PREFIX,POSTMILE,LOCATION_TYPE,RAMP_INTERSECTION,SIDE_OF_HWY,TOW_AWAY,COLLISION_SEVERITY,NUMBER_KILLED,NUMBER_INJURED,PARTY_COUNT,PRIMARY_COLL_FACTOR,PCF_CODE_OF_VIOL,PCF_VIOL_CATEGORY,PCF_VIOLATION,PCF_VIOL_SUBSECTION,HIT_AND_RUN,TYPE_OF_COLLISION,MVIW,PED_ACTION,ROAD_SURFACE,ROAD_COND_1,ROAD_COND_2,LIGHTING,CONTROL_DEVICE,CHP_ROAD_TYPE,PEDESTRIAN_ACCIDENT,BICYCLE_ACCIDENT,MOTORCYCLE_ACCIDENT,TRUCK_ACCIDENT,NOT_PRIVATE_PROPERTY,ALCOHOL_INVOLVED,STWD_VEHTYPE_AT_FAULT,CHP_VEHTYPE_AT_FAULT,COUNT_SEVERE_INJ,COUNT_VISIBLE_INJ,COUNT_COMPLAINT_PAIN,COUNT_PED_KILLED,COUNT_PED_INJURED,COUNT_BICYCLIST_KILLED,COUNT_BICYCLIST_INJURED,COUNT_MC_KILLED,COUNT_MC_INJURED,PRIMARY_RAMP,SECONDARY_RAMP,LATITUDE,LONGITUDE,COUNTY,CITY,POINT_X,POINT_Y
81326232,2020,2020-10-19,1942,2020-10-18,2015,38262,1444,7,5,7,1942,0,0,0,N,0,14A45,WASHINGTON BL,LINCOLN BL,30,W,N,A,-,N,NA,NA,NA,NA,NA,NA,NA,NA,NA,N,4,0,1,2,A,-,04,21703,NA,F,C,C,A,A,H,-,C,D,0,NA,NA,NA,NA,Y,NA,-,99,0,0,1,0,0,0,0,0,0,-,-,NA,NA,LOS ANGELES,LOS ANGELES,-118.44793701171876,33.99042510986328
81326391,2020,2020-10-20,1942,2020-10-18,1040,37715,0835,7,5,7,1942,0,0,0,H,0,8A35,VETERAN AV,SANTA MONICA BL,180,N,N,A,-,N,NA,NA,NA,NA,NA,NA,NA,NA,NA,N,4,0,1,2,A,-,05,21650,NA,N,H,G,A,A,H,-,A,D,0,NA,Y,NA,NA,Y,NA,L,04,0,0,1,0,0,0,1,0,0,-,-,NA,NA,LOS ANGELES,LOS ANGELES,-118.44048309326172,34.049320220947266
8132641,2016,2016-10-17,1942,2016-10-04,1715,38282,0885,2,5,7,1942,0,0,0,H,0,20T59,PICO BL,OVERLAND,40,E,N,A,-,N,NA,NA,NA,NA,NA,NA,NA,NA,NA,Y,4,0,1,2,A,-,04,21703,NA,F,C,C,A,A,H,-,A,A,0,NA,NA,NA,NA,Y,NA,D,22,0,0,1,0,0,0,0,0,0,-,-,NA,NA,LOS ANGELES,LOS ANGELES,-118.42463089,34.04196155
81326498,2020,2020-10-19,1933,2020-07-15,2202,895,13,3,5,6,1933,0,0,0,NA,0,003,CRENSHAW BLVD,83RD ST,140,N,N,A,-,N,NA,NA,NA,NA,NA,NA,NA,NA,NA,Y,3,0,1,2,A,-,03,22350,NA,N,C,E,A,A,H,-,C,D,0,NA,NA,NA,NA,Y,NA,A,01,0,1,0,0,0,0,0,0,0,-,-,33.96342086791992,-118.32958984375,LOS ANGELES,INGLEWOOD,-118.32996368408205,33.963661193847656
81326499,2020,2020-10-19,1933,2020-07-16,1150,828,06,4,5,6,1933,0,0,0,NA,0,001,CENTINELA AV,WARREN LN,25,S,N,A,-,N,NA,NA,NA,NA,NA,NA,NA,NA,NA,N,4,0,1,2,A,-,10,21950,A,N,G,B,B,A,H,-,A,A,0,Y,NA,NA,NA,Y,NA,A,01,0,0,1,0,1,0,0,0,0,-,-,33.971458435058594,-118.34842681884766,LOS ANGELES,INGLEWOOD,-118.34841918945313,33.97134017944336
81326500,2020,2020-10-19,1933,2020-07-16,1413,812,05,4,5,6,1933,0,0,0,NA,0,001,MARKET ST,HAZEL ST,0,NA,Y,A,-,N,NA,NA,NA,NA,NA,NA,NA,NA,NA,N,4,0,1,2,A,-,09,21804,A,N,D,G,A,A,H,-,A,A,0,NA,Y,NA,NA,Y,NA,L,04,0,0,1,0,0,0,1,0,0,-,-,33.96997833251953,-118.3542709350586,LOS ANGELES,INGLEWOOD,-118.35439300537108,33.969940185546875
81326501,2020,2020-10-19,1933,2020-07-16,1450,869,10,4,5,6,1933,0,0,0,NA,0,003,MANCHESTER BLVD,KAREEM CT,489,W,N,A,-,N,NA,NA,NA,NA,NA,NA,NA,NA,NA,N,4,0,2,3,A,-,03,22350,NA,N,C,C,A,A,H,-,A,A,0,NA,NA,NA,NA,Y,NA,A,07,0,0,2,0,0,0,0,0,0,-,-,33.96001052856445,-118.34021759033205,LOS ANGELES,INGLEWOOD,-118.34185028076172,33.95996856689453
81326506,2020,2020-10-19,1933,2020-07-16,1800,919,13,4,5,6,1933,0,0,0,NA,0,003,VAN NESS AV,84TH PL,0,NA,Y,A,-,N,NA,NA,NA,NA,NA,NA,NA,NA,NA,Y,2,0,1,2,A,-,09,21804,A,N,D,C,A,A,H,-,A,D,0,NA,NA,Y,NA,Y,NA,A,01,1,0,0,0,0,0,0,0,1,-,-,33.96173858642578,-118.31768798828124,LOS ANGELES,INGLEWOOD,-118.31775665283205,33.96181106567383
81326512,2020,2020-10-19,1933,2020-07-19,1833,895,37,7,5,6,1933,0,0,0,NA,0,004,116TH ST,DEHN AV,522,E,N,A,-,N,NA,NA,NA,NA,NA,NA,NA,NA,NA,N,4,0,1,2,A,-,11,21954,A,N,G,B,E,A,H,-,A,D,0,Y,NA,NA,NA,Y,NA,N,60,0,0,1,0,1,0,0,0,0,-,-,33.929588317871094,-118.33187103271484,LOS ANGELES,INGLEWOOD,-118.33024597167967,33.92921829223633
81326514,2020,2020-10-19,1933,2020-07-20,1121,812,14,1,5,6,1933,0,0,0,NA,0,002,OLIVE ST,GLASGOW AV,0,NA,Y,A,-,N,NA,NA,NA,NA,NA,NA,NA,NA,NA,Y,3,0,3,2,A,-,09,21802,A,N,D,C,A,A,H,-,A,A,0,NA,NA,NA,NA,Y,NA,A,01,0,1,2,0,0,0,0,0,0,-,-,33.96001052856445,-118.37177276611328,LOS ANGELES,INGLEWOOD,-118.37185668945313,33.95991897583008
81326524,2020,2020-10-19,1933,2020-07-22,0030,974,29,3,5,6,1933,0,0,0,NA,0,003,CENTURY BLVD,CRENSHAW BLVD,0,NA,Y,A,-,N,NA,NA,NA,NA,NA,NA,NA,NA,NA,Y,4,0,2,2,A,-,01,23153,A,N,D,C,A,A,H,-,C,A,0,NA,NA,NA,NA,Y,Y,A,01,0,0,2,0,0,0,0,0,0,-,-,33.945438385009766,-118.32646942138672,LOS ANGELES,INGLEWOOD,-118.32647705078124,33.94546890258789
81326525,2020,2020-10-19,1933,2020-07-22,1056,959,10,3,5,6,1933,0,0,0,NA,0,001,MANCHESTER TER,PRAIRIE AV,0,NA,Y,B,-,N,NA,NA,NA,NA,NA,NA,NA,NA,NA,N,4,0,1,2,A,-,10,21950,A,N,G,B,B,A,H,-,A,A,0,Y,NA,NA,NA,Y,NA,D,22,0,0,1,0,1,0,0,0,0,-,-,33.96175003051758,-118.34396362304688,LOS ANGELES,INGLEWOOD,-118.3439712524414,33.961669921875
81326530,2020,2020-10-19,1933,2020-07-22,2112,941,30,3,5,6,1933,0,0,0,NA,0,004,PRAIRIE AVE,104TH ST,11,N,N,A,-,N,NA,NA,NA,NA,NA,NA,NA,NA,NA,Y,4,0,1,2,A,-,03,22350,NA,N,C,C,A,A,H,-,C,A,0,NA,NA,NA,NA,Y,NA,A,01,0,0,1,0,0,0,0,0,0,-,-,NA,NA,LOS ANGELES,INGLEWOOD,-118.34394073486328,33.94184112548828
81326537,2020,2020-10-19,1933,2020-07-24,1508,828,21,5,5,6,1933,0,0,0,NA,0,003,84TH PL,CRENSHAW BLVD (1),20,E,N,A,-,N,NA,NA,NA,NA,NA,NA,NA,NA,NA,Y,3,0,1,2,A,-,03,22350,NA,N,E,I,A,A,H,-,A,A,0,NA,NA,NA,NA,Y,NA,A,07,0,1,0,0,0,0,0,0,0,-,-,33.96160125732422,-118.32656860351564,LOS ANGELES,INGLEWOOD,-118.32673645019533,33.961769104003906
81326539,2020,2020-10-19,1933,2020-07-24,2030,1021,15,5,5,6,1933,0,0,0,NA,0,002,MANCHESTER BLVD,CEDAR AV,5,E,N,A,-,N,NA,NA,NA,NA,NA,NA,NA,NA,NA,N,3,0,1,2,A,-,03,22350,NA,F,G,B,B,A,H,-,C,A,0,Y,NA,NA,NA,Y,NA,A,01,0,1,0,0,1,0,0,0,0,-,-,33.961700439453125,-118.36383819580078,LOS ANGELES,INGLEWOOD,-118.36392974853516,33.961700439453125
81326544,2020,2020-10-19,1933,2020-07-24,2148,1019,30,5,5,6,1933,0,0,0,NA,0,004,106TH ST,PRAIRIE AV (S),0,S,Y,A,-,N,NA,NA,NA,NA,NA,NA,NA,NA,NA,N,2,0,1,2,A,-,11,21955,NA,N,G,B,E,A,H,-,C,D,0,Y,NA,NA,NA,Y,NA,N,60,1,0,0,0,1,0,0,0,0,-,-,33.93980026245117,-118.34394073486328,LOS ANGELES,INGLEWOOD,-118.34394073486328,33.93999099731445
81326549,2020,2020-10-19,1933,2020-07-25,1219,1031,01,6,5,6,1933,0,0,0,NA,0,001,LA TIJERA BLVD,FAIRVIEW BLVD,10,S,N,A,-,N,NA,NA,NA,NA,NA,NA,NA,NA,NA,N,4,0,1,2,A,-,03,22350,NA,N,C,C,A,A,H,-,A,D,0,NA,NA,NA,NA,Y,NA,A,01,0,0,1,0,0,0,0,0,0,-,-,33.979949951171875,-118.3693618774414,LOS ANGELES,INGLEWOOD,-118.36955261230467,33.979835510253906
81326551,2020,2020-10-19,1933,2020-07-25,1335,1037,01,6,5,6,1933,0,0,0,NA,0,001,CENTINELA AV,FLORENCE AV,0,NA,Y,A,-,N,NA,NA,NA,NA,NA,NA,NA,NA,NA,N,4,0,1,2,A,-,03,22350,NA,N,C,C,A,A,H,-,A,A,0,NA,NA,NA,NA,Y,NA,A,01,0,0,1,0,0,0,0,0,0,-,-,33.96979904174805,-118.34707641601564,LOS ANGELES,INGLEWOOD,-118.34722900390624,33.96982955932617
81326554,2020,2020-10-19,1933,2020-07-26,2000,1051,01,7,5,6,1933,0,0,0,NA,0,001,FLORENCE AV,WEST BLVD,745,W,N,B,-,N,NA,NA,NA,NA,NA,NA,NA,NA,NA,Y,4,0,1,1,A,-,03,22350,NA,N,E,I,A,A,H,-,C,D,0,NA,NA,NA,NA,Y,NA,A,01,0,0,1,0,0,0,0,0,0,-,-,33.97447967529297,-118.33509826660156,LOS ANGELES,INGLEWOOD,-118.33763122558594,33.974327087402344
81326556,2020,2020-10-19,1933,2020-07-26,2204,1021,08,7,5,6,1933,0,0,0,NA,0,001,FLORENCE AV,INGLEWOOD AV,130,W,N,A,-,N,NA,NA,NA,NA,NA,NA,NA,NA,NA,Y,3,0,1,1,A,-,03,22350,NA,F,E,I,A,A,H,-,C,A,0,NA,NA,NA,NA,Y,NA,A,01,0,1,0,0,0,0,0,0,0,-,-,33.96567153930664,-118.36168670654295,LOS ANGELES,INGLEWOOD,-118.36220550537108,33.96569061279297
81326560,2020,2020-10-19,1933,2020-07-27,2352,1044,18,1,5,6,1933,0,0,0,NA,0,002,LA BREA AV,SPRUCE AV,175,N,N,A,-,N,NA,NA,NA,NA,NA,NA,NA,NA,NA,N,4,0,1,2,A,-,03,22350,NA,N,A,E,A,A,H,-,C,D,0,NA,NA,NA,NA,Y,NA,A,01,0,0,1,0,0,0,0,0,0,-,-,33.95689010620117,-118.35212707519533,LOS ANGELES,INGLEWOOD,-118.35211944580078,33.95685958862305
81326562,2020,2020-10-19,1933,2020-07-28,0615,812,23,2,5,6,1933,0,0,0,NA,0,002,CENTURY BLVD,NB 405 FWY OFF RAMP,0,NA,Y,A,-,N,NA,NA,NA,NA,NA,NA,NA,NA,NA,Y,3,0,3,2,A,-,12,21453,A,F,D,C,A,A,H,-,A,A,0,NA,NA,NA,NA,Y,NA,A,01,0,2,1,0,0,0,0,0,0,-,-,NA,NA,LOS ANGELES,INGLEWOOD,-118.366624,33.945425
81326563,2020,2020-10-19,1933,2020-07-28,0936,812,22,2,5,6,1933,0,0,0,NA,0,003,CRENSHAW BLVD,88TH ST,140,S,N,A,-,N,NA,NA,NA,NA,NA,NA,NA,NA,NA,Y,3,0,3,2,A,-,08,22107,NA,N,D,C,A,A,H,-,A,D,0,NA,NA,NA,Y,Y,NA,A,01,0,2,1,0,0,0,0,0,0,-,-,33.958030700683594,-118.32653045654295,LOS ANGELES,INGLEWOOD,-118.32649230957033,33.957645416259766
81326565,2020,2020-10-19,1933,2020-07-28,1037,812,13,2,5,6,1933,0,0,0,NA,0,003,VAN NESS AV,83RD ST,0,NA,Y,A,-,N,NA,NA,NA,NA,NA,NA,NA,NA,NA,N,4,0,1,2,A,-,03,22350,NA,N,C,C,A,A,H,-,A,A,0,NA,NA,NA,Y,Y,NA,A,01,0,0,1,0,0,0,0,0,0,-,-,33.96363067626953,-118.31775665283205,LOS ANGELES,INGLEWOOD,-118.31775665283205,33.963661193847656
81326569,2020,2020-10-19,1933,2020-07-29,1148,828,25,3,5,6,1933,0,0,0,NA,0,002,MYRTLE AV,99TH ST,0,NA,Y,A,-,N,NA,NA,NA,NA,NA,NA,NA,NA,NA,N,4,0,1,2,A,-,08,22107,NA,F,B,G,A,A,H,-,A,A,0,NA,Y,NA,NA,Y,NA,A,01,0,0,1,0,0,0,1,0,0,-,-,33.94670104980469,-118.34915924072266,LOS ANGELES,INGLEWOOD,-118.34918975830078,33.94667053222656
8132657,2016,2017-03-06,1942,2016-10-03,1035,36356,0789,1,5,7,1942,0,0,0,G,0,20T59,ARLINGTON AV,RT 10,8,N,N,A,-,Y,LA,7,10,-,R,12.473,R,4,W,N,4,0,2,3,A,-,12,21453,A,N,D,C,A,A,H,-,A,A,0,NA,NA,NA,NA,Y,NA,D,22,0,0,2,0,0,0,0,0,0,-,WF,NA,NA,LOS ANGELES,LOS ANGELES,-118.31504188,34.03709298
81326573,2020,2020-10-19,1933,2020-07-29,1524,812,29,3,5,6,1933,0,0,0,NA,0,003,CENTURY BLVD,VILLAGE DR,50,E,N,A,-,N,NA,NA,NA,NA,NA,NA,NA,NA,NA,N,4,0,3,2,A,-,03,22350,NA,N,C,C,A,A,H,-,A,A,0,NA,NA,NA,NA,Y,NA,A,01,0,0,3,0,0,0,0,0,0,-,-,33.945499420166016,-118.32920837402344,LOS ANGELES,INGLEWOOD,-118.32908630371094,33.94546890258789
81326575,2020,2020-10-19,1933,2020-07-29,2155,916,18,3,5,6,1933,0,0,0,NA,0,002,MANCHESTER BLVD,PRAIRIE AV,200,W,N,A,-,N,NA,NA,NA,NA,NA,NA,NA,NA,NA,Y,4,0,1,2,A,-,08,22107,NA,N,D,C,A,A,H,-,C,D,0,NA,NA,NA,NA,Y,NA,A,01,0,0,1,0,0,0,0,0,0,-,-,33.959861755371094,-118.34387969970705,LOS ANGELES,INGLEWOOD,-118.34396362304688,33.9598388671875
81326582,2020,2020-10-19,1933,2020-07-31,0050,1061,23,5,5,6,1933,0,0,0,NA,0,002,LA CIENEGA BLVD,CENTURY BLVD,0,NA,Y,A,-,N,NA,NA,NA,NA,NA,NA,NA,NA,NA,Y,3,0,2,2,A,-,03,22350,NA,N,D,C,A,A,H,-,C,A,0,NA,NA,NA,Y,Y,NA,A,01,0,1,1,0,0,0,0,0,0,-,-,33.94551086425781,-118.37004852294922,LOS ANGELES,INGLEWOOD,-118.37006378173828,33.945411682128906
81326584,2020,2020-10-19,1933,2020-07-31,1330,959,12,5,5,6,1933,0,0,0,NA,0,003,CRENSHAW BLVD,82ND ST (E),200,N,N,A,-,N,NA,NA,NA,NA,NA,NA,NA,NA,NA,Y,4,0,1,1,A,-,08,22107,NA,N,E,I,A,A,H,-,A,A,0,NA,NA,NA,NA,Y,NA,A,01,0,0,1,0,0,0,0,0,0,-,-,33.96453857421875,-118.33064270019533,LOS ANGELES,INGLEWOOD,-118.33082580566406,33.965065002441406
81326586,2020,2020-10-19,1933,2020-07-31,2206,1043,01,5,5,6,1933,0,0,0,NA,0,001,CENTINELA AV,EUCALYPTUS AV,0,NA,Y,A,-,N,NA,NA,NA,NA,NA,NA,NA,NA,NA,Y,4,0,1,2,A,-,09,21801,A,F,B,C,A,A,H,-,C,A,0,NA,NA,Y,NA,Y,NA,C,02,0,0,1,0,0,0,0,0,1,-,-,33.976470947265625,-118.35933685302734,LOS ANGELES,INGLEWOOD,-118.35952758789064,33.97639846801758
81326588,2020,2020-10-19,1933,2020-08-01,0301,1046,13,6,5,6,1933,0,0,0,NA,0,003,VAN NESS AV,78TH ST,0,NA,Y,A,-,N,NA,NA,NA,NA,NA,NA,NA,NA,NA,Y,3,0,3,2,A,-,09,21802,A,N,A,C,A,A,H,-,C,D,0,NA,NA,NA,NA,Y,NA,A,01,0,1,2,0,0,0,0,0,0,-,-,33.969058990478516,-118.31771850585938,LOS ANGELES,INGLEWOOD,-118.31774139404295,33.96908950805664
81326596,2020,2020-10-19,1933,2020-08-03,1755,1030,35,1,5,6,1933,0,0,0,NA,0,004,112TH ST,CRENSHAW BLVD,0,NA,Y,A,-,N,NA,NA,NA,NA,NA,NA,NA,NA,NA,Y,4,0,1,2,A,-,09,21801,A,N,B,C,A,A,H,-,A,D,0,NA,NA,NA,NA,Y,NA,A,01,0,0,1,0,0,0,0,0,0,-,-,33.93288040161133,-118.3265380859375,LOS ANGELES,INGLEWOOD,-118.32656860351564,33.93291091918945
81326604,2020,2020-10-19,1933,2020-08-05,1400,959,32,3,5,6,1933,0,0,0,NA,0,004,CRENSHAW BLVD,108TH ST (N),0,NA,Y,A,-,N,NA,NA,NA,NA,NA,NA,NA,NA,NA,N,3,0,1,2,A,-,09,21801,A,N,D,C,A,A,H,-,A,A,0,NA,NA,NA,NA,Y,NA,A,01,0,1,0,0,0,0,0,0,0,-,-,33.9382209777832,-118.3264617919922,LOS ANGELES,INGLEWOOD,-118.32672119140624,33.93865966796875
8132661,2016,2016-11-07,1942,2016-10-03,0810,36356,0745,1,5,7,1942,0,0,0,G,0,20T59,WILSHIRE BL,HAUSER BL,0,NA,Y,A,-,N,NA,NA,NA,NA,NA,NA,NA,NA,NA,N,4,0,1,2,A,-,03,22350,NA,N,C,C,A,A,H,-,A,A,0,NA,NA,NA,Y,Y,NA,F,21,0,0,1,0,0,0,0,0,0,-,-,NA,NA,LOS ANGELES,LOS ANGELES,-118.35144011,34.06237008
81326610,2020,2020-10-19,1933,2020-08-08,0951,1047,37,6,5,6,1933,0,0,0,NA,0,004,CRENSHAW BLVD,118TH PL,0,NA,Y,A,-,N,NA,NA,NA,NA,NA,NA,NA,NA,NA,Y,2,0,1,2,A,-,08,22107,NA,F,B,C,A,A,H,-,A,A,0,NA,NA,Y,NA,Y,NA,A,01,1,0,0,0,0,0,0,0,1,-,-,33.92647171020508,-118.32652282714844,LOS ANGELES,INGLEWOOD,-118.32659149169922,33.926509857177734
81326615,2020,2020-10-19,1933,2020-08-11,1049,812,04,2,5,6,1933,0,0,0,NA,0,001,LA CIENEGA BLVD,KEW ST,0,NA,Y,A,-,N,NA,NA,NA,NA,NA,NA,NA,NA,NA,Y,3,0,2,4,A,-,03,22350,NA,N,H,A,A,A,D,-,A,A,0,NA,NA,NA,NA,Y,NA,A,01,0,2,0,0,0,0,0,0,0,-,-,33.9711799621582,-118.37001800537108,LOS ANGELES,INGLEWOOD,-118.37017059326172,33.97106170654297
81326623,2020,2020-10-19,1933,2020-08-12,1108,959,02,3,5,6,1933,0,0,0,NA,0,001,LA BREA AV,64TH PL,0,NA,Y,A,-,N,NA,NA,NA,NA,NA,NA,NA,NA,NA,Y,3,0,2,2,A,-,09,21802,A,N,D,C,A,A,H,-,A,A,0,NA,NA,NA,NA,Y,NA,A,01,0,1,1,0,0,0,0,0,0,-,-,33.98023986816406,-118.35800170898438,LOS ANGELES,INGLEWOOD,-118.35816192626952,33.98019027709961
81326627,2020,2020-10-19,1933,2020-08-14,1545,959,35,5,5,6,1933,0,0,0,NA,0,004,CRENSHAW BLVD,112TH ST,0,NA,Y,A,-,N,NA,NA,NA,NA,NA,NA,NA,NA,NA,Y,4,0,2,2,A,-,09,21801,A,N,D,C,A,A,H,-,A,A,0,NA,NA,NA,NA,Y,NA,A,01,0,0,2,0,0,0,0,0,0,-,-,33.93291091918945,-118.32649230957033,LOS ANGELES,INGLEWOOD,-118.32656860351564,33.93291091918945
81326628,2020,2020-10-19,1933,2020-08-14,1529,826,35,5,5,6,1933,0,0,0,NA,0,004,YUKON AV,109TH ST,0,NA,Y,A,-,N,NA,NA,NA,NA,NA,NA,NA,NA,NA,N,3,0,3,2,A,-,09,21802,B,F,D,C,A,A,H,-,A,A,0,NA,NA,NA,NA,Y,NA,A,07,0,1,2,0,0,0,0,0,0,-,-,33.9367790222168,-118.33487701416016,LOS ANGELES,INGLEWOOD,-118.33489227294922,33.93675994873047
81326629,2020,2020-10-19,1933,2020-08-15,1222,1031,23,6,5,6,1933,0,0,0,NA,0,002,CENTURY BLVD,FELTON AV,250,W,N,A,-,N,NA,NA,NA,NA,NA,NA,NA,NA,NA,Y,4,0,1,2,D,-,00,NA,NA,N,D,C,A,A,H,-,A,A,0,NA,NA,NA,NA,Y,NA,-,-,0,0,1,0,0,0,0,0,0,-,-,33.94551086425781,-118.36569213867188,LOS ANGELES,INGLEWOOD,-118.36655426025392,33.945430755615234
81326641,2020,2020-10-19,1933,2020-08-18,1623,959,18,2,5,6,1933,0,0,0,NA,0,002,MANCHESTER BLVD,LOCUST ST,125,E,N,A,-,N,NA,NA,NA,NA,NA,NA,NA,NA,NA,N,4,0,7,2,A,-,09,21804,A,F,D,C,A,A,H,-,A,A,0,NA,NA,NA,NA,Y,NA,A,01,0,0,7,0,0,0,0,0,0,-,-,33.961830139160156,-118.35030364990234,LOS ANGELES,INGLEWOOD,-118.34996795654295,33.96179962158203
8132665,2016,2017-02-14,1942,2016-07-06,1725,38590,1463,3,5,7,1942,0,0,0,N,0,20TL56,LINCOLN BL,JEFFERSON BL,0,NA,Y,A,-,N,NA,NA,NA,NA,NA,NA,NA,NA,NA,Y,1,1,4,4,A,-,12,21453,A,N,D,C,A,A,H,-,A,A,0,NA,NA,Y,NA,Y,NA,D,22,1,0,3,0,0,0,0,1,1,-,-,NA,NA,LOS ANGELES,LOS ANGELES,-118.43033006,33.97196012
81326657,2020,2020-10-19,1933,2020-08-19,0640,869,10,3,5,6,1933,0,0,0,NA,0,001,MANCHESTER BLVD,HILLCREST BLVD,0,NA,Y,A,-,N,NA,NA,NA,NA,NA,NA,NA,NA,NA,N,2,0,1,2,A,-,12,21453,A,F,D,C,A,A,H,-,A,A,0,NA,NA,Y,NA,Y,NA,A,01,1,0,0,0,0,0,0,0,1,-,-,33.961761474609375,-118.34873199462892,LOS ANGELES,INGLEWOOD,-118.34882354736328,33.96173858642578
81326664,2020,2020-10-19,1933,2020-08-19,1430,959,23,3,5,6,1933,0,0,0,NA,0,002,FELTON AV,CENTURY BLVD,60,S,N,A,-,N,NA,NA,NA,NA,NA,NA,NA,NA,NA,N,4,0,1,2,A,-,03,22350,NA,F,C,C,A,A,H,-,A,A,0,NA,NA,NA,NA,Y,NA,A,01,0,0,1,0,0,0,0,0,0,-,-,33.94551086425781,-118.36569213867188,LOS ANGELES,INGLEWOOD,-118.36573028564452,33.94526672363281
81326667,2020,2020-10-19,1933,2020-08-19,2002,787,30,3,5,6,1933,0,0,0,NA,0,004,YUKON AV,102ND ST,105,S,N,A,-,N,NA,NA,NA,NA,NA,NA,NA,NA,NA,Y,4,0,1,2,A,-,08,22103,NA,N,D,C,A,A,H,-,C,D,0,NA,NA,NA,NA,Y,NA,A,01,0,0,1,0,0,0,0,0,0,-,-,33.943668365478516,-118.33511352539064,LOS ANGELES,INGLEWOOD,-118.3351593017578,33.9433708190918
81326670,2020,2020-10-19,1933,2020-08-20,1207,959,01,4,5,6,1933,0,0,0,NA,0,001,CENTINELA AV,BEACH AV,0,NA,Y,A,-,N,NA,NA,NA,NA,NA,NA,NA,NA,NA,Y,4,0,2,2,A,-,09,21801,A,N,D,C,A,A,H,-,A,A,0,NA,NA,NA,NA,Y,NA,A,01,0,0,2,0,0,0,0,0,0,-,-,33.970741271972656,-118.34786224365234,LOS ANGELES,INGLEWOOD,-118.36686706542967,33.97700881958008
81326673,2020,2020-10-19,1933,2020-08-20,1802,959,29,4,5,6,1933,0,0,0,NA,0,003,CENTURY BLVD,CLUB DR,0,NA,Y,A,-,N,NA,NA,NA,NA,NA,NA,NA,NA,NA,Y,4,0,1,2,A,-,08,22107,NA,F,B,C,A,A,H,-,A,A,0,NA,NA,NA,NA,Y,NA,A,01,0,0,1,0,0,0,0,0,0,-,-,33.945499420166016,-118.33267211914064,LOS ANGELES,INGLEWOOD,-118.33265686035156,33.94546890258789
81326674,2020,2020-10-19,1933,2020-08-21,1205,826,18,5,5,6,1933,0,0,0,NA,0,003,PRAIRIE AV,PINCAY DR,0,NA,Y,A,-,N,NA,NA,NA,NA,NA,NA,NA,NA,NA,Y,4,0,1,2,A,-,03,22350,NA,N,D,C,A,A,H,-,A,A,0,NA,NA,NA,NA,Y,NA,A,01,0,0,1,0,0,0,0,0,0,-,-,33.956790924072266,-118.34388732910156,LOS ANGELES,INGLEWOOD,-118.34395,33.95673