CASE_ID,ACCIDENT_YEAR,PROC_DATE,JURIS,COLLISION_DATE,COLLISION_TIME,OFFICER_ID,REPORTING_DISTRICT,DAY_OF_WEEK,CHP_SHIFT,POPULATION,CNTY_CITY_LOC,SPECIAL_COND,BEAT_TYPE,CHP_BEAT_TYPE,CITY_DIVISION_LAPD,CHP_BEAT_CLASS,BEAT_NUMBER,PRIMARY_RD,SECONDARY_RD,DISTANCE,DIRECTION,INTERSECTION,WEATHER_1,WEATHER_2,STATE_HWY_IND,CALTRANS_COUNTY,CALTRANS_DISTRICT,STATE_ROUTE,ROUTE_SUFFIX,POSTMILE_PREFIX,POSTMILE,LOCATION_TYPE,RAMP_INTERSECTION,SIDE_OF_HWY,TOW_AWAY,COLLISION_SEVERITY,NUMBER_KILLED,NUMBER_INJURED,PARTY_COUNT,PRIMARY_COLL_FACTOR,PCF_CODE_OF_VIOL,PCF_VIOL_CATEGORY,PCF_VIOLATION,PCF_VIOL_SUBSECTION,HIT_AND_RUN,TYPE_OF_COLLISION,MVIW,PED_ACTION,ROAD_SURFACE,ROAD_COND_1,ROAD_COND_2,LIGHTING,CONTROL_DEVICE,CHP_ROAD_TYPE,PEDESTRIAN_ACCIDENT,BICYCLE_ACCIDENT,MOTORCYCLE_ACCIDENT,TRUCK_ACCIDENT,NOT_PRIVATE_PROPERTY,ALCOHOL_INVOLVED,STWD_VEHTYPE_AT_FAULT,CHP_VEHTYPE_AT_FAULT,COUNT_SEVERE_INJ,COUNT_VISIBLE_INJ,COUNT_COMPLAINT_PAIN,COUNT_PED_KILLED,COUNT_PED_INJURED,COUNT_BICYCLIST_KILLED,COUNT_BICYCLIST_INJURED,COUNT_MC_KILLED,COUNT_MC_INJURED,PRIMARY_RAMP,SECONDARY_RAMP,LATITUDE,LONGITUDE,COUNTY,CITY,POINT_X,POINT_Y
81326868,2020,2020-10-20,1933,2020-10-11,0248,1040,25,7,5,6,1933,0,0,0,NA,0,002,LA BREA AV,ARBOR VITAE ST,300,N,N,A,-,N,NA,NA,NA,NA,NA,NA,NA,NA,NA,N,2,0,1,1,A,-,03,22350,NA,N,E,I,A,A,H,-,C,A,0,NA,NA,NA,NA,Y,NA,A,01,1,0,0,0,0,0,0,0,0,-,-,33.95273971557617,-118.35262298583984,LOS ANGELES,INGLEWOOD,-118.35264587402344,33.953548431396484
81326870,2020,2020-10-20,1933,2020-10-11,1732,787,36,7,5,6,1933,0,0,0,NA,0,004,IMPERIAL HWY,VAN NESS AV,0,NA,Y,A,-,N,NA,NA,NA,NA,NA,NA,NA,NA,NA,Y,4,0,3,3,A,-,12,21453,A,N,D,C,A,A,H,-,B,A,0,NA,NA,NA,NA,Y,NA,A,01,0,0,3,0,0,0,0,0,0,-,-,33.9309196472168,-118.31783294677734,LOS ANGELES,INGLEWOOD,-118.31777954101564,33.9310188293457
81326878,2020,2020-10-20,1933,2020-10-13,1449,812,33,2,5,6,1933,0,0,0,NA,0,004,CRENSHAW BLVD,104TH ST,37,S,N,A,-,N,NA,NA,NA,NA,NA,NA,NA,NA,NA,N,4,0,1,2,A,-,09,21453,B,N,C,C,A,A,H,-,A,A,0,NA,NA,NA,NA,Y,NA,A,07,0,0,1,0,0,0,0,0,0,-,-,33.94186019897461,-118.32649230957033,LOS ANGELES,INGLEWOOD,-118.32669830322266,33.94171905517578
81326879,2020,2020-10-20,1933,2020-10-13,2316,1067,12,2,5,6,1933,0,0,0,NA,0,003,CRENSHAW BLVD,84TH ST,450,N,N,A,-,N,NA,NA,NA,NA,NA,NA,NA,NA,NA,Y,3,0,1,1,A,-,01,23152,A,N,E,I,A,A,H,-,C,A,0,NA,NA,NA,NA,Y,Y,A,01,0,1,0,0,0,0,0,0,0,-,-,33.962799072265625,-118.32874298095705,LOS ANGELES,INGLEWOOD,-118.33000946044922,33.96369934082031
81326880,2020,2020-10-20,1933,2020-10-13,2320,981,05,2,5,6,1933,0,0,0,NA,0,001,CENTINELA AV,EDGEWOOD ST,65,W,N,A,-,N,NA,NA,NA,NA,NA,NA,NA,NA,NA,Y,4,0,1,2,A,-,03,22350,NA,N,B,E,A,A,H,-,C,D,0,NA,NA,NA,NA,Y,NA,A,01,0,0,1,0,0,0,0,0,0,-,-,33.97603988647461,-118.3547592163086,LOS ANGELES,INGLEWOOD,-118.35516357421876,33.97600173950195
81326882,2020,2020-10-20,1933,2020-10-14,1713,1064,15,3,5,6,1933,0,0,0,NA,0,002,LA CIENEGA BLVD,ARBOR VITAE ST,0,NA,Y,A,-,N,NA,NA,NA,NA,NA,NA,NA,NA,NA,N,3,0,1,2,A,-,08,22107,NA,N,D,G,A,A,H,-,A,A,0,NA,Y,NA,NA,Y,NA,A,01,0,1,0,0,0,0,1,0,0,-,-,33.952781677246094,-118.37004089355467,LOS ANGELES,INGLEWOOD,-118.3700714111328,33.95269012451172
81326883,2020,2020-10-20,1933,2020-10-15,1247,959,36,4,5,6,1933,0,0,0,NA,0,004,IMPERIAL HWY,ARDATH AV,0,NA,Y,A,-,N,NA,NA,NA,NA,NA,NA,NA,NA,NA,Y,4,0,3,2,A,-,09,21801,A,N,D,C,A,A,H,-,A,A,0,NA,NA,NA,NA,Y,NA,A,01,0,0,3,0,0,0,0,0,0,-,-,33.93095016479492,-118.32391357421876,LOS ANGELES,INGLEWOOD,-118.32392120361328,33.9311408996582
81326884,2020,2020-10-20,1933,2020-10-15,1608,959,34,4,5,6,1933,0,0,0,NA,0,004,PRAIRIE AV,113TH ST,95,N,N,A,-,N,NA,NA,NA,NA,NA,NA,NA,NA,NA,Y,4,0,1,2,A,-,03,22350,NA,N,C,C,A,A,H,-,A,A,0,NA,NA,NA,NA,Y,NA,A,01,0,0,1,0,0,0,0,0,0,-,-,33.93198013305664,-118.34390258789064,LOS ANGELES,INGLEWOOD,-118.34390258789064,33.93218231201172
81326885,2020,2020-10-20,1933,2020-10-16,0703,826,04,5,5,6,1933,0,0,0,NA,0,001,HYDE PARK BLVD,GLENWAY DR,475,W,N,A,-,N,NA,NA,NA,NA,NA,NA,NA,NA,NA,Y,3,0,2,4,A,-,08,22107,NA,N,C,C,A,A,H,-,A,A,0,NA,NA,NA,NA,Y,NA,A,01,0,1,1,0,0,0,0,0,0,-,-,33.96879959106445,-118.36477661132813,LOS ANGELES,INGLEWOOD,-118.36640167236328,33.96846008300781
8132722,2016,2016-10-13,1942,2016-09-23,1445,38380,2029,5,5,7,1942,0,0,0,NA,0,7TL72,COMMONWEALTH AV,6TH ST,70,N,N,A,-,N,NA,NA,NA,NA,NA,NA,NA,NA,NA,N,4,0,1,2,A,-,09,21804,A,N,D,G,A,A,H,-,A,A,0,NA,Y,NA,NA,Y,NA,L,04,0,0,1,0,0,0,1,0,0,-,-,NA,NA,LOS ANGELES,LOS ANGELES,-118.28567261,34.06390196
8132726,2016,2016-10-13,1963,2016-09-28,0721,324,124,3,5,3,1963,0,0,0,NA,0,001,HUNTINGTON DR,CHARLTON RD,66,E,N,A,-,N,NA,NA,NA,NA,NA,NA,NA,NA,NA,Y,2,0,2,2,A,-,03,22350,NA,N,C,C,A,A,H,-,A,D,0,NA,NA,NA,NA,Y,NA,A,01,2,0,0,0,0,0,0,0,0,-,-,NA,NA,LOS ANGELES,SAN MARINO,-118.11618132,34.1183038
8132730,2016,2016-10-13,1963,2016-09-17,1056,340,233,6,5,3,1963,0,0,0,NA,0,002,CALIFORNIA BL,CHAUCER ST,19,E,N,A,-,N,NA,NA,NA,NA,NA,NA,NA,NA,NA,Y,3,0,1,2,A,-,08,22107,NA,N,C,C,A,A,H,-,A,A,0,NA,NA,Y,NA,Y,NA,A,01,0,1,0,0,0,0,0,0,1,-,-,NA,NA,LOS ANGELES,SAN MARINO,-118.10351735,34.13588
81327334,2020,2020-10-20,1942,2020-10-08,1200,42901,1454,4,5,7,1942,0,0,0,N,0,14A45,MAXELLA AV,SUNNYSIDE AV,0,NA,Y,A,-,N,NA,NA,NA,NA,NA,NA,NA,NA,NA,N,4,0,1,2,A,-,03,22350,NA,N,C,C,A,A,H,-,A,D,0,NA,NA,NA,NA,Y,NA,D,22,0,0,1,0,0,0,0,0,0,-,-,NA,NA,LOS ANGELES,LOS ANGELES,-118.43702697753906,33.98891067504883
8132734,2016,2016-10-13,1963,2016-09-14,1229,284,224,3,5,3,1963,0,0,0,NA,0,002,BEDFORD DR,HUNTINGTON DR,0,NA,Y,A,-,N,NA,NA,NA,NA,NA,NA,NA,NA,NA,N,4,0,1,2,A,-,08,22107,NA,N,D,C,A,A,H,-,A,A,0,NA,NA,NA,NA,Y,NA,A,01,0,0,1,0,0,0,0,0,0,-,-,NA,NA,LOS ANGELES,SAN MARINO,-118.11015,34.12053004
81327354,2020,2020-10-20,1942,2020-10-08,1640,43454,1462,4,5,7,1942,0,0,0,N,0,14A45,CULVER BL,W JEFFERSON BL,0,NA,Y,A,-,N,NA,NA,NA,NA,NA,NA,NA,NA,NA,N,4,0,5,2,A,-,03,22350,NA,N,C,C,A,A,H,-,A,A,0,NA,NA,NA,NA,Y,NA,A,01,0,0,5,0,0,0,0,0,0,-,-,NA,NA,LOS ANGELES,LOS ANGELES,-118.4392318725586,33.96828842163086
81327366,2020,2020-10-20,1942,2020-10-08,1320,34882,0269,4,5,7,1942,0,0,0,B,0,2A69,8TH ST,GARLAND AVE,10,E,N,A,-,N,NA,NA,NA,NA,NA,NA,NA,NA,NA,Y,3,0,2,2,A,-,08,22107,NA,N,D,C,A,A,H,-,A,A,0,NA,NA,NA,NA,Y,NA,A,01,0,1,1,0,0,0,0,0,0,-,-,NA,NA,LOS ANGELES,LOS ANGELES,-118.26766967773438,34.04964065551758
81327374,2020,2020-10-20,1942,2020-10-10,0830,41554,0823,6,5,7,1942,0,0,0,H,0,8A1,EL CERCO PL,PAMPAS RICAS BL,32,N,N,A,-,N,NA,NA,NA,NA,NA,NA,NA,NA,NA,Y,4,0,1,2,A,-,03,22350,NA,N,A,E,A,A,H,-,A,D,0,NA,NA,NA,NA,Y,NA,A,01,0,0,1,0,0,0,0,0,0,-,-,NA,NA,LOS ANGELES,LOS ANGELES,-118.52298736572266,34.03957748413086
8132738,2016,2016-10-13,1963,2016-09-12,0518,290,230,1,5,3,1963,0,0,0,NA,0,002,SAN MARINO AV,EUSTON RD,72,N,N,A,-,N,NA,NA,NA,NA,NA,NA,NA,NA,NA,Y,3,0,1,1,A,-,08,22107,NA,N,E,I,A,A,H,-,A,D,0,NA,NA,NA,NA,Y,NA,A,01,0,1,0,0,0,0,0,0,0,-,-,NA,NA,LOS ANGELES,SAN MARINO,-118.10723692,34.12531353
81327403,2020,2020-10-20,1942,2020-10-10,1330,42618,1454,6,5,7,1942,0,0,0,N,0,14A45,SHORT AV,MC CONNELL BL,0,NA,Y,A,-,N,NA,NA,NA,NA,NA,NA,NA,NA,NA,Y,3,0,1,2,A,-,09,21801,NA,N,D,C,A,A,H,-,A,D,0,NA,NA,NA,NA,Y,NA,A,01,0,1,0,0,0,0,0,0,0,-,-,NA,NA,LOS ANGELES,LOS ANGELES,-118.42976379394533,33.989768981933594
81327415,2020,2020-10-20,1942,2020-10-10,1319,43454,1455,6,5,7,1942,0,0,0,N,0,14A45,S CENTINELA AV,WALSH AV,17,E,N,A,-,N,NA,NA,NA,NA,NA,NA,NA,NA,NA,Y,3,0,1,2,A,-,08,22107,NA,N,A,G,A,A,H,-,A,A,0,NA,Y,NA,NA,Y,NA,D,22,0,1,0,0,0,0,1,0,0,-,-,NA,NA,LOS ANGELES,LOS ANGELES,-118.4211654663086,33.99121856689453
8132742,2016,2016-10-13,1963,2016-09-27,1511,324,238,2,5,3,1963,0,0,0,NA,0,002,HUNTINGTON DR,WINSTON AV,60,W,N,A,-,N,NA,NA,NA,NA,NA,NA,NA,NA,NA,N,4,0,1,2,A,-,03,22350,NA,N,C,C,A,A,D,-,A,D,0,NA,NA,NA,NA,Y,NA,A,07,0,0,1,0,0,0,0,0,0,-,-,NA,NA,LOS ANGELES,SAN MARINO,-118.10074094,34.12399349
81327430,2020,2020-10-20,1942,2020-10-09,1340,37966,0727,5,5,7,1942,0,0,0,G,0,7A17,W 3RD ST,S HIGHLAND AV,0,NA,Y,A,-,N,NA,NA,NA,NA,NA,NA,NA,NA,NA,Y,3,0,3,2,A,-,09,21801,NA,N,D,C,A,A,H,-,A,A,0,NA,NA,NA,NA,Y,NA,A,01,0,1,2,0,0,0,0,0,0,-,-,NA,NA,LOS ANGELES,LOS ANGELES,-118.33863830566406,34.06890869140625
81327438,2020,2020-10-20,1942,2020-10-09,0150,42277,1431,5,5,7,1942,0,0,0,N,0,14A11,PACIFIC AV,WINDWARD AV,50,N,N,A,-,N,NA,NA,NA,NA,NA,NA,NA,NA,NA,N,4,0,1,2,A,-,08,22107,NA,N,B,C,A,A,H,-,A,A,0,NA,NA,NA,NA,Y,NA,-,-,0,0,1,0,0,0,0,0,0,-,-,NA,NA,LOS ANGELES,LOS ANGELES,-118.4723663330078,33.98783493041992
8132745,2016,2016-10-13,1913,2016-09-02,0756,3746,45,5,5,4,1913,0,0,0,NA,0,003,FOOTHILL BL,MOUNTAIN AV,0,NA,Y,B,-,N,NA,NA,NA,NA,NA,NA,NA,NA,NA,N,3,0,1,2,A,-,09,21804,A,N,D,G,A,A,H,-,A,A,0,NA,Y,NA,NA,Y,NA,L,04,0,1,0,0,0,0,1,0,0,-,-,NA,NA,LOS ANGELES,CLAREMONT,-117.7290101,34.10698001
8132749,2016,2016-10-13,1913,2016-09-03,2500,3983,65,6,5,4,1913,0,0,0,NA,0,004,CLAREMONT BL,FOOTHILL BL,0,NA,Y,A,-,N,NA,NA,NA,NA,NA,NA,NA,NA,NA,Y,4,0,1,2,A,-,12,21453,A,F,D,C,A,A,H,-,C,A,0,NA,NA,NA,NA,Y,NA,A,01,0,0,1,0,0,0,0,0,0,-,-,NA,NA,LOS ANGELES,CLAREMONT,-117.70301013,34.10683007
8132753,2016,2016-10-13,1913,2016-09-09,0816,3845,45,5,5,4,1913,0,0,0,NA,0,NA,MOUNTAIN AV,FOOTHILL BL,170,N,N,A,-,N,NA,NA,NA,NA,NA,NA,NA,NA,NA,N,4,0,1,2,A,-,08,22107,NA,F,D,G,A,A,H,-,A,A,0,NA,Y,NA,NA,Y,NA,A,01,0,0,1,0,0,0,1,0,0,-,-,NA,NA,LOS ANGELES,CLAREMONT,-117.72893613,34.10743998
8132757,2016,2016-10-13,1913,2016-09-03,1340,3845,45,6,5,4,1913,0,0,0,NA,0,003,FOOTHILL BL,MOUNTAIN AV,360,W,N,A,-,N,NA,NA,NA,NA,NA,NA,NA,NA,NA,N,4,0,1,2,A,-,03,22350,NA,F,C,C,A,A,H,-,A,A,0,NA,NA,NA,NA,Y,NA,A,01,0,0,1,0,0,0,0,0,0,-,-,NA,NA,LOS ANGELES,CLAREMONT,-117.73019619,34.10698562
81327577,2020,2020-10-20,1942,2020-10-19,1430,38374,0706,1,5,7,1942,0,0,0,G,0,7A17,MELROSE AV,E HIGHLAND AV,150,W,N,A,-,N,NA,NA,NA,NA,NA,NA,NA,NA,NA,N,4,0,1,2,A,-,03,22350,NA,F,C,C,A,A,H,-,A,D,0,NA,NA,NA,NA,Y,NA,-,99,0,0,1,0,0,0,0,0,0,-,-,NA,NA,LOS ANGELES,LOS ANGELES,-118.33907318115234,34.08346939086914
8132761,2016,2016-10-13,1913,2016-09-14,1723,3746,28,3,5,4,1913,0,0,0,NA,0,002,1ST ST,COLLEGE AV,107,W,N,A,-,N,NA,NA,NA,NA,NA,NA,NA,NA,NA,N,2,0,1,4,D,-,00,NA,NA,N,B,B,B,A,H,-,A,D,0,Y,NA,NA,NA,Y,NA,-,-,1,0,0,0,1,0,0,0,0,-,-,NA,NA,LOS ANGELES,CLAREMONT,-117.71525236,34.09466108
8132765,2016,2016-10-17,1913,2016-09-14,0903,3981,44,3,5,4,1913,0,0,0,NA,0,003,OXFORD AV,SCRIPPS DR,0,NA,Y,A,-,N,NA,NA,NA,NA,NA,NA,NA,NA,NA,N,4,0,2,2,A,-,09,21800,C,N,D,C,A,A,H,-,A,A,0,NA,NA,NA,NA,Y,NA,A,01,0,0,2,0,0,0,0,0,0,-,-,NA,NA,LOS ANGELES,CLAREMONT,-117.72461007,34.11658012
8132769,2016,2016-10-13,1913,2016-09-15,0920,3983,25,4,5,4,1913,0,0,0,NA,0,002,ARROW HWY,MILLS AV,0,NA,Y,A,-,N,NA,NA,NA,NA,NA,NA,NA,NA,NA,Y,4,0,1,2,A,-,12,21453,A,N,D,C,A,A,H,-,A,A,0,NA,NA,NA,NA,Y,NA,A,01,0,0,1,0,0,0,0,0,0,-,-,NA,NA,LOS ANGELES,CLAREMONT,-117.70692003,34.09262008
8132773,2016,2016-10-13,1913,2016-09-18,1125,3760,1,7,5,4,1913,0,0,0,NA,0,001,INDIAN HILL BL,AUTO CENTER DR,0,NA,Y,A,-,N,NA,NA,NA,NA,NA,NA,NA,NA,NA,N,3,0,4,2,A,-,12,21453,A,N,D,C,A,A,H,-,A,A,0,NA,NA,NA,NA,Y,NA,A,08,0,2,2,0,0,0,0,0,0,-,-,NA,NA,LOS ANGELES,CLAREMONT,-117.71935004,34.08065003
81327742,2020,2020-10-21,1933,2020-10-07,1126,869,22,3,5,6,1933,0,0,0,NA,0,003,CRENSHAW BLVD,PINCAY DR,3,N,N,A,-,N,NA,NA,NA,NA,NA,NA,NA,NA,NA,N,2,0,1,2,A,-,03,22350,NA,N,E,I,A,A,H,-,A,A,0,NA,NA,NA,NA,Y,NA,A,01,1,0,0,0,0,0,0,0,0,-,-,33.95623016357422,-118.32653045654295,LOS ANGELES,INGLEWOOD,-118.32649230957033,33.95619201660156
81327745,2020,2020-10-21,1933,2020-10-11,1958,887,21,7,5,6,1933,0,0,0,NA,0,003,CRENSHAW BLVD,90TH ST,300,S,N,A,-,N,NA,NA,NA,NA,NA,NA,NA,NA,NA,Y,3,0,1,2,A,-,03,22350,NA,N,C,C,A,A,H,-,C,A,0,NA,NA,NA,NA,Y,NA,A,01,0,1,0,0,0,0,0,0,0,-,-,33.956321716308594,-118.32644653320313,LOS ANGELES,INGLEWOOD,-118.32649993896484,33.95551681518555
81327746,2020,2020-10-21,1933,2020-10-15,1805,959,36,4,5,6,1933,0,0,0,NA,0,004,VAN NESS AV,IMPERIAL HWY,64,N,N,A,-,N,NA,NA,NA,NA,NA,NA,NA,NA,NA,Y,4,0,1,3,A,-,03,22350,NA,N,C,C,A,A,H,-,C,A,0,NA,NA,NA,NA,Y,NA,A,01,0,0,1,0,0,0,0,0,0,-,-,33.93095016479492,-118.31777954101564,LOS ANGELES,INGLEWOOD,-118.31777954101564,33.93119430541992
8132777,2016,2016-10-13,1913,2016-09-24,1312,3983,1,6,5,4,1913,0,0,0,NA,0,NA,INDIAN HILL BL,AUTO CENTER DR,0,NA,Y,A,-,N,NA,NA,NA,NA,NA,NA,NA,NA,NA,N,3,0,1,3,A,-,03,22350,NA,N,C,C,A,A,H,-,A,A,0,NA,NA,NA,NA,Y,NA,A,01,0,1,0,0,0,0,0,0,0,-,-,NA,NA,LOS ANGELES,CLAREMONT,-117.71935004,34.08065003
81327773,2020,2020-10-21,1942,2020-10-11,1315,37966,0861,7,5,7,1942,0,0,0,H,0,8A1,PACIFIC COAST HWY,W SUNSET BL,900,N,N,A,-,N,NA,NA,NA,NA,NA,NA,NA,NA,NA,N,4,0,1,2,A,-,03,22350,NA,F,C,C,A,A,H,-,A,D,0,NA,NA,NA,NA,Y,NA,-,99,0,0,1,0,0,0,0,0,0,-,-,NA,NA,LOS ANGELES,LOS ANGELES,-118.55563354492188,34.038490295410156
81327784,2020,2020-10-21,1942,2020-10-11,1456,43454,1454,7,5,7,1942,0,0,0,N,0,14A45,CULVER BL,MARINA FWY,0,NA,Y,A,-,N,NA,NA,NA,NA,NA,NA,NA,NA,NA,Y,4,0,1,3,A,-,12,21453,NA,N,D,C,A,A,H,-,A,A,0,NA,NA,NA,NA,Y,NA,A,01,0,0,1,0,0,0,0,0,0,-,-,NA,NA,LOS ANGELES,LOS ANGELES,-118.4281,33.98204
8132781,2016,2016-10-13,1913,2016-09-26,0830,3740,11,1,5,4,1913,0,0,0,NA,0,NA,INDIAN HILL BL,6TH ST,93,S,N,A,-,N,NA,NA,NA,NA,NA,NA,NA,NA,NA,Y,3,0,1,3,A,-,03,22350,NA,N,B,E,E,B,H,-,A,D,0,Y,NA,NA,NA,Y,NA,A,01,0,1,0,0,1,0,0,0,0,-,-,NA,NA,LOS ANGELES,CLAREMONT,-117.72026,34.0993751
8132785,2016,2016-10-13,1942,2016-09-27,1810,40123,678,2,5,7,1942,0,0,0,NA,0,20A58,SANTA MONICA BL,MARIPOSA AV,0,NA,Y,A,-,N,NA,NA,NA,NA,NA,NA,NA,NA,NA,N,4,0,1,2,A,-,17,22517,NA,N,H,G,A,A,-,-,A,D,0,NA,Y,NA,NA,Y,NA,A,01,0,0,1,0,0,0,1,0,0,-,-,NA,NA,LOS ANGELES,LOS ANGELES,-118.29941001,34.09083006
8132789,2016,2016-10-13,1942,2016-09-28,1200,40530,701,3,5,7,1942,0,0,0,NA,0,7A1,MELROSE,LA JOLLA AV,0,NA,Y,A,-,N,NA,NA,NA,NA,NA,NA,NA,NA,NA,Y,4,0,2,3,A,-,09,21801,A,N,D,C,A,A,H,-,A,D,0,NA,NA,NA,NA,Y,NA,A,01,0,0,2,0,0,0,0,0,0,-,-,NA,NA,LOS ANGELES,LOS ANGELES,-118.36805003,34.08372011
81327893,2020,2020-10-21,1942,2020-10-12,0800,39022,2024,1,5,7,1942,0,0,0,NA,0,20A45,S NORMANDIE AV,W 5TH ST,45,S,N,A,-,N,NA,NA,NA,NA,NA,NA,NA,NA,NA,N,4,0,2,2,A,-,08,22103,NA,N,D,C,A,A,H,-,A,D,0,NA,NA,NA,NA,Y,NA,A,01,0,0,2,0,0,0,0,0,0,-,-,NA,NA,LOS ANGELES,LOS ANGELES,-118.30034637451172,34.06523513793945
8132793,2016,2016-11-28,1942,2016-09-28,2225,37613,886,3,5,7,1942,0,0,0,NA,0,14T47,PICO BL,CASTELLO AV,7,E,N,A,-,N,NA,NA,NA,NA,NA,NA,NA,NA,NA,Y,3,0,3,2,A,-,09,21801,A,N,E,I,A,A,H,-,C,-,0,NA,NA,NA,NA,Y,NA,A,01,0,2,1,0,0,0,0,0,0,-,-,NA,NA,LOS ANGELES,LOS ANGELES,-118.40118859,34.05431714
8132797,2016,2016-10-13,1942,2016-09-30,1935,42177,721,5,5,7,1942,0,0,0,NA,0,7A53,LA CIENEGA BL,BEVERLY CENTER WAY,0,NA,Y,A,-,N,NA,NA,NA,NA,NA,NA,NA,NA,NA,N,4,0,1,2,A,-,09,21801,B,N,A,C,A,A,H,-,C,A,0,NA,NA,Y,NA,Y,NA,C,02,0,0,1,0,0,0,0,0,1,-,-,NA,NA,LOS ANGELES,LOS ANGELES,-118.37661,34.07606
8132806,2016,2016-10-14,1948,2016-09-30,1024,438,1948,5,5,5,1948,0,0,0,NA,0,003,SOUTH GARFIELD AV,RIGGIN ST,432,S,N,A,-,N,NA,NA,NA,NA,NA,NA,NA,NA,NA,Y,3,0,4,2,A,-,09,21804,A,N,D,C,A,A,H,-,A,-,0,NA,NA,NA,NA,Y,NA,-,NA,0,1,3,0,0,0,0,0,0,-,-,NA,NA,LOS ANGELES,MONTEREY PARK,-118.13038207,34.03554242
81328098,2020,2020-10-21,1942,2020-10-12,1155,40315,1487,1,5,7,1942,0,0,0,N,0,14A67,W MANCHESTER AV,KITTYHAWK AV,498,E,N,A,-,N,NA,NA,NA,NA,NA,NA,NA,NA,NA,Y,4,0,1,1,A,-,05,21650,NA,N,E,I,A,A,H,-,A,A,0,NA,NA,NA,NA,Y,NA,A,01,0,0,1,0,0,0,0,0,0,-,-,NA,NA,LOS ANGELES,LOS ANGELES,-118.38880920410156,33.959808349609375
8132810,2016,2016-10-14,1948,2016-09-30,1403,456,1948,5,5,5,1948,0,0,0,NA,0,002,ALHAMBRA AV,GARVEY AV,168,N,N,A,-,N,NA,NA,NA,NA,NA,NA,NA,NA,NA,N,3,0,1,2,A,-,11,21950,B,N,G,B,D,A,H,-,A,D,0,Y,NA,NA,NA,Y,NA,N,60,0,1,0,0,1,0,0,0,0,-,-,NA,NA,LOS ANGELES,MONTEREY PARK,-118.11680387,34.06306066
81328153,2020,2020-10-21,1942,2020-10-12,1055,39022,0717,1,5,7,1942,0,0,0,G,0,7A17,HIGHLAND AV,BEVERLY BL,0,NA,Y,A,-,N,NA,NA,NA,NA,NA,NA,NA,NA,NA,Y,3,0,2,2,A,-,09,21801,NA,N,D,C,A,A,H,-,A,A,0,NA,NA,NA,NA,Y,NA,A,08,0,1,1,0,0,0,0,0,0,-,-,NA,NA,LOS ANGELES,LOS ANGELES,-118.33865356445313,34.07619094848633
8132817,2016,2016-10-14,1902,2016-09-29,0750,668,23,4,5,5,1902,0,0,0,NA,0,002,2ND AV,DUARTE RD,14,S,N,A,-,N,NA,NA,NA,NA,NA,NA,NA,NA,NA,Y,3,0,1,2,A,-,05,21650,NA,N,D,H,A,A,H,-,A,A,0,NA,Y,NA,NA,Y,NA,L,04,0,1,0,0,0,0,1,0,0,-,-,NA,NA,LOS ANGELES,ARCADIA,-118.02502925,34.13038162
81328174,2020,2020-10-21,1942,2020-10-12,1535,40315,0646,1,5,7,1942,0,0,0,F,0,6A63,N MC CADDEN PL,LELAND WY,60,S,N,A,-,N,NA,NA,NA,NA,NA,NA,NA,NA,NA,N,4,0,1,2,A,-,08,22107,NA,N,B,C,A,A,H,-,A,A,0,NA,NA,NA,NA,Y,NA,A,01,0,0,1,0,0,0,0,0,0,-,-,NA,NA,LOS ANGELES,LOS ANGELES,-118.33805084228516,34.09648513793945
8132818,2016,2017-03-04,1942,2016-09-27,0025,40773,0669,2,5,7,1942,0,0,0,F,0,14T47,SANTA MONICA BL,OXFORD AV,0,NA,Y,A,-,Y,LA,7,2,-,-,12.701,I,5,W,Y,4,0,1,2,A,-,12,21453,A,F,D,C,A,A,H,-,C,A,0,NA,NA,NA,NA,Y,Y,-,99,0,0,1,0,0,0,0,0,0,-,-,NA,NA,LOS ANGELES,LOS ANGELES,-118.30727207,34.09078701
81328195,2020,2020-10-21,1942,2020-10-12,2300,39655,1469,1,5,7,1942,0,0,0,N,0,14A67,W CENTINELA AV,LA TIJERA BL,0,NA,Y,A,-,N,NA,NA,NA,NA,NA,NA,NA,NA,NA,Y,4,0,2,2,A,-,09,21801,NA,N,A,C,A,A,H,-,C,A,0,NA,NA,NA,NA,Y,NA,A,01,0,0,2,0,0,0,0,0,0,-,-,NA,NA,LOS ANGELES,LOS ANGELES,-118.37183380126952,33.97731018066406