CASE_ID,ACCIDENT_YEAR,PROC_DATE,JURIS,COLLISION_DATE,COLLISION_TIME,OFFICER_ID,REPORTING_DISTRICT,DAY_OF_WEEK,CHP_SHIFT,POPULATION,CNTY_CITY_LOC,SPECIAL_COND,BEAT_TYPE,CHP_BEAT_TYPE,CITY_DIVISION_LAPD,CHP_BEAT_CLASS,BEAT_NUMBER,PRIMARY_RD,SECONDARY_RD,DISTANCE,DIRECTION,INTERSECTION,WEATHER_1,WEATHER_2,STATE_HWY_IND,CALTRANS_COUNTY,CALTRANS_DISTRICT,STATE_ROUTE,ROUTE_SUFFIX,POSTMILE_PREFIX,POSTMILE,LOCATION_TYPE,RAMP_INTERSECTION,SIDE_OF_HWY,TOW_AWAY,COLLISION_SEVERITY,NUMBER_KILLED,NUMBER_INJURED,PARTY_COUNT,PRIMARY_COLL_FACTOR,PCF_CODE_OF_VIOL,PCF_VIOL_CATEGORY,PCF_VIOLATION,PCF_VIOL_SUBSECTION,HIT_AND_RUN,TYPE_OF_COLLISION,MVIW,PED_ACTION,ROAD_SURFACE,ROAD_COND_1,ROAD_COND_2,LIGHTING,CONTROL_DEVICE,CHP_ROAD_TYPE,PEDESTRIAN_ACCIDENT,BICYCLE_ACCIDENT,MOTORCYCLE_ACCIDENT,TRUCK_ACCIDENT,NOT_PRIVATE_PROPERTY,ALCOHOL_INVOLVED,STWD_VEHTYPE_AT_FAULT,CHP_VEHTYPE_AT_FAULT,COUNT_SEVERE_INJ,COUNT_VISIBLE_INJ,COUNT_COMPLAINT_PAIN,COUNT_PED_KILLED,COUNT_PED_INJURED,COUNT_BICYCLIST_KILLED,COUNT_BICYCLIST_INJURED,COUNT_MC_KILLED,COUNT_MC_INJURED,PRIMARY_RAMP,SECONDARY_RAMP,LATITUDE,LONGITUDE,COUNTY,CITY,POINT_X,POINT_Y
81373598,2020,2020-12-23,1933,2020-12-07,1237,812,27,1,5,6,1933,0,0,0,NA,0,003,CENTURY BLVD,PRAIRIE AV,0,NA,Y,A,-,N,NA,NA,NA,NA,NA,NA,NA,NA,NA,Y,4,0,1,2,D,-,00,NA,NA,N,D,C,A,A,H,-,A,A,0,NA,NA,Y,NA,Y,NA,-,-,0,0,1,0,0,0,0,0,1,-,-,33.94546890258789,-118.34391784667967,LOS ANGELES,INGLEWOOD,-118.3439483642578,33.94544982910156
81373599,2020,2020-12-23,1933,2020-12-11,1328,828,29,5,5,6,1933,0,0,0,NA,0,NA,CRENSHAW BLVD,ARBOR VITAE ST (S),150,S,N,A,-,N,NA,NA,NA,NA,NA,NA,NA,NA,NA,N,4,0,1,4,A,-,03,22350,NA,M,C,C,A,A,H,-,A,A,0,NA,NA,NA,NA,Y,NA,A,07,0,0,1,0,0,0,0,0,0,-,-,33.95235824584961,-118.3264617919922,LOS ANGELES,INGLEWOOD,-118.32672119140624,33.951927185058594
8137360,2016,2016-11-08,1920,2016-09-08,1424,12476,NA,4,5,6,1920,0,0,0,NA,0,002,IMPERIAL HWY,SMALLWOOD AV,302,E,N,A,-,N,NA,NA,NA,NA,NA,NA,NA,NA,NA,Y,4,0,1,2,A,-,09,21804,A,N,B,C,A,A,H,-,A,D,0,NA,NA,NA,NA,Y,NA,A,07,0,0,1,0,0,0,0,0,0,-,-,NA,NA,LOS ANGELES,DOWNEY,-118.15433075,33.92524038
81373628,2020,2020-12-23,1942,2020-12-22,0900,42901,2079,2,5,7,1942,0,0,0,NA,0,20A97,VENICE BL,ARAPAHOE ST,10,E,N,A,-,N,NA,NA,NA,NA,NA,NA,NA,NA,NA,N,4,0,1,2,A,-,21,22106,NA,N,H,J,A,A,H,-,A,D,0,NA,NA,Y,NA,Y,NA,D,22,0,0,1,0,0,0,0,0,1,-,-,NA,NA,LOS ANGELES,LOS ANGELES,-118.28531646728516,34.044063568115234
81373784,2020,2020-12-23,1942,2020-03-22,1815,37865,0782,7,5,7,1942,0,0,0,G,0,7A73,S LA CIENEGA BL,DAVID AV,0,NA,Y,C,-,N,NA,NA,NA,NA,NA,NA,NA,NA,NA,Y,4,0,1,2,A,-,12,21453,NA,N,D,C,A,B,H,-,B,A,0,NA,NA,NA,NA,Y,NA,-,-,0,0,1,0,0,0,0,0,0,-,-,NA,NA,LOS ANGELES,LOS ANGELES,-118.3774185180664,34.03728103637695
81373884,2020,2020-12-23,1942,2020-12-22,2330,41516,0677,2,5,7,1942,0,0,0,F,0,20A1,MELROSE AV,N GRAMERCY PL,55,W,N,A,-,N,NA,NA,NA,NA,NA,NA,NA,NA,NA,Y,4,0,1,2,A,-,21,22106,NA,F,B,C,A,A,H,-,C,D,0,NA,NA,NA,NA,Y,NA,A,01,0,0,1,0,0,0,0,0,0,-,-,NA,NA,LOS ANGELES,LOS ANGELES,-118.3126983642578,34.083518981933594
81373919,2020,2020-12-23,1942,2020-12-22,1235,42277,0853,2,5,7,1942,0,0,0,H,0,8A53,SAWTELLE BL,NEBRASKA AV,244,S,N,A,-,N,NA,NA,NA,NA,NA,NA,NA,NA,NA,Y,3,0,1,4,A,-,00,21954,NA,F,G,B,E,A,H,-,A,D,0,Y,NA,Y,NA,Y,NA,N,60,0,1,0,0,1,0,0,0,0,-,-,NA,NA,LOS ANGELES,LOS ANGELES,-118.44574737548828,34.04338073730469
81373942,2020,2020-12-23,1942,2020-12-21,1235,42901,2049,1,5,7,1942,0,0,0,NA,0,20A69,S WESTMORELAND AV,FRANCIS AV,80,N,N,A,-,N,NA,NA,NA,NA,NA,NA,NA,NA,NA,N,3,0,1,2,A,-,21,22106,NA,F,H,G,A,A,H,-,A,D,0,NA,Y,NA,NA,Y,NA,-,99,0,1,0,0,0,0,1,0,0,-,-,NA,NA,LOS ANGELES,LOS ANGELES,-118.28909301757813,34.05704116821289
8137441,2016,2016-12-06,1925,2016-10-03,1600,22458,159,1,5,6,1925,0,0,0,NA,0,004,GLENDALE AV,GLENOAKS BL,0,NA,Y,A,-,N,NA,NA,NA,NA,NA,NA,NA,NA,NA,Y,4,0,2,2,A,-,12,21453,A,N,D,C,A,A,H,-,A,D,0,NA,NA,NA,NA,Y,NA,A,07,0,0,2,0,0,0,0,0,0,-,-,NA,NA,LOS ANGELES,GLENDALE,-118.23996009,34.15885007
8137445,2016,2016-10-11,1925,2016-10-01,1702,25776,282,6,5,6,1925,0,0,0,NA,0,003,GLENDALE AV,PALMER AV,200,S,N,A,-,N,NA,NA,NA,NA,NA,NA,NA,NA,NA,N,4,0,1,2,A,-,08,22107,NA,N,B,C,A,A,H,-,A,D,0,NA,NA,NA,NA,Y,NA,A,01,0,0,1,0,0,0,0,0,0,-,-,NA,NA,LOS ANGELES,GLENDALE,-118.25227508,34.1317061
81374475,2020,2020-12-24,1933,2020-11-22,0941,1046,34,7,5,6,1933,0,0,0,NA,0,004,PRAIRIE AV,112TH ST,0,NA,Y,A,-,N,NA,NA,NA,NA,NA,NA,NA,NA,NA,Y,4,0,1,2,A,-,03,22350,NA,N,B,C,A,A,H,-,A,A,0,NA,NA,Y,NA,Y,NA,C,02,0,0,1,0,0,0,0,0,1,-,-,33.93291091918945,-118.3439483642578,LOS ANGELES,INGLEWOOD,-118.34391021728516,33.93291091918945
81374476,2020,2020-12-24,1933,2020-12-08,0817,828,17,2,5,6,1933,0,0,0,NA,0,002,BUCKTHORN ST,WCL OF THE EAST ALLEY OF WALNUT ST.,3,E,N,A,-,N,NA,NA,NA,NA,NA,NA,NA,NA,NA,Y,4,0,1,2,A,-,09,21804,A,N,D,C,A,A,H,-,A,D,0,NA,NA,NA,NA,Y,NA,A,01,0,0,1,0,0,0,0,0,0,-,-,NA,NA,LOS ANGELES,INGLEWOOD,-118.35558319091795,33.954036712646484
81374479,2020,2020-12-24,1933,2020-12-12,1345,1031,I33,6,5,6,1933,0,0,0,NA,0,004,104TH ST,3RD AV,0,NA,Y,A,-,N,NA,NA,NA,NA,NA,NA,NA,NA,NA,Y,4,0,1,2,A,-,03,22350,NA,N,B,C,A,A,H,-,A,D,0,NA,NA,NA,NA,Y,NA,A,01,0,0,1,0,0,0,0,0,0,-,-,33.94179153442383,-118.32041931152344,LOS ANGELES,INGLEWOOD,-118.32041931152344,33.941829681396484
81374481,2020,2020-12-24,1933,2020-12-14,1937,981,I10,1,5,6,1933,0,0,0,NA,0,001,FLORENCE AV,CENTINELA AV,15,E,N,A,-,N,NA,NA,NA,NA,NA,NA,NA,NA,NA,N,4,0,1,2,A,-,03,22350,NA,F,C,C,A,A,H,-,C,A,0,NA,NA,NA,NA,Y,NA,A,01,0,0,1,0,0,0,0,0,0,-,-,33.96982955932617,-118.34716796875,LOS ANGELES,INGLEWOOD,-118.34718322753906,33.9698486328125
81374483,2020,2020-12-24,1933,2020-12-14,2314,1055,06,1,5,6,1933,0,0,0,NA,0,001,FLORENCE AV,PRAIRIE AV,0,NA,Y,A,-,N,NA,NA,NA,NA,NA,NA,NA,NA,NA,Y,4,0,2,4,A,-,03,22350,NA,N,C,C,A,A,H,-,C,A,0,NA,NA,NA,NA,Y,NA,-,-,0,0,2,0,0,0,0,0,0,-,-,33.97132110595703,-118.3439483642578,LOS ANGELES,INGLEWOOD,-118.34410858154295,33.97127914428711
81374484,2020,2020-12-24,1933,2020-12-15,1145,869,10,2,5,6,1933,0,0,0,NA,0,001,PRAIRIE AV,FLORENCE AV,96,S,N,A,-,N,NA,NA,NA,NA,NA,NA,NA,NA,NA,N,3,0,2,2,A,-,03,22350,NA,N,D,C,A,A,H,-,A,A,0,NA,NA,NA,NA,Y,NA,A,01,0,1,1,0,0,0,0,0,0,-,-,33.97132110595703,-118.3439483642578,LOS ANGELES,INGLEWOOD,-118.3440170288086,33.97103500366211
81374486,2020,2020-12-24,1933,2020-12-18,1025,828,05,5,5,6,1933,0,0,0,NA,0,001,LA BREA AV,HAZEL ST,117,N,N,A,-,N,NA,NA,NA,NA,NA,NA,NA,NA,NA,Y,3,0,2,2,A,-,21,22106,NA,N,D,C,A,A,H,-,A,A,0,NA,NA,Y,NA,Y,NA,A,01,0,1,1,0,0,0,0,0,1,-,-,33.96892166137695,-118.35552215576172,LOS ANGELES,INGLEWOOD,-118.35585021972656,33.96915817260742
81374487,2020,2020-12-24,1933,2020-12-18,1052,828,NA,5,5,6,1933,0,0,0,NA,0,NA,LA CIENEGA BLVD,HILLCREST BLVD,0,NA,Y,A,-,N,NA,NA,NA,NA,NA,NA,NA,NA,NA,N,4,0,3,3,A,-,12,21453,A,N,A,C,A,A,H,-,A,A,0,NA,NA,NA,NA,Y,NA,A,01,0,0,3,0,0,0,0,0,0,-,-,33.95637893676758,-118.37004089355467,LOS ANGELES,INGLEWOOD,-118.37010955810548,33.956298828125
81374488,2020,2020-12-24,1933,2020-12-18,1609,828,25,5,5,6,1933,0,0,0,NA,0,002,LA BREA AV,ARBOR VITAE ST,0,NA,Y,A,-,N,NA,NA,NA,NA,NA,NA,NA,NA,NA,Y,4,0,1,2,A,-,12,21453,A,N,A,C,A,A,H,-,A,A,0,NA,NA,NA,NA,Y,NA,-,-,0,0,1,0,0,0,0,0,0,-,-,33.95273971557617,-118.35262298583984,LOS ANGELES,INGLEWOOD,-118.3527374267578,33.952728271484375
81374489,2020,2020-12-24,1933,2020-12-18,1831,1015,I17,5,5,6,1933,0,0,0,NA,0,002,HILLCREST BLVD,FIR AV (E),0,NA,Y,A,-,N,NA,NA,NA,NA,NA,NA,NA,NA,NA,Y,4,0,1,2,A,-,03,22350,NA,F,D,C,A,A,H,-,C,D,0,NA,NA,NA,NA,Y,NA,-,99,0,0,1,0,0,0,0,0,0,-,-,33.95676040649414,-118.35723876953124,LOS ANGELES,INGLEWOOD,-118.35797119140624,33.95669174194336
81374491,2020,2020-12-24,1933,2020-12-19,1347,1030,34,6,5,6,1933,0,0,0,NA,0,004,111TH PL,PRAIRIE AV,0,NA,Y,A,-,N,NA,NA,NA,NA,NA,NA,NA,NA,NA,Y,4,0,1,2,A,-,03,22350,NA,F,B,C,A,A,H,-,A,D,0,NA,NA,NA,NA,Y,Y,-,99,0,0,1,0,0,0,0,0,0,-,-,33.93387985229492,-118.3439483642578,LOS ANGELES,INGLEWOOD,-118.34391021728516,33.933860778808594
81374507,2020,2020-12-24,1942,2020-12-23,1700,37966,0678,3,5,7,1942,0,0,0,F,0,6A77,MELROSE AV,N WESTERN AV,0,NA,Y,A,-,N,NA,NA,NA,NA,NA,NA,NA,NA,NA,Y,4,0,2,2,A,-,09,21801,NA,N,D,C,A,A,H,-,C,A,0,NA,NA,NA,NA,Y,NA,D,22,0,0,2,0,0,0,0,0,0,-,-,NA,NA,LOS ANGELES,LOS ANGELES,-118.3091278076172,34.08351135253906
81374509,2020,2020-12-24,1942,2020-12-22,0950,40209,0857,2,5,7,1942,0,0,0,H,0,8A95,GLENVILLE DR,PICO BL,0,NA,Y,A,-,N,NA,NA,NA,NA,NA,NA,NA,NA,NA,N,3,0,1,2,A,-,10,21950,NA,N,G,B,B,A,H,-,A,A,0,Y,NA,NA,NA,Y,NA,A,07,0,1,0,0,1,0,0,0,0,-,-,NA,NA,LOS ANGELES,LOS ANGELES,-118.39321899414064,34.05529022216797
81374511,2020,2020-12-24,1942,2020-12-21,0723,42901,0722,1,5,7,1942,0,0,0,G,0,7A21,SAN VICENTE BL,WILSHIRE BL,0,NA,Y,A,-,N,NA,NA,NA,NA,NA,NA,NA,NA,NA,Y,3,0,3,2,A,-,09,21801,NA,N,D,C,A,A,D,-,A,A,0,NA,NA,NA,NA,Y,NA,A,07,0,1,2,0,0,0,0,0,0,-,-,NA,NA,LOS ANGELES,LOS ANGELES,-118.4591827392578,34.05078125
81374512,2020,2020-12-24,1942,2020-12-22,0345,41516,0677,2,5,7,1942,0,0,0,F,0,6A77,N WESTERN AV,MELROSE AV,0,NA,Y,A,-,N,NA,NA,NA,NA,NA,NA,NA,NA,NA,Y,3,0,3,2,A,-,12,21453,NA,N,D,C,A,A,H,-,C,A,0,NA,NA,NA,NA,Y,NA,A,01,0,1,2,0,0,0,0,0,0,-,-,NA,NA,LOS ANGELES,LOS ANGELES,-118.3091278076172,34.08351135253906
81374529,2020,2020-12-24,1942,2020-12-22,1843,38721,1459,2,5,7,1942,0,0,0,N,0,14A49,SAWTELLE BL,BRADDOCK DR,0,NA,Y,A,-,N,NA,NA,NA,NA,NA,NA,NA,NA,NA,Y,4,0,1,2,A,-,12,21453,NA,N,D,C,A,A,H,-,C,A,0,NA,NA,NA,NA,Y,NA,-,-,0,0,1,0,0,0,0,0,0,-,-,NA,NA,LOS ANGELES,LOS ANGELES,-118.40853118896484,34.000640869140625
81374540,2020,2020-12-24,1942,2020-12-18,1645,37966,0727,5,5,7,1942,0,0,0,G,0,7A17,N HIGHLAND AV,W 1ST ST,0,NA,Y,A,-,N,NA,NA,NA,NA,NA,NA,NA,NA,NA,Y,4,0,2,2,A,-,09,21801,NA,N,D,C,A,A,H,-,A,A,0,NA,NA,NA,NA,Y,NA,A,01,0,0,2,0,0,0,0,0,0,-,-,NA,NA,LOS ANGELES,LOS ANGELES,-118.33865356445313,34.07358169555664
81374563,2020,2020-12-24,1942,2020-12-23,1900,41957,1479,3,5,7,1942,0,0,0,N,0,14A67,LA TIJERA BL,AIRPORT BL,54,E,N,A,-,N,NA,NA,NA,NA,NA,NA,NA,NA,NA,Y,3,0,3,2,A,-,03,22350,NA,N,C,C,A,A,H,-,C,A,0,NA,NA,NA,NA,Y,NA,D,22,0,1,2,0,0,0,0,0,0,-,-,NA,NA,LOS ANGELES,LOS ANGELES,-118.38517761230467,33.965415954589844
8137457,2016,2016-10-11,1900,2016-10-02,1016,516691,2847,7,5,5,1915,0,0,0,NA,0,282T1,ALONDRA BL,ATLANTIC AV,0,NA,Y,A,-,N,NA,NA,NA,NA,NA,NA,NA,NA,NA,Y,3,0,2,2,A,-,09,21801,A,N,D,C,A,A,H,-,A,A,0,NA,NA,NA,NA,Y,NA,A,01,0,2,0,0,0,0,0,0,0,-,-,NA,NA,LOS ANGELES,COMPTON,-118.19291009,33.88877003
81374578,2020,2020-12-24,1942,2020-12-23,0700,41671,0851,3,5,7,1942,0,0,0,H,0,8A53,S BUNDY DR,OHIO AV,150,S,N,B,-,N,NA,NA,NA,NA,NA,NA,NA,NA,NA,N,4,0,1,2,A,-,21,22106,NA,F,G,B,E,A,H,-,A,D,0,Y,NA,NA,NA,Y,NA,-,99,0,0,1,0,1,0,0,0,0,-,-,NA,NA,LOS ANGELES,LOS ANGELES,-118.46254730224608,34.03987503051758
81374606,2020,2020-12-24,1942,2020-12-22,0625,41671,0743,2,5,7,1942,0,0,0,G,0,7A33,W OLYMPIC BL,S GENESEE AV,10,W,N,A,-,N,NA,NA,NA,NA,NA,NA,NA,NA,NA,N,4,0,1,2,A,-,10,21950,NA,F,G,B,B,A,H,-,C,A,0,Y,NA,NA,NA,Y,NA,-,99,0,0,1,0,1,0,0,0,0,-,-,NA,NA,LOS ANGELES,LOS ANGELES,-118.36090087890624,34.05770492553711
8137461,2016,2016-12-05,1900,2016-10-02,0800,606666,0458,7,5,6,1949,0,0,0,NA,0,43T1,PIONEER BL,ALONDRA BL,45,S,N,A,-,N,NA,NA,NA,NA,NA,NA,NA,NA,NA,Y,3,0,1,2,A,-,08,22107,NA,N,E,J,A,A,H,-,A,A,0,NA,NA,NA,NA,Y,NA,A,01,0,1,0,0,0,0,0,0,0,-,-,NA,NA,LOS ANGELES,NORWALK,-118.08251,33.887576609999996
81374632,2020,2020-12-24,1942,2020-12-23,1340,40209,0666,3,5,7,1942,0,0,0,F,0,6A77,SANTA MONICA BL,N EL CENTRO AV,50,E,N,A,-,N,NA,NA,NA,NA,NA,NA,NA,NA,NA,N,4,0,1,2,A,-,04,21703,NA,N,C,C,A,A,H,-,A,A,0,NA,NA,NA,NA,Y,NA,A,07,0,0,1,0,0,0,0,0,0,-,-,NA,NA,LOS ANGELES,LOS ANGELES,-118.32428741455078,34.09074020385742
8137465,2016,2016-10-11,1900,2016-10-04,1115,442391,0467,2,5,4,1936,0,0,0,NA,0,46T1,SANTA GERTRUDES AV,OLIVE BRANCH DR,105,S,N,B,-,N,NA,NA,NA,NA,NA,NA,NA,NA,NA,N,4,0,1,2,A,-,07,21658,A,N,B,C,A,A,H,-,A,A,0,NA,NA,Y,NA,Y,NA,A,01,0,0,1,0,0,0,0,0,1,-,-,NA,NA,LOS ANGELES,LA MIRADA,-117.99430446,33.91275215
81374702,2020,2020-12-24,1942,2020-12-23,1000,38282,0647,3,5,7,1942,0,0,0,F,0,6A67,GOWER ST,HOLLYWOOD BL,5,S,N,A,-,N,NA,NA,NA,NA,NA,NA,NA,NA,NA,N,4,0,1,2,A,-,10,21950,NA,F,G,B,B,A,H,-,A,A,0,Y,NA,NA,NA,Y,NA,-,99,0,0,1,0,1,0,0,0,0,-,-,NA,NA,LOS ANGELES,LOS ANGELES,-118.3223876953125,34.10163497924805
8137474,2016,2016-10-11,1962,2016-10-06,1826,036,1962,4,5,4,1962,0,0,0,NA,0,025,SAN GABRIEL BL,MARSHALL ST,68,S,N,A,-,N,NA,NA,NA,NA,NA,NA,NA,NA,NA,N,3,0,2,2,A,-,07,21658,A,N,B,C,A,A,H,-,B,A,0,NA,NA,Y,NA,Y,NA,C,02,0,2,0,0,0,0,0,0,2,-,-,NA,NA,LOS ANGELES,SAN GABRIEL,-118.09071845,34.07496358
81374816,2020,2020-12-24,1942,2020-12-23,2136,42397,0767,3,5,7,1942,0,0,0,G,0,7A69,VENICE BL,6TH AV,25,W,N,A,-,N,NA,NA,NA,NA,NA,NA,NA,NA,NA,Y,4,0,2,2,A,-,03,22350,NA,N,C,C,A,A,H,-,D,A,0,NA,NA,NA,NA,Y,NA,A,07,0,0,2,0,0,0,0,0,0,-,-,NA,NA,LOS ANGELES,LOS ANGELES,-118.32376098632813,34.0435676574707
8137510,2016,2016-10-11,1967,2016-10-01,2228,117,904,6,5,2,1967,0,0,0,NA,0,NORTH,SPRING,CALIFORNIA AV,0,NA,Y,A,-,N,NA,NA,NA,NA,NA,NA,NA,NA,NA,N,3,0,1,2,A,-,12,21453,A,N,H,G,A,A,H,-,C,A,0,NA,Y,NA,NA,Y,NA,L,04,0,1,0,0,0,0,1,0,0,-,-,NA,NA,LOS ANGELES,SIGNAL HILL,-118.18069009,33.81167003
81375202,2020,2020-12-28,1942,2020-12-24,0315,41957,1494,4,5,7,1942,0,0,0,N,0,LAX,IMPERIAL HWY,CALIFORNIA ST,13,W,N,A,-,N,NA,NA,NA,NA,NA,NA,NA,NA,NA,Y,2,0,1,3,A,-,03,22350,NA,F,E,J,E,A,H,-,C,B,0,Y,NA,NA,Y,Y,NA,A,01,1,0,0,0,1,0,0,0,0,-,-,NA,NA,LOS ANGELES,LOS ANGELES,-118.40401458740234,33.93132781982422
81375208,2020,2020-12-28,1942,2020-12-21,1555,41179,2071,1,5,7,1942,0,0,0,NA,0,20A71,ARLINGTON AV,W PICO BL,6,N,N,A,-,N,NA,NA,NA,NA,NA,NA,NA,NA,NA,N,4,0,1,2,A,-,10,21950,NA,F,G,B,B,A,H,-,A,A,0,Y,NA,NA,NA,Y,NA,-,99,0,0,1,0,1,0,0,0,0,-,-,NA,NA,LOS ANGELES,LOS ANGELES,-118.3176040649414,34.04719543457031
8137521,2016,2016-10-11,1942,2016-08-31,1640,38833,2175,3,5,7,1942,0,0,0,NA,0,21A73,VENTURA BL,SHOUP AV,0,NA,Y,A,-,N,NA,NA,NA,NA,NA,NA,NA,NA,NA,Y,4,0,2,2,A,-,09,21801,A,N,A,C,A,A,H,-,A,A,0,NA,NA,NA,NA,Y,NA,A,08,0,0,2,0,0,0,0,0,0,-,-,NA,NA,LOS ANGELES,LOS ANGELES,-118.61448004,34.16879009
81375211,2020,2020-12-28,1942,2020-12-24,1800,39655,2029,4,5,7,1942,0,0,0,NA,0,20A39,VIRGIL AVE,6TH ST,0,NA,Y,A,-,N,NA,NA,NA,NA,NA,NA,NA,NA,NA,Y,4,0,5,2,A,-,12,21453,NA,N,A,C,A,A,H,-,C,A,0,NA,NA,NA,NA,Y,NA,A,07,0,0,5,0,0,0,0,0,0,-,-,NA,NA,LOS ANGELES,LOS ANGELES,-118.28704833984376,34.06372833251953
81375215,2020,2020-12-28,1942,2020-12-24,1300,30947,0669,4,5,7,1942,0,0,0,F,0,6A79,SANTA MONICA BL,N ARDMORE AV,50,E,N,C,-,N,NA,NA,NA,NA,NA,NA,NA,NA,NA,N,4,0,1,2,A,-,07,21658,NA,N,B,C,A,B,H,-,A,D,0,NA,NA,NA,NA,Y,NA,-,-,0,0,1,0,0,0,0,0,0,-,-,NA,NA,LOS ANGELES,LOS ANGELES,-118.30169677734376,34.0908203125
81375217,2020,2020-12-28,1942,2020-12-24,1100,38282,1409,4,5,7,1942,0,0,0,N,0,14A27,VENICE BL,CULVER BL,50,E,N,C,-,N,NA,NA,NA,NA,NA,NA,NA,NA,NA,Y,4,0,1,2,A,-,08,22107,NA,N,A,C,A,B,H,-,A,A,0,NA,NA,NA,Y,Y,NA,F,26,0,0,1,0,0,0,0,0,0,-,-,NA,NA,LOS ANGELES,LOS ANGELES,-118.392333984375,34.02702713012695
81375219,2020,2020-12-28,1942,2020-12-24,0605,40209,2093,4,5,7,1942,0,0,0,NA,0,20A71,S NORMANDIE AV,W 20TH ST,72,N,N,A,-,N,NA,NA,NA,NA,NA,NA,NA,NA,NA,N,4,0,1,1,A,-,03,22350,NA,N,E,I,A,A,H,-,C,D,0,NA,NA,NA,NA,Y,NA,A,07,0,0,1,0,0,0,0,0,0,-,-,NA,NA,LOS ANGELES,LOS ANGELES,-118.30029296875,34.03837585449219
8137522,2016,2016-10-11,1942,2016-08-29,0840,38835,1901,1,5,7,1942,0,0,0,NA,0,19A1,FOOTHILL BL,BALBOA BL,1600,N,N,A,-,N,NA,NA,NA,NA,NA,NA,NA,NA,NA,Y,3,0,2,1,A,-,17,21662,NA,N,E,I,A,A,H,-,A,D,0,NA,NA,NA,NA,Y,NA,A,07,0,2,0,0,0,0,0,0,0,-,-,NA,NA,LOS ANGELES,LOS ANGELES,-118.50016804,34.32399345
81375221,2020,2020-12-28,1942,2020-12-12,1440,30947,2041,6,5,7,1942,0,0,0,NA,0,20A53,W 9TH ST,5TH AV,0,NA,Y,A,-,N,NA,NA,NA,NA,NA,NA,NA,NA,NA,N,4,0,1,2,A,-,09,21802,NA,F,D,C,A,A,H,-,A,A,0,NA,NA,NA,NA,Y,NA,-,99,0,0,1,0,0,0,0,0,0,-,-,NA,NA,LOS ANGELES,LOS ANGELES,-118.31878662109376,34.05514144897461
81375223,2020,2020-12-28,1942,2020-12-25,0915,38282,1424,5,5,7,1942,0,0,0,N,0,14A25,PALMS BL,BARRY AVE,35,W,N,A,-,N,NA,NA,NA,NA,NA,NA,NA,NA,NA,N,3,0,1,2,A,-,03,22350,NA,N,C,C,A,A,H,-,A,A,0,NA,NA,NA,NA,Y,NA,A,01,0,1,0,0,0,0,0,0,0,-,-,NA,NA,LOS ANGELES,LOS ANGELES,-118.43216705322266,34.014896392822266
81375253,2020,2020-12-28,1942,2020-12-25,2120,43910,0657,5,5,7,1942,0,0,0,F,0,6A77,SANTA MONICA BL,WESTERN AV,36,W,N,A,-,N,NA,NA,NA,NA,NA,NA,NA,NA,NA,Y,2,0,2,3,A,-,01,23152,NA,N,B,C,A,A,H,-,C,A,0,NA,NA,NA,NA,Y,Y,A,01,1,1,0,0,0,0,0,0,0,-,-,NA,NA,LOS ANGELES,LOS ANGELES,-118.30928802490234,34.09077072143555
8137526,2016,2016-10-11,1942,2016-08-27,2115,3662,1962,6,5,7,1942,0,0,0,NA,0,19X12,LASSEN ST,KESTER,20,E,N,A,-,N,NA,NA,NA,NA,NA,NA,NA,NA,NA,Y,3,0,2,2,A,-,08,22107,NA,N,D,C,A,A,H,-,C,D,0,NA,NA,NA,NA,Y,Y,A,01,0,1,1,0,0,0,0,0,0,-,-,NA,NA,LOS ANGELES,LOS ANGELES,-118.45647394,34.2499597
8137529,2016,2016-10-11,1942,2016-08-31,2250,42361,2177,3,5,7,1942,0,0,0,NA,0,21A97,WINNETKA,HATTERAS,7,S,N,A,-,N,NA,NA,NA,NA,NA,NA,NA,NA,NA,N,3,0,1,2,A,-,04,21703,NA,N,C,C,A,A,H,-,C,A,0,NA,NA,NA,NA,Y,NA,-,NA,0,1,0,0,0,0,0,0,0,-,-,NA,NA,LOS ANGELES,LOS ANGELES,-118.57096,34.1757608
8137530,2016,2016-10-11,1942,2016-08-12,1805,40317,NA,5,5,7,1942,0,0,0,NA,0,19X12,ROSCOE BL,COLUMBUS,115,W,N,A,-,N,NA,NA,NA,NA,NA,NA,NA,NA,NA,Y,4,0,1,2,A,-,09,21801,A,N,D,A,A,A,H,-,A,D,0,NA,NA,NA,NA,Y,NA,A,01,0,0,1,0,0,0,0,0,0,-,-,NA,NA,LOS ANGELES,LOS ANGELES,-118.46585969,34.22143601
8137533,2016,2017-02-27,1942,2016-08-28,2030,42448,2177,7,5,7,1942,0,0,0,NA,0,21A97,WINNETKA AV,RT 101,0,NA,Y,A,-,Y,LA,7,101,-,-,23.178,R,4,S,N,4,0,1,2,A,-,08,22107,NA,N,A,C,A,A,H,-,C,A,0,NA,NA,NA,NA,Y,NA,A,01,0,0,1,0,0,0,0,0,0,-,EO,NA,NA,LOS ANGELES,LOS ANGELES,-118.56933706,34.17254804