CASE_ID,ACCIDENT_YEAR,PROC_DATE,JURIS,COLLISION_DATE,COLLISION_TIME,OFFICER_ID,REPORTING_DISTRICT,DAY_OF_WEEK,CHP_SHIFT,POPULATION,CNTY_CITY_LOC,SPECIAL_COND,BEAT_TYPE,CHP_BEAT_TYPE,CITY_DIVISION_LAPD,CHP_BEAT_CLASS,BEAT_NUMBER,PRIMARY_RD,SECONDARY_RD,DISTANCE,DIRECTION,INTERSECTION,WEATHER_1,WEATHER_2,STATE_HWY_IND,CALTRANS_COUNTY,CALTRANS_DISTRICT,STATE_ROUTE,ROUTE_SUFFIX,POSTMILE_PREFIX,POSTMILE,LOCATION_TYPE,RAMP_INTERSECTION,SIDE_OF_HWY,TOW_AWAY,COLLISION_SEVERITY,NUMBER_KILLED,NUMBER_INJURED,PARTY_COUNT,PRIMARY_COLL_FACTOR,PCF_CODE_OF_VIOL,PCF_VIOL_CATEGORY,PCF_VIOLATION,PCF_VIOL_SUBSECTION,HIT_AND_RUN,TYPE_OF_COLLISION,MVIW,PED_ACTION,ROAD_SURFACE,ROAD_COND_1,ROAD_COND_2,LIGHTING,CONTROL_DEVICE,CHP_ROAD_TYPE,PEDESTRIAN_ACCIDENT,BICYCLE_ACCIDENT,MOTORCYCLE_ACCIDENT,TRUCK_ACCIDENT,NOT_PRIVATE_PROPERTY,ALCOHOL_INVOLVED,STWD_VEHTYPE_AT_FAULT,CHP_VEHTYPE_AT_FAULT,COUNT_SEVERE_INJ,COUNT_VISIBLE_INJ,COUNT_COMPLAINT_PAIN,COUNT_PED_KILLED,COUNT_PED_INJURED,COUNT_BICYCLIST_KILLED,COUNT_BICYCLIST_INJURED,COUNT_MC_KILLED,COUNT_MC_INJURED,PRIMARY_RAMP,SECONDARY_RAMP,LATITUDE,LONGITUDE,COUNTY,CITY,POINT_X,POINT_Y
8137782,2016,2017-04-21,1942,2016-09-15,0010,36814,0218,4,5,7,1942,0,0,0,B,0,1T11,BELLEVUE AV,ECHO PARK AV,60,W,N,A,-,Y,LA,7,101,-,-,2.422,R,4,N,N,4,0,1,3,A,-,03,22350,NA,F,C,E,A,A,H,-,C,D,0,NA,NA,NA,NA,Y,NA,-,99,0,0,1,0,0,0,0,0,0,-,-,NA,NA,LOS ANGELES,LOS ANGELES,-118.26023535,34.06944338
8137810,2016,2016-11-28,1942,2016-08-02,0950,32973,0442,2,5,7,1942,0,0,0,D,0,11T32,POMEROY AV,CLEMENT ST,90,E,N,A,-,N,NA,NA,NA,NA,NA,NA,NA,NA,NA,N,4,0,1,3,A,-,06,21750,NA,N,B,G,A,A,H,-,A,D,0,NA,Y,NA,NA,Y,NA,-,-,0,0,1,0,0,0,1,0,0,-,-,NA,NA,LOS ANGELES,LOS ANGELES,-118.21154723,34.05684562
8137814,2016,2016-10-18,1942,2016-08-02,1720,34458,0497,2,5,7,1942,0,0,0,D,0,4TL4,SOTO ST,12TH ST,5,S,N,A,-,N,NA,NA,NA,NA,NA,NA,NA,NA,NA,N,4,0,1,2,A,-,07,21658,A,N,B,C,A,A,H,-,A,D,0,NA,NA,NA,Y,Y,NA,F,21,0,0,1,0,0,0,0,0,0,-,-,NA,NA,LOS ANGELES,LOS ANGELES,-118.2201113,34.02192633
8137818,2016,2016-10-24,1942,2016-08-18,0605,37540,0159,4,5,7,1942,0,0,0,A,0,11TL32,4TH ST,ALAMEDA ST,0,NA,Y,A,-,N,NA,NA,NA,NA,NA,NA,NA,NA,NA,N,3,0,3,3,A,-,12,21453,A,N,D,C,A,A,H,-,A,A,0,NA,NA,Y,NA,Y,NA,A,01,0,2,1,0,0,0,0,0,1,-,-,NA,NA,LOS ANGELES,LOS ANGELES,-118.23813001,34.04330006
8137821,2016,2017-02-18,1942,2016-09-20,0620,40743,678,2,5,7,1942,0,0,0,NA,0,6X28,WESTERN AV,SANTA MONICA BL,0,NA,Y,A,-,Y,LA,7,2,-,-,12.58,I,5,E,N,4,0,2,2,A,-,09,21801,A,N,D,C,A,A,H,-,A,A,0,NA,NA,NA,Y,Y,NA,F,26,0,0,2,0,0,0,0,0,0,-,-,NA,NA,LOS ANGELES,LOS ANGELES,-118.30937382,34.09077455
8137825,2016,2016-10-26,1942,2016-08-29,0950,41595,0813,1,5,7,1942,0,0,0,H,0,NA,SUNSET BL,SALTAIR,0,NA,Y,A,-,N,NA,NA,NA,NA,NA,NA,NA,NA,NA,Y,4,0,3,6,A,-,04,21703,NA,N,C,C,A,A,H,-,A,A,0,NA,NA,NA,NA,Y,NA,A,01,0,0,3,0,0,0,0,0,0,-,-,NA,NA,LOS ANGELES,LOS ANGELES,-118.47466002,34.0613301
8137826,2016,2016-10-13,1942,2016-08-15,1120,36027,0828,1,5,7,1942,0,0,0,H,0,6TL7,WILSHIRE BL,MANNING AV,14,E,N,A,-,N,NA,NA,NA,NA,NA,NA,NA,NA,NA,N,4,0,1,2,A,-,04,21703,NA,N,C,C,A,A,H,-,A,D,0,NA,NA,NA,NA,Y,NA,D,22,0,0,1,0,0,0,0,0,0,-,-,NA,NA,LOS ANGELES,LOS ANGELES,-118.43570523,34.0608693
8137829,2016,2016-10-14,1942,2016-08-27,1705,30045,0881,6,5,7,1942,0,0,0,H,0,8A12,BUNDY DR,PICO BL,15,N,N,A,-,N,NA,NA,NA,NA,NA,NA,NA,NA,NA,N,4,0,1,2,A,-,08,22107,NA,N,B,C,A,A,H,-,A,D,0,NA,NA,NA,NA,Y,NA,A,07,0,0,1,0,0,0,0,0,0,-,-,NA,NA,LOS ANGELES,LOS ANGELES,-118.45023162,34.02940162
8137833,2016,2016-10-12,1942,2016-09-23,1700,42407,0831,5,5,7,1942,0,0,0,H,0,8A98,SAN VICENTE BL,BUNDY DR,0,NA,Y,A,-,N,NA,NA,NA,NA,NA,NA,NA,NA,NA,N,3,0,1,2,A,-,11,21456,A,N,G,B,B,A,H,-,A,A,0,Y,NA,NA,NA,Y,NA,N,60,0,1,0,0,1,0,0,0,0,-,-,NA,NA,LOS ANGELES,LOS ANGELES,-118.47451001,34.05194009
8137834,2016,2016-10-28,1942,2016-09-22,1430,37966,0829,4,5,7,1942,0,0,0,H,0,6TL4,SANTA MONICA BL,AVENUE OF THE STARS,0,NA,Y,A,-,N,NA,NA,NA,NA,NA,NA,NA,NA,NA,N,3,0,1,2,A,-,08,22107,NA,N,B,C,A,A,H,-,A,D,0,NA,NA,Y,Y,Y,NA,-,-,0,1,0,0,0,0,0,0,1,-,-,NA,NA,LOS ANGELES,LOS ANGELES,-118.41865005,34.06133006
8137838,2016,2016-10-12,1942,2016-09-19,1610,40001,0823,1,5,7,1942,0,0,0,H,0,8A1,SUNSET BL,DRUMMOND ST,0,NA,Y,A,-,N,NA,NA,NA,NA,NA,NA,NA,NA,NA,Y,4,0,1,2,A,-,09,21801,A,N,A,C,A,A,H,-,A,A,0,NA,NA,NA,NA,Y,NA,A,01,0,0,1,0,0,0,0,0,0,-,-,NA,NA,LOS ANGELES,LOS ANGELES,-118.5205101,34.04300005
81378440,2020,2020-12-31,1942,2020-12-29,1050,40209,0717,2,5,7,1942,0,0,0,G,0,7A17,BEVERLY BL,N LAS PALMAS AV,70,W,N,A,-,N,NA,NA,NA,NA,NA,NA,NA,NA,NA,Y,4,0,2,2,A,-,03,22350,NA,N,A,C,A,B,H,-,A,D,0,NA,NA,NA,NA,Y,NA,A,01,0,0,2,0,0,0,0,0,0,-,-,NA,NA,LOS ANGELES,LOS ANGELES,-118.33625030517578,34.07620620727539
81378523,2020,2020-12-31,1942,2020-12-28,1330,37575,0881,1,5,7,1942,0,0,0,H,0,8A53,S BUNDY DR,W PICO BL,0,NA,Y,C,-,N,NA,NA,NA,NA,NA,NA,NA,NA,NA,N,4,0,1,2,A,-,08,22107,NA,F,B,C,A,B,H,-,A,A,0,NA,NA,NA,NA,Y,NA,-,99,0,0,1,0,0,0,0,0,0,-,-,NA,NA,LOS ANGELES,LOS ANGELES,-118.45020294189452,34.02936935424805
81378531,2020,2020-12-31,1942,2020-12-29,1453,37966,0758,2,5,7,1942,0,0,0,G,0,7A47,W PICO BL,MULLEN AV,0,NA,Y,B,-,N,NA,NA,NA,NA,NA,NA,NA,NA,NA,Y,4,0,2,2,A,-,09,21801,NA,N,D,C,A,A,H,-,A,A,0,NA,NA,NA,NA,Y,NA,D,22,0,0,2,0,0,0,0,0,0,-,-,NA,NA,LOS ANGELES,LOS ANGELES,-118.33572387695313,34.04874038696289
81378601,2020,2020-12-31,1942,2020-12-29,0950,40452,2053,2,5,7,1942,0,0,0,NA,0,20A53,S WESTERN AV,W OLYMPIC BL,200,N,N,A,-,N,NA,NA,NA,NA,NA,NA,NA,NA,NA,N,3,0,1,2,A,-,08,22107,NA,N,B,C,A,A,H,-,A,A,0,NA,NA,NA,NA,Y,NA,-,-,0,1,0,0,0,0,0,0,0,-,-,NA,NA,LOS ANGELES,LOS ANGELES,-118.30907440185548,34.05318832397461
81378608,2020,2020-12-31,1942,2020-12-29,0915,40209,0738,2,5,7,1942,0,0,0,G,0,7A17,S HIGHLAND AV,WILSHIRE BL,0,NA,Y,A,-,N,NA,NA,NA,NA,NA,NA,NA,NA,NA,Y,4,0,2,2,A,-,09,21801,NA,N,D,C,A,A,H,-,A,A,0,NA,NA,NA,NA,Y,NA,A,01,0,0,2,0,0,0,0,0,0,-,-,NA,NA,LOS ANGELES,LOS ANGELES,-118.33849334716795,34.06211853027344
8137875,2016,2016-10-12,1900,2016-09-21,0044,524507,0523,3,5,4,1971,0,0,0,NA,0,53T1EM,PRIMROSE AV,LAS TUNAS DR,383,S,N,A,-,N,NA,NA,NA,NA,NA,NA,NA,NA,NA,Y,3,0,1,3,A,-,01,23152,A,M,C,E,A,A,H,-,C,D,0,NA,NA,NA,NA,Y,Y,A,01,0,1,0,0,0,0,0,0,0,-,-,NA,NA,LOS ANGELES,TEMPLE CITY,-118.0621195,34.10546455
8137899,2016,2016-10-11,1900,2016-09-30,0755,281409,2911,5,5,4,1974,0,0,0,NA,0,291K2D,GRAND AV,SHADOW OAK DR,300,N,N,A,-,N,NA,NA,NA,NA,NA,NA,NA,NA,NA,Y,3,0,2,2,A,-,03,22350,NA,N,C,C,A,A,H,-,A,A,0,NA,NA,NA,NA,Y,NA,A,01,0,1,1,0,0,0,0,0,0,-,-,NA,NA,LOS ANGELES,WALNUT,NA,NA
8137907,2016,2016-10-12,1900,2016-09-19,1120,510568,0531,1,5,5,1959,0,0,0,NA,0,53T1AM,VALLEY BL,MUSCATEL AV,0,NA,Y,A,-,N,NA,NA,NA,NA,NA,NA,NA,NA,NA,N,3,0,1,2,A,-,12,21453,A,N,B,C,A,A,H,-,A,A,0,NA,NA,NA,NA,Y,NA,A,08,0,1,0,0,0,0,0,0,0,-,-,NA,NA,LOS ANGELES,ROSEMEAD,-118.07762002,34.08068003
8137911,2016,2016-10-12,1900,2016-09-30,0800,223258,05235,5,5,4,1971,0,0,0,NA,0,52T1,GOLDEN WEST AV,WORKMAN AV,0,NA,Y,A,-,N,NA,NA,NA,NA,NA,NA,NA,NA,NA,Y,3,0,1,3,A,-,09,21802,A,N,D,C,A,A,H,-,A,A,0,NA,NA,NA,NA,Y,NA,A,01,0,1,0,0,0,0,0,0,0,-,-,NA,NA,LOS ANGELES,TEMPLE CITY,-118.05620007,34.10550008
8137915,2016,2016-10-11,1900,2016-09-28,1410,279901,2928,3,5,5,1990,0,0,0,NA,0,292K1,LEMON AV,GOLDEN SPRINGS DR,0,NA,Y,A,-,N,NA,NA,NA,NA,NA,NA,NA,NA,NA,N,3,0,1,2,A,-,10,21950,A,N,G,B,B,-,H,-,A,A,0,Y,NA,NA,NA,Y,NA,A,07,0,1,0,0,1,0,0,0,0,-,-,NA,NA,LOS ANGELES,DIAMOND BAR,-117.85433005,33.99704008
8137917,2016,2016-10-12,1900,2016-09-30,0803,499592,0530,5,5,5,1959,0,0,0,NA,0,53T1DA,WELLS ST,ROCKHOLD AV,0,NA,Y,A,-,N,NA,NA,NA,NA,NA,NA,NA,NA,NA,N,4,0,1,2,A,-,10,21950,A,M,G,B,B,A,H,-,A,D,0,Y,NA,NA,NA,Y,NA,A,01,0,0,1,0,1,0,0,0,0,-,-,NA,NA,LOS ANGELES,ROSEMEAD,-118.08269013,34.0845201
8137919,2016,2016-10-11,1900,2016-09-23,2235,525144,2924,5,5,5,1990,0,0,0,NA,0,292T1P,KIOWA CREST DR,DEERFOOT DR,291,N,N,A,-,N,NA,NA,NA,NA,NA,NA,NA,NA,NA,N,4,0,1,2,A,-,03,22350,NA,M,C,C,A,A,H,-,C,D,0,NA,NA,NA,NA,Y,NA,A,01,0,0,1,0,0,0,0,0,0,-,-,NA,NA,LOS ANGELES,DIAMOND BAR,-117.82988538,33.99217538
8137921,2016,2016-10-12,1942,2016-09-04,1835,40643,0192,7,5,7,1942,0,0,0,A,0,1T11,GRAND AV,17TH ST,0,NA,Y,A,-,N,NA,NA,NA,NA,NA,NA,NA,NA,NA,Y,3,0,4,2,A,-,17,21657,NA,N,D,C,A,A,H,-,B,A,0,NA,NA,NA,NA,Y,NA,A,01,0,2,2,0,0,0,0,0,0,-,-,NA,NA,LOS ANGELES,LOS ANGELES,-118.29022009,33.72878
8137923,2016,2016-10-12,1942,2016-09-16,1715,39451,676,5,5,7,1942,0,0,0,NA,0,6A48W7,GOWER ST,GREGORY AV,50,S,N,A,-,N,NA,NA,NA,NA,NA,NA,NA,NA,NA,Y,4,0,2,3,A,-,04,21703,NA,N,C,C,A,A,H,-,A,D,0,NA,NA,NA,NA,Y,Y,A,01,0,0,2,0,0,0,0,0,0,-,-,NA,NA,LOS ANGELES,LOS ANGELES,-118.32224,34.08603287
8137925,2016,2016-10-12,1942,2016-09-07,1935,40085,0182,3,5,7,1942,0,0,0,A,0,1FB92,OLYMPIC BL,FIGUEROA ST,0,NA,Y,A,-,N,NA,NA,NA,NA,NA,NA,NA,NA,NA,N,4,0,1,2,A,-,08,22100,A,N,G,B,E,A,H,-,C,A,0,Y,NA,NA,NA,Y,NA,A,01,0,0,1,0,1,0,0,0,0,-,-,NA,NA,LOS ANGELES,LOS ANGELES,-118.26398007,34.04497003
8137927,2016,2016-10-12,1942,2016-09-17,0455,36537,2054,6,5,7,1942,0,0,0,NA,0,20A45,OLYMPIC BL,NORMANDIE,0,NA,Y,A,-,N,NA,NA,NA,NA,NA,NA,NA,NA,NA,N,4,0,1,2,A,-,10,21950,A,N,G,B,B,A,H,-,C,A,0,Y,NA,NA,NA,Y,NA,A,07,0,0,1,0,1,0,0,0,0,-,-,NA,NA,LOS ANGELES,LOS ANGELES,-118.30003006,34.05264005
8137928,2016,2016-10-12,1942,2016-09-05,2110,40406,1258,1,5,7,1942,0,0,0,L,0,R11,FLORENCE AV,BROADWAY AV,0,NA,Y,A,-,N,NA,NA,NA,NA,NA,NA,NA,NA,NA,N,4,0,1,2,A,-,04,21703,NA,F,C,C,A,A,H,-,C,A,0,NA,NA,NA,NA,Y,NA,-,NA,0,0,1,0,0,0,0,0,0,-,-,NA,NA,LOS ANGELES,LOS ANGELES,-118.27833007,33.97466012
8137929,2016,2016-10-12,1942,2016-09-23,1235,31152,1127,5,5,7,1942,0,0,0,K,0,11TL25,YORK BL,FIGUEROA ST,150,E,N,A,-,N,NA,NA,NA,NA,NA,NA,NA,NA,NA,Y,2,0,1,2,A,-,12,22450,A,N,D,G,A,A,H,-,A,A,0,NA,Y,NA,NA,Y,NA,A,01,1,0,0,0,0,0,1,0,0,-,-,NA,NA,LOS ANGELES,LOS ANGELES,-118.18390886,34.11529882
8137931,2016,2017-01-13,1942,2016-09-20,2130,41210,0643,2,5,7,1942,0,0,0,F,0,6T7,SUNSET BL,POINSETTIA PL,0,NA,Y,A,-,N,NA,NA,NA,NA,NA,NA,NA,NA,NA,Y,2,0,1,2,A,-,09,21801,A,N,D,C,A,A,H,-,C,A,0,NA,NA,Y,NA,Y,NA,A,08,1,0,0,0,0,0,0,0,1,-,-,NA,NA,LOS ANGELES,LOS ANGELES,-118.34834002,34.09800007
8137933,2016,2016-10-12,1942,2016-09-01,1820,41053,1391,4,5,7,1942,0,0,0,M,0,13X62W,GRAND AV,GAGE AV,0,NA,Y,A,-,N,NA,NA,NA,NA,NA,NA,NA,NA,NA,N,3,0,1,2,A,-,12,21453,A,F,G,B,A,A,H,-,A,A,0,NA,Y,NA,NA,Y,NA,-,99,0,1,0,0,0,0,1,0,0,-,-,NA,NA,LOS ANGELES,LOS ANGELES,-118.28017005,33.98237011
8137934,2016,2016-10-12,1942,2016-09-25,1900,32576,0822,7,5,7,1942,0,0,0,H,0,8A52,SUNSET BL,TEMESCAL CANYON,0,W,N,A,-,N,NA,NA,NA,NA,NA,NA,NA,NA,NA,Y,3,0,1,1,A,-,03,22350,NA,N,E,I,A,A,H,-,C,D,0,NA,NA,NA,NA,Y,NA,A,07,0,1,0,0,0,0,0,0,0,-,-,NA,NA,LOS ANGELES,LOS ANGELES,-118.5292701,34.04973002
8137935,2016,2016-10-12,1942,2016-09-15,1555,41179,0646,4,5,7,1942,0,0,0,F,0,20TL56,HIGHLAND AV,DE LONGPRE AV,0,NA,Y,A,-,N,NA,NA,NA,NA,NA,NA,NA,NA,NA,Y,4,0,2,2,A,-,09,21801,A,N,A,C,A,A,H,-,A,A,0,NA,NA,NA,NA,Y,NA,A,01,0,0,2,0,0,0,0,0,0,-,-,NA,NA,LOS ANGELES,LOS ANGELES,-118.33863003,34.09615007
8137937,2016,2016-10-12,1942,2016-09-08,1120,38052,1371,4,5,7,1942,0,0,0,M,0,NA,54TH ST,BROADWAY,0,NA,Y,A,-,N,NA,NA,NA,NA,NA,NA,NA,NA,NA,Y,2,0,1,2,A,-,09,21801,A,F,D,C,A,A,H,-,A,A,0,NA,NA,NA,NA,Y,NA,A,01,1,0,0,0,0,0,0,0,0,-,-,NA,NA,LOS ANGELES,LOS ANGELES,-118.2783201,33.99331001
8137938,2016,2016-10-12,1942,2016-09-19,0945,39708,08,1,5,7,1942,0,0,0,H,0,8A29,WILSHIRE BL,HOLMBY AV,0,NA,Y,A,-,N,NA,NA,NA,NA,NA,NA,NA,NA,NA,N,4,0,1,2,A,-,09,21801,A,N,D,C,A,A,H,-,A,D,0,NA,NA,NA,NA,Y,NA,A,01,0,0,1,0,0,0,0,0,0,-,-,NA,NA,LOS ANGELES,LOS ANGELES,-118.43007013,34.06631001
8137939,2016,2016-10-12,1942,2016-09-20,2130,39930,0629,2,5,7,1942,0,0,0,F,0,20T59,FRANKLIN AV,WESTERN AV,90,W,N,A,-,N,NA,NA,NA,NA,NA,NA,NA,NA,NA,Y,4,0,2,2,A,-,09,21801,A,N,D,C,A,A,H,-,C,A,0,NA,NA,NA,NA,Y,NA,A,01,0,0,2,0,0,0,0,0,0,-,-,NA,NA,LOS ANGELES,LOS ANGELES,-118.3095567,34.10538353
8137941,2016,2016-10-12,1942,2016-09-05,1535,41326,0152,1,5,7,1942,0,0,0,A,0,1A41,6TH ST,FIGUEROA ST,20,E,N,A,-,N,NA,NA,NA,NA,NA,NA,NA,NA,NA,Y,4,0,1,2,A,-,08,22100,B,N,B,C,A,A,H,-,A,A,0,NA,NA,NA,NA,Y,NA,A,01,0,0,1,0,0,0,0,0,0,-,-,NA,NA,LOS ANGELES,LOS ANGELES,-118.25850599,34.05078858
8137942,2016,2016-10-12,1942,2016-09-22,1550,37966,0898,4,5,7,1942,0,0,0,H,0,6TL4,ROBERTSON BL,DAVID AV,0,NA,Y,A,-,N,NA,NA,NA,NA,NA,NA,NA,NA,NA,N,4,0,1,2,A,-,09,21801,B,N,D,C,A,A,H,-,A,D,0,NA,NA,Y,NA,Y,NA,C,02,0,0,1,0,0,0,0,0,1,-,-,NA,NA,LOS ANGELES,LOS ANGELES,-118.38785005,34.04035007
8137943,2016,2016-10-12,1942,2016-09-08,1405,41376,0659,4,5,7,1942,0,0,0,F,0,6TL2,NORMANDIE AV,MOUNTAIN AV,280,N,N,A,-,N,NA,NA,NA,NA,NA,NA,NA,NA,NA,N,4,0,1,2,D,-,00,NA,NA,N,C,C,A,A,H,-,A,D,0,NA,NA,Y,NA,Y,NA,-,-,0,0,1,0,0,0,0,0,1,-,-,NA,NA,LOS ANGELES,LOS ANGELES,NA,NA
8137944,2016,2016-10-13,1942,2016-09-05,0820,38618,1239,1,5,7,1942,0,0,0,L,0,12A15,SLAUSON AV,BUDLONG AV,40,E,N,A,-,N,NA,NA,NA,NA,NA,NA,NA,NA,NA,N,3,0,1,2,A,-,05,21650,NA,N,G,G,A,A,H,-,A,A,0,NA,Y,NA,NA,Y,NA,L,04,0,1,0,0,0,0,1,0,0,-,-,NA,NA,LOS ANGELES,LOS ANGELES,-118.2957183,33.98913
8137945,2016,2016-10-12,1942,2016-09-05,0245,41463,111,1,5,7,1942,0,0,0,K,0,1A1,ALISO ST,BROADWAY AV,3,N,N,A,-,N,NA,NA,NA,NA,NA,NA,NA,NA,NA,Y,3,0,2,1,A,-,03,22350,NA,N,E,I,A,A,H,-,C,A,0,NA,NA,NA,NA,Y,NA,A,01,0,1,1,0,0,0,0,0,0,-,-,NA,NA,LOS ANGELES,LOS ANGELES,-118.24259762,34.05678524
8137946,2016,2016-10-12,1942,2016-09-21,1615,31255,0824,3,5,7,1942,0,0,0,H,0,8TL26,SUNSET BL,MANDEVILLE CANYON RD,30,E,N,A,-,N,NA,NA,NA,NA,NA,NA,NA,NA,NA,Y,3,0,2,2,A,-,03,22350,A,N,C,C,A,A,H,-,A,A,0,NA,NA,NA,NA,Y,NA,A,01,0,1,1,0,0,0,0,0,0,-,-,NA,NA,LOS ANGELES,LOS ANGELES,-118.49399088,34.06044435
8137947,2016,2016-10-12,1942,2016-09-19,1210,38282,0676,1,5,7,1942,0,0,0,F,0,20TL59,GOWER ST,WILLOUGHBY AV,50,N,N,A,-,N,NA,NA,NA,NA,NA,NA,NA,NA,NA,Y,3,0,2,2,A,-,05,21650,NA,N,D,C,A,A,H,-,A,D,0,NA,NA,NA,NA,Y,NA,-,-,0,1,1,0,0,0,0,0,0,-,-,NA,NA,LOS ANGELES,LOS ANGELES,-118.32225721,34.087247
8137948,2016,2016-10-13,1942,2016-09-02,1650,35692,1267,5,5,7,1942,0,0,0,L,0,12A57,FIGUEROA,83RD ST,20,S,N,A,-,N,NA,NA,NA,NA,NA,NA,NA,NA,NA,N,4,0,6,4,A,-,13,22500,A,M,B,C,A,A,H,-,A,D,0,NA,NA,NA,NA,Y,NA,-,-,0,0,6,0,0,0,0,0,0,-,-,NA,NA,LOS ANGELES,LOS ANGELES,-118.28272823,33.96409517
8137951,2016,2016-10-12,1942,2016-09-20,0830,37922,2004,2,5,7,1942,0,0,0,NA,0,20A71,OAKWOOD AV,OXFORD AV,0,NA,Y,A,-,N,NA,NA,NA,NA,NA,NA,NA,NA,NA,N,4,0,1,2,A,-,10,21950,A,N,-,B,-,A,H,-,A,D,0,Y,NA,NA,NA,Y,NA,A,01,0,0,1,0,1,0,0,0,0,-,-,NA,NA,LOS ANGELES,LOS ANGELES,-118.30798013,34.07762008
8137952,2016,2016-10-13,1942,2016-09-01,2345,42055,2081,4,5,7,1942,0,0,0,NA,0,20A71,18TH ST,WILTON PL,0,NA,Y,A,-,N,NA,NA,NA,NA,NA,NA,NA,NA,NA,N,3,0,1,2,A,-,12,22450,NA,N,D,C,A,A,H,-,D,A,0,NA,NA,NA,NA,Y,NA,A,01,0,1,0,0,0,0,0,0,0,-,-,NA,NA,LOS ANGELES,LOS ANGELES,-118.31445002,34.04172009
8137954,2016,2016-10-12,1942,2016-09-28,2340,37724,1802,3,5,7,1942,0,0,0,R,0,12T41,MANCHESTER AV,FIGUEROA ST,0,NA,Y,A,-,N,NA,NA,NA,NA,NA,NA,NA,NA,NA,Y,4,0,1,3,A,-,12,21453,A,F,D,C,A,A,H,-,C,A,0,NA,NA,NA,NA,Y,NA,-,99,0,0,1,0,0,0,0,0,0,-,-,NA,NA,LOS ANGELES,LOS ANGELES,-118.28273006,33.96006004
8137955,2016,2016-10-13,1942,2016-09-21,1920,38090,2081,3,5,7,1942,0,0,0,NA,0,7T23,WILTON PL,WASHINGTON BL,0,NA,Y,A,-,N,NA,NA,NA,NA,NA,NA,NA,NA,NA,N,4,0,1,3,A,-,05,21650,1,N,H,G,A,A,H,-,C,A,0,NA,Y,NA,NA,Y,NA,L,04,0,0,1,0,0,0,1,0,0,-,-,NA,NA,LOS ANGELES,LOS ANGELES,-118.31442,34.03991007
8137956,2016,2016-10-13,1942,2016-09-06,1000,38282,2062,2,5,7,1942,0,0,0,NA,0,6TL7,ARLINGTON AV,OLYMPIC BL,0,NA,Y,A,-,N,NA,NA,NA,NA,NA,NA,NA,NA,NA,Y,3,0,1,2,A,-,12,21453,A,N,D,C,A,A,H,-,A,A,0,NA,NA,Y,NA,Y,NA,-,-,0,1,0,0,0,0,0,0,1,-,-,NA,NA,LOS ANGELES,LOS ANGELES,-118.31506008,34.0525501
8137958,2016,2016-10-12,1942,2016-09-29,2100,41704,1801,4,5,7,1942,0,0,0,R,0,5T21,91ST ST,FIGUEROA ST,341,W,N,A,-,N,NA,NA,NA,NA,NA,NA,NA,NA,NA,Y,4,0,1,2,A,-,03,22350,NA,F,C,C,A,A,H,-,C,D,0,NA,NA,NA,NA,Y,NA,A,07,0,0,1,0,0,0,0,0,0,-,-,NA,NA,LOS ANGELES,LOS ANGELES,-118.28384222,33.95419213
81379586,2020,2021-01-04,1942,2020-12-31,0130,36504,2042,4,5,7,1942,0,0,0,NA,0,20A53,WESTERN AVE,7TH ST,27,N,N,A,-,N,NA,NA,NA,NA,NA,NA,NA,NA,NA,Y,2,0,1,1,A,-,03,22350,NA,N,A,I,A,A,H,-,C,D,0,NA,NA,NA,NA,Y,NA,A,01,1,0,0,0,0,0,0,0,0,-,-,NA,NA,LOS ANGELES,LOS ANGELES,-118.30908966064452,34.05974578857422
8137959,2016,2016-10-13,1942,2016-09-19,1230,39061,2029,1,5,7,1942,0,0,0,NA,0,8TL26,VERMONT AV,4TH ST,100,N,N,A,-,N,NA,NA,NA,NA,NA,NA,NA,NA,NA,N,4,0,5,3,A,-,03,22350,NA,N,C,C,A,A,H,-,A,D,0,NA,NA,NA,NA,Y,NA,A,01,0,0,5,0,0,0,0,0,0,-,-,NA,NA,LOS ANGELES,LOS ANGELES,-118.291667,34.067607
8137960,2016,2016-10-13,1942,2016-09-07,1815,31255,2015,3,5,7,1942,0,0,0,NA,0,6TL2,BEVERLY BL,BERENDO ST,0,NA,Y,A,-,N,NA,NA,NA,NA,NA,NA,NA,NA,NA,N,3,0,1,2,A,-,09,21801,A,N,D,C,A,A,H,-,A,D,0,NA,NA,Y,NA,Y,NA,A,01,0,1,0,0,0,0,0,0,0,-,-,NA,NA,LOS ANGELES,LOS ANGELES,-118.29443002,34.07631003
81379614,2020,2021-01-04,1942,2020-12-31,1146,43454,0659,4,5,7,1942,0,0,0,F,0,11A51,N NORMANDIE AV,FOUNTAIN AV,10,S,N,A,-,N,NA,NA,NA,NA,NA,NA,NA,NA,NA,N,3,0,1,2,A,-,10,21950,NA,F,G,B,B,A,H,-,A,A,0,Y,NA,NA,NA,Y,NA,-,99,0,1,0,0,1,0,0,0,0,-,-,NA,NA,LOS ANGELES,LOS ANGELES,-118.30049896240234,34.09517288208008
8137963,2016,2016-10-12,1942,2016-09-08,1305,38590,2016,4,5,7,1942,0,0,0,NA,0,20TL56,3RD ST,MARIPOSA AV,5,W,N,A,-,N,NA,NA,NA,NA,NA,NA,NA,NA,NA,N,4,0,2,3,A,-,03,22350,NA,F,C,C,A,A,H,-,A,D,0,NA,NA,NA,NA,Y,NA,-,99,0,0,2,0,0,0,0,0,0,-,-,NA,NA,LOS ANGELES,LOS ANGELES,-118.29916648,34.06902