CASE_ID,ACCIDENT_YEAR,PROC_DATE,JURIS,COLLISION_DATE,COLLISION_TIME,OFFICER_ID,REPORTING_DISTRICT,DAY_OF_WEEK,CHP_SHIFT,POPULATION,CNTY_CITY_LOC,SPECIAL_COND,BEAT_TYPE,CHP_BEAT_TYPE,CITY_DIVISION_LAPD,CHP_BEAT_CLASS,BEAT_NUMBER,PRIMARY_RD,SECONDARY_RD,DISTANCE,DIRECTION,INTERSECTION,WEATHER_1,WEATHER_2,STATE_HWY_IND,CALTRANS_COUNTY,CALTRANS_DISTRICT,STATE_ROUTE,ROUTE_SUFFIX,POSTMILE_PREFIX,POSTMILE,LOCATION_TYPE,RAMP_INTERSECTION,SIDE_OF_HWY,TOW_AWAY,COLLISION_SEVERITY,NUMBER_KILLED,NUMBER_INJURED,PARTY_COUNT,PRIMARY_COLL_FACTOR,PCF_CODE_OF_VIOL,PCF_VIOL_CATEGORY,PCF_VIOLATION,PCF_VIOL_SUBSECTION,HIT_AND_RUN,TYPE_OF_COLLISION,MVIW,PED_ACTION,ROAD_SURFACE,ROAD_COND_1,ROAD_COND_2,LIGHTING,CONTROL_DEVICE,CHP_ROAD_TYPE,PEDESTRIAN_ACCIDENT,BICYCLE_ACCIDENT,MOTORCYCLE_ACCIDENT,TRUCK_ACCIDENT,NOT_PRIVATE_PROPERTY,ALCOHOL_INVOLVED,STWD_VEHTYPE_AT_FAULT,CHP_VEHTYPE_AT_FAULT,COUNT_SEVERE_INJ,COUNT_VISIBLE_INJ,COUNT_COMPLAINT_PAIN,COUNT_PED_KILLED,COUNT_PED_INJURED,COUNT_BICYCLIST_KILLED,COUNT_BICYCLIST_INJURED,COUNT_MC_KILLED,COUNT_MC_INJURED,PRIMARY_RAMP,SECONDARY_RAMP,LATITUDE,LONGITUDE,COUNTY,CITY,POINT_X,POINT_Y
8138412,2016,2016-10-14,1942,2016-09-24,0220,42297,1267,6,5,7,1942,0,0,0,L,0,12A31,83RD ST,VERMONT,20,NA,N,A,-,N,NA,NA,NA,NA,NA,NA,NA,NA,NA,Y,4,0,1,2,A,-,01,23153,A,F,C,C,A,A,H,-,C,D,0,NA,NA,NA,NA,Y,Y,A,01,0,0,1,0,0,0,0,0,0,-,-,NA,NA,LOS ANGELES,LOS ANGELES,-118.29183,33.96365011
8138413,2016,2016-10-13,1942,2016-09-22,1625,37966,0648,4,5,7,1942,0,0,0,F,0,6TL4,WESTERN AV,HOLLYWOOD BL,220,N,N,A,-,N,NA,NA,NA,NA,NA,NA,NA,NA,NA,N,3,0,1,2,A,-,07,21658,A,F,C,C,A,A,H,-,A,D,0,NA,NA,Y,NA,Y,NA,-,99,0,1,0,0,0,0,0,0,1,-,-,NA,NA,LOS ANGELES,LOS ANGELES,-118.30928,34.10235329
8138414,2016,2016-10-13,1942,2016-09-15,0920,31573,0785,4,5,7,1942,0,0,0,G,0,34MQ09,WASHINGTON BL,VINEYARD AV,0,NA,Y,A,-,N,NA,NA,NA,NA,NA,NA,NA,NA,NA,Y,4,0,2,3,A,-,09,21801,A,N,B,C,A,A,H,-,A,A,0,NA,NA,NA,NA,Y,NA,A,01,0,0,2,0,0,0,0,0,0,-,-,NA,NA,LOS ANGELES,LOS ANGELES,-118.33984009,34.03983007
8138415,2016,2016-10-14,1942,2016-09-25,0100,32297,0727,7,5,7,1942,0,0,0,G,0,20XL3,BEVERLY BL,ORANGE DR,0,NA,Y,A,-,N,NA,NA,NA,NA,NA,NA,NA,NA,NA,N,4,0,1,2,A,-,09,21802,A,N,D,C,A,A,H,-,C,A,0,NA,NA,NA,NA,Y,NA,A,01,0,0,1,0,0,0,0,0,0,-,-,NA,NA,LOS ANGELES,LOS ANGELES,-118.34188001,34.07617007
81384153,2020,2021-01-08,1948,2020-12-18,1543,474,1948,5,5,5,1948,0,0,0,NA,0,002,YNEZ AV,EMERSON AV,0,NA,Y,A,-,N,NA,NA,NA,NA,NA,NA,NA,NA,NA,N,4,0,1,2,A,-,12,22450,A,N,H,G,A,A,H,-,A,A,0,NA,Y,NA,NA,Y,NA,L,04,0,0,1,0,0,0,1,0,0,-,-,34.0661506652832,-118.12918853759766,LOS ANGELES,MONTEREY PARK,-118.12918853759766,34.066131591796875
8138416,2016,2016-11-22,1942,2016-09-08,2126,35936,1213,4,5,7,1942,0,0,0,L,0,3T5,WESTERN AV,54TH ST,50,N,N,A,-,N,NA,NA,NA,NA,NA,NA,NA,NA,NA,Y,4,0,1,2,A,-,01,23152,A,N,C,C,A,A,H,-,C,D,0,NA,NA,NA,NA,Y,Y,A,01,0,0,1,0,0,0,0,0,0,-,-,NA,NA,LOS ANGELES,LOS ANGELES,-118.308932,33.993362
8138417,2016,2016-10-13,1942,2016-09-26,1205,37922,2097,1,5,7,1942,0,0,0,NA,0,20A71W,WASHINGTON BL,RAYMOND AV,0,NA,Y,A,-,N,NA,NA,NA,NA,NA,NA,NA,NA,NA,N,3,0,1,2,A,-,07,21658,A,N,B,G,A,A,H,-,A,D,0,NA,Y,NA,NA,Y,NA,L,04,0,1,0,0,0,0,1,0,0,-,-,NA,NA,LOS ANGELES,LOS ANGELES,-118.29742009,34.03999002
81384173,2020,2021-01-08,1942,2020-12-27,1831,41179,0733,7,5,7,1942,0,0,0,G,0,7A33,WILSHIRE BL,S OGDEN DR,12,E,N,A,-,N,NA,NA,NA,NA,NA,NA,NA,NA,NA,Y,3,0,3,2,A,-,03,22350,NA,N,C,C,A,A,H,-,C,A,0,NA,NA,NA,NA,Y,NA,A,01,0,1,2,0,0,0,0,0,0,-,-,NA,NA,LOS ANGELES,LOS ANGELES,-118.35926055908205,34.06273651123047
8138418,2016,2016-10-13,1942,2016-09-19,1050,38282,0729,1,5,7,1942,0,0,0,G,0,20TL59,ARDEN BL,BEVERLY BL,30,S,N,A,-,N,NA,NA,NA,NA,NA,NA,NA,NA,NA,N,4,0,1,2,A,-,21,22106,NA,N,C,C,A,A,H,-,A,A,0,NA,NA,NA,NA,Y,NA,A,07,0,0,1,0,0,0,0,0,0,-,-,NA,NA,LOS ANGELES,LOS ANGELES,-118.32598051,34.07614772
8138419,2016,2016-10-14,1942,2016-09-18,0950,37437,0705,7,5,7,1942,0,0,0,G,0,7MQ134,MELROSE AV,ALTA VISTA BL,12,W,N,A,-,N,NA,NA,NA,NA,NA,NA,NA,NA,NA,N,4,0,1,3,A,-,04,21703,NA,N,C,C,A,A,H,-,A,A,0,NA,NA,NA,NA,Y,NA,A,07,0,0,1,0,0,0,0,0,0,-,-,NA,NA,LOS ANGELES,LOS ANGELES,-118.34749955,34.08353065
8138420,2016,2016-10-14,1942,2016-09-12,0120,41925,1255,1,5,7,1942,0,0,0,L,0,3T5,FLORENCE AV,DALTON AV,20,E,N,A,-,N,NA,NA,NA,NA,NA,NA,NA,NA,NA,Y,4,0,1,3,A,-,01,23152,A,N,C,C,A,A,-,-,C,D,0,NA,NA,NA,NA,Y,Y,A,01,0,0,1,0,0,0,0,0,0,-,-,NA,NA,LOS ANGELES,LOS ANGELES,-118.30347416,33.97457
8138421,2016,2016-10-13,1942,2016-09-22,0900,37857,2027,4,5,7,1942,0,0,0,NA,0,20A13,WILSHIRE BL,ARDMORE AV,60,W,N,A,-,N,NA,NA,NA,NA,NA,NA,NA,NA,NA,N,4,0,1,3,A,-,03,22350,NA,F,B,C,A,A,H,-,A,A,0,NA,NA,NA,NA,Y,NA,-,99,0,0,1,0,0,0,0,0,0,-,-,NA,NA,LOS ANGELES,LOS ANGELES,-118.30224772,34.06173
8138422,2016,2016-10-13,1942,2016-09-14,2025,37235,0701,3,5,7,1942,0,0,0,G,0,7A1,N CROFT AV,ROMAINE,60,N,N,A,-,N,NA,NA,NA,NA,NA,NA,NA,NA,NA,Y,4,0,1,2,A,-,03,22350,NA,N,F,E,A,A,H,-,C,D,0,NA,NA,NA,NA,Y,NA,A,01,0,0,1,0,0,0,0,0,0,-,-,NA,NA,LOS ANGELES,LOS ANGELES,-118.37425622,34.08897454
8138423,2016,2016-10-14,1942,2016-09-27,1240,40164,0738,2,5,7,1942,0,0,0,G,0,8TL28,HIGHLAND AV,4TH ST,0,NA,N,A,-,N,NA,NA,NA,NA,NA,NA,NA,NA,NA,N,4,0,1,2,A,-,04,21703,NA,N,C,C,A,A,H,-,A,D,0,NA,NA,NA,NA,Y,NA,A,08,0,0,1,0,0,0,0,0,0,-,-,NA,NA,LOS ANGELES,LOS ANGELES,-118.338502,34.066885
8138424,2016,2016-10-14,1942,2016-09-03,1915,40237,1251,6,5,7,1942,0,0,0,L,0,12T41,CRENSHAW BL,71ST ST,0,NA,Y,A,-,N,NA,NA,NA,NA,NA,NA,NA,NA,NA,Y,4,0,1,2,A,-,09,21801,A,N,D,C,A,A,H,-,A,A,0,NA,NA,NA,NA,Y,NA,A,01,0,0,1,0,0,0,0,0,0,-,-,NA,NA,LOS ANGELES,LOS ANGELES,-118.33089,33.97566
8138425,2016,2016-10-13,1942,2016-09-18,1910,40031,0646,7,5,7,1942,0,0,0,F,0,6A76,WASHINGTON BL,LA BREA AV,0,NA,Y,A,-,N,NA,NA,NA,NA,NA,NA,NA,NA,NA,Y,4,0,2,2,A,-,12,21453,A,N,B,C,A,A,H,-,A,A,0,NA,NA,NA,NA,Y,NA,A,01,0,0,2,0,0,0,0,0,0,-,-,NA,NA,LOS ANGELES,LOS ANGELES,-118.34752009,34.0404001
8138426,2016,2016-10-13,1942,2016-09-16,0918,25481,0773,5,5,7,1942,0,0,0,G,0,14MQ78,VENICE BL,BURNSIDE AV,60,E,N,A,-,N,NA,NA,NA,NA,NA,NA,NA,NA,NA,Y,4,0,1,2,A,-,03,22350,NA,N,C,C,A,A,H,-,A,D,0,NA,NA,NA,NA,Y,NA,A,01,0,0,1,0,0,0,0,0,0,-,-,NA,NA,LOS ANGELES,LOS ANGELES,-118.35617522,34.04435811
8138427,2016,2016-10-14,1942,2016-09-28,1330,40452,0745,3,5,7,1942,0,0,0,G,0,14TL52,RIDGELEY DR,8TH ST,0,NA,Y,A,-,N,NA,NA,NA,NA,NA,NA,NA,NA,NA,N,4,0,1,2,A,-,09,21802,A,N,D,C,A,A,H,-,A,A,0,NA,NA,NA,NA,Y,NA,A,01,0,0,1,0,0,0,0,0,0,-,-,NA,NA,LOS ANGELES,LOS ANGELES,-118.35117007,34.0606501
8138428,2016,2016-12-01,1942,2016-09-26,1915,41925,1836,1,5,7,1942,0,0,0,R,0,375,113TH ST,GRAPE,500,E,N,A,-,N,NA,NA,NA,NA,NA,NA,NA,NA,NA,Y,4,0,1,4,A,-,01,23152,NA,N,C,C,A,A,H,-,C,-,0,NA,NA,NA,NA,Y,NA,A,01,0,0,1,0,0,0,0,0,0,-,-,NA,NA,LOS ANGELES,LOS ANGELES,-118.2347052,33.93244643
8138429,2016,2016-10-13,1942,2016-09-30,2300,39451,0629,5,5,7,1942,0,0,0,F,0,6A48W7,FRANKLIN AV,VAN NESS AV,15,W,N,A,-,N,NA,NA,NA,NA,NA,NA,NA,NA,NA,Y,3,0,1,2,A,-,11,21954,A,N,G,B,D,A,H,-,C,D,0,Y,NA,NA,NA,Y,NA,N,60,0,1,0,0,1,0,0,0,0,-,-,NA,NA,LOS ANGELES,LOS ANGELES,-118.31590946,34.10526
8138430,2016,2016-10-13,1942,2016-09-18,1200,42362,0711,7,5,7,1942,0,0,0,G,0,7A33,BEVERLY BL,HARPER,0,NA,Y,A,-,N,NA,NA,NA,NA,NA,NA,NA,NA,NA,N,4,0,1,2,A,-,09,21801,A,N,D,C,A,A,H,-,A,D,0,NA,NA,Y,NA,Y,NA,A,01,0,0,1,0,0,0,0,0,1,-,-,NA,NA,LOS ANGELES,LOS ANGELES,-118.36901012,34.07608009
8138431,2016,2016-10-13,1942,2016-08-30,1825,33829,0727,2,5,7,1942,0,0,0,G,0,8EL2,N LA BREA AV,BEVERLY BL,0,NA,Y,A,-,N,NA,NA,NA,NA,NA,NA,NA,NA,NA,Y,4,0,1,2,A,-,12,21453,A,N,D,C,A,A,H,-,A,A,0,NA,NA,NA,NA,Y,NA,A,07,0,0,1,0,0,0,0,0,0,-,-,NA,NA,LOS ANGELES,LOS ANGELES,-118.34404007,34.07617003
8138432,2016,2016-10-14,1942,2016-09-20,1425,31255,2030,2,5,7,1942,0,0,0,NA,0,20TL56,WESTMORELAND AV,7TH ST,0,NA,Y,A,-,N,NA,NA,NA,NA,NA,NA,NA,NA,NA,N,3,0,1,2,A,-,10,21950,A,N,G,B,B,A,H,-,A,A,0,Y,NA,NA,NA,Y,NA,A,01,0,1,0,0,1,0,0,0,0,-,-,NA,NA,LOS ANGELES,LOS ANGELES,-118.28908003,34.05976007
8138433,2016,2016-10-13,1942,2016-09-23,0930,38282,0644,5,5,7,1942,0,0,0,F,0,20T59,SUNSET BL,POINSETTIA PL,0,NA,Y,A,-,N,NA,NA,NA,NA,NA,NA,NA,NA,NA,Y,3,0,2,2,A,-,12,21453,A,N,D,C,A,A,H,-,A,A,0,NA,NA,NA,NA,Y,NA,-,-,0,1,1,0,0,0,0,0,0,-,-,NA,NA,LOS ANGELES,LOS ANGELES,-118.34834002,34.09800007
8138434,2016,2016-10-13,1942,2016-09-09,1400,41179,0722,5,5,7,1942,0,0,0,G,0,8TL26,ORLANDO AV,BLACKBURN AV,9,E,Y,A,-,N,NA,NA,NA,NA,NA,NA,NA,NA,NA,Y,4,0,2,2,A,-,09,21802,A,N,D,C,A,A,H,-,A,A,0,NA,NA,NA,NA,Y,NA,A,07,0,0,2,0,0,0,0,0,0,-,-,NA,NA,LOS ANGELES,LOS ANGELES,-118.37333,34.0721
8138435,2016,2016-11-28,1942,2016-09-17,1245,41957,0729,6,5,7,1942,0,0,0,G,0,8T26,3RD ST,LARCHMONT BL,6,E,N,A,-,N,NA,NA,NA,NA,NA,NA,NA,NA,NA,N,4,0,1,2,A,-,08,22100,A,N,B,C,A,A,H,-,A,A,0,NA,NA,NA,NA,Y,NA,A,01,0,0,1,0,0,0,0,0,0,-,-,NA,NA,LOS ANGELES,LOS ANGELES,-118.32367023,34.06895
8138436,2016,2016-10-14,1942,2016-09-30,1100,38032,0646,5,5,7,1942,0,0,0,F,0,6A15-W,MCCADDEN PL,SUNSET BL,30,S,N,A,-,N,NA,NA,NA,NA,NA,NA,NA,NA,NA,Y,3,0,1,3,A,-,09,21804,A,N,C,C,A,A,-,-,A,D,0,NA,NA,NA,NA,Y,NA,A,01,0,1,0,0,0,0,0,0,0,-,-,NA,NA,LOS ANGELES,LOS ANGELES,-118.33805938,34.09788772
8138437,2016,2016-10-13,1942,2016-09-26,0130,36589,0642,1,5,7,1942,0,0,0,F,0,6T7,SUNSET BL,FAIRFAX AV,0,NA,Y,A,-,N,NA,NA,NA,NA,NA,NA,NA,NA,NA,Y,3,0,3,2,A,-,12,21453,A,N,D,C,A,A,H,-,C,A,0,NA,NA,NA,NA,Y,NA,A,01,0,1,2,0,0,0,0,0,0,-,-,NA,NA,LOS ANGELES,LOS ANGELES,-118.36155005,34.09806006
8138438,2016,2016-10-13,1942,2016-09-16,0855,26281,0711,5,5,7,1942,0,0,0,G,0,7MQ56,FAIRFAX AV,OAKWOOD AV,50,N,N,A,-,N,NA,NA,NA,NA,NA,NA,NA,NA,NA,N,4,0,1,2,A,-,21,22106,NA,N,C,C,A,A,H,-,A,A,0,NA,NA,NA,NA,Y,NA,A,01,0,0,1,0,0,0,0,0,0,-,-,NA,NA,LOS ANGELES,LOS ANGELES,-118.36148,34.07833714
8138439,2016,2016-10-14,1942,2016-08-02,1345,38590,0734,2,5,7,1942,0,0,0,G,0,7TL38,GILMORE LN,3RD ST,250,N,N,A,-,N,NA,NA,NA,NA,NA,NA,NA,NA,NA,N,3,0,1,2,A,-,21,22106,NA,N,G,B,E,A,H,-,A,D,0,Y,NA,NA,NA,Y,NA,A,01,0,1,0,0,1,0,0,0,0,-,-,NA,NA,LOS ANGELES,LOS ANGELES,-118.35931619,34.07194199
8138440,2016,2016-10-14,1942,2016-09-26,0740,42395,0897,1,5,7,1942,0,0,0,H,0,8A53,NATIONAL BL,CANFIELD AV,1,N,N,A,-,N,NA,NA,NA,NA,NA,NA,NA,NA,NA,N,4,0,1,2,A,-,17,21100,3,N,D,G,A,A,H,-,A,A,0,NA,Y,NA,NA,Y,NA,L,04,0,0,1,0,0,0,1,0,0,-,-,NA,NA,LOS ANGELES,LOS ANGELES,-118.39469,34.03133
8138441,2016,2016-10-13,1942,2016-09-28,1435,37966,0645,3,5,7,1942,0,0,0,F,0,6TL2,SYCAMORE AV,HOLLYWOOD BL,150,S,N,A,-,N,NA,NA,NA,NA,NA,NA,NA,NA,NA,N,3,0,1,2,A,-,09,21801,A,N,D,C,A,A,H,-,A,D,0,NA,NA,Y,NA,Y,NA,A,07,0,1,0,0,0,0,0,0,1,-,-,NA,NA,LOS ANGELES,LOS ANGELES,-118.34337715,34.10111874
8138442,2016,2016-10-13,1942,2016-09-16,1840,37511,0777,5,5,7,1942,0,0,0,G,0,7T23,CRENSHAW BL,VENICE BL,10,S,N,A,-,N,NA,NA,NA,NA,NA,NA,NA,NA,NA,N,3,0,1,2,D,-,00,NA,NA,N,B,C,A,A,H,-,A,D,0,NA,NA,Y,NA,Y,NA,-,-,0,1,0,0,0,0,0,0,1,-,-,NA,NA,LOS ANGELES,LOS ANGELES,-118.32842386,34.04467512
8138443,2016,2016-10-13,1942,2016-09-17,1620,41957,0774,6,5,7,1942,0,0,0,G,0,8T26,PICKFORD ST,MANSFIELD AV,102,E,N,A,-,N,NA,NA,NA,NA,NA,NA,NA,NA,NA,Y,3,0,1,3,A,-,01,23152,A,N,C,C,A,A,H,-,A,D,0,NA,NA,NA,NA,Y,Y,A,01,0,1,0,0,0,0,0,0,0,-,-,NA,NA,LOS ANGELES,LOS ANGELES,-118.34750261,34.04260805
8138444,2016,2016-10-14,1942,2016-09-28,2135,38090,0898,3,5,7,1942,0,0,0,H,0,8T35,LA CIENEGA BL,DAVID AV,0,NA,Y,A,-,N,NA,NA,NA,NA,NA,NA,NA,NA,NA,Y,3,0,1,2,A,-,09,21453,NA,N,D,C,A,A,H,-,C,A,0,NA,NA,NA,NA,Y,NA,A,01,0,1,0,0,0,0,0,0,0,-,-,NA,NA,LOS ANGELES,LOS ANGELES,-118.37742004,34.03728002
8138445,2016,2016-10-13,1942,2016-09-27,0720,36553,0642,2,5,7,1942,0,0,0,F,0,14T49,FAIRFAX AV,FOUNTAIN AV,800,N,N,B,-,N,NA,NA,NA,NA,NA,NA,NA,NA,NA,Y,4,0,1,2,A,-,03,22350,NA,N,C,C,A,A,H,-,A,D,0,NA,NA,NA,NA,Y,NA,A,01,0,0,1,0,0,0,0,0,0,-,-,NA,NA,LOS ANGELES,LOS ANGELES,-118.36154,34.09665418
8138446,2016,2016-10-13,1942,2016-09-07,0740,42410,0889,3,5,7,1942,0,0,0,H,0,8A59,SAWYER ST,LA CIENEGA BL,0,NA,Y,A,-,N,NA,NA,NA,NA,NA,NA,NA,NA,NA,N,3,0,1,2,A,-,10,21950,A,N,G,B,B,A,H,-,A,A,0,Y,NA,NA,NA,Y,NA,A,01,0,1,0,0,1,0,0,0,0,-,-,NA,NA,LOS ANGELES,LOS ANGELES,-118.37642007,34.04255011
8138447,2016,2016-10-13,1942,2016-09-15,1610,38380,0749,4,5,7,1942,0,0,0,G,0,7TL72,OLYMPIC BL,VICTORIA AV,0,NA,Y,A,-,N,NA,NA,NA,NA,NA,NA,NA,NA,NA,Y,4,0,1,2,A,-,09,21802,A,N,D,C,A,A,H,-,A,A,0,NA,NA,NA,NA,Y,NA,A,07,0,0,1,0,0,0,0,0,0,-,-,NA,NA,LOS ANGELES,LOS ANGELES,-118.32430006,34.05485001
8138448,2016,2016-10-14,1942,2016-10-02,0310,41513,0648,7,5,7,1942,0,0,0,F,0,6A67,HOLLYWOOD BL,100TH AV,0,NA,Y,A,-,N,NA,NA,NA,NA,NA,NA,NA,NA,NA,Y,3,0,3,4,A,-,08,22107,NA,N,C,E,A,A,H,-,C,A,0,NA,NA,NA,NA,Y,Y,A,01,0,2,1,0,0,0,0,0,0,-,-,NA,NA,LOS ANGELES,LOS ANGELES,NA,NA
8138449,2016,2016-10-13,1942,2016-09-28,0545,37854,636,3,5,7,1942,0,0,0,NA,0,6A79,HOLLYWOOD BL,VINE ST,3,W,N,A,-,N,NA,NA,NA,NA,NA,NA,NA,NA,NA,N,3,0,1,2,A,-,10,21950,A,F,D,B,B,A,H,-,C,A,0,Y,NA,NA,NA,Y,NA,-,99,0,1,0,0,1,0,0,0,0,-,-,NA,NA,LOS ANGELES,LOS ANGELES,-118.32666989,34.1016
8138450,2016,2016-10-13,1942,2016-09-17,2315,39262,2062,6,5,7,1942,0,0,0,NA,0,20A1,MANHATTAN PL,OLYMPIC BL,150,S,N,A,-,N,NA,NA,NA,NA,NA,NA,NA,NA,NA,N,4,0,1,2,A,-,09,21804,A,N,H,G,A,A,H,-,C,D,0,NA,Y,NA,NA,Y,NA,L,04,0,0,1,0,0,0,1,0,0,-,-,NA,NA,LOS ANGELES,LOS ANGELES,-118.31012775,34.05223861
8138451,2016,2016-11-28,1942,2016-09-21,0005,24475,0734,3,5,7,1942,0,0,0,G,0,6T7,FAIRFAX AV,6TH ST,0,NA,Y,A,-,N,NA,NA,NA,NA,NA,NA,NA,NA,NA,Y,4,0,1,2,A,-,12,21453,A,N,D,C,A,A,H,-,C,A,0,NA,NA,NA,NA,Y,NA,-,-,0,0,1,0,0,0,0,0,0,-,-,NA,NA,LOS ANGELES,LOS ANGELES,-118.36139005,34.06487004
8138452,2016,2016-10-14,1942,2016-09-26,1710,42415,2054,1,5,7,1942,0,0,0,NA,0,20A26,OLYMPIC BL,KINGSLEY AV,0,NA,Y,A,-,N,NA,NA,NA,NA,NA,NA,NA,NA,NA,N,4,0,1,2,A,-,09,21804,A,N,H,G,A,A,-,-,A,D,0,NA,Y,NA,NA,Y,NA,A,01,0,0,1,0,0,0,1,0,0,-,-,NA,NA,LOS ANGELES,LOS ANGELES,-118.30315005,34.05263001
8138453,2016,2016-10-13,1942,2016-09-04,1025,36553,0885,7,5,7,1942,0,0,0,H,0,14TL49,OVERLAND AV,ASHBY AV,200,N,N,A,-,N,NA,NA,NA,NA,NA,NA,NA,NA,NA,N,4,0,1,2,A,-,03,22350,NA,N,C,C,A,A,H,-,A,A,0,NA,NA,NA,NA,Y,NA,A,01,0,0,1,0,0,0,0,0,0,-,-,NA,NA,LOS ANGELES,LOS ANGELES,-118.4223142,34.03857254
8138454,2016,2016-10-13,1942,2016-09-17,1330,38590,2019,6,5,7,1942,0,0,0,NA,0,8T26,VERMONT AV,3RD ST,250,S,N,A,-,N,NA,NA,NA,NA,NA,NA,NA,NA,NA,N,4,0,2,2,A,-,09,21801,A,N,D,C,A,A,H,-,A,D,0,NA,NA,NA,NA,Y,NA,A,08,0,0,2,0,0,0,0,0,0,-,-,NA,NA,LOS ANGELES,LOS ANGELES,-118.291646,34.068352
8138455,2016,2016-10-13,1942,2016-09-13,1500,31255,0762,2,5,7,1942,0,0,0,G,0,14TL52,PICO BL,CRESCENT HEIGHTS BL,0,NA,Y,A,-,N,NA,NA,NA,NA,NA,NA,NA,NA,NA,Y,3,0,1,2,A,-,09,21801,A,N,D,C,A,A,H,-,A,A,0,NA,NA,NA,NA,Y,NA,A,01,0,1,0,0,0,0,0,0,0,-,-,NA,NA,LOS ANGELES,LOS ANGELES,-118.37210004,34.05254002
8138456,2016,2016-10-14,1942,2016-09-27,1810,31255,0884,2,5,7,1942,0,0,0,H,0,7TL38,PICO BL,SAWTELLE BL,100,W,N,A,-,N,NA,NA,NA,NA,NA,NA,NA,NA,NA,N,3,0,1,3,A,-,07,21658,A,N,B,C,A,A,H,-,A,D,0,NA,NA,Y,NA,Y,NA,C,02,0,1,0,0,0,0,0,0,1,-,-,NA,NA,LOS ANGELES,LOS ANGELES,-118.43896245,34.03506878
8138457,2016,2016-10-13,1942,2016-09-11,1715,37146,0849,7,5,7,1942,0,0,0,H,0,8X48,LA CIENEGA BL,WHITWORTH DR,200,S,N,A,-,N,NA,NA,NA,NA,NA,NA,NA,NA,NA,N,4,0,2,2,A,-,03,22350,NA,N,C,C,A,A,H,-,A,D,0,NA,NA,NA,NA,Y,NA,-,-,0,0,2,0,0,0,0,0,0,-,-,NA,NA,LOS ANGELES,LOS ANGELES,-118.37620831,34.05649145
8138458,2016,2016-10-13,1942,2016-09-07,1700,41766,0815,3,5,7,1942,0,0,0,H,0,8A12W4,SUNSET BL,GLENROY AV,0,NA,Y,B,-,N,NA,NA,NA,NA,NA,NA,NA,NA,NA,Y,4,0,2,2,A,-,03,22350,NA,N,D,C,A,A,H,-,A,D,0,NA,NA,NA,NA,Y,NA,-,-,0,0,2,0,0,0,0,0,0,-,-,NA,NA,LOS ANGELES,LOS ANGELES,-118.46118007,34.07309004
8138459,2016,2016-10-13,1942,2016-09-21,2130,37511,0742,3,5,7,1942,0,0,0,G,0,7T23,WILSHIRE BL,SAN VICENTE BL,30,W,N,A,-,N,NA,NA,NA,NA,NA,NA,NA,NA,NA,N,4,0,1,2,A,-,03,22350,NA,F,C,C,A,A,H,-,C,A,0,NA,NA,NA,NA,Y,NA,-,99,0,0,1,0,0,0,0,0,0,-,-,NA,NA,LOS ANGELES,LOS ANGELES,-118.45925557,34.05072694
8138460,2016,2016-10-14,1942,2016-09-19,1200,41376,0727,1,5,7,1942,0,0,0,G,0,7TL38,LA BREA AV,2ND ST,153,S,N,B,-,N,NA,NA,NA,NA,NA,NA,NA,NA,NA,Y,3,0,1,2,A,-,08,22107,NA,N,B,C,A,A,H,-,A,D,0,NA,NA,NA,NA,Y,NA,A,01,0,1,0,0,0,0,0,0,0,-,-,NA,NA,LOS ANGELES,LOS ANGELES,-118.34403914,34.07060037
8138461,2016,2016-10-13,1942,2016-09-28,1715,42286,0645,3,5,7,1942,0,0,0,F,0,6A66,FRANKLIN AV,N SYCAMORE AV,0,NA,Y,A,-,N,NA,NA,NA,NA,NA,NA,NA,NA,NA,N,4,0,1,2,A,-,09,21802,A,N,D,C,A,A,H,-,A,D,0,NA,NA,NA,NA,Y,NA,A,01,0,0,1,0,0,0,0,0,0,-,-,NA,NA,LOS ANGELES,LOS ANGELES,-118.34331007,34.10414012
8138462,2016,2016-10-13,1942,2016-09-22,2020,37511,2079,4,5,7,1942,0,0,0,NA,0,7T23,PICO BL,ELDEN AV,90,E,N,A,-,N,NA,NA,NA,NA,NA,NA,NA,NA,NA,Y,3,0,1,2,A,-,09,21804,A,N,D,C,A,A,H,-,C,D,0,NA,NA,NA,NA,Y,NA,A,01,0,1,0,0,0,0,0,0,0,-,-,NA,NA,LOS ANGELES,LOS ANGELES,-118.28740348,34.0473
8138463,2016,2016-11-28,1942,2016-09-11,2045,41978,0745,7,5,7,1942,0,0,0,G,0,20T59,OLYMPIC BL,DETROIT ST,65,W,N,A,-,N,NA,NA,NA,NA,NA,NA,NA,NA,NA,N,4,0,1,2,A,-,11,21954,A,N,G,B,D,A,H,-,C,D,0,Y,NA,NA,NA,Y,NA,N,60,0,0,1,0,1,0,0,0,0,-,-,NA,NA,LOS ANGELES,LOS ANGELES,-118.34737359,34.05727665
8138464,2016,2016-10-14,1942,2016-09-19,1705,41376,0719,1,5,7,1942,0,0,0,G,0,7TL38,MELROSE AV,CAHUENGA BL,0,W,N,A,-,N,NA,NA,NA,NA,NA,NA,NA,NA,NA,N,4,0,1,2,A,-,21,22106,NA,N,B,C,A,A,H,-,A,B,0,NA,NA,Y,NA,Y,NA,A,01,0,0,1,0,0,0,0,0,1,-,-,NA,NA,LOS ANGELES,LOS ANGELES,-118.3287701,34.08348006