CASE_ID,ACCIDENT_YEAR,PROC_DATE,JURIS,COLLISION_DATE,COLLISION_TIME,OFFICER_ID,REPORTING_DISTRICT,DAY_OF_WEEK,CHP_SHIFT,POPULATION,CNTY_CITY_LOC,SPECIAL_COND,BEAT_TYPE,CHP_BEAT_TYPE,CITY_DIVISION_LAPD,CHP_BEAT_CLASS,BEAT_NUMBER,PRIMARY_RD,SECONDARY_RD,DISTANCE,DIRECTION,INTERSECTION,WEATHER_1,WEATHER_2,STATE_HWY_IND,CALTRANS_COUNTY,CALTRANS_DISTRICT,STATE_ROUTE,ROUTE_SUFFIX,POSTMILE_PREFIX,POSTMILE,LOCATION_TYPE,RAMP_INTERSECTION,SIDE_OF_HWY,TOW_AWAY,COLLISION_SEVERITY,NUMBER_KILLED,NUMBER_INJURED,PARTY_COUNT,PRIMARY_COLL_FACTOR,PCF_CODE_OF_VIOL,PCF_VIOL_CATEGORY,PCF_VIOLATION,PCF_VIOL_SUBSECTION,HIT_AND_RUN,TYPE_OF_COLLISION,MVIW,PED_ACTION,ROAD_SURFACE,ROAD_COND_1,ROAD_COND_2,LIGHTING,CONTROL_DEVICE,CHP_ROAD_TYPE,PEDESTRIAN_ACCIDENT,BICYCLE_ACCIDENT,MOTORCYCLE_ACCIDENT,TRUCK_ACCIDENT,NOT_PRIVATE_PROPERTY,ALCOHOL_INVOLVED,STWD_VEHTYPE_AT_FAULT,CHP_VEHTYPE_AT_FAULT,COUNT_SEVERE_INJ,COUNT_VISIBLE_INJ,COUNT_COMPLAINT_PAIN,COUNT_PED_KILLED,COUNT_PED_INJURED,COUNT_BICYCLIST_KILLED,COUNT_BICYCLIST_INJURED,COUNT_MC_KILLED,COUNT_MC_INJURED,PRIMARY_RAMP,SECONDARY_RAMP,LATITUDE,LONGITUDE,COUNTY,CITY,POINT_X,POINT_Y
8138465,2016,2016-10-13,1942,2016-09-08,1900,40899,0849,4,5,7,1942,0,0,0,H,0,8T35,OLYMPIC BL,WOOSTER ST,0,NA,Y,A,-,N,NA,NA,NA,NA,NA,NA,NA,NA,NA,Y,4,0,1,2,A,-,09,21802,A,N,D,C,A,A,H,-,B,A,0,NA,NA,NA,NA,Y,NA,A,01,0,0,1,0,0,0,0,0,0,-,-,NA,NA,LOS ANGELES,LOS ANGELES,-118.38244011,34.05936003
8138466,2016,2016-10-13,1942,2016-09-21,0900,36846,2033,3,5,7,1942,0,0,0,NA,0,20A53,HOBART BL,7TH ST,0,NA,Y,A,-,N,NA,NA,NA,NA,NA,NA,NA,NA,NA,N,4,0,1,2,A,-,12,22450,A,N,B,C,A,A,-,-,A,A,0,NA,NA,NA,NA,Y,NA,-,-,0,0,1,0,0,0,0,0,0,-,-,NA,NA,LOS ANGELES,LOS ANGELES,-118.30534013,34.05970003
8138467,2016,2016-10-13,1942,2016-09-14,1220,41957,0737,3,5,7,1942,0,0,0,G,0,20T56,MANSFIELD DR,6TH ST,0,NA,Y,A,-,N,NA,NA,NA,NA,NA,NA,NA,NA,NA,NA,3,0,1,2,A,-,09,21801,A,N,D,C,A,A,H,-,A,D,0,NA,NA,NA,NA,Y,NA,A,01,0,1,0,0,0,0,0,0,0,-,-,NA,NA,LOS ANGELES,LOS ANGELES,-118.34077003,34.06493005
8138468,2016,2016-10-14,1942,2016-09-26,1750,31255,2042,1,5,7,1942,0,0,0,NA,0,20TL56,8TH ST,SAINT ANDREWS PL,0,NA,Y,A,-,N,NA,NA,NA,NA,NA,NA,NA,NA,NA,Y,3,0,5,2,A,-,09,21801,A,N,D,C,A,A,H,-,A,A,0,NA,NA,NA,NA,Y,NA,A,07,0,2,3,0,0,0,0,0,0,-,-,NA,NA,LOS ANGELES,LOS ANGELES,-118.31119011,34.05803006
8138469,2016,2016-10-13,1942,2016-09-07,0700,38282,0842,3,5,7,1942,0,0,0,H,0,20TL59,WILSHIRE BL,BARRY AV,0,NA,Y,B,-,N,NA,NA,NA,NA,NA,NA,NA,NA,NA,Y,4,0,3,2,A,-,09,21801,A,N,D,C,A,A,H,-,A,A,0,NA,NA,NA,NA,Y,NA,-,-,0,0,3,0,0,0,0,0,0,-,-,NA,NA,LOS ANGELES,LOS ANGELES,-118.4600801,34.05014002
8138470,2016,2016-10-13,1942,2016-09-23,1810,40212,2058,5,5,7,1942,0,0,0,NA,0,20A26,OLYMPIC,ELDEN,30,E,N,A,-,N,NA,NA,NA,NA,NA,NA,NA,NA,NA,N,4,0,1,2,A,-,04,21703,NA,N,C,C,A,A,H,-,A,A,0,NA,NA,NA,NA,Y,NA,A,01,0,0,1,0,0,0,0,0,0,-,-,NA,NA,LOS ANGELES,LOS ANGELES,-118.28763115,34.05243
8138471,2016,2016-10-13,1942,2016-09-15,1355,37966,0735,4,5,7,1942,0,0,0,G,0,34EL2,CLOVERDALE AV,WILSHIRE BL,163,N,N,A,-,N,NA,NA,NA,NA,NA,NA,NA,NA,NA,Y,3,0,1,2,A,-,09,21804,A,N,D,C,A,A,H,-,A,D,0,NA,NA,NA,NA,Y,NA,A,01,0,1,0,0,0,0,0,0,0,-,-,NA,NA,LOS ANGELES,LOS ANGELES,-118.34616686,34.06270568
8138472,2016,2016-10-14,1942,2016-09-25,0650,38282,2045,7,5,7,1942,0,0,0,NA,0,20TL55,JAMES M WOOD BL,MARIPOSA AV,0,NA,Y,A,-,N,NA,NA,NA,NA,NA,NA,NA,NA,NA,Y,3,0,2,2,A,-,09,21802,A,N,D,C,A,A,H,-,A,A,0,NA,NA,NA,NA,Y,NA,A,01,0,1,1,0,0,0,0,0,0,-,-,NA,NA,LOS ANGELES,LOS ANGELES,-118.2987,34.05591
8138473,2016,2016-10-13,1942,2016-09-07,1830,42407,1454,3,5,7,1942,0,0,0,N,0,8A98,MINDANAO WY,MARINE EXPRESS,10,S,N,A,-,N,NA,NA,NA,NA,NA,NA,NA,NA,NA,N,4,0,1,2,A,-,08,22107,NA,N,H,G,A,A,H,-,A,A,0,NA,Y,NA,NA,Y,NA,A,01,0,0,1,0,0,0,1,0,0,-,-,NA,NA,LOS ANGELES,LOS ANGELES,-118.438073,33.982947
8138474,2016,2016-10-13,1942,2016-09-27,1950,39930,2015,2,5,7,1942,0,0,0,NA,0,20T59,BEVERLY BL,BERENDO ST,0,NA,Y,A,-,N,NA,NA,NA,NA,NA,NA,NA,NA,NA,Y,3,0,3,2,A,-,09,21801,A,N,D,C,A,A,H,-,C,D,0,NA,NA,Y,NA,Y,NA,A,01,0,1,2,0,0,0,0,0,2,-,-,NA,NA,LOS ANGELES,LOS ANGELES,-118.29443002,34.07631003
8138475,2016,2016-10-13,1942,2016-09-15,0930,38282,0727,4,5,7,1942,0,0,0,G,0,20TL59,BEVERLY BL,LAS PALMAS AV,0,NA,Y,A,-,N,NA,NA,NA,NA,NA,NA,NA,NA,NA,N,4,0,1,2,A,-,09,21802,A,N,D,C,A,A,H,-,A,A,0,NA,NA,NA,NA,Y,NA,A,01,0,0,1,0,0,0,0,0,0,-,-,NA,NA,LOS ANGELES,LOS ANGELES,-118.33602013,34.07621006
8138476,2016,2016-10-14,1942,2016-09-23,1005,38226,0739,5,5,7,1942,0,0,0,G,0,6A77,WILSHIRE,RIMPAU,0,NA,Y,A,-,N,NA,NA,NA,NA,NA,NA,NA,NA,NA,N,3,0,1,2,A,-,10,21950,A,N,D,B,B,A,H,-,A,A,0,Y,NA,NA,NA,Y,Y,A,01,0,1,0,0,1,0,0,0,0,-,-,NA,NA,LOS ANGELES,LOS ANGELES,-118.33179011,34.06199004
8138477,2016,2016-10-13,1942,2016-09-07,0820,42395,1455,3,5,7,1942,0,0,0,N,0,8A53,CENTINELA AV,SHORT AV,150,N,N,A,-,N,NA,NA,NA,NA,NA,NA,NA,NA,NA,Y,4,0,2,3,A,-,09,21804,A,N,D,C,A,A,H,-,A,A,0,NA,NA,NA,NA,Y,NA,A,01,0,0,2,0,0,0,0,0,0,-,-,NA,NA,LOS ANGELES,LOS ANGELES,-118.42372985,33.99320185
8138478,2016,2016-10-13,1942,2016-09-23,1730,40476,2041,5,5,7,1942,0,0,0,NA,0,20A34,OLYMPIC BL,BRONSON AV,0,NA,Y,A,-,N,NA,NA,NA,NA,NA,NA,NA,NA,NA,N,4,0,2,2,A,-,09,21802,A,N,D,C,A,A,H,-,A,A,0,NA,NA,NA,NA,Y,NA,A,01,0,0,2,0,0,0,0,0,0,-,-,NA,NA,LOS ANGELES,LOS ANGELES,-118.32187002,34.05426005
8138479,2016,2016-10-13,1942,2016-09-12,1655,37966,0729,1,5,7,1942,0,0,0,G,0,6TL4,ROSSMORE AV,BEVERLY BL,800,S,N,A,-,N,NA,NA,NA,NA,NA,NA,NA,NA,NA,Y,4,0,1,2,A,-,09,21801,B,N,D,C,A,A,H,-,A,D,0,NA,NA,Y,NA,Y,NA,C,02,0,0,1,0,0,0,0,0,1,-,-,NA,NA,LOS ANGELES,LOS ANGELES,-118.32736643,34.07390164
8138480,2016,2016-10-14,1942,2016-09-25,1920,38090,0738,7,5,7,1942,0,0,0,G,0,7T23,HIGHLAND AV,WILSHIRE BL,330,S,N,A,-,N,NA,NA,NA,NA,NA,NA,NA,NA,NA,Y,4,0,2,4,A,-,03,22350,NA,N,C,C,A,A,H,-,C,A,0,NA,NA,NA,NA,Y,NA,A,07,0,0,2,0,0,0,0,0,0,-,-,NA,NA,LOS ANGELES,LOS ANGELES,-118.33845782,34.0612445
8138481,2016,2016-10-13,1942,2016-07-27,2100,40643,0409,3,5,7,1942,0,0,0,D,0,4T43,HUNTINGTON DR,VAN HORNE,80,W,N,A,-,N,NA,NA,NA,NA,NA,NA,NA,NA,NA,N,4,0,1,2,A,-,11,21954,A,N,G,B,D,A,H,-,C,A,0,Y,NA,NA,NA,Y,NA,N,60,0,0,1,0,1,0,0,0,0,-,-,NA,NA,LOS ANGELES,LOS ANGELES,-118.17104184,34.08940551
8138482,2016,2016-10-13,1942,2016-08-20,2345,42278,1141,6,5,7,1942,0,0,0,K,0,11A1,LOS FELIZ BL,EDGEMONT ST,0,NA,Y,A,-,N,NA,NA,NA,NA,NA,NA,NA,NA,NA,N,4,0,3,2,A,-,03,22350,NA,N,C,C,A,A,H,-,C,A,0,NA,NA,NA,NA,Y,NA,A,01,0,0,3,0,0,0,0,0,0,-,-,NA,NA,LOS ANGELES,LOS ANGELES,-118.29754001,34.11005004
8138484,2016,2016-10-13,1942,2016-09-09,2000,42373,1497,5,5,7,1942,0,0,0,N,0,14A49,W CENTURY BL,AVIATION BL,15,E,N,A,-,N,NA,NA,NA,NA,NA,NA,NA,NA,NA,N,3,0,1,2,A,-,10,21950,A,N,G,B,B,A,H,-,C,A,0,Y,NA,NA,NA,Y,NA,-,NA,0,1,0,0,1,0,0,0,0,-,-,NA,NA,LOS ANGELES,LOS ANGELES,-118.37915,33.94511
8138485,2016,2016-10-13,1942,2016-07-27,1900,36926,0456,3,5,7,1942,0,0,0,D,0,11T32,FAIRMOUNT ST,SOTO,380,E,N,A,-,N,NA,NA,NA,NA,NA,NA,NA,NA,NA,N,4,0,1,3,C,-,18,NA,NA,N,C,C,E,A,H,-,A,D,0,Y,NA,NA,NA,Y,NA,-,-,0,0,1,0,1,0,0,0,0,-,-,NA,NA,LOS ANGELES,LOS ANGELES,-118.20335526,34.05158976
8138486,2016,2016-10-13,1942,2016-08-24,0957,41139,1141,3,5,7,1942,0,0,0,K,0,11A1,LOS FELIZ BL,VERMONT AV,0,NA,Y,A,-,N,NA,NA,NA,NA,NA,NA,NA,NA,NA,Y,4,0,2,2,A,-,09,21801,A,N,G,C,A,A,H,-,A,A,0,NA,NA,NA,NA,Y,NA,A,01,0,0,2,0,0,0,0,0,0,-,-,NA,NA,LOS ANGELES,LOS ANGELES,-118.29182013,34.11106003
8138488,2016,2016-10-13,1942,2016-09-07,1715,41276,1434,3,5,7,1942,0,0,0,N,0,14A12,VENICE BL,CENTINELA BL,90,W,N,A,-,N,NA,NA,NA,NA,NA,NA,NA,NA,NA,N,3,0,1,2,A,-,05,21650,1,N,G,A,A,A,H,-,A,D,0,NA,Y,NA,NA,Y,NA,L,04,0,1,0,0,0,0,1,0,0,-,-,NA,NA,LOS ANGELES,LOS ANGELES,-118.43385484,34.00362392
8138490,2016,2016-10-13,1942,2016-08-18,1510,41597,1117,4,5,7,1942,0,0,0,K,0,4A3,TOWNSEND AV,OAK GROVE DR,200,N,N,A,-,N,NA,NA,NA,NA,NA,NA,NA,NA,NA,N,4,0,1,4,A,-,03,22350,NA,N,C,C,A,A,H,-,A,D,0,NA,NA,NA,NA,Y,NA,-,NA,0,0,1,0,0,0,0,0,0,-,-,NA,NA,LOS ANGELES,LOS ANGELES,-118.20201,34.13179824
8138491,2016,2016-10-13,1942,2016-09-27,1225,34393,2029,2,5,7,1942,0,0,0,NA,0,20A71,6TH ST,COMMONWEALTH AV,0,NA,Y,A,-,N,NA,NA,NA,NA,NA,NA,NA,NA,NA,N,4,0,1,2,A,-,10,21950,A,N,G,B,B,A,H,-,A,A,0,Y,NA,NA,NA,Y,NA,A,01,0,0,1,0,1,0,0,0,0,-,-,NA,NA,LOS ANGELES,LOS ANGELES,-118.28567005,34.0637101
8138492,2016,2016-10-13,1942,2016-09-07,0930,30521,1479,3,5,7,1942,0,0,0,N,0,NA49,LA TIJERA BL,74TH ST,170,W,N,A,-,N,NA,NA,NA,NA,NA,NA,NA,NA,NA,N,4,0,1,2,A,-,04,21703,NA,N,C,C,A,A,H,-,A,D,0,NA,NA,NA,NA,Y,NA,A,01,0,0,1,0,0,0,0,0,0,-,-,NA,NA,LOS ANGELES,LOS ANGELES,-118.37980592,33.97021232
8138493,2016,2016-10-13,1942,2016-07-31,1115,40275,0461,7,5,7,1942,0,0,0,D,0,4T45,UTAH ST,MONO ST,5,W,N,A,-,N,NA,NA,NA,NA,NA,NA,NA,NA,NA,N,3,0,1,2,A,-,08,22107,NA,N,D,G,A,A,E,-,A,D,0,NA,Y,NA,NA,Y,NA,A,08,0,1,0,0,0,0,1,0,0,-,-,NA,NA,LOS ANGELES,LOS ANGELES,-118.2254,34.04588
8138494,2016,2016-10-13,1942,2016-08-17,1715,41863,1124,3,5,7,1942,0,0,0,K,0,11A89,FLETCHER DR,WELDON AV,100,S,N,A,-,N,NA,NA,NA,NA,NA,NA,NA,NA,NA,N,3,0,1,3,A,-,04,21703,NA,N,H,G,A,A,H,-,A,D,0,NA,Y,NA,NA,Y,NA,-,NA,0,1,0,0,0,0,1,0,0,-,-,NA,NA,LOS ANGELES,LOS ANGELES,-118.23612272,34.11875535
8138496,2016,2016-10-13,1942,2016-09-07,1700,37700,1426,3,5,7,1942,0,0,0,N,0,14TL52,STANWOOD DR,SAWTELLE BL,2,E,N,A,-,N,NA,NA,NA,NA,NA,NA,NA,NA,NA,N,4,0,1,2,A,-,05,21650,1,N,D,G,A,A,H,-,A,A,0,NA,Y,NA,NA,Y,NA,L,04,0,0,1,0,0,0,1,0,0,-,-,NA,NA,LOS ANGELES,LOS ANGELES,-118.42938,34.02366
8138497,2016,2016-10-13,1942,2016-07-30,1105,39060,0417,6,5,7,1942,0,0,0,D,0,13TL53,HUNTINGTON DR N,ESMERALDA ST,0,NA,Y,A,-,N,NA,NA,NA,NA,NA,NA,NA,NA,NA,N,4,0,1,2,A,-,09,21801,A,N,D,C,A,A,H,-,A,A,0,NA,NA,NA,NA,Y,NA,A,01,0,0,1,0,0,0,0,0,0,-,-,NA,NA,LOS ANGELES,LOS ANGELES,-118.1922,34.08147001
8138498,2016,2016-10-13,1942,2016-08-11,1620,42175,1123,4,5,7,1942,0,0,0,K,0,2A17,LOS FELIZ BL,SENECA AV,0,NA,Y,A,-,N,NA,NA,NA,NA,NA,NA,NA,NA,NA,N,4,0,3,2,A,-,04,21703,NA,N,C,C,A,A,H,-,A,A,0,NA,NA,NA,NA,Y,NA,-,NA,0,0,3,0,0,0,0,0,0,-,-,NA,NA,LOS ANGELES,LOS ANGELES,-118.26287001,34.12645001
8138500,2016,2016-10-13,1942,2016-09-09,0845,42399,1453,5,5,7,1942,0,0,0,N,0,14A45,BEACH AV,GLENCOE AV,65,W,N,A,-,N,NA,NA,NA,NA,NA,NA,NA,NA,NA,Y,4,0,1,2,A,-,09,21804,A,N,D,C,A,A,H,-,A,A,0,NA,NA,NA,NA,Y,NA,A,01,0,0,1,0,0,0,0,0,0,-,-,NA,NA,LOS ANGELES,LOS ANGELES,-118.44438488,33.99125014
8138501,2016,2016-10-13,1942,2016-07-28,0740,39010,0455,4,5,7,1942,0,0,0,D,0,11TL21,WABASH AV,SOTO ST,134,E,N,A,-,N,NA,NA,NA,NA,NA,NA,NA,NA,NA,N,4,0,1,2,A,-,03,22350,NA,N,C,C,A,A,H,-,A,A,0,NA,NA,NA,NA,Y,NA,A,01,0,0,1,0,0,0,0,0,0,-,-,NA,NA,LOS ANGELES,LOS ANGELES,-118.2034928,34.05284959
8138502,2016,2016-12-01,1942,2016-08-09,1335,40008,1134,2,5,7,1942,0,0,0,K,0,2TL15,EAGLE ROCK BL,W AVENUE 36,0,NA,Y,A,-,N,NA,NA,NA,NA,NA,NA,NA,NA,NA,N,4,0,2,2,A,-,09,21801,NA,N,B,C,A,A,H,-,A,-,0,NA,NA,NA,NA,Y,NA,A,01,0,0,2,0,0,0,0,0,0,-,-,NA,NA,LOS ANGELES,LOS ANGELES,-118.23453012,34.11736006
8138504,2016,2017-03-04,1942,2016-09-08,0635,36356,1494,4,5,7,1942,0,0,0,N,0,14TL47,IMPERIAL HWY,CALIFORNIA ST,0,NA,Y,A,-,Y,LA,7,105,-,R,0.051,I,5,W,Y,2,0,1,1,A,-,03,22350,NA,N,A,I,A,A,H,-,A,A,0,NA,NA,NA,NA,Y,NA,A,01,1,0,0,0,0,0,0,0,0,-,-,NA,NA,LOS ANGELES,LOS ANGELES,-118.40404107,33.93150472
8138506,2016,2016-10-13,1942,2016-08-07,0230,42238,1171,7,5,7,1942,0,0,0,K,0,11A71,HYPERION AV,EFFIE ST,0,NA,Y,A,-,N,NA,NA,NA,NA,NA,NA,NA,NA,NA,N,3,0,1,2,A,-,10,21950,A,F,G,B,B,A,H,-,C,D,0,Y,NA,NA,NA,Y,Y,-,99,0,1,0,0,1,0,0,0,0,-,-,NA,NA,LOS ANGELES,LOS ANGELES,-118.27838005,34.09377002
8138508,2016,2016-10-13,1942,2016-08-04,1000,42338,0833,4,5,7,1942,0,0,0,H,0,8A35,WESTWOOD,WELLWORTH,0,NA,Y,A,-,N,NA,NA,NA,NA,NA,NA,NA,NA,NA,Y,3,0,1,2,A,-,12,21453,A,N,D,C,A,A,H,-,A,A,0,NA,NA,Y,NA,Y,NA,C,02,0,1,0,0,0,0,0,0,1,-,-,NA,NA,LOS ANGELES,LOS ANGELES,-118.44279006,34.05698002
8138512,2016,2016-10-13,1942,2016-09-24,1230,38380,0857,6,5,7,1942,0,0,0,H,0,7TL72,PICO BL,ELM DR,0,NA,Y,A,-,N,NA,NA,NA,NA,NA,NA,NA,NA,NA,Y,3,0,2,3,A,-,03,22350,NA,N,C,C,A,A,H,-,A,A,0,NA,NA,NA,NA,Y,NA,A,01,0,1,1,0,0,0,0,0,0,-,-,NA,NA,LOS ANGELES,LOS ANGELES,-118.39494004,34.05527008
8138513,2016,2016-10-13,1942,2016-07-08,1020,42294,836,5,5,7,1942,0,0,0,NA,0,8A59,S BEVERLY GLEN BL,LOUISIANA,0,NA,Y,A,-,N,NA,NA,NA,NA,NA,NA,NA,NA,NA,Y,4,0,2,4,A,-,03,22350,NA,N,C,C,A,A,H,-,A,A,0,NA,NA,NA,NA,Y,NA,A,07,0,0,2,0,0,0,0,0,0,-,-,NA,NA,LOS ANGELES,LOS ANGELES,-118.42147003,34.05144004
8138516,2016,2016-10-13,1942,2016-09-27,1900,38090,0884,2,5,7,1942,0,0,0,H,0,7T23,MIDVALE AV,OLYMPIC BL,0,NA,Y,A,-,N,NA,NA,NA,NA,NA,NA,NA,NA,NA,Y,3,0,3,2,A,-,09,21801,A,N,D,C,A,A,H,-,C,A,0,NA,NA,NA,NA,Y,NA,A,01,0,1,2,0,0,0,0,0,0,-,-,NA,NA,LOS ANGELES,LOS ANGELES,-118.43267004,34.04334001
8138520,2016,2016-10-13,1942,2016-09-02,1000,36553,14,5,5,7,1942,0,0,0,N,0,14TL49,MANCHESTER AV,SEPULVEDA WY,0,NA,Y,A,-,N,NA,NA,NA,NA,NA,NA,NA,NA,NA,N,3,0,1,2,A,-,12,21453,A,N,D,C,A,A,H,-,A,A,0,NA,NA,NA,NA,Y,NA,A,01,0,1,0,0,0,0,0,0,0,-,-,NA,NA,LOS ANGELES,LOS ANGELES,-118.39623006,33.95992008
8138524,2016,2016-10-13,1942,2016-09-21,2230,24475,1454,3,5,7,1942,0,0,0,N,0,6T7,MINDANAO WY,LINCOLN BL,175,E,N,A,-,N,NA,NA,NA,NA,NA,NA,NA,NA,NA,N,3,0,1,2,A,-,08,22107,NA,F,D,G,A,A,H,-,C,D,0,NA,Y,NA,NA,Y,NA,-,99,0,1,0,0,0,0,1,0,0,-,-,NA,NA,LOS ANGELES,LOS ANGELES,-118.43869478,33.98094411
8138528,2016,2016-10-13,1942,2016-09-04,1530,40452,1409,7,5,7,1942,0,0,0,N,0,14TL52,NATIONAL BL,REGENT ST,0,NA,Y,A,-,N,NA,NA,NA,NA,NA,NA,NA,NA,NA,N,3,0,1,2,A,-,09,21801,A,N,D,C,A,A,H,-,A,A,0,NA,NA,NA,NA,Y,NA,A,01,0,1,0,0,0,0,0,0,0,-,-,NA,NA,LOS ANGELES,LOS ANGELES,-118.39008003,34.03073012
8138529,2016,2016-10-13,1942,2016-07-14,0345,42394,0246,4,5,7,1942,0,0,0,B,0,2A47,ALVARADO ST,MARYLAND ST,104,S,N,A,-,N,NA,NA,NA,NA,NA,NA,NA,NA,NA,Y,3,0,1,3,A,-,03,22350,NA,N,C,E,A,A,H,-,C,D,0,NA,NA,NA,NA,Y,NA,-,NA,0,1,0,0,0,0,0,0,0,-,-,NA,NA,LOS ANGELES,LOS ANGELES,-118.27390323,34.06104921
8138532,2016,2016-11-28,1942,2016-09-05,1800,39061,1454,1,5,7,1942,0,0,0,N,0,14TL52,MAXELLA AV,GLENCOE AV,0,NA,Y,A,-,N,NA,NA,NA,NA,NA,NA,NA,NA,NA,N,4,0,1,2,A,-,09,21801,A,N,A,C,A,A,H,-,A,A,0,NA,NA,NA,NA,Y,NA,A,07,0,0,1,0,0,0,0,0,0,-,-,NA,NA,LOS ANGELES,LOS ANGELES,-118.44031005,33.98722008
8138533,2016,2016-10-13,1942,2016-07-14,1910,37505,0271,4,5,7,1942,0,0,0,B,0,4T43,OLYMPIC BL,GRANDVIEW AV,0,NA,Y,A,-,N,NA,NA,NA,NA,NA,NA,NA,NA,NA,Y,3,0,1,2,A,-,09,21804,A,N,D,G,A,A,H,-,A,A,0,NA,Y,NA,NA,Y,NA,L,04,0,1,0,0,0,0,1,0,0,-,-,NA,NA,LOS ANGELES,LOS ANGELES,-118.28234006,34.05228011
8138536,2016,2016-10-13,1942,2016-09-08,1410,40164,1424,4,5,7,1942,0,0,0,N,0,14TL52,STANWOOD DR,BUNDY DR,4,E,N,A,-,N,NA,NA,NA,NA,NA,NA,NA,NA,NA,N,3,0,1,2,A,-,09,21804,A,N,D,G,A,A,H,-,A,A,0,NA,Y,NA,NA,Y,NA,L,04,0,1,0,0,0,0,1,0,0,-,-,NA,NA,LOS ANGELES,LOS ANGELES,-118.44261888,34.01559589
8138537,2016,2016-10-13,1942,2016-07-14,2330,37505,NA,4,5,7,1942,0,0,0,NA,0,NA,MARATHON ST,RAMPART BL,0,NA,Y,A,-,N,NA,NA,NA,NA,NA,NA,NA,NA,NA,Y,4,0,1,2,A,-,09,21802,A,N,D,C,A,A,H,-,C,A,0,NA,Y,NA,NA,Y,NA,L,04,0,0,1,0,0,0,1,0,0,-,-,NA,NA,LOS ANGELES,LOS ANGELES,-118.2708401,34.07863002
8138540,2016,2016-10-13,1942,2016-09-05,1430,39061,1469,1,5,7,1942,0,0,0,N,0,14TL52,LA CIENEGA BL,KNOWLTON ST,0,NA,Y,A,-,N,NA,NA,NA,NA,NA,NA,NA,NA,NA,Y,4,0,1,2,A,-,03,22350,NA,N,B,C,A,A,H,-,A,D,0,NA,NA,NA,NA,Y,NA,A,07,0,0,1,0,0,0,0,0,0,-,-,NA,NA,LOS ANGELES,LOS ANGELES,-118.37020007,33.97500012
8138541,2016,2016-10-13,1942,2016-07-08,1515,42272,0292,5,5,7,1942,0,0,0,B,0,13A13,WASHINGTON BL,HOOVER ST,0,NA,Y,A,-,N,NA,NA,NA,NA,NA,NA,NA,NA,NA,Y,4,0,1,2,A,-,07,21658,A,N,D,C,A,A,H,-,A,A,0,NA,NA,NA,NA,Y,NA,A,01,0,0,1,0,0,0,0,0,0,-,-,NA,NA,LOS ANGELES,LOS ANGELES,-118.28412,34.03985011
8138544,2016,2016-10-13,1942,2016-09-15,1225,40452,1487,4,5,7,1942,0,0,0,N,0,14TL52,AIRPORT BL,MANCHESTER AV,0,NA,Y,A,-,N,NA,NA,NA,NA,NA,NA,NA,NA,NA,Y,4,0,2,2,A,-,09,21801,A,N,D,C,A,A,H,-,A,A,0,NA,NA,NA,NA,Y,NA,A,01,0,0,2,0,0,0,0,0,0,-,-,NA,NA,LOS ANGELES,LOS ANGELES,-118.38554007,33.95981008
8138545,2016,2016-10-13,1942,2016-07-31,0025,42278,1162,7,5,7,1942,0,0,0,K,0,11A51,HOLLYWOOD BL,HILLHURST AV,9,E,N,A,-,N,NA,NA,NA,NA,NA,NA,NA,NA,NA,N,4,0,1,2,A,-,07,21658,A,N,C,C,A,A,H,-,C,A,0,NA,NA,Y,NA,Y,NA,A,01,0,0,1,0,0,0,0,0,1,-,-,NA,NA,LOS ANGELES,LOS ANGELES,-118.28737796,34.09839347
8138548,2016,2016-10-13,1942,2016-09-15,0910,25481,1435,4,5,7,1942,0,0,0,N,0,14MQ78,PALMS BL,MOUNTAIN VIEW AV,0,NA,Y,A,-,N,NA,NA,NA,NA,NA,NA,NA,NA,NA,N,4,0,1,2,A,-,09,21801,A,N,C,A,A,A,H,-,A,D,0,NA,NA,NA,NA,Y,NA,A,01,0,0,1,0,0,0,0,0,0,-,-,NA,NA,LOS ANGELES,LOS ANGELES,-118.43532003,34.0124401
8138549,2016,2016-10-13,1942,2016-07-15,1730,41797,0201,5,5,7,1942,0,0,0,B,0,2A46,VERMONT AV,MELROSE AV,300,S,N,A,-,N,NA,NA,NA,NA,NA,NA,NA,NA,NA,Y,3,0,1,2,A,-,07,21658,A,N,B,C,A,A,H,-,A,-,0,NA,NA,NA,NA,Y,Y,A,01,0,1,0,0,0,0,0,0,0,-,-,NA,NA,LOS ANGELES,LOS ANGELES,-118.29171146,34.08275724
8138552,2016,2016-11-28,1942,2016-09-17,1030,30264,1401,6,5,7,1942,0,0,0,N,0,14A45,OCEAN PARK BL,CENTINELA AV,20,W,N,A,-,N,NA,NA,NA,NA,NA,NA,NA,NA,NA,N,4,0,2,2,A,-,07,21658,A,N,B,C,A,A,H,-,A,A,0,NA,NA,NA,NA,Y,NA,A,01,0,0,2,0,0,0,0,0,0,-,-,NA,NA,LOS ANGELES,LOS ANGELES,-118.44882724,34.02309176
8138553,2016,2016-11-28,1942,2016-07-15,1905,41907,0269,5,5,7,1942,0,0,0,B,0,2T28W5,7TH ST,UNION AV,0,NA,Y,A,-,N,NA,NA,NA,NA,NA,NA,NA,NA,NA,N,4,0,1,2,A,-,12,21453,A,N,B,-,A,A,H,-,A,A,0,NA,NA,NA,NA,Y,NA,-,-,0,0,1,0,0,0,0,0,0,-,-,NA,NA,LOS ANGELES,LOS ANGELES,-118.27117012,34.05393006
8138554,2016,2016-10-13,1942,2016-07-31,0105,42259,1143,7,5,7,1942,0,0,0,K,0,11A1,GRIFFITH PARK BL,HYPERION AV,30,N,N,A,-,N,NA,NA,NA,NA,NA,NA,NA,NA,NA,N,4,0,1,2,A,-,10,21950,A,N,G,B,B,A,H,-,C,A,0,Y,NA,NA,NA,Y,NA,A,01,0,0,1,0,1,0,0,0,0,-,-,NA,NA,LOS ANGELES,LOS ANGELES,-118.27238832,34.10681937