CASE_ID,ACCIDENT_YEAR,PROC_DATE,JURIS,COLLISION_DATE,COLLISION_TIME,OFFICER_ID,REPORTING_DISTRICT,DAY_OF_WEEK,CHP_SHIFT,POPULATION,CNTY_CITY_LOC,SPECIAL_COND,BEAT_TYPE,CHP_BEAT_TYPE,CITY_DIVISION_LAPD,CHP_BEAT_CLASS,BEAT_NUMBER,PRIMARY_RD,SECONDARY_RD,DISTANCE,DIRECTION,INTERSECTION,WEATHER_1,WEATHER_2,STATE_HWY_IND,CALTRANS_COUNTY,CALTRANS_DISTRICT,STATE_ROUTE,ROUTE_SUFFIX,POSTMILE_PREFIX,POSTMILE,LOCATION_TYPE,RAMP_INTERSECTION,SIDE_OF_HWY,TOW_AWAY,COLLISION_SEVERITY,NUMBER_KILLED,NUMBER_INJURED,PARTY_COUNT,PRIMARY_COLL_FACTOR,PCF_CODE_OF_VIOL,PCF_VIOL_CATEGORY,PCF_VIOLATION,PCF_VIOL_SUBSECTION,HIT_AND_RUN,TYPE_OF_COLLISION,MVIW,PED_ACTION,ROAD_SURFACE,ROAD_COND_1,ROAD_COND_2,LIGHTING,CONTROL_DEVICE,CHP_ROAD_TYPE,PEDESTRIAN_ACCIDENT,BICYCLE_ACCIDENT,MOTORCYCLE_ACCIDENT,TRUCK_ACCIDENT,NOT_PRIVATE_PROPERTY,ALCOHOL_INVOLVED,STWD_VEHTYPE_AT_FAULT,CHP_VEHTYPE_AT_FAULT,COUNT_SEVERE_INJ,COUNT_VISIBLE_INJ,COUNT_COMPLAINT_PAIN,COUNT_PED_KILLED,COUNT_PED_INJURED,COUNT_BICYCLIST_KILLED,COUNT_BICYCLIST_INJURED,COUNT_MC_KILLED,COUNT_MC_INJURED,PRIMARY_RAMP,SECONDARY_RAMP,LATITUDE,LONGITUDE,COUNTY,CITY,POINT_X,POINT_Y
8139317,2016,2016-12-27,1900,2016-10-21,1730,533005,1336,5,5,5,1908,0,0,0,NA,0,133T2,BELLFLOWER BL,RAMONA ST,15,W,N,A,-,N,NA,NA,NA,NA,NA,NA,NA,NA,NA,Y,4,0,2,4,A,-,09,21801,A,N,D,C,A,A,H,-,A,-,0,NA,NA,NA,NA,Y,NA,-,NA,0,0,2,0,0,0,0,0,0,-,-,NA,NA,LOS ANGELES,BELLFLOWER,-118.12520932,33.87295961
8139320,2016,2016-12-22,1900,2016-11-18,1750,510509,1123,5,5,6,1992,0,0,0,NA,0,112T2,10TH ST WEST,AVE J-8,75,N,N,A,-,N,NA,NA,NA,NA,NA,NA,NA,NA,NA,Y,4,0,1,2,A,-,05,21651,A,N,B,C,A,A,H,-,C,D,0,NA,NA,NA,NA,Y,NA,A,01,0,0,1,0,0,0,0,0,0,-,-,NA,NA,LOS ANGELES,LANCASTER,-118.14814596,34.68236559
8139321,2016,2016-12-28,1900,2016-10-03,0830,436136,1322,1,5,5,1935,0,0,0,NA,0,132T2,SOUTH ST,WOODRUFF AV,336,W,N,A,-,N,NA,NA,NA,NA,NA,NA,NA,NA,NA,Y,3,0,2,4,A,-,03,22350,NA,N,C,E,A,A,H,-,A,D,0,NA,NA,NA,NA,Y,NA,A,01,0,1,1,0,0,0,0,0,0,-,-,NA,NA,LOS ANGELES,LAKEWOOD,-118.11815155,33.85844046
8139324,2016,2016-12-22,1900,2016-11-28,1330,510509,1133,1,5,6,1992,0,0,0,NA,0,111T1,AVE J,TREVOR AV,2,E,N,B,G,N,NA,NA,NA,NA,NA,NA,NA,NA,NA,N,3,0,1,2,A,-,00,21760,B,N,C,G,A,A,H,-,A,D,0,NA,Y,NA,NA,Y,NA,L,04,0,1,0,0,0,0,1,0,0,-,-,NA,NA,LOS ANGELES,LANCASTER,-118.13251336,34.68945015
8139328,2016,2016-12-22,1900,2016-11-28,1520,602372,1123,1,5,6,1992,0,0,0,NA,0,112T2,AVE 23,10TH ST W,627,E,N,A,-,N,NA,NA,NA,NA,NA,NA,NA,NA,NA,Y,4,0,1,2,A,-,12,21453,A,N,B,C,A,A,H,-,A,A,0,NA,NA,NA,NA,Y,NA,A,01,0,0,1,0,0,0,0,0,0,-,-,NA,NA,LOS ANGELES,LANCASTER,-118.326358,34.036155
8139329,2016,2017-01-11,1900,2016-10-08,1200,447040,B52,6,5,3,1927,0,0,0,NA,0,135A,CARSON ST,NORWALK BL,0,NA,Y,A,-,N,NA,NA,NA,NA,NA,NA,NA,NA,NA,Y,3,0,2,2,A,-,03,22350,NA,N,C,C,A,A,H,-,A,A,0,NA,NA,NA,NA,Y,Y,A,01,0,1,1,0,0,0,0,0,0,-,-,NA,NA,LOS ANGELES,HAWAIIAN GARDENS,-118.07208013,33.83142009
8139332,2016,2016-12-22,1925,2016-11-22,1434,16899,196,2,5,6,1925,0,0,0,NA,0,001,SAN FERNANDO RD,SONORA AV,67,W,N,A,-,N,NA,NA,NA,NA,NA,NA,NA,NA,NA,NA,4,0,1,2,A,-,03,22350,NA,N,C,C,A,A,H,-,A,A,0,NA,NA,NA,NA,Y,NA,-,NA,0,0,1,0,0,0,0,0,0,-,-,NA,NA,LOS ANGELES,GLENDALE,-118.28846557,34.16608175
8139336,2016,2016-12-22,1900,2016-11-04,1121,438096,1323,5,5,5,1935,0,0,0,NA,0,132T1,CHERRY AV,DENMEAD ST,0,NA,Y,A,-,N,NA,NA,NA,NA,NA,NA,NA,NA,NA,Y,4,0,1,2,A,-,09,21802,A,N,D,C,A,A,H,-,A,A,0,NA,NA,NA,NA,Y,NA,A,07,0,0,1,0,0,0,0,0,0,-,-,NA,NA,LOS ANGELES,LAKEWOOD,-118.16761003,33.85094006
8139340,2016,2016-12-22,1900,2016-11-14,1538,608275,1364,1,5,5,1952,0,0,0,NA,0,136,PETROL ST,TACOMA AV,325,E,N,A,-,N,NA,NA,NA,NA,NA,NA,NA,NA,NA,N,4,0,1,2,D,-,00,NA,NA,N,A,B,E,A,H,-,A,D,0,Y,NA,NA,NA,Y,NA,-,-,0,0,1,0,1,0,0,0,0,-,-,NA,NA,LOS ANGELES,PARAMOUNT,NA,NA
8139341,2016,2016-12-27,1900,2016-10-23,1905,608275,1332,7,5,5,1908,0,0,0,NA,0,133B,SOMERSET BL,BLAINE AV,150,W,N,C,-,N,NA,NA,NA,NA,NA,NA,NA,NA,NA,Y,4,0,1,2,A,-,01,23152,A,N,B,E,A,B,H,-,C,D,0,NA,NA,NA,NA,Y,Y,D,22,0,0,1,0,0,0,0,0,0,-,-,NA,NA,LOS ANGELES,BELLFLOWER,-118.12695325,33.89657
8139344,2016,2016-12-22,1948,2016-11-15,1215,374,1948,2,5,5,1948,0,0,0,NA,0,004,EAST GARVEY AV,FLORENCE AV,19,E,N,A,-,N,NA,NA,NA,NA,NA,NA,NA,NA,NA,N,3,0,1,3,A,-,08,22107,NA,F,B,B,E,A,H,-,A,D,0,Y,Y,NA,NA,Y,NA,L,04,0,1,0,0,1,0,0,0,0,-,-,NA,NA,LOS ANGELES,MONTEREY PARK,-118.11051741,34.06260103
8139348,2016,2016-12-22,1948,2016-11-18,1341,447,1948,5,5,5,1948,0,0,0,NA,0,002,W HELLMAN AV,3RD ST,22,W,N,A,-,N,NA,NA,NA,NA,NA,NA,NA,NA,NA,Y,4,0,1,2,C,-,18,NA,NA,N,C,E,A,A,H,-,A,D,0,NA,NA,NA,NA,Y,NA,-,-,0,0,1,0,0,0,0,0,0,-,-,NA,NA,LOS ANGELES,MONTEREY PARK,-118.12550248,34.06975885
8139349,2016,2016-12-27,1900,2016-10-24,2200,530394,1575,1,5,5,1908,0,0,0,NA,0,13272,LAKEWOOD BL,ARTESIA BL,300,S,N,A,-,N,NA,NA,NA,NA,NA,NA,NA,NA,NA,NA,3,0,1,3,A,-,03,22350,NA,M,C,D,A,A,H,-,C,D,0,NA,NA,NA,NA,Y,NA,A,01,0,1,0,0,0,0,0,0,0,-,-,NA,NA,LOS ANGELES,BELLFLOWER,-118.14258324,33.87399738
8139352,2016,2016-12-22,1948,2016-11-22,0830,374,1948,2,5,5,1948,0,0,0,NA,0,003,SOUTH GARFIELD AV,POMONA BL,0,NA,Y,A,-,N,NA,NA,NA,NA,NA,NA,NA,NA,NA,N,3,0,1,2,A,-,05,21650,1,N,D,G,A,A,H,-,A,A,0,NA,Y,NA,NA,Y,NA,L,04,0,1,0,0,0,0,1,0,0,-,-,NA,NA,LOS ANGELES,MONTEREY PARK,-118.13011002,34.03358009
8139353,2016,2016-12-22,1900,2016-11-06,0140,551026,1337,7,5,5,1908,0,0,0,NA,0,132T1,ALONDRA BL,BELLFLOWER BL,0,NA,Y,A,-,N,NA,NA,NA,NA,NA,NA,NA,NA,NA,Y,4,0,3,3,A,-,12,21453,A,N,D,C,A,A,H,-,C,A,0,NA,NA,NA,NA,Y,NA,A,01,0,0,3,0,0,0,0,0,0,-,-,NA,NA,LOS ANGELES,BELLFLOWER,-118.1253001,33.88935007
8139356,2016,2016-12-22,1948,2016-11-03,1556,456,1948,4,5,5,1948,0,0,0,NA,0,003,ORANGE AV,GARVEY AV,0,NA,Y,A,-,N,NA,NA,NA,NA,NA,NA,NA,NA,NA,N,4,0,1,2,A,-,05,21650,1,N,-,G,A,A,H,-,A,A,0,NA,Y,NA,NA,Y,NA,L,04,0,0,1,0,0,0,1,0,0,-,-,NA,NA,LOS ANGELES,MONTEREY PARK,-118.11298008,34.06260003
8139357,2016,2016-12-27,1900,2016-10-29,0500,274533,1334,6,5,5,1908,0,0,0,NA,0,133T1,CLARK AV,ALONDRA BL,0,NA,Y,A,-,N,NA,NA,NA,NA,NA,NA,NA,NA,NA,Y,3,0,1,2,A,-,12,21453,A,N,D,C,A,A,H,-,C,A,0,NA,NA,NA,NA,Y,NA,A,01,0,1,0,0,0,0,0,0,0,-,-,NA,NA,LOS ANGELES,BELLFLOWER,-118.13398005,33.88930011
8139360,2016,2016-12-22,1948,2016-11-19,0010,449,1948,6,5,5,1948,0,0,0,NA,0,003,W POMONA BL,GERHART AV,0,NA,Y,A,-,N,NA,NA,NA,NA,NA,NA,NA,NA,NA,Y,3,0,1,5,A,-,12,21453,A,N,D,C,A,A,H,-,C,A,0,NA,NA,NA,NA,Y,NA,-,NA,0,1,0,0,0,0,0,0,0,-,-,NA,NA,LOS ANGELES,MONTEREY PARK,-118.14417012,34.03347001
8139361,2016,2016-12-21,1947,2016-11-13,2111,1374,NA,7,5,5,1947,0,0,0,NA,0,00D,S GREENWOOD AV,W LOS ANGELES AV,0,NA,Y,A,-,N,NA,NA,NA,NA,NA,NA,NA,NA,NA,NA,3,0,1,2,A,-,08,22107,NA,F,B,G,A,A,H,-,C,A,0,NA,Y,NA,NA,Y,NA,-,NA,0,1,0,0,0,0,0,0,0,-,-,NA,NA,LOS ANGELES,MONTEBELLO,-118.11244012,34.00895004
8139365,2016,2016-12-21,1947,2016-11-01,1816,1319,NA,2,5,5,1947,0,0,0,NA,0,00B,WEST BEVERLY BL,VICTORIA AV,450,W,N,A,-,N,NA,NA,NA,NA,NA,NA,NA,NA,NA,N,4,0,1,2,A,-,09,21801,B,N,D,G,A,A,H,-,B,D,0,NA,Y,Y,NA,Y,NA,L,04,0,0,1,0,0,0,1,0,0,-,-,34.01741,-118.10674,LOS ANGELES,MONTEBELLO,NA,NA
8139369,2016,2016-12-21,1947,2016-11-09,1212,1349,NA,3,5,5,1947,0,0,0,NA,0,00A,BEVERLY BL,GARFIELD AV,50,E,N,A,-,N,NA,NA,NA,NA,NA,NA,NA,NA,NA,NA,4,0,2,2,A,-,09,21804,A,N,D,C,A,A,H,-,A,D,0,NA,NA,NA,NA,Y,NA,A,01,0,0,2,0,0,0,0,0,0,-,-,NA,NA,LOS ANGELES,MONTEBELLO,-118.13390037,34.02231546
8139373,2016,2016-12-21,1947,2016-11-20,1859,1411,NA,7,5,5,1947,0,0,0,NA,0,00C,WEST BEVERLY BL,MONTEBELLO BL,0,NA,Y,C,-,N,NA,NA,NA,NA,NA,NA,NA,NA,NA,Y,4,0,1,2,A,-,09,21800,A,N,D,C,A,B,H,-,C,A,0,NA,NA,NA,NA,Y,NA,A,01,0,0,1,0,0,0,0,0,0,-,-,34.01719,-118.10593,LOS ANGELES,MONTEBELLO,-118.10597003,34.01717011
8139377,2016,2017-01-12,1947,2016-11-17,1929,1407,NA,4,5,5,1947,0,0,0,NA,0,00C,W WHITTIER BL,NATASHA LN,0,NA,Y,A,-,N,NA,NA,NA,NA,NA,NA,NA,NA,NA,Y,4,0,1,1,A,-,-,NA,NA,N,A,I,A,A,H,-,C,D,0,NA,NA,NA,NA,Y,Y,A,07,0,0,1,0,0,0,0,0,0,-,-,NA,NA,LOS ANGELES,MONTEBELLO,-118.09924012,34.00799003
8139381,2016,2016-12-21,1947,2016-11-10,1520,1406,NA,4,5,5,1947,0,0,0,NA,0,00A,N WILCOX AV,VIA CAMPO,0,NA,Y,A,-,N,NA,NA,NA,NA,NA,NA,NA,NA,NA,Y,4,0,1,2,A,-,12,21457,A,N,D,C,A,A,H,-,A,B,0,NA,NA,NA,NA,Y,NA,A,01,0,0,1,0,0,0,0,0,0,-,-,34.0328,-118.12504,LOS ANGELES,MONTEBELLO,-118.12507013,34.03279006
8139385,2016,2016-12-21,1947,2016-11-01,1530,1389,NA,2,5,5,1947,0,0,0,NA,0,00E,W WHITTIER BL,19TH ST,0,NA,Y,A,-,N,NA,NA,NA,NA,NA,NA,NA,NA,NA,Y,4,0,2,2,A,-,09,21801,A,N,A,C,A,A,H,-,A,D,0,NA,NA,Y,NA,Y,NA,A,07,0,0,2,0,0,0,0,0,1,-,-,34.01283,-118.1213,LOS ANGELES,MONTEBELLO,-118.12137004,34.01279009
8139389,2016,2016-12-21,1947,2016-11-01,1710,R4,NA,2,5,5,1947,0,0,0,NA,0,00B,W WHITTIER BL,N GREENWOOD AV,0,NA,Y,A,-,N,NA,NA,NA,NA,NA,NA,NA,NA,NA,N,4,0,1,2,A,-,05,21651,A,N,D,C,A,A,H,-,A,D,0,NA,NA,NA,NA,Y,NA,A,01,0,0,1,0,0,0,0,0,0,-,-,NA,NA,LOS ANGELES,MONTEBELLO,-118.11188006,34.01084012
8139393,2016,2016-12-21,1947,2016-11-29,1947,1374,NA,2,5,5,1947,0,0,0,NA,0,00A,N 18TH ST,W VICTORIA AV,28,S,N,A,-,N,NA,NA,NA,NA,NA,NA,NA,NA,NA,N,3,0,2,2,A,-,11,21955,NA,N,A,G,D,A,E,H,-,A,0,Y,Y,NA,NA,Y,NA,N,60,0,2,0,0,1,0,1,0,0,-,-,NA,NA,LOS ANGELES,MONTEBELLO,-118.11763322,34.0214357
8139397,2016,2016-12-21,1947,2016-11-13,0941,1413,NA,7,5,5,1947,0,0,0,NA,0,00C,BEVERLY BL,POPLAR AV,0,NA,Y,A,-,N,NA,NA,NA,NA,NA,NA,NA,NA,NA,N,4,0,1,2,A,-,10,21950,A,N,D,B,B,A,H,-,A,A,0,Y,NA,NA,NA,Y,NA,A,01,0,0,1,0,1,0,0,0,0,-,-,34.01543,-118.09753,LOS ANGELES,MONTEBELLO,-118.0975601,34.01541011
8139401,2016,2016-12-21,1947,2016-11-10,1632,1252,NA,4,5,5,1947,0,0,0,NA,0,00E,N KENSINGTON WY,NORTHSIDE DR,85,S,N,A,-,N,NA,NA,NA,NA,NA,NA,NA,NA,NA,Y,4,0,1,2,A,-,11,21954,A,N,G,A,E,A,H,-,A,D,0,Y,NA,NA,NA,Y,NA,N,60,0,0,1,0,1,0,0,0,0,-,-,NA,NA,LOS ANGELES,MONTEBELLO,-118.12461768,34.01090692
8139405,2016,2017-02-15,1947,2016-11-30,1613,1368,NA,3,5,5,1947,0,0,0,NA,0,00D,W MINES AV,MONTEBELLO BL,225,W,N,A,-,N,NA,NA,NA,NA,NA,NA,NA,NA,NA,N,4,0,1,3,A,-,09,21804,A,N,D,C,A,A,H,-,A,A,0,NA,NA,NA,NA,Y,NA,A,01,0,0,1,0,0,0,0,0,0,-,-,NA,NA,LOS ANGELES,MONTEBELLO,-118.1117972,34.00227808
8139406,2016,2016-12-21,1948,2016-11-29,0738,374,1948,2,5,5,1948,0,0,0,NA,0,004,SOUTH GARFIELD AV,KELLER ST,0,NA,Y,A,-,N,NA,NA,NA,NA,NA,NA,NA,NA,NA,Y,3,0,2,2,A,-,09,21802,A,N,D,C,A,A,H,-,A,A,0,NA,NA,NA,NA,Y,NA,-,NA,0,1,1,0,0,0,0,0,0,-,-,NA,NA,LOS ANGELES,MONTEREY PARK,-118.12860007,34.04564001
8139409,2016,2016-12-21,1947,2016-11-28,0741,1410,NA,1,5,5,1947,0,0,0,NA,0,00B,N MONTEBELLO BL,VICTORIA AV,93,S,N,A,-,N,NA,NA,NA,NA,NA,NA,NA,NA,NA,Y,4,0,1,2,A,-,08,22107,NA,N,D,C,A,A,H,-,A,D,0,NA,NA,NA,NA,Y,NA,A,01,0,0,1,0,0,0,0,0,0,-,-,34.01898,-118.10549,LOS ANGELES,MONTEBELLO,-118.10556422,34.01871259
8139413,2016,2016-12-21,1947,2016-11-26,1403,R4,NA,6,5,5,1947,0,0,0,NA,0,00D,W SLAUSON AV,BLUFF RD,966,E,N,C,-,N,NA,NA,NA,NA,NA,NA,NA,NA,NA,Y,3,0,2,2,A,-,08,22107,NA,N,A,C,A,B,H,-,A,D,0,NA,NA,NA,NA,Y,NA,A,01,0,1,1,0,0,0,0,0,0,-,-,NA,NA,LOS ANGELES,MONTEBELLO,-118.11729095,33.97472096
8139414,2016,2016-12-21,1948,2016-11-22,0658,419C,1948,2,5,5,1948,0,0,0,NA,0,002,NORTH GARFIELD AV,E EMERSON AV,225,N,N,A,-,N,NA,NA,NA,NA,NA,NA,NA,NA,NA,Y,4,0,2,2,A,-,09,21804,A,N,D,C,A,A,H,-,A,D,0,NA,NA,NA,NA,Y,NA,A,01,0,0,2,0,0,0,0,0,0,-,-,NA,NA,LOS ANGELES,MONTEREY PARK,-118.12288318,34.06674695
8139415,2016,2016-12-22,1948,2016-11-21,1352,398,1948,1,5,5,1948,0,0,0,NA,0,001,ATLANTIC BL,AVENIDA CESAR CHAVEZ,155,N,N,A,-,N,NA,NA,NA,NA,NA,NA,NA,NA,NA,N,4,0,1,2,D,-,00,NA,NA,N,C,C,A,A,H,-,A,D,0,NA,NA,NA,NA,Y,NA,-,-,0,0,1,0,0,0,0,0,0,-,-,NA,NA,LOS ANGELES,MONTEREY PARK,-118.14603059,34.03776394
8139417,2016,2016-12-21,1947,2016-11-22,0747,R4,NA,2,5,5,1947,0,0,0,NA,0,00E,W FLOTILLA ST,W FLOTILLA ST 2100,0,NA,Y,A,-,N,NA,NA,NA,NA,NA,NA,NA,NA,NA,Y,4,0,1,2,A,-,09,21802,A,N,D,C,A,A,H,-,A,A,0,NA,NA,NA,NA,Y,NA,A,01,0,0,1,0,0,0,0,0,0,-,-,NA,NA,LOS ANGELES,MONTEBELLO,-118.12735,34.00539
8139418,2016,2016-12-21,1948,2016-11-15,1509,409,1948,2,5,5,1948,0,0,0,NA,0,002,GARFIELD AV,EMERSON AV,100,N,N,A,-,N,NA,NA,NA,NA,NA,NA,NA,NA,NA,N,3,0,1,2,A,-,21,22106,NA,N,C,C,A,A,H,-,A,A,0,NA,NA,NA,NA,Y,NA,-,NA,0,1,0,0,0,0,0,0,0,-,-,NA,NA,LOS ANGELES,MONTEREY PARK,-118.12288,34.06640421
8139422,2016,2016-12-21,1948,2016-11-21,1605,374,2,1,5,5,1948,0,0,0,NA,0,001,SOUTH ATLANTIC BL,W EMERSON AV,0,NA,Y,A,-,N,NA,NA,NA,NA,NA,NA,NA,NA,NA,N,2,0,1,2,A,-,10,21950,A,N,G,B,B,A,H,-,A,A,0,Y,NA,NA,NA,Y,NA,-,NA,1,0,0,0,1,0,0,0,0,-,-,NA,NA,LOS ANGELES,MONTEREY PARK,-118.13433003,34.066110020000004
8139426,2016,2016-12-21,1948,2016-11-15,0810,356,1948,2,5,5,1948,0,0,0,NA,0,021,ATLANTIC BL,1ST ST,0,NA,Y,A,-,N,NA,NA,NA,NA,NA,NA,NA,NA,NA,Y,4,0,2,2,A,-,09,21801,A,N,D,C,A,A,H,-,A,A,0,NA,NA,NA,NA,Y,NA,-,NA,0,0,2,0,0,0,0,0,0,-,-,NA,NA,LOS ANGELES,MONTEREY PARK,-118.14812011,34.03642005
8139430,2016,2016-12-21,1948,2016-11-28,1948,368,1948,1,5,5,1948,0,0,0,NA,0,001,FLORAL DR,BLEAKWOOD DR,12,W,N,A,-,N,NA,NA,NA,NA,NA,NA,NA,NA,NA,Y,4,0,1,2,A,-,08,22107,NA,M,D,C,A,A,H,-,C,D,0,NA,NA,NA,NA,Y,NA,-,NA,0,0,1,0,0,0,0,0,0,-,-,NA,NA,LOS ANGELES,MONTEREY PARK,-118.15506953,34.04426047
8139434,2016,2016-12-21,1948,2016-11-23,1843,454,1948,3,5,5,1948,0,0,0,NA,0,001,SOUTH ATLANTIC BL,SEVILLA ST,279,N,N,A,-,N,NA,NA,NA,NA,NA,NA,NA,NA,NA,Y,3,0,1,2,A,-,03,22350,NA,N,C,C,A,A,H,-,C,D,0,NA,NA,NA,NA,Y,NA,-,NA,0,1,0,0,0,0,0,0,0,-,-,NA,NA,LOS ANGELES,MONTEREY PARK,-118.1390076,34.04932371
8139438,2016,2016-12-21,1948,2016-11-21,1340,374,1948,1,5,5,1948,0,0,0,NA,0,004,POTRERO GRANDE DR,MARKLAND DR,0,NA,Y,A,-,N,NA,NA,NA,NA,NA,NA,NA,NA,NA,N,4,0,1,2,A,-,12,21453,A,M,D,C,A,A,H,-,A,A,0,NA,NA,NA,NA,Y,NA,-,NA,0,0,1,0,0,0,0,0,0,-,-,NA,NA,LOS ANGELES,MONTEREY PARK,-118.11806007,34.03498006
8139441,2016,2016-12-22,1948,2016-11-20,0957,400,1948,7,5,5,1948,0,0,0,NA,0,004,ALHAMA AV,EAST NEWMARK AV,0,NA,Y,A,-,N,NA,NA,NA,NA,NA,NA,NA,NA,NA,N,4,0,2,2,A,-,12,22450,A,N,D,C,A,A,H,-,A,D,0,NA,NA,NA,NA,Y,NA,-,NA,0,0,2,0,0,0,0,0,0,-,-,NA,NA,LOS ANGELES,MONTEREY PARK,NA,NA
8139490,2016,2017-01-23,1900,2016-12-07,1145,442391,0461,3,5,4,1936,0,0,0,NA,0,46T1,ROSECRANS AV,VALLEYVIEW AV,468,E,N,B,-,N,NA,NA,NA,NA,NA,NA,NA,NA,NA,N,4,0,1,2,A,-,03,22350,NA,N,C,C,A,A,H,-,A,A,0,NA,NA,NA,NA,Y,NA,I,19,0,0,1,0,0,0,0,0,0,-,-,NA,NA,LOS ANGELES,LA MIRADA,-118.02771181,33.9024859
8139544,2016,2017-01-05,1953,2016-12-10,0248,2941,1953,6,5,6,1953,0,0,0,NA,0,003,ALLEN AV,CORSON ST,0,NA,Y,A,-,N,NA,NA,NA,NA,NA,NA,NA,NA,NA,Y,3,0,1,1,D,-,00,NA,NA,M,A,I,A,-,H,-,C,A,0,NA,NA,NA,NA,Y,NA,-,-,0,1,0,0,0,0,0,0,0,-,-,NA,NA,LOS ANGELES,PASADENA,-118.11317009,34.15186007
8139565,2016,2016-12-20,1925,2016-12-08,1044,24111,252,4,5,6,1925,0,0,0,NA,0,003,ADAMS ST,BROADWAY,144,S,N,A,-,N,NA,NA,NA,NA,NA,NA,NA,NA,NA,N,4,0,1,2,A,-,09,21804,A,N,D,C,A,A,H,-,A,D,0,NA,NA,NA,NA,Y,NA,A,07,0,0,1,0,0,0,0,0,0,-,-,NA,NA,LOS ANGELES,GLENDALE,-118.24182,34.14626
8139588,2016,2017-01-03,1923,2016-12-16,1726,472,E308,5,5,3,1923,0,0,0,NA,0,3M5,CONTINENTAL BL,MARIPOSA AV,211,S,N,A,-,N,NA,NA,NA,NA,NA,NA,NA,NA,NA,Y,2,0,1,1,A,-,01,23152,A,N,E,I,A,A,H,-,C,D,0,NA,NA,NA,NA,Y,Y,A,01,1,0,0,0,0,0,0,0,0,-,-,33.92363,-118.39271,LOS ANGELES,EL SEGUNDO,-118.39268473,33.92304327
8139592,2016,2017-01-03,1962,2016-12-19,1917,137,1962,1,5,4,1962,0,0,0,NA,0,025,MISSION RD,GRAND AV,0,NA,Y,A,-,N,NA,NA,NA,NA,NA,NA,NA,NA,NA,N,4,0,1,2,A,-,09,21801,A,N,D,C,A,A,H,-,C,A,0,NA,NA,NA,NA,Y,NA,A,01,0,0,1,0,0,0,0,0,0,-,-,NA,NA,LOS ANGELES,SAN GABRIEL,-118.09289012,34.0917101
8139596,2016,2017-01-03,1923,2016-12-10,1243,512,E318,6,5,3,1923,0,0,0,NA,0,3B3,PARK PL,SEPULVEDA BL,313,E,N,A,-,N,NA,NA,NA,NA,NA,NA,NA,NA,NA,N,4,0,1,2,A,-,09,21802,A,N,D,C,A,A,H,-,A,A,0,NA,NA,NA,NA,Y,NA,A,01,0,0,1,0,0,0,0,0,0,-,-,NA,NA,LOS ANGELES,EL SEGUNDO,-118.39508623,33.90509644
8139600,2016,2017-01-03,1923,2016-12-10,1214,512,E306,6,5,3,1923,0,0,0,NA,0,3B3,MARIPOSA AV,NASH ST,0,NA,Y,B,-,N,NA,NA,NA,NA,NA,NA,NA,NA,NA,Y,4,0,2,2,A,-,12,21453,A,N,D,C,A,A,H,-,A,A,0,NA,NA,NA,NA,Y,NA,A,01,0,0,2,0,0,0,0,0,0,-,-,33.92361,-118.38755,LOS ANGELES,EL SEGUNDO,-118.38741007,33.92360008
8139635,2016,2017-01-11,1900,2016-12-14,1600,602241,2111,3,5,5,1943,0,0,0,NA,0,212T2,NORTON AV,LONG BEACH BL,0,NA,Y,A,-,N,NA,NA,NA,NA,NA,NA,NA,NA,NA,N,4,0,1,2,A,-,10,21950,A,N,G,B,B,A,H,-,-,A,0,Y,NA,NA,NA,Y,NA,A,01,0,0,1,0,1,0,0,0,0,-,-,NA,NA,LOS ANGELES,LYNWOOD,-118.21246008,33.93323012
8139643,2016,2017-01-11,1900,2016-12-16,2053,533380,2111,5,5,5,1943,0,0,0,NA,0,212T2,MARTIN LUTHER KING BL,DRURY LN,0,NA,Y,A,-,N,NA,NA,NA,NA,NA,NA,NA,NA,NA,N,3,0,1,2,A,-,11,21955,NA,F,G,B,D,A,-,-,D,D,0,Y,NA,NA,NA,Y,NA,-,99,0,1,0,0,1,0,0,0,0,-,-,NA,NA,LOS ANGELES,LYNWOOD,-118.21966,33.93749
8139647,2016,2017-01-11,1900,2016-12-01,0720,462141,2111,4,5,5,1943,0,0,0,NA,0,212T4,MARTIN LUTHER KING JR BL,ALAMEDA ST,0,NA,Y,A,-,N,NA,NA,NA,NA,NA,NA,NA,NA,NA,Y,4,0,1,2,D,-,00,NA,NA,N,D,C,A,A,H,-,A,A,0,NA,NA,NA,NA,Y,NA,-,-,0,0,1,0,0,0,0,0,0,-,-,NA,NA,LOS ANGELES,LYNWOOD,-118.22656006,33.93820001
8139651,2016,2017-01-11,1900,2016-12-01,1000,462141,2111,4,5,5,1943,0,0,0,NA,0,212T4,LONG BEACH BL,SANBORN AV,290,S,N,A,-,N,NA,NA,NA,NA,NA,NA,NA,NA,NA,N,4,0,1,2,A,-,03,22350,NA,N,C,C,A,A,H,-,A,D,0,NA,NA,NA,NA,Y,NA,A,01,0,0,1,0,0,0,0,0,0,-,-,NA,NA,LOS ANGELES,LYNWOOD,-118.21080909,33.92771836
8139655,2016,2017-02-21,1900,2016-12-10,1524,526358,2111,6,5,5,1943,0,0,0,NA,0,212T3,IMPERIAL HWY,STATE ST,0,NA,Y,B,-,N,NA,NA,NA,NA,NA,NA,NA,NA,NA,N,3,0,1,2,A,-,08,22107,NA,N,A,C,A,A,H,-,A,D,0,NA,NA,NA,NA,Y,NA,A,01,0,1,0,0,0,0,0,0,0,-,-,NA,NA,LOS ANGELES,LYNWOOD,-118.21645008,33.93046004