CASE_ID,ACCIDENT_YEAR,PROC_DATE,JURIS,COLLISION_DATE,COLLISION_TIME,OFFICER_ID,REPORTING_DISTRICT,DAY_OF_WEEK,CHP_SHIFT,POPULATION,CNTY_CITY_LOC,SPECIAL_COND,BEAT_TYPE,CHP_BEAT_TYPE,CITY_DIVISION_LAPD,CHP_BEAT_CLASS,BEAT_NUMBER,PRIMARY_RD,SECONDARY_RD,DISTANCE,DIRECTION,INTERSECTION,WEATHER_1,WEATHER_2,STATE_HWY_IND,CALTRANS_COUNTY,CALTRANS_DISTRICT,STATE_ROUTE,ROUTE_SUFFIX,POSTMILE_PREFIX,POSTMILE,LOCATION_TYPE,RAMP_INTERSECTION,SIDE_OF_HWY,TOW_AWAY,COLLISION_SEVERITY,NUMBER_KILLED,NUMBER_INJURED,PARTY_COUNT,PRIMARY_COLL_FACTOR,PCF_CODE_OF_VIOL,PCF_VIOL_CATEGORY,PCF_VIOLATION,PCF_VIOL_SUBSECTION,HIT_AND_RUN,TYPE_OF_COLLISION,MVIW,PED_ACTION,ROAD_SURFACE,ROAD_COND_1,ROAD_COND_2,LIGHTING,CONTROL_DEVICE,CHP_ROAD_TYPE,PEDESTRIAN_ACCIDENT,BICYCLE_ACCIDENT,MOTORCYCLE_ACCIDENT,TRUCK_ACCIDENT,NOT_PRIVATE_PROPERTY,ALCOHOL_INVOLVED,STWD_VEHTYPE_AT_FAULT,CHP_VEHTYPE_AT_FAULT,COUNT_SEVERE_INJ,COUNT_VISIBLE_INJ,COUNT_COMPLAINT_PAIN,COUNT_PED_KILLED,COUNT_PED_INJURED,COUNT_BICYCLIST_KILLED,COUNT_BICYCLIST_INJURED,COUNT_MC_KILLED,COUNT_MC_INJURED,PRIMARY_RAMP,SECONDARY_RAMP,LATITUDE,LONGITUDE,COUNTY,CITY,POINT_X,POINT_Y
8139804,2016,2016-10-07,1942,2016-08-19,1340,38771,1994,5,5,7,1942,0,0,0,NA,0,35ZL20,ROSCOE BL,WILLIS AV,7,W,N,A,-,N,NA,NA,NA,NA,NA,NA,NA,NA,NA,N,3,0,1,2,A,-,06,21755,NA,N,B,C,A,A,H,-,A,A,0,NA,NA,Y,NA,Y,NA,C,02,0,1,0,0,0,0,0,0,1,-,-,NA,NA,LOS ANGELES,LOS ANGELES,-118.45535311,34.22149
8139805,2016,2016-11-17,1942,2016-08-13,0545,40054,1752,6,5,7,1942,0,0,0,Q,0,9T53,DE SOTO AV,LASSEN ST,47,N,N,A,-,N,NA,NA,NA,NA,NA,NA,NA,NA,NA,Y,4,0,1,2,A,-,09,21801,A,N,D,C,A,A,H,-,B,D,0,NA,NA,NA,NA,Y,NA,A,01,0,0,1,0,0,0,0,0,0,-,-,NA,NA,LOS ANGELES,LOS ANGELES,-118.58857239,34.25010892
8139806,2016,2016-10-21,1942,2016-08-15,0655,33504,0998,1,5,7,1942,0,0,0,I,0,19TL77,VENTURA BL,LONGRIDGE AV,0,NA,Y,A,-,N,NA,NA,NA,NA,NA,NA,NA,NA,NA,Y,4,0,2,2,A,-,09,21804,A,N,D,C,A,A,H,-,A,A,0,NA,NA,NA,NA,Y,NA,A,01,0,0,2,0,0,0,0,0,0,-,-,NA,NA,LOS ANGELES,LOS ANGELES,-118.42126006,34.14636002
8139807,2016,2016-10-06,1942,2016-08-28,1900,39258,1654,7,5,7,1942,0,0,0,P,0,10TL38,GLENOAKS BL,OSBORNE ST,0,NA,Y,A,-,N,NA,NA,NA,NA,NA,NA,NA,NA,NA,N,3,0,3,2,A,-,09,21801,NA,N,D,C,A,A,H,-,A,A,0,NA,NA,NA,NA,Y,NA,A,01,0,1,2,0,0,0,0,0,0,-,-,NA,NA,LOS ANGELES,LOS ANGELES,-118.40195005,34.26471001
8139808,2016,2016-10-07,1942,2016-08-16,1320,38356,1908,2,5,7,1942,0,0,0,NA,0,9TL58,HUBBARD ST,ELDRIDGE AV,185,W,N,A,-,N,NA,NA,NA,NA,NA,NA,NA,NA,NA,N,4,0,2,2,A,-,08,22103,NA,N,D,C,A,A,H,-,A,A,0,NA,NA,NA,NA,Y,NA,A,01,0,0,2,0,0,0,0,0,0,-,-,NA,NA,LOS ANGELES,LOS ANGELES,-118.42174469,34.3150249
8139809,2016,2016-11-17,1942,2016-08-05,1320,36713,RD152,5,5,7,1942,0,0,0,NA,0,15A1,OXNARD ST,LANKERSHIM BL,0,NA,Y,A,-,N,NA,NA,NA,NA,NA,NA,NA,NA,NA,N,4,0,1,2,A,-,09,21801,A,N,D,C,A,A,H,-,A,A,0,NA,NA,NA,NA,Y,NA,-,NA,0,0,1,0,0,0,0,0,0,-,-,NA,NA,LOS ANGELES,LOS ANGELES,-118.38341013,34.17942011
8139810,2016,2016-10-07,1942,2016-08-14,1420,38285,0963,7,5,7,1942,0,0,0,I,0,16TL28,KESTER AV,MAGNOLIA BL,0,NA,Y,A,-,N,NA,NA,NA,NA,NA,NA,NA,NA,NA,Y,3,0,3,2,A,-,12,21453,A,N,D,C,A,A,H,-,A,A,0,NA,NA,NA,NA,Y,NA,A,01,0,2,1,0,0,0,0,0,0,-,-,NA,NA,LOS ANGELES,LOS ANGELES,-118.45741006,34.16485011
8139811,2016,2017-02-27,1942,2016-08-23,1225,39217,1699,2,5,7,1942,0,0,0,P,0,9T52,HOLLYWOOD WY,RT 5,0,NA,Y,A,-,Y,LA,7,5,-,-,32.538,R,4,S,Y,3,0,2,2,A,-,09,21802,A,N,D,C,A,A,H,-,A,A,0,NA,NA,NA,NA,Y,NA,A,07,0,1,1,0,0,0,0,0,0,-,SF,NA,NA,LOS ANGELES,LOS ANGELES,-118.35068842,34.21387285
8139812,2016,2016-10-07,1942,2016-08-31,1250,31557,1924,3,5,7,1942,0,0,0,NA,0,35M33,SAN FERNANDO RD,POLK ST,0,NA,Y,A,-,N,NA,NA,NA,NA,NA,NA,NA,NA,NA,N,3,0,1,2,A,-,12,21453,A,N,G,B,B,A,H,-,A,A,0,Y,NA,NA,NA,Y,NA,N,60,0,1,0,0,1,0,0,0,0,-,-,NA,NA,LOS ANGELES,LOS ANGELES,-118.45919009,34.29916
8139813,2016,2016-10-06,1942,2016-08-02,1000,39473,1513,2,5,7,1942,0,0,0,O,0,0LA,SHERMAN WY,LAUREL CANYON BL,50,W,N,A,-,N,NA,NA,NA,NA,NA,NA,NA,NA,NA,N,4,0,1,3,A,-,03,22350,NA,F,C,C,A,A,H,-,A,D,0,NA,NA,NA,NA,Y,NA,A,01,0,0,1,0,0,0,0,0,0,-,-,NA,NA,LOS ANGELES,LOS ANGELES,-118.39667158,34.20068797
8139814,2016,2016-10-07,1942,2016-08-13,1435,38285,0939,6,5,7,1942,0,0,0,I,0,16TL28,ATOLL AV,OXNARD ST,2,E,N,A,-,N,NA,NA,NA,NA,NA,NA,NA,NA,NA,Y,4,0,1,1,A,-,01,23152,A,N,E,I,A,A,H,-,A,D,0,NA,NA,NA,NA,Y,Y,A,01,0,0,1,0,0,0,0,0,0,-,-,NA,NA,LOS ANGELES,LOS ANGELES,-118.42039,34.17939
8139815,2016,2016-10-06,1942,2016-08-23,0825,37590,1667,2,5,7,1942,0,0,0,P,0,15TL45,LA TUNA CANYON RD,WHEATLAND AV,0,W,N,A,-,N,NA,NA,NA,NA,NA,NA,NA,NA,NA,N,3,0,1,2,A,-,10,21950,A,N,G,B,B,A,H,-,A,A,0,Y,NA,NA,NA,Y,NA,A,01,0,1,0,0,1,0,0,0,0,-,-,NA,NA,LOS ANGELES,LOS ANGELES,-118.36179009,34.23397001
8139816,2016,2016-10-07,1942,2016-08-15,2150,39281,1983,1,5,7,1942,0,0,0,NA,0,10T37,PARTHENIA ST,NOBLE AV,0,NA,Y,A,-,N,NA,NA,NA,NA,NA,NA,NA,NA,NA,N,4,0,1,2,A,-,05,21650,1,N,A,G,A,A,H,-,C,A,0,NA,Y,NA,NA,Y,NA,L,04,0,0,1,0,0,0,1,0,0,-,-,NA,NA,LOS ANGELES,LOS ANGELES,-118.46108004,34.22831007
8139817,2016,2016-10-06,1942,2016-08-25,2045,42408,1012,4,5,7,1942,0,0,0,J,0,10A83,WILBUR AV,SATICOY ST,0,NA,Y,A,-,N,NA,NA,NA,NA,NA,NA,NA,NA,NA,N,4,0,1,2,A,-,12,21453,A,N,D,C,A,A,H,-,C,A,0,NA,NA,NA,NA,Y,NA,A,01,0,0,1,0,0,0,0,0,0,-,-,NA,NA,LOS ANGELES,LOS ANGELES,-118.5447801,34.20836003
8139818,2016,2016-10-07,1942,2016-08-12,1720,38613,0952,5,5,7,1942,0,0,0,I,0,15T44,BURBANK BL,NOBLE AV,12,W,N,A,-,N,NA,NA,NA,NA,NA,NA,NA,NA,NA,N,4,0,1,2,A,-,09,21801,A,N,D,C,A,A,H,-,A,A,0,NA,NA,NA,NA,Y,NA,A,01,0,0,1,0,0,0,0,0,0,-,-,NA,NA,LOS ANGELES,LOS ANGELES,-118.4618796,34.172110000000004
8139819,2016,2016-10-06,1942,2016-08-22,0750,38687,1651,1,5,7,1942,0,0,0,P,0,19TL75,LAUREL CANYON BL,MONTAGUE ST,0,NA,Y,A,-,N,NA,NA,NA,NA,NA,NA,NA,NA,NA,N,4,0,3,2,A,-,09,21801,A,N,D,C,A,A,H,-,A,A,0,NA,NA,NA,NA,Y,NA,A,08,0,0,3,0,0,0,0,0,0,-,-,NA,NA,LOS ANGELES,LOS ANGELES,-118.41633004,34.24388008
8139820,2016,2016-10-07,1942,2016-08-12,1355,38285,1989,5,5,7,1942,0,0,0,NA,0,16TL28,SHELTON ST,ARLETA AV,20,E,N,A,-,N,NA,NA,NA,NA,NA,NA,NA,NA,NA,Y,4,0,1,1,A,-,03,22350,NA,N,E,I,A,A,H,-,A,D,0,NA,NA,NA,NA,Y,NA,A,01,0,0,1,0,0,0,0,0,0,-,-,NA,NA,LOS ANGELES,LOS ANGELES,-118.41113342,34.22751829
8139821,2016,2016-10-06,1942,2016-08-25,1635,42370,1024,4,5,7,1942,0,0,0,J,0,10A42,AMIGO ST,SHERMAN WY,0,NA,Y,A,-,N,NA,NA,NA,NA,NA,NA,NA,NA,NA,N,4,0,1,2,A,-,12,21453,A,N,B,C,A,A,H,-,A,A,0,NA,NA,NA,NA,Y,Y,A,01,0,0,1,0,0,0,0,0,0,-,-,NA,NA,LOS ANGELES,LOS ANGELES,-118.53863011,34.20118009
8139822,2016,2016-10-07,1942,2016-08-11,1400,38356,0932,4,5,7,1942,0,0,0,I,0,9TL58,KESTER AV,SYLVAN ST,0,NA,Y,A,-,N,NA,NA,NA,NA,NA,NA,NA,NA,NA,Y,4,0,2,2,A,-,09,21802,A,N,D,C,A,A,H,-,A,A,0,NA,NA,NA,NA,Y,NA,A,01,0,0,2,0,0,0,0,0,0,-,-,NA,NA,LOS ANGELES,LOS ANGELES,-118.45746011,34.18484003
8139823,2016,2016-10-06,1942,2016-08-20,2015,41396,16,6,5,7,1942,0,0,0,P,0,16T25,SHELDON ST,GLENOAKS BL,990,W,N,A,-,N,NA,NA,NA,NA,NA,NA,NA,NA,NA,N,3,0,3,2,A,-,09,21804,A,N,D,C,A,A,H,-,C,D,0,NA,NA,NA,NA,Y,NA,A,01,0,2,1,0,0,0,0,0,0,-,-,NA,NA,LOS ANGELES,LOS ANGELES,-118.38641062,34.24465139
8139824,2016,2016-10-07,1942,2016-08-31,1030,39194,1921,3,5,7,1942,0,0,0,NA,0,9TL57,EL DORADO AV,ROXFORD ST,0,NA,Y,A,-,N,NA,NA,NA,NA,NA,NA,NA,NA,NA,Y,4,0,1,2,A,-,09,21802,A,N,D,C,A,A,H,-,A,D,0,NA,NA,NA,NA,Y,NA,A,07,0,0,1,0,0,0,0,0,0,-,-,NA,NA,LOS ANGELES,LOS ANGELES,-118.47481012,34.3085601
8139825,2016,2016-10-07,1942,2016-08-05,0925,33504,0969,5,5,7,1942,0,0,0,I,0,19TL77,RIVERSIDE DR,FULTON AV,20,W,N,A,-,N,NA,NA,NA,NA,NA,NA,NA,NA,NA,N,4,0,3,2,A,-,21,22106,NA,N,-,C,A,A,H,-,A,A,0,NA,NA,NA,NA,Y,NA,A,01,0,0,3,0,0,0,0,0,0,-,-,NA,NA,LOS ANGELES,LOS ANGELES,-118.42257598,34.15761894
8139826,2016,2016-10-07,1942,2016-08-31,1755,38356,0989,3,5,7,1942,0,0,0,I,0,9TL58,VENTURA CANYON BL,MOORPARK ST,0,NA,Y,A,-,N,NA,NA,NA,NA,NA,NA,NA,NA,NA,Y,3,0,1,2,A,-,09,21802,A,N,D,C,A,A,H,-,A,A,0,NA,NA,NA,NA,Y,NA,A,01,0,1,0,0,0,0,0,0,0,-,-,NA,NA,LOS ANGELES,LOS ANGELES,-118.42962,34.15036006
8139827,2016,2016-10-06,1942,2016-08-24,1040,31557,1999,3,5,7,1942,0,0,0,NA,0,35M33,ROSCOE BL,WOODMAN AV,0,NA,Y,A,-,N,NA,NA,NA,NA,NA,NA,NA,NA,NA,N,4,0,1,2,A,-,09,21453,NA,N,A,C,A,A,H,-,A,A,0,NA,NA,NA,NA,Y,NA,-,-,0,0,1,0,0,0,0,0,0,-,-,NA,NA,LOS ANGELES,LOS ANGELES,-118.4327501,34.22168002
8139828,2016,2016-10-07,1942,2016-08-01,1435,37353,1729,1,5,7,1942,0,0,0,Q,0,15TL42,SAN FERNANDO MISSION BL,BALBOA BL,250,E,N,A,-,N,NA,NA,NA,NA,NA,NA,NA,NA,NA,N,4,0,2,2,A,-,09,21804,A,N,D,C,A,A,H,-,A,D,0,NA,NA,NA,NA,Y,NA,A,01,0,0,2,0,0,0,0,0,0,-,-,NA,NA,LOS ANGELES,LOS ANGELES,-118.50137396,34.27205
8139829,2016,2016-10-07,1942,2016-08-04,1350,36755,0904,4,5,7,1942,0,0,0,I,0,10TL30,VAN NUYS,KESWICK,0,NA,N,A,-,N,NA,NA,NA,NA,NA,NA,NA,NA,NA,Y,4,0,1,2,A,-,09,21801,A,N,D,-,A,A,H,-,A,D,0,NA,NA,NA,NA,Y,NA,A,01,0,0,1,0,0,0,0,0,0,-,-,NA,NA,LOS ANGELES,LOS ANGELES,-118.44877009,34.21027006
8139830,2016,2016-10-07,1942,2016-08-30,2010,35346,0981,2,5,7,1942,0,0,0,I,0,19T75,SEPULVEDA BL,VENTURA BL,10,N,N,A,-,N,NA,NA,NA,NA,NA,NA,NA,NA,NA,N,4,0,1,2,A,-,05,21650,1,N,D,G,A,A,H,-,C,A,0,NA,Y,NA,NA,Y,NA,L,04,0,0,1,0,0,0,1,0,0,-,-,NA,NA,LOS ANGELES,LOS ANGELES,-118.46619789,34.15385737
8139831,2016,2016-10-06,1942,2016-08-08,1920,36336,1989,1,5,7,1942,0,0,0,NA,0,19T75,SHELDON ST,ROSCOE BL,125,N,N,A,-,N,NA,NA,NA,NA,NA,NA,NA,NA,NA,Y,4,0,4,2,A,-,03,22350,NA,N,C,C,A,A,H,-,A,D,0,NA,NA,NA,NA,Y,NA,A,01,0,0,4,0,0,0,0,0,0,-,-,NA,NA,LOS ANGELES,LOS ANGELES,-118.41441,34.22202285
8139832,2016,2016-10-07,1942,2016-08-09,1045,37590,1983,2,5,7,1942,0,0,0,NA,0,15TL45,PARTHENIA ST,COLUMBUS AV,40,E,N,A,-,N,NA,NA,NA,NA,NA,NA,NA,NA,NA,N,4,0,1,2,A,-,03,22350,NA,N,C,C,A,A,H,-,A,A,0,NA,NA,NA,NA,Y,NA,A,07,0,0,1,0,0,0,0,0,0,-,-,NA,NA,LOS ANGELES,LOS ANGELES,-118.46529791,34.22826
8139833,2016,2016-10-07,1942,2016-08-04,0745,38857,0989,4,5,7,1942,0,0,0,I,0,19TL75,VALLEYHEART DR,WOODMAN AV,85,E,N,A,-,N,NA,NA,NA,NA,NA,NA,NA,NA,NA,Y,3,0,1,2,A,-,03,22350,NA,N,C,E,A,A,H,-,A,D,0,NA,NA,NA,NA,Y,NA,A,07,0,1,0,0,0,0,0,0,0,-,-,NA,NA,LOS ANGELES,LOS ANGELES,-118.43125,34.15396
8139834,2016,2016-10-07,1942,2016-08-24,1755,39096,0923,3,5,7,1942,0,0,0,I,0,21TL64,KESTER AV,LEMAY ST,40,S,N,A,-,N,NA,NA,NA,NA,NA,NA,NA,NA,NA,N,4,0,2,2,A,-,04,21703,NA,N,C,C,A,A,H,-,A,D,0,NA,NA,NA,NA,Y,NA,A,01,0,0,2,0,0,0,0,0,0,-,-,NA,NA,LOS ANGELES,LOS ANGELES,-118.45744941,34.19199028
8139835,2016,2016-11-17,1942,2016-08-09,1520,38996,1931,2,5,7,1942,0,0,0,NA,0,19TL72,RINALDI ST,SHARP AV,350,E,N,A,-,N,NA,NA,NA,NA,NA,NA,NA,NA,NA,Y,4,0,2,3,A,-,05,21650,NA,N,D,C,A,A,H,-,A,D,0,NA,NA,NA,NA,Y,NA,A,01,0,0,2,0,0,0,0,0,0,-,-,NA,NA,LOS ANGELES,LOS ANGELES,-118.45650382,34.27901726
8139836,2016,2016-10-07,1942,2016-08-21,0920,38273,1983,7,5,7,1942,0,0,0,NA,0,15T47,PARTHENIA ST,NOBLE AV,0,NA,Y,A,-,N,NA,NA,NA,NA,NA,NA,NA,NA,NA,N,3,0,4,3,A,-,12,21453,A,N,D,C,A,A,H,-,A,A,0,NA,NA,NA,NA,Y,NA,-,-,0,1,3,0,0,0,0,0,0,-,-,NA,NA,LOS ANGELES,LOS ANGELES,-118.46108004,34.22831007
8139837,2016,2016-10-07,1942,2016-08-02,1200,38471,0939,2,5,7,1942,0,0,0,I,0,16T26,VICTORY BL,ATOLL AV,0,NA,Y,A,-,N,NA,NA,NA,NA,NA,NA,NA,NA,NA,N,4,0,1,2,A,-,09,21804,A,N,D,G,A,A,H,-,A,A,0,NA,Y,NA,NA,Y,NA,L,04,0,0,1,0,0,0,1,0,0,-,-,NA,NA,LOS ANGELES,LOS ANGELES,-118.42032007,34.18668006
8139838,2016,2016-10-07,1942,2016-08-15,1930,36336,0923,1,5,7,1942,0,0,0,I,0,10T37,VAN NUYS BL,VANOWEN ST,0,NA,Y,A,-,N,NA,NA,NA,NA,NA,NA,NA,NA,NA,Y,3,0,2,2,A,-,09,21801,A,N,A,C,A,A,H,-,A,A,0,NA,NA,NA,NA,Y,NA,A,01,0,1,1,0,0,0,0,0,0,-,-,NA,NA,LOS ANGELES,LOS ANGELES,-118.44874001,34.19391008
8139839,2016,2017-02-27,1942,2016-08-10,1850,38326,1971,3,5,7,1942,0,0,0,NA,0,15T45,RT 405,NORDHOFF ST,10,N,N,A,-,Y,LA,7,405,-,-,44.928,R,3,N,N,3,0,1,2,A,-,10,21950,C,N,G,B,B,A,H,-,A,A,0,Y,NA,NA,NA,Y,NA,A,01,0,1,0,0,1,0,0,0,0,NO,-,NA,NA,LOS ANGELES,LOS ANGELES,-118.47292262,34.23813859
8139840,2016,2016-10-07,1942,2016-08-19,1350,38285,1979,5,5,7,1942,0,0,0,NA,0,16TL28,BRANFORD ST,ARLETA AV,0,NA,Y,A,-,N,NA,NA,NA,NA,NA,NA,NA,NA,NA,Y,4,0,1,2,A,-,12,21453,A,N,D,C,A,A,H,-,A,A,0,NA,NA,NA,NA,Y,NA,-,-,0,0,1,0,0,0,0,0,0,-,-,NA,NA,LOS ANGELES,LOS ANGELES,-118.41979013,34.23613002
8139841,2016,2016-10-06,1934,2016-08-26,1253,750,1934,5,5,1,1934,0,0,0,NA,0,001,MYRTLE AV,LONGDEN AV,0,NA,Y,A,-,N,NA,NA,NA,NA,NA,NA,NA,NA,NA,Y,4,0,2,3,A,-,12,21453,A,F,A,C,A,A,H,-,A,A,0,NA,NA,NA,NA,Y,NA,A,01,0,0,2,0,0,0,0,0,0,-,-,NA,NA,LOS ANGELES,IRWINDALE,-118.00309008,34.11364002
8139842,2016,2016-11-30,1900,2016-08-31,1517,602999,1135,3,5,6,1992,0,0,0,NA,0,112T2,AVENUE J,17TH ST EAST,0,NA,Y,A,-,N,NA,NA,NA,NA,NA,NA,NA,NA,NA,Y,4,0,1,2,A,-,09,21801,A,N,B,C,A,A,H,-,A,A,0,NA,NA,NA,NA,Y,NA,A,07,0,0,1,0,0,0,0,0,0,-,-,NA,NA,LOS ANGELES,LANCASTER,-118.09921003,34.6895901
8139844,2016,2016-10-07,1900,2016-07-12,2135,600527,1134,2,5,6,1992,0,0,0,NA,0,111T1P,4TH ST EAST,AVENUE M,11,N,N,A,-,N,NA,NA,NA,NA,NA,NA,NA,NA,NA,N,4,0,6,2,A,-,08,22107,NA,N,A,C,A,A,H,-,C,D,0,NA,NA,NA,NA,Y,NA,A,01,0,0,6,0,0,0,0,0,0,-,-,NA,NA,LOS ANGELES,LANCASTER,-118.12321067,34.64591016
8139845,2016,2016-10-06,1934,2016-08-30,2015,784,WES C,2,5,1,1934,0,0,0,NA,0,003,LONGDEN AV,MYRTLE AV,0,NA,Y,A,-,N,NA,NA,NA,NA,NA,NA,NA,NA,NA,N,4,0,1,2,A,-,12,21453,A,N,D,C,A,A,H,-,C,A,0,NA,NA,NA,NA,Y,NA,A,01,0,0,1,0,0,0,0,0,0,-,-,NA,NA,LOS ANGELES,IRWINDALE,-118.00309008,34.11364002
8139846,2016,2016-10-07,1900,2016-08-29,1023,525744,1125,1,5,6,1992,0,0,0,NA,0,111T1,10TH ST WEST,LANCASTER BL,0,NA,Y,A,-,N,NA,NA,NA,NA,NA,NA,NA,NA,NA,Y,4,0,3,2,A,-,09,21801,A,N,D,C,A,A,H,-,A,A,0,NA,NA,NA,NA,Y,NA,A,08,0,0,3,0,0,0,0,0,0,-,-,NA,NA,LOS ANGELES,LANCASTER,-118.1480801,34.69716004
8139849,2016,2016-12-01,1934,2016-08-16,1911,752,NA,2,5,1,1934,0,0,0,NA,0,001,RAMONA BL,FRANCISQUITO AV,45,W,N,A,-,N,NA,NA,NA,NA,NA,NA,NA,NA,NA,Y,4,0,1,1,D,-,00,NA,NA,N,E,I,A,A,H,-,A,A,0,NA,NA,NA,NA,Y,NA,-,-,0,0,1,0,0,0,0,0,0,-,-,NA,NA,LOS ANGELES,IRWINDALE,-117.98931295,34.07969724
8139850,2016,2016-10-07,1900,2016-08-29,1545,532040,1127,1,5,6,1992,0,0,0,NA,0,110T3,AVENUE J-8,20TH ST WEST,15,W,N,A,-,N,NA,NA,NA,NA,NA,NA,NA,NA,NA,Y,4,0,2,2,A,-,09,21801,A,N,D,C,A,A,H,-,A,A,0,NA,NA,NA,NA,Y,NA,A,01,0,0,2,0,0,0,0,0,0,-,-,NA,NA,LOS ANGELES,LANCASTER,-118.16573979,34.68221
8139853,2016,2016-10-11,1942,2016-08-23,0730,39473,1761,2,5,7,1942,0,0,0,Q,0,10TL37,LASSEN ST,FARRALONE AV,20,E,N,A,-,N,NA,NA,NA,NA,NA,NA,NA,NA,NA,N,4,0,2,2,A,-,03,22350,NA,N,C,C,A,A,H,-,A,D,0,NA,NA,NA,NA,Y,NA,A,07,0,0,2,0,0,0,0,0,0,-,-,NA,NA,LOS ANGELES,LOS ANGELES,-118.61034393,34.24997
8139855,2016,2016-10-07,1900,2016-07-29,2205,602372,1123,5,5,6,1992,0,0,0,NA,0,112T2,10TH ST W,AVENUE J-4,56,S,N,A,-,N,NA,NA,NA,NA,NA,NA,NA,NA,NA,Y,4,0,2,2,A,-,01,23152,A,N,C,C,A,A,H,-,C,A,0,NA,NA,NA,NA,Y,Y,A,01,0,0,2,0,0,0,0,0,0,-,-,NA,NA,LOS ANGELES,LANCASTER,-118.14801,34.68562673
8139857,2016,2016-10-06,1942,2016-08-22,0550,30983,1797,1,5,7,1942,0,0,0,Q,0,10TL35,PARTHENIA ST,HAYVENHURST AV,0,NA,Y,A,-,N,NA,NA,NA,NA,NA,NA,NA,NA,NA,Y,3,0,6,2,A,-,09,21801,A,N,A,C,A,A,H,-,B,D,0,NA,NA,NA,NA,Y,NA,A,01,0,5,1,0,0,0,0,0,0,-,-,NA,NA,LOS ANGELES,LOS ANGELES,-118.49387009,34.22845002
8139859,2016,2016-11-23,1942,2016-07-12,1320,41833,1668,2,5,7,1942,0,0,0,P,0,16A59,FOOTHILL BL,HAINES CANYON AV,350,E,N,A,-,N,NA,NA,NA,NA,NA,NA,NA,NA,NA,Y,3,0,3,2,A,-,09,21801,A,N,D,C,A,A,H,-,A,D,0,NA,NA,NA,NA,Y,NA,A,01,0,2,1,0,0,0,0,0,0,-,-,NA,NA,LOS ANGELES,LOS ANGELES,-118.27836406,34.2472193
8139863,2016,2016-10-07,1942,2016-07-12,1440,39830,1601,2,5,7,1942,0,0,0,P,0,16A11,DRONFIELD AV,CORCORAN ST,0,NA,Y,A,-,N,NA,NA,NA,NA,NA,NA,NA,NA,NA,Y,4,0,2,2,A,-,09,21801,A,N,D,C,A,A,H,-,A,A,0,NA,NA,NA,NA,Y,NA,A,01,0,0,2,0,0,0,0,0,0,-,-,NA,NA,LOS ANGELES,LOS ANGELES,-118.41618001,34.28887003
8139867,2016,2016-10-14,1942,2016-07-08,2100,40459,1655,5,5,7,1942,0,0,0,P,0,16A35,SUNLAND BL,HELEN AV,0,NA,Y,A,-,N,NA,NA,NA,NA,NA,NA,NA,NA,NA,Y,4,0,2,2,A,-,09,21801,A,N,D,C,A,A,H,-,C,D,0,NA,NA,NA,NA,Y,NA,A,01,0,0,2,0,0,0,0,0,0,-,-,NA,NA,LOS ANGELES,LOS ANGELES,-118.36492001,34.2443001
8139871,2016,2016-10-07,1942,2016-07-08,1125,40422,1622,5,5,7,1942,0,0,0,P,0,16A35,SAN FERNANDO RD,FILMORE ST,265,S,N,A,-,N,NA,NA,NA,NA,NA,NA,NA,NA,NA,N,4,0,2,2,A,-,04,21703,NA,N,C,D,A,A,H,-,-,D,0,NA,NA,NA,NA,Y,NA,A,01,0,0,2,0,0,0,0,0,0,-,-,NA,NA,LOS ANGELES,LOS ANGELES,-118.42467494,34.26852927
8139875,2016,2016-10-07,1942,2016-07-03,0225,37330,1612,7,5,7,1942,0,0,0,P,0,16A23,PAXTON,HERRICK,220,W,N,A,-,N,NA,NA,NA,NA,NA,NA,NA,NA,NA,Y,4,0,1,1,A,-,05,21651,A,N,E,I,A,A,H,-,C,D,0,NA,NA,NA,NA,Y,NA,A,01,0,0,1,0,0,0,0,0,0,-,-,NA,NA,LOS ANGELES,LOS ANGELES,-118.42183271,34.27684813
8139879,2016,2016-10-07,1942,2016-07-31,1150,26319,1617,7,5,7,1942,0,0,0,P,0,19TL74,BIG TUJUNGA CANYON RD,GROVE ST,550,N,N,A,-,N,NA,NA,NA,NA,NA,NA,NA,NA,NA,Y,4,0,1,1,A,-,03,22350,NA,N,E,I,A,A,H,-,A,D,0,NA,NA,Y,NA,Y,NA,C,02,0,0,1,0,0,0,0,0,1,-,-,NA,NA,LOS ANGELES,LOS ANGELES,NA,NA
8139881,2016,2016-10-07,1900,2016-08-25,2022,602372,1121,4,5,6,1992,0,0,0,NA,0,111T1,AVENUE H,10TH ST WEST,0,NA,Y,A,-,N,NA,NA,NA,NA,NA,NA,NA,NA,NA,Y,4,0,1,2,A,-,09,21801,A,F,A,C,A,A,-,-,C,A,0,NA,NA,NA,NA,Y,NA,A,01,0,0,1,0,0,0,0,0,0,-,-,NA,NA,LOS ANGELES,LANCASTER,-118.14843004,34.71852011
8139883,2016,2016-10-07,1942,2016-07-15,2105,38634,1684,5,5,7,1942,0,0,0,P,0,16A1,BEN AV,STRATHERN,30,N,N,A,-,N,NA,NA,NA,NA,NA,NA,NA,NA,NA,Y,3,0,1,4,A,-,05,21651,A,N,B,C,A,A,H,-,C,D,0,NA,NA,NA,NA,Y,NA,A,01,0,1,0,0,0,0,0,0,0,-,-,NA,NA,LOS ANGELES,LOS ANGELES,-118.39439256,34.21582162