CASE_ID,ACCIDENT_YEAR,PROC_DATE,JURIS,COLLISION_DATE,COLLISION_TIME,OFFICER_ID,REPORTING_DISTRICT,DAY_OF_WEEK,CHP_SHIFT,POPULATION,CNTY_CITY_LOC,SPECIAL_COND,BEAT_TYPE,CHP_BEAT_TYPE,CITY_DIVISION_LAPD,CHP_BEAT_CLASS,BEAT_NUMBER,PRIMARY_RD,SECONDARY_RD,DISTANCE,DIRECTION,INTERSECTION,WEATHER_1,WEATHER_2,STATE_HWY_IND,CALTRANS_COUNTY,CALTRANS_DISTRICT,STATE_ROUTE,ROUTE_SUFFIX,POSTMILE_PREFIX,POSTMILE,LOCATION_TYPE,RAMP_INTERSECTION,SIDE_OF_HWY,TOW_AWAY,COLLISION_SEVERITY,NUMBER_KILLED,NUMBER_INJURED,PARTY_COUNT,PRIMARY_COLL_FACTOR,PCF_CODE_OF_VIOL,PCF_VIOL_CATEGORY,PCF_VIOLATION,PCF_VIOL_SUBSECTION,HIT_AND_RUN,TYPE_OF_COLLISION,MVIW,PED_ACTION,ROAD_SURFACE,ROAD_COND_1,ROAD_COND_2,LIGHTING,CONTROL_DEVICE,CHP_ROAD_TYPE,PEDESTRIAN_ACCIDENT,BICYCLE_ACCIDENT,MOTORCYCLE_ACCIDENT,TRUCK_ACCIDENT,NOT_PRIVATE_PROPERTY,ALCOHOL_INVOLVED,STWD_VEHTYPE_AT_FAULT,CHP_VEHTYPE_AT_FAULT,COUNT_SEVERE_INJ,COUNT_VISIBLE_INJ,COUNT_COMPLAINT_PAIN,COUNT_PED_KILLED,COUNT_PED_INJURED,COUNT_BICYCLIST_KILLED,COUNT_BICYCLIST_INJURED,COUNT_MC_KILLED,COUNT_MC_INJURED,PRIMARY_RAMP,SECONDARY_RAMP,LATITUDE,LONGITUDE,COUNTY,CITY,POINT_X,POINT_Y
8143086,2016,2016-10-31,1941,2016-10-07,1532,6248,NA,5,5,7,1941,0,0,0,NA,0,NA,ANAHEIM ST,CHERRY AV,30,E,N,A,-,N,NA,NA,NA,NA,NA,NA,NA,NA,NA,Y,4,0,1,3,A,-,07,21658,A,N,C,-,A,A,H,-,A,A,0,NA,NA,NA,NA,Y,Y,A,NA,0,0,1,0,0,0,0,0,0,-,-,NA,NA,LOS ANGELES,LONG BEACH,-118.16756148,33.78261
8143088,2016,2016-11-01,1942,2016-09-15,1725,40099,0127,4,5,7,1942,0,0,0,A,0,2T28,TEMPLE ST,LOS ANGELES,0,NA,Y,A,-,N,NA,NA,NA,NA,NA,NA,NA,NA,NA,N,4,0,1,2,A,-,21,22106,NA,N,B,C,A,A,H,-,A,A,0,NA,NA,NA,NA,Y,NA,A,01,0,0,1,0,0,0,0,0,0,-,-,NA,NA,LOS ANGELES,LOS ANGELES,-118.2408701,34.05339001
8143096,2016,2016-11-01,1953,2016-10-07,1129,1600,1953,5,5,6,1953,0,0,0,NA,0,005,COLORADO BL,MADISON AV,40,W,N,A,-,N,NA,NA,NA,NA,NA,NA,NA,NA,NA,N,4,0,1,2,A,-,03,22350,NA,N,C,C,A,A,D,-,A,A,0,NA,NA,NA,NA,Y,NA,A,01,0,0,1,0,0,0,0,0,0,-,-,NA,NA,LOS ANGELES,PASADENA,-118.13850192,34.14585
8143103,2016,2016-11-02,1916,2016-02-28,1351,2350,W38C1,7,5,4,1916,0,0,0,NA,0,WEST,CITRUS AV,COVINA BL,0,NA,Y,A,-,N,NA,NA,NA,NA,NA,NA,NA,NA,NA,Y,4,0,2,2,A,-,12,21453,A,N,D,C,A,A,H,-,A,A,0,NA,NA,NA,NA,Y,NA,A,01,0,0,2,0,0,0,0,0,0,-,-,34.09941,-117.89018,LOS ANGELES,COVINA,-117.89019006,34.09943007
8143111,2016,2016-11-01,1976,2016-09-27,0230,851,NA,2,5,5,1976,0,0,0,NA,0,NA,PAINTER AV,LAMBERT RD,0,NA,Y,A,-,N,NA,NA,NA,NA,NA,NA,NA,NA,NA,Y,4,0,1,2,B,-,22,NA,NA,N,D,C,A,A,H,-,C,A,0,NA,NA,NA,NA,Y,NA,J,41,0,0,1,0,0,0,0,0,0,-,-,NA,NA,LOS ANGELES,WHITTIER,-118.03796005,33.95825003
8143115,2016,2016-11-02,1900,2016-09-27,1805,527387,0647,2,5,6,1985,0,0,0,NA,0,65B,RAILROAD AV,MAGIC MOUNTAIN PKWY,109,S,N,A,-,N,NA,NA,NA,NA,NA,NA,NA,NA,NA,Y,3,0,1,3,A,-,07,21658,A,N,B,C,A,A,H,-,A,A,0,NA,NA,Y,NA,Y,NA,D,22,0,1,0,0,0,0,0,0,1,-,-,NA,NA,LOS ANGELES,SANTA CLARITA,-118.54093975,34.41318525
8143119,2016,2016-11-02,1900,2016-09-26,1700,472724,0644,1,5,6,1985,0,0,0,NA,0,61T1,BOUQUET CANYON RD,SOLEDAD CANYON RD,163,S,N,A,-,N,NA,NA,NA,NA,NA,NA,NA,NA,NA,N,4,0,1,2,A,-,04,21703,NA,N,C,C,A,A,H,-,A,D,0,NA,NA,NA,NA,Y,NA,A,01,0,0,1,0,0,0,0,0,0,-,-,NA,NA,LOS ANGELES,SANTA CLARITA,-118.54132221,34.42217258
8143124,2016,2016-10-26,1942,2016-09-21,0630,42366,NA,3,5,7,1942,0,0,0,NA,0,9A89,VALLEY VISTA BL,DIXIE CANYON RD,0,NA,N,A,-,N,NA,NA,NA,NA,NA,NA,NA,NA,NA,N,4,0,1,1,A,-,03,22350,NA,N,H,J,A,A,H,-,A,A,0,NA,Y,NA,NA,Y,NA,L,04,0,0,1,0,0,0,1,0,0,-,-,NA,NA,LOS ANGELES,LOS ANGELES,-118.42488009,34.14367002
8143128,2016,2016-10-26,1942,2016-09-11,0115,39566,0971,7,5,7,1942,0,0,0,I,0,9A63,VAN NUYS BL,WEST,15,E,N,A,-,N,NA,NA,NA,NA,NA,NA,NA,NA,NA,Y,4,0,2,2,A,-,01,23152,A,N,D,C,A,-,H,-,C,D,0,NA,NA,Y,NA,Y,Y,C,02,0,0,2,0,0,0,0,0,2,-,-,NA,NA,LOS ANGELES,LOS ANGELES,NA,NA
8143130,2016,2016-10-31,1941,2016-10-08,1704,10915,NA,6,5,7,1941,0,0,0,NA,0,NA,PACIFIC COAST HWY,PACIFIC COAST HWY 524,0,NA,-,A,-,N,NA,NA,NA,NA,NA,NA,NA,NA,NA,Y,4,0,1,3,A,-,01,23152,A,N,B,E,A,A,H,-,A,D,0,NA,NA,NA,NA,Y,Y,A,NA,0,0,1,0,0,0,0,0,0,-,-,NA,NA,LOS ANGELES,LONG BEACH,-118.186023,33.789854
8143155,2016,2016-10-26,1900,2016-09-29,2300,609125,0974,4,5,4,1979,0,0,0,NA,0,91T3,WILLOUGHBY AV,SIERRA BONITA AV,0,NA,Y,A,-,N,NA,NA,NA,NA,NA,NA,NA,NA,NA,Y,3,0,1,2,A,-,01,23152,A,N,D,G,A,A,H,-,C,A,0,NA,Y,NA,NA,Y,Y,A,07,0,1,0,0,0,0,1,0,0,-,-,NA,NA,LOS ANGELES,WEST HOLLYWOOD,-118.35427002,34.08713005
8143159,2016,2016-10-26,1942,2016-09-13,1755,42163,1967,2,5,7,1942,0,0,0,NA,0,19A93,WOODMAN AV,TERRA BELLA ST,303,S,N,A,-,N,NA,NA,NA,NA,NA,NA,NA,NA,NA,N,4,0,1,2,A,-,03,22350,NA,N,C,C,A,A,H,-,A,D,0,NA,NA,NA,NA,Y,NA,-,NA,0,0,1,0,0,0,0,0,0,-,-,NA,NA,LOS ANGELES,LOS ANGELES,-118.44305019,34.23920067
8143160,2016,2016-10-27,1942,2016-08-27,1745,38857,0905,6,5,7,1942,0,0,0,I,0,17TL14,SHERMAN WAY,KESTER,325,E,N,A,-,N,NA,NA,NA,NA,NA,NA,NA,NA,NA,N,3,0,1,2,A,-,-,NA,NA,N,D,G,A,-,H,-,A,D,0,NA,Y,NA,NA,Y,NA,L,04,0,1,0,0,0,0,1,0,0,-,-,NA,NA,LOS ANGELES,LOS ANGELES,-118.4563871,34.20114
8143164,2016,2016-10-27,1942,2016-08-04,1510,41272,1027,4,5,7,1942,0,0,0,J,0,10A17,BALBOA,VANOWEN,0,NA,Y,A,-,N,NA,NA,NA,NA,NA,NA,NA,NA,NA,N,4,0,1,2,A,-,03,22350,NA,N,C,C,A,A,H,-,A,D,0,NA,NA,NA,NA,Y,NA,-,NA,0,0,1,0,0,0,0,0,0,-,-,NA,NA,LOS ANGELES,LOS ANGELES,-118.50112008,34.19390008
8143167,2016,2016-10-26,1942,2016-08-10,1810,42252,275,3,5,7,1942,0,0,0,NA,0,2A47,OLYMPIC BL,BURLINGTON AV,0,NA,-,A,-,N,NA,NA,NA,NA,NA,NA,NA,NA,NA,N,4,0,1,3,A,-,09,21801,A,N,D,C,A,A,H,-,A,A,0,NA,NA,NA,NA,Y,NA,-,NA,0,0,1,0,0,0,0,0,0,-,-,NA,NA,LOS ANGELES,LOS ANGELES,-118.27654002,34.05024009
8143171,2016,2016-10-26,1922,2016-09-23,1532,670,P2,5,5,6,1922,0,0,0,NA,0,NA,COGSWELL RD,COGSWELL RD 3920,0,NA,-,A,-,N,NA,NA,NA,NA,NA,NA,NA,NA,NA,N,4,0,1,2,A,-,08,22100,B,N,D,C,A,A,-,-,A,D,0,NA,NA,NA,NA,Y,NA,A,01,0,0,1,0,0,0,0,0,0,-,-,NA,NA,LOS ANGELES,EL MONTE,-118.013256,34.074188
8143175,2016,2016-10-26,1942,2016-09-01,1515,37846,1118,4,5,7,1942,0,0,0,K,0,11A26,AVENUE 57,FIGUEROA,200,W,N,A,-,N,NA,NA,NA,NA,NA,NA,NA,NA,NA,N,4,0,1,2,A,-,21,22106,NA,F,B,B,E,A,H,-,A,D,0,Y,NA,NA,NA,Y,NA,-,-,0,0,1,0,1,0,0,0,0,-,-,NA,NA,LOS ANGELES,LOS ANGELES,-118.19318679,34.11003151
8143179,2016,2016-10-26,1942,2016-09-02,1730,37846,1125,5,5,7,1942,0,0,0,K,0,11A26,YORK BL,AVE 49,0,NA,Y,A,-,NA,NA,NA,NA,NA,NA,NA,NA,NA,NA,N,3,0,1,2,A,-,04,21703,NA,N,C,C,A,A,H,-,A,D,0,NA,NA,NA,NA,Y,NA,-,NA,0,1,0,0,0,0,0,0,0,-,-,NA,NA,LOS ANGELES,LOS ANGELES,-118.20902002,34.1218801
8143183,2016,2016-10-26,1942,2016-09-06,1215,40513,1151,2,5,7,1942,0,0,0,K,0,2A91,FOUNTAIN,RON HUBBARD WAY,0,NA,-,A,-,N,NA,NA,NA,NA,NA,NA,NA,NA,NA,N,4,0,1,2,A,-,10,21950,A,N,A,B,B,-,H,-,A,A,0,Y,NA,NA,NA,Y,NA,A,01,0,0,1,0,1,0,0,0,0,-,-,NA,NA,LOS ANGELES,LOS ANGELES,-118.29396,34.09546
8143187,2016,2016-10-26,1953,2016-10-03,1115,1702,1953,1,5,6,1953,0,0,0,NA,0,001,DEL MAR BL,OAK KNOLL AV,0,NA,Y,A,-,N,NA,NA,NA,NA,NA,NA,NA,NA,NA,N,4,0,1,2,A,-,10,21950,A,N,G,B,B,A,H,-,A,A,0,Y,NA,NA,NA,Y,NA,-,NA,0,0,1,0,1,0,0,0,0,-,-,NA,NA,LOS ANGELES,PASADENA,-118.13518009,34.14040001
8143188,2016,2016-10-27,1942,2016-09-22,1410,34244,1797,4,5,7,1942,0,0,0,Q,0,17X24,WOODLEY AV,CHASE ST,10,W,N,A,-,N,NA,NA,NA,NA,NA,NA,NA,NA,NA,Y,4,0,2,2,A,-,09,21802,A,N,D,C,A,A,H,-,A,A,0,NA,NA,NA,NA,Y,NA,-,NA,0,0,2,0,0,0,0,0,0,-,-,NA,NA,LOS ANGELES,LOS ANGELES,-118.48518,34.22474
8143192,2016,2017-01-21,1942,2016-09-09,1800,38743,1721,5,5,7,1942,0,0,0,Q,0,17X54,TOPANGA CANYON BL,RT 118,30,NA,N,A,-,Y,LA,7,27,-,-,20.02,H,-,N,N,4,0,2,2,A,-,04,21703,NA,N,C,C,A,A,H,-,A,A,0,NA,NA,NA,NA,Y,NA,A,01,0,0,2,0,0,0,0,0,0,-,-,NA,NA,LOS ANGELES,LOS ANGELES,-118.60495427,34.27713686
8143195,2016,2016-10-26,1942,2016-09-06,0900,36706,NA,2,5,7,1942,0,0,0,NA,0,9AS,SEPULVEDA PL,VICTORY BL,5,N,N,A,-,N,NA,NA,NA,NA,NA,NA,NA,NA,NA,N,3,0,1,2,A,-,05,21650,1,N,D,G,A,A,H,-,A,A,0,NA,Y,NA,NA,Y,NA,L,04,0,1,0,0,0,0,1,0,0,-,-,NA,NA,LOS ANGELES,LOS ANGELES,-118.46617,34.18667371
8143196,2016,2016-10-27,1942,2016-09-21,2010,41128,1767,3,5,7,1942,0,0,0,Q,0,17X82,LASSEN,RESEDA,0,NA,Y,A,-,N,NA,NA,NA,NA,NA,NA,NA,NA,NA,Y,4,0,1,2,A,-,08,22107,NA,N,D,C,A,A,H,-,C,A,0,NA,NA,Y,NA,Y,NA,A,01,0,0,1,0,0,0,0,0,1,-,-,NA,NA,LOS ANGELES,LOS ANGELES,-118.53609,34.24999008
8143203,2016,2016-10-28,1947,2016-09-15,0722,1291,NA,4,5,5,1947,0,0,0,NA,0,00E,ALLSTON ST,22ND ST,0,NA,Y,A,-,N,NA,NA,NA,NA,NA,NA,NA,NA,NA,Y,4,0,1,2,A,-,09,21801,B,N,A,C,A,A,H,-,A,D,0,NA,NA,NA,NA,Y,NA,A,07,0,0,1,0,0,0,0,0,0,-,-,34.01268,-118.12475,LOS ANGELES,MONTEBELLO,-118.12477,34.01270005
8143207,2016,2016-10-28,1947,2016-09-03,0910,1360,NA,6,5,5,1947,0,0,0,NA,0,00D,W TELEGRAPH RD,GAGE RD,450,W,N,A,-,N,NA,NA,NA,NA,NA,NA,NA,NA,NA,Y,4,0,2,2,A,-,09,21801,A,N,D,C,A,A,H,-,A,D,0,NA,NA,NA,NA,Y,NA,A,01,0,0,2,0,0,0,0,0,0,-,-,NA,NA,LOS ANGELES,MONTEBELLO,-118.12563796,33.97700796
8143211,2016,2016-10-28,1947,2016-09-19,1809,1319,NA,1,5,5,1947,0,0,0,NA,0,00B,W LINCOLN AV,LINCOLN AV 900,0,NA,-,B,-,N,NA,NA,NA,NA,NA,NA,NA,NA,NA,Y,4,0,1,2,A,-,08,22107,NA,N,D,C,A,A,H,-,A,D,0,NA,NA,NA,NA,Y,Y,A,01,0,0,1,0,0,0,0,0,0,-,-,34.02074,-118.10496,LOS ANGELES,MONTEBELLO,-118.106251,34.021001
8143215,2016,2016-10-28,1947,2016-09-19,1008,1410,NA,1,5,5,1947,0,0,0,NA,0,00B,WEST BEVERLY BL,WILCOX AV,0,NA,Y,A,-,N,NA,NA,NA,NA,NA,NA,NA,NA,NA,N,4,0,1,2,A,-,12,21453,A,N,D,C,A,A,H,-,A,A,0,NA,NA,NA,NA,Y,NA,-,-,0,0,1,0,0,0,0,0,0,-,-,34.02076,-118.12286,LOS ANGELES,MONTEBELLO,-118.12288004,34.02072007
8143217,2016,2016-10-27,1942,2016-07-09,2325,42298,217,6,5,7,1942,0,0,0,NA,0,2A47,TEMPLE ST,UNION AV,21,E,N,A,-,N,NA,NA,NA,NA,NA,NA,NA,NA,NA,N,4,0,1,2,A,-,09,21801,A,N,D,C,A,A,H,-,C,A,0,NA,NA,NA,NA,Y,NA,-,NA,0,0,1,0,0,0,0,0,0,-,-,NA,NA,LOS ANGELES,LOS ANGELES,-118.26313471,34.06867115
8143220,2016,2016-10-28,1942,2016-10-03,1520,36121,901,1,5,7,1942,0,0,0,NA,0,15A27,SEPULVEDA BL,SATICOY ST,15,NA,N,A,-,N,NA,NA,NA,NA,NA,NA,NA,NA,NA,Y,3,0,2,2,A,-,12,21453,A,N,D,C,A,A,H,-,A,A,0,NA,NA,NA,NA,Y,NA,-,NA,0,1,1,0,0,0,0,0,0,-,-,NA,NA,LOS ANGELES,LOS ANGELES,-118.46621008,34.20845005
8143221,2016,2016-10-27,1942,2016-08-30,1800,38703,0497,2,5,7,1942,0,0,0,D,0,4Z1,11TH ST,SOTO,0,NA,-,A,-,N,NA,NA,NA,NA,NA,NA,NA,NA,NA,Y,4,0,1,2,A,-,08,22107,NA,N,D,C,A,A,-,-,A,D,0,NA,NA,NA,NA,Y,NA,-,NA,0,0,1,0,0,0,0,0,0,-,-,NA,NA,LOS ANGELES,LOS ANGELES,-118.21997012,34.02325003
8143225,2016,2016-10-27,1942,2016-08-16,2010,41407,246,2,5,7,1942,0,0,0,NA,0,A39,6TH ST,WESTLAKE AV,0,NA,Y,A,-,N,NA,NA,NA,NA,NA,NA,NA,NA,NA,N,4,0,1,2,A,-,09,21801,A,N,B,G,A,A,H,-,C,A,0,NA,Y,NA,NA,Y,NA,A,01,0,0,1,0,0,0,1,0,0,-,-,NA,NA,LOS ANGELES,LOS ANGELES,-118.27366012,34.0589901
8143229,2016,2016-10-27,1942,2016-09-17,2315,40792,1243,6,5,7,1942,0,0,0,L,0,12X56,WESTERN,FLORENCE,0,NA,Y,A,-,N,NA,NA,NA,NA,NA,NA,NA,NA,NA,N,4,0,1,2,A,-,03,22350,NA,N,C,C,A,A,H,-,C,A,0,NA,NA,NA,NA,Y,NA,A,01,0,0,1,0,0,0,0,0,0,-,-,NA,NA,LOS ANGELES,LOS ANGELES,-118.30898006,33.97457001
8143232,2016,2016-10-28,1942,2016-09-23,1950,42076,1391,5,5,7,1942,0,0,0,M,0,13A43,GAGE,W GAGE 340,0,NA,-,A,-,N,NA,NA,NA,NA,NA,NA,NA,NA,NA,N,4,0,1,2,D,-,00,NA,NA,N,G,B,E,A,H,-,C,D,0,Y,NA,NA,NA,Y,NA,-,-,0,0,1,0,1,0,0,0,0,-,-,NA,NA,LOS ANGELES,LOS ANGELES,-118.279828,33.982378
8143234,2016,2016-11-01,1942,2016-10-14,2030,41444,0645,5,5,7,1942,0,0,0,F,0,6A45,LA BREA AV,FOUNTAIN AV,0,NA,Y,A,-,N,NA,NA,NA,NA,NA,NA,NA,NA,NA,Y,3,0,1,2,A,-,09,21801,A,N,A,C,A,A,H,-,C,A,0,NA,NA,NA,NA,Y,NA,A,01,0,1,0,0,0,0,0,0,0,-,-,NA,NA,LOS ANGELES,LOS ANGELES,-118.34410005,34.09437004
8143236,2016,2016-10-28,1942,2016-09-20,1830,41589,1321,2,5,7,1942,0,0,0,M,0,13X28,22ND ST,HILL ST,0,NA,Y,B,-,N,NA,NA,NA,NA,NA,NA,NA,NA,NA,N,4,0,1,2,A,-,04,21703,NA,N,-,C,A,A,H,-,B,D,0,NA,NA,NA,NA,Y,NA,-,NA,0,0,1,0,0,0,0,0,0,-,-,NA,NA,LOS ANGELES,LOS ANGELES,-118.2685501,34.02928001
8143237,2016,2016-10-27,1942,2016-09-18,1705,41600,1322,7,5,7,1942,0,0,0,M,0,13X42,ADAMS BL,SAN PEDRO ST,0,NA,Y,A,-,N,NA,NA,NA,NA,NA,NA,NA,NA,NA,N,4,0,1,2,A,-,12,21453,A,N,D,C,A,A,H,-,A,A,0,NA,NA,NA,NA,Y,NA,-,-,0,0,1,0,0,0,0,0,0,-,-,NA,NA,LOS ANGELES,LOS ANGELES,-118.26130009,34.02160004
8143238,2016,2016-11-01,1942,2016-10-10,1756,42156,NA,1,5,7,1942,0,0,0,NA,0,7A76,VISTA ST,MELROSE AV,0,NA,Y,A,-,N,NA,NA,NA,NA,NA,NA,NA,NA,NA,Y,4,0,1,3,A,-,09,21802,A,N,D,C,A,A,H,-,A,D,0,NA,NA,NA,NA,Y,NA,A,01,0,0,1,0,0,0,0,0,0,-,-,NA,NA,LOS ANGELES,LOS ANGELES,-118.35227011,34.08362002
8143240,2016,2016-10-28,1942,2016-09-15,1425,38214,1307,4,5,7,1942,0,0,0,M,0,1U1,ALAMEDA,BAY ST,0,NA,Y,A,-,N,NA,NA,NA,NA,NA,NA,NA,NA,NA,Y,4,0,1,2,A,-,09,21801,A,N,D,C,A,A,H,-,A,A,0,NA,NA,NA,NA,Y,NA,A,01,0,0,1,0,0,0,0,0,0,-,-,NA,NA,LOS ANGELES,LOS ANGELES,-118.23882,34.03176
8143241,2016,2016-10-27,1942,2016-09-19,2020,16-13-19,1323,1,5,7,1942,0,0,0,M,0,13X42,AVALON,GAGE,0,NA,Y,A,-,N,NA,NA,NA,NA,NA,NA,NA,NA,NA,N,4,0,1,2,A,-,08,22107,NA,N,D,C,A,A,H,-,C,A,0,NA,NA,NA,NA,Y,NA,-,NA,0,0,1,0,0,0,0,0,0,-,-,NA,NA,LOS ANGELES,LOS ANGELES,-118.26519011,33.98248012
8143244,2016,2016-10-28,1942,2016-09-21,2145,42144,1942,3,5,7,1942,0,0,0,NA,0,13A9,LONG BEACH,20TH ST,0,NA,Y,A,-,N,NA,NA,NA,NA,NA,NA,NA,NA,NA,N,3,0,2,2,A,-,12,21453,A,N,B,G,A,A,-,-,C,A,0,NA,Y,NA,NA,Y,NA,-,-,0,1,1,0,0,0,1,0,0,-,-,NA,NA,LOS ANGELES,LOS ANGELES,-118.24317008,34.01879004
8143245,2016,2016-10-27,1942,2016-09-16,1330,42323,1383,5,5,7,1942,0,0,0,M,0,13A9,60TH ST,WALL ST,0,NA,Y,A,-,N,NA,NA,NA,NA,NA,NA,NA,NA,NA,Y,3,0,2,2,A,-,12,22450,A,N,A,D,A,A,H,-,A,D,0,NA,NA,NA,NA,Y,NA,-,NA,0,2,0,0,0,0,0,0,0,-,-,NA,NA,LOS ANGELES,LOS ANGELES,-118.27179006,33.98515005
8143248,2016,2016-10-27,1942,2016-09-21,1008,36341,1391,3,5,7,1942,0,0,0,M,0,13A75,GAGE,GRAND AV,0,NA,Y,A,-,N,NA,NA,NA,NA,NA,NA,NA,NA,NA,N,4,0,1,2,A,-,17,21461,A,N,D,C,A,A,H,-,A,A,0,NA,NA,NA,NA,Y,NA,-,NA,0,0,1,0,0,0,0,0,0,-,-,NA,NA,LOS ANGELES,LOS ANGELES,-118.28017005,33.98237011
8143249,2016,2016-10-26,1942,2016-09-16,2300,42392,1363,5,5,7,1942,0,0,0,M,0,13A93,AVALON ST,51ST,0,NA,-,A,-,N,NA,NA,NA,NA,NA,NA,NA,NA,NA,N,4,0,1,2,A,-,08,22107,NA,F,-,-,A,A,H,-,C,A,0,NA,NA,NA,NA,Y,NA,-,NA,0,0,1,0,0,0,0,0,0,-,-,NA,NA,LOS ANGELES,LOS ANGELES,-118.26523013,33.99656003
8143253,2016,2016-10-26,1942,2016-08-31,0750,41128,1794,3,5,7,1942,0,0,0,Q,0,17A23,PARTHENIA,TAMPA,0,NA,Y,A,-,N,NA,NA,NA,NA,NA,NA,NA,NA,NA,Y,4,0,2,2,A,-,08,22107,NA,N,B,D,A,A,H,-,A,D,0,NA,NA,NA,NA,Y,NA,A,08,0,0,2,0,0,0,0,0,0,-,-,NA,NA,LOS ANGELES,LOS ANGELES,-118.55355009,34.22823004
8143254,2016,2016-10-28,1942,2016-09-28,1750,36750,1347,3,5,7,1942,0,0,0,M,0,13X53,ALAMEDA,MARTIN LUTHER KING BL,180,N,N,A,-,N,NA,NA,NA,NA,NA,NA,NA,NA,NA,N,4,0,1,2,A,-,-,NA,NA,N,C,C,A,A,H,-,A,D,0,NA,NA,NA,NA,Y,NA,-,-,0,0,1,0,0,0,0,0,0,-,-,NA,NA,LOS ANGELES,LOS ANGELES,-118.22663183,33.93868999
8143257,2016,2016-10-26,1942,2016-07-29,1800,39705,15A1,5,5,7,1942,0,0,0,O,0,1521,SHERMAN WAY,FULTON AV,0,NA,Y,A,-,N,NA,NA,NA,NA,NA,NA,NA,NA,NA,N,4,0,1,2,A,-,12,21453,A,N,G,G,A,A,H,-,A,A,0,NA,Y,NA,NA,Y,NA,-,NA,0,0,1,0,0,0,1,0,0,-,-,NA,NA,LOS ANGELES,LOS ANGELES,-118.42254001,34.20120004
8143258,2016,2016-10-28,1942,2016-09-22,1715,31379,1321,4,5,7,1942,0,0,0,M,0,13A63,MAIN ST,21ST ST,0,NA,Y,A,-,N,NA,NA,NA,NA,NA,NA,NA,NA,NA,N,4,0,2,2,A,-,08,22107,NA,N,D,C,A,A,H,-,A,A,0,NA,NA,NA,NA,Y,NA,A,01,0,0,2,0,0,0,0,0,0,-,-,NA,NA,LOS ANGELES,LOS ANGELES,-118.26607013,34.02897003
8143262,2016,2016-10-28,1942,2016-09-05,1015,41972,376,1,5,7,1942,0,0,0,NA,0,3Z3,MARTIN LUTHER KING,WESTERN AV,0,NA,Y,A,-,N,NA,NA,NA,NA,NA,NA,NA,NA,NA,N,4,0,1,2,A,-,03,22350,NA,N,C,C,A,A,H,-,A,A,0,NA,NA,NA,NA,Y,NA,A,07,0,0,1,0,0,0,0,0,0,-,-,NA,NA,LOS ANGELES,LOS ANGELES,-118.30893008,34.01085011
8143265,2016,2016-10-27,1942,2016-09-17,0620,35346,1653,6,5,7,1942,0,0,0,P,0,9T53,SAN FERNANDO RD,BRANFORD ST,526,N,N,A,-,N,NA,NA,NA,NA,NA,NA,NA,NA,NA,Y,3,0,1,1,C,-,18,NA,NA,N,E,I,A,A,H,-,A,D,0,NA,NA,NA,NA,Y,NA,-,-,0,1,0,0,0,0,0,0,0,-,-,NA,NA,LOS ANGELES,LOS ANGELES,-118.40433979,34.24932156
8143268,2016,2016-10-27,1942,2016-10-01,1945,38233,1115,6,5,7,1942,0,0,0,K,0,11T21,COLORADO BL,TOWNSEND AV,0,NA,Y,A,-,N,NA,NA,NA,NA,NA,NA,NA,NA,NA,Y,3,0,1,2,A,-,09,21801,A,F,A,C,A,A,H,-,C,A,0,NA,NA,Y,NA,Y,NA,-,99,0,1,0,0,0,0,0,0,1,-,-,NA,NA,LOS ANGELES,LOS ANGELES,-118.20150008,34.13948011
8143270,2016,2016-10-28,1947,2016-09-07,1240,1410,NA,3,5,5,1947,0,0,0,NA,0,00B,WEST BEVERLY BL,MONTEBELLO BL,0,NA,Y,A,-,N,NA,NA,NA,NA,NA,NA,NA,NA,NA,N,4,0,1,2,A,-,03,22350,NA,N,C,C,A,A,H,-,A,A,0,NA,NA,NA,NA,Y,NA,A,01,0,0,1,0,0,0,0,0,0,-,-,34.01719,-118.10593,LOS ANGELES,MONTEBELLO,-118.10597003,34.01717011
8143273,2016,2016-10-26,1942,2016-09-28,1525,38772,1687,3,5,7,1942,0,0,0,P,0,16A59,SUNLAND,SAN FERNANDO RD,0,NA,Y,A,-,N,NA,NA,NA,NA,NA,NA,NA,NA,NA,Y,2,0,2,2,A,-,09,21801,A,N,D,C,A,A,H,-,A,A,0,NA,NA,Y,NA,Y,NA,A,08,1,0,1,0,0,0,0,0,1,-,-,NA,NA,LOS ANGELES,LOS ANGELES,-118.36899001,34.21911011
8143274,2016,2016-10-28,1947,2016-09-16,1203,1360,NA,5,5,5,1947,0,0,0,NA,0,00D,E SLAUSON AV,S BLUFF RD,0,NA,Y,A,-,N,NA,NA,NA,NA,NA,NA,NA,NA,NA,Y,4,0,1,2,A,-,09,21801,A,N,B,C,A,A,H,-,-,D,0,NA,NA,NA,NA,Y,NA,A,01,0,0,1,0,0,0,0,0,0,-,-,33.97564,-118.12018,LOS ANGELES,MONTEBELLO,-118.12027013,33.97563004
8143276,2016,2016-10-27,1942,2016-09-30,0815,37944,518,5,5,7,1942,0,0,0,NA,0,5A15,SANDISON ST,EUBANK AV,0,NA,Y,A,-,N,NA,NA,NA,NA,NA,NA,NA,NA,NA,N,4,0,1,2,A,-,10,21950,A,F,E,B,C,A,H,-,A,-,0,Y,NA,NA,NA,Y,NA,-,NA,0,0,1,0,1,0,0,0,0,-,-,NA,NA,LOS ANGELES,LOS ANGELES,-118.25641005,33.79373007