CASE_ID,ACCIDENT_YEAR,PROC_DATE,JURIS,COLLISION_DATE,COLLISION_TIME,OFFICER_ID,REPORTING_DISTRICT,DAY_OF_WEEK,CHP_SHIFT,POPULATION,CNTY_CITY_LOC,SPECIAL_COND,BEAT_TYPE,CHP_BEAT_TYPE,CITY_DIVISION_LAPD,CHP_BEAT_CLASS,BEAT_NUMBER,PRIMARY_RD,SECONDARY_RD,DISTANCE,DIRECTION,INTERSECTION,WEATHER_1,WEATHER_2,STATE_HWY_IND,CALTRANS_COUNTY,CALTRANS_DISTRICT,STATE_ROUTE,ROUTE_SUFFIX,POSTMILE_PREFIX,POSTMILE,LOCATION_TYPE,RAMP_INTERSECTION,SIDE_OF_HWY,TOW_AWAY,COLLISION_SEVERITY,NUMBER_KILLED,NUMBER_INJURED,PARTY_COUNT,PRIMARY_COLL_FACTOR,PCF_CODE_OF_VIOL,PCF_VIOL_CATEGORY,PCF_VIOLATION,PCF_VIOL_SUBSECTION,HIT_AND_RUN,TYPE_OF_COLLISION,MVIW,PED_ACTION,ROAD_SURFACE,ROAD_COND_1,ROAD_COND_2,LIGHTING,CONTROL_DEVICE,CHP_ROAD_TYPE,PEDESTRIAN_ACCIDENT,BICYCLE_ACCIDENT,MOTORCYCLE_ACCIDENT,TRUCK_ACCIDENT,NOT_PRIVATE_PROPERTY,ALCOHOL_INVOLVED,STWD_VEHTYPE_AT_FAULT,CHP_VEHTYPE_AT_FAULT,COUNT_SEVERE_INJ,COUNT_VISIBLE_INJ,COUNT_COMPLAINT_PAIN,COUNT_PED_KILLED,COUNT_PED_INJURED,COUNT_BICYCLIST_KILLED,COUNT_BICYCLIST_INJURED,COUNT_MC_KILLED,COUNT_MC_INJURED,PRIMARY_RAMP,SECONDARY_RAMP,LATITUDE,LONGITUDE,COUNTY,CITY,POINT_X,POINT_Y
8149944,2016,2016-10-20,1942,2016-09-26,0830,37422,0919,1,5,7,1942,0,0,0,I,0,9A19,VANOWEN ST,SUNNYSLOPE AV,50,E,N,A,-,N,NA,NA,NA,NA,NA,NA,NA,NA,NA,N,4,0,1,2,A,-,04,21703,NA,N,C,C,A,A,H,-,A,D,0,NA,NA,NA,NA,Y,NA,A,07,0,0,1,0,0,0,0,0,0,-,-,NA,NA,LOS ANGELES,LOS ANGELES,-118.42672496,34.19394
8149947,2016,2017-02-18,1942,2016-09-11,1350,33294,1039,7,5,7,1942,0,0,0,J,0,35M55,HASKELL AV,HAYNES ST,111,N,N,A,-,Y,LA,7,405,-,-,41.481,R,4,S,Y,4,0,1,2,A,-,09,21801,A,N,-,C,A,A,H,-,A,A,0,NA,NA,NA,NA,Y,NA,A,07,0,0,1,0,0,0,0,0,0,-,-,NA,NA,LOS ANGELES,LOS ANGELES,-118.47432363,34.1881715
8149948,2016,2016-10-20,1942,2016-09-27,1805,38546,0933,2,5,7,1942,0,0,0,I,0,VAN NU,VAN NUYS BL,SYLVAN ST,0,NA,Y,A,-,N,NA,NA,NA,NA,NA,NA,NA,NA,NA,Y,3,0,3,2,A,-,12,21453,A,N,G,C,A,A,H,-,C,A,0,NA,NA,NA,NA,Y,NA,-,NA,0,1,2,0,0,0,0,0,0,-,-,NA,NA,LOS ANGELES,LOS ANGELES,-118.44876,34.18464009
8149952,2016,2016-10-20,1942,2016-09-28,0900,30947,0943,3,5,7,1942,0,0,0,I,0,9A41,BURBANK BL,HAZELTINE AV,0,NA,Y,A,-,N,NA,NA,NA,NA,NA,NA,NA,NA,NA,Y,3,0,2,2,A,-,09,21801,A,N,A,C,A,A,H,-,A,A,0,NA,NA,NA,NA,Y,NA,A,08,0,1,1,0,0,0,0,0,0,-,-,NA,NA,LOS ANGELES,LOS ANGELES,-118.43998011,34.17211001
8149955,2016,2016-10-20,1942,2016-09-21,2145,41775,926,3,5,7,1942,0,0,0,NA,0,9A89,WOODMAN,VANOWEN,120,S,N,A,-,N,NA,NA,NA,NA,NA,NA,NA,NA,NA,N,4,0,1,2,A,-,07,21658,A,N,B,C,A,A,H,-,C,D,0,NA,NA,NA,NA,Y,Y,-,NA,0,0,1,0,0,0,0,0,0,-,-,NA,NA,LOS ANGELES,LOS ANGELES,-118.43127,34.19361085
8149956,2016,2016-10-20,1942,2016-09-28,1920,38362,0969,3,5,7,1942,0,0,0,I,0,9X84,MAGNOLIA BL,FULTON AV,0,NA,Y,A,-,N,NA,NA,NA,NA,NA,NA,NA,NA,NA,Y,3,0,2,2,A,-,09,21801,A,N,A,C,A,A,H,-,C,A,0,NA,NA,NA,NA,Y,NA,A,01,0,1,1,0,0,0,0,0,0,-,-,NA,NA,LOS ANGELES,LOS ANGELES,-118.42252014,34.16487001
8149959,2016,2016-10-20,1942,2016-09-13,1520,42057,0952,2,5,7,1942,0,0,0,I,0,9A41,VESPER AV,ALBERS ST,100,S,N,A,-,N,NA,NA,NA,NA,NA,NA,NA,NA,NA,Y,4,0,1,2,A,-,08,22107,NA,N,C,C,A,A,H,-,A,D,0,NA,NA,NA,NA,Y,NA,A,01,0,0,1,0,0,0,0,0,0,-,-,NA,NA,LOS ANGELES,LOS ANGELES,-118.45091152,34.17000571
8149960,2016,2016-10-20,1942,2016-09-07,2323,42469,2111,3,5,7,1942,0,0,0,NA,0,21A73,ROSCOE BL,LENA AV,0,NA,Y,A,-,N,NA,NA,NA,NA,NA,NA,NA,NA,NA,Y,4,0,1,1,A,-,03,22350,A,N,A,I,A,B,G,-,C,D,0,NA,NA,NA,NA,Y,Y,A,01,0,0,1,0,0,0,0,0,0,-,-,NA,NA,LOS ANGELES,LOS ANGELES,-118.62779005,34.21932003
8149963,2016,2016-10-20,1942,2016-09-13,1755,38362,0984,2,5,7,1942,0,0,0,I,0,9X84,VENTURA BL,WILLIS AV,10,W,N,A,-,N,NA,NA,NA,NA,NA,NA,NA,NA,NA,Y,4,0,1,2,A,-,03,22350,NA,N,C,C,A,A,H,-,A,A,0,NA,NA,NA,NA,Y,NA,A,01,0,0,1,0,0,0,0,0,0,-,-,NA,NA,LOS ANGELES,LOS ANGELES,-118.4553224,34.15200518
8149967,2016,2016-10-20,1942,2016-09-15,1000,42366,985,4,5,7,1942,0,0,0,NA,0,9A89,SEPULVEDA BL,VALLEY VISTA BL,20,S,N,A,-,N,NA,NA,NA,NA,NA,NA,NA,NA,NA,N,4,0,1,3,A,-,03,22350,NA,N,C,C,A,A,H,-,A,A,0,NA,NA,NA,NA,Y,NA,-,NA,0,0,1,0,0,0,0,0,0,-,-,NA,NA,LOS ANGELES,LOS ANGELES,-118.46807655,34.14897173
8149968,2016,2016-10-20,1942,2016-09-24,1330,34599,1001,6,5,7,1942,0,0,0,J,0,21TL62,TAMPA AV,STRATHERN ST,0,NA,Y,A,-,N,NA,NA,NA,NA,NA,NA,NA,NA,NA,N,4,0,2,2,A,-,09,21801,A,N,-,-,A,A,H,-,A,-,0,NA,NA,NA,NA,Y,NA,A,07,0,0,2,0,0,0,0,0,0,-,-,NA,NA,LOS ANGELES,LOS ANGELES,-118.55352003,34.21564001
8149971,2016,2016-11-29,1942,2016-09-16,0855,42242,0943,5,5,7,1942,0,0,0,I,0,9A41,BURBANK BL,TYRONE AV,80,W,N,A,-,N,NA,NA,NA,NA,NA,NA,NA,NA,NA,N,4,0,2,2,A,-,07,21658,A,N,B,C,A,A,H,-,A,D,0,NA,NA,NA,NA,Y,NA,A,01,0,0,2,0,0,0,0,0,0,-,-,NA,NA,LOS ANGELES,LOS ANGELES,-118.444614,34.172110000000004
8149972,2016,2016-10-20,1942,2016-09-23,1605,39410,1041,5,5,7,1942,0,0,0,J,0,16TL26,TAMPA AV,TOPHAM ST,92,S,N,A,-,N,NA,NA,NA,NA,NA,NA,NA,NA,NA,Y,2,0,1,2,A,-,05,21650,NA,N,D,G,A,A,H,-,A,A,0,NA,Y,NA,NA,Y,NA,L,04,1,0,0,0,0,0,1,0,0,-,-,NA,NA,LOS ANGELES,LOS ANGELES,-118.55346,34.18075763
8149975,2016,2016-10-20,1942,2016-09-19,2110,42309,0985,1,5,7,1942,0,0,0,I,0,9A89,HAZELTINE AV,MOORPARK,5,N,N,A,-,N,NA,NA,NA,NA,NA,NA,NA,NA,NA,Y,4,0,1,2,A,-,12,21453,A,N,A,C,A,A,-,-,C,A,0,NA,NA,NA,NA,Y,NA,-,NA,0,0,1,0,0,0,0,0,0,-,-,NA,NA,LOS ANGELES,LOS ANGELES,-118.44000825,34.15047364
8149976,2016,2016-10-20,1942,2016-09-20,2140,42408,1005,2,5,7,1942,0,0,0,J,0,10A17,STRATHERN ST,HESPERIA,0,NA,Y,A,-,N,NA,NA,NA,NA,NA,NA,NA,NA,NA,Y,3,0,2,2,A,-,09,21802,A,N,A,C,A,A,H,-,C,-,0,NA,NA,NA,NA,Y,NA,-,NA,0,2,0,0,0,0,0,0,0,-,-,NA,NA,LOS ANGELES,LOS ANGELES,-118.52632,34.2156601
8149979,2016,2016-10-20,1942,2016-09-22,0845,35346,0984,4,5,7,1942,0,0,0,I,0,9TL55,VENTURA BL,VAN NUYS BL,1,E,N,A,-,N,NA,NA,NA,NA,NA,NA,NA,NA,NA,N,4,0,1,2,A,-,17,23253,NA,N,G,B,E,A,H,-,A,A,0,Y,NA,NA,NA,Y,NA,A,08,0,0,1,0,1,0,0,0,0,-,-,NA,NA,LOS ANGELES,LOS ANGELES,-118.44869676,34.15091947
8149980,2016,2016-11-29,1942,2016-09-23,1500,39410,1044,5,5,7,1942,0,0,0,J,0,16TL26,VENTURA BL,RESEDA BL,0,NA,Y,A,-,N,NA,NA,NA,NA,NA,NA,NA,NA,NA,N,4,0,1,2,A,-,07,21658,A,N,B,C,A,A,H,-,A,A,0,NA,NA,NA,NA,Y,NA,-,-,0,0,1,0,0,0,0,0,0,-,-,NA,NA,LOS ANGELES,LOS ANGELES,-118.53608012,34.16876003
8149983,2016,2016-10-20,1942,2016-09-20,0855,30947,0914,2,5,7,1942,0,0,0,I,0,9A63,VAN NUYS BL,HART ST,200,S,N,A,-,N,NA,NA,NA,NA,NA,NA,NA,NA,NA,Y,4,0,2,4,A,-,03,22350,NA,N,C,C,A,A,H,-,A,D,0,NA,NA,NA,NA,Y,NA,A,01,0,0,2,0,0,0,0,0,0,-,-,NA,NA,LOS ANGELES,LOS ANGELES,-118.44875074,34.19699154
8149984,2016,2016-10-20,1942,2016-09-17,1330,42012,1693,6,5,7,1942,0,0,0,P,0,16A77,LAUREL CANYON,KESWICK ST,5,N,N,A,-,N,NA,NA,NA,NA,NA,NA,NA,NA,NA,N,4,0,1,2,A,-,04,21703,NA,F,C,C,A,A,H,-,A,A,0,NA,NA,NA,NA,Y,NA,-,99,0,0,1,0,0,0,0,0,0,-,-,NA,NA,LOS ANGELES,LOS ANGELES,-118.39650024,34.21029371
8149987,2016,2016-10-20,1942,2016-09-30,0250,35471,0926,5,5,7,1942,0,0,0,I,0,9T53,ARCHWOOD ST,MAMMOTH AV,28,W,N,A,-,N,NA,NA,NA,NA,NA,NA,NA,NA,NA,Y,4,0,1,1,A,-,03,22350,NA,N,E,I,A,A,H,-,C,D,0,NA,NA,NA,NA,Y,NA,A,07,0,0,1,0,0,0,0,0,0,-,-,NA,NA,LOS ANGELES,LOS ANGELES,-118.43247242,34.19302087
8149988,2016,2016-10-20,1942,2016-09-30,0825,42057,0952,5,5,7,1942,0,0,0,I,0,9A63,KESTER AV,CLARK ST,10,N,N,A,-,N,NA,NA,NA,NA,NA,NA,NA,NA,NA,NA,2,0,1,2,A,-,10,21950,A,N,G,B,B,A,H,-,A,A,0,Y,NA,NA,NA,Y,NA,A,01,1,0,0,0,1,0,0,0,0,-,-,NA,NA,LOS ANGELES,LOS ANGELES,-118.4574697,34.16850743
8149991,2016,2016-10-20,1942,2016-09-03,2030,38535,0933,6,5,7,1942,0,0,0,I,0,9A37,ERWIN ST,KESTER AV,312,E,N,A,-,N,NA,NA,NA,NA,NA,NA,NA,NA,NA,N,3,0,1,3,A,-,08,22107,NA,N,G,-,F,A,H,-,C,D,0,Y,NA,NA,NA,Y,NA,A,01,0,1,0,0,1,0,0,0,0,-,-,NA,NA,LOS ANGELES,LOS ANGELES,-118.45643023,34.18363001
8149992,2016,2016-10-21,1942,2016-09-24,1910,38354,1063,6,5,7,1942,0,0,0,J,0,16T25,CREBS AV,LINNET ST,164,S,N,A,-,N,NA,NA,NA,NA,NA,NA,NA,NA,NA,N,3,0,1,2,B,-,22,NA,NA,N,-,B,F,A,H,-,D,D,0,Y,NA,NA,NA,Y,NA,A,08,0,1,0,0,1,0,0,0,0,-,-,NA,NA,LOS ANGELES,LOS ANGELES,-118.54419131,34.16793053
8149995,2016,2016-10-20,1942,2016-09-11,1020,42000,0969,7,5,7,1942,0,0,0,I,0,9A63,RIVERSIDE DR,WHITSETT AV,0,NA,Y,A,-,N,NA,NA,NA,NA,NA,NA,NA,NA,NA,Y,3,0,3,2,A,-,01,23152,A,N,D,C,A,A,D,-,A,A,0,NA,NA,NA,NA,Y,Y,A,01,0,2,1,0,0,0,0,0,0,-,-,NA,NA,LOS ANGELES,LOS ANGELES,-118.40526013,34.15761012
8149996,2016,2016-10-21,1942,2016-09-23,1930,35471,1017,5,5,7,1942,0,0,0,J,0,9T53,SHERMAN WAY,LOUISE AV,0,NA,Y,A,-,N,NA,NA,NA,NA,NA,NA,NA,NA,NA,Y,4,0,2,2,A,-,09,21801,A,N,A,C,A,A,H,-,B,A,0,NA,NA,NA,NA,Y,NA,A,01,0,0,2,0,0,0,0,0,0,-,-,NA,NA,LOS ANGELES,LOS ANGELES,-118.50981004,34.20122008
8149999,2016,2016-10-20,1942,2016-09-07,1700,42366,VMS,3,5,7,1942,0,0,0,NA,0,957,RANCHITO AV,MAGNOLIA BL,0,NA,Y,A,-,N,NA,NA,NA,NA,NA,NA,NA,NA,NA,Y,4,0,1,2,A,-,12,21453,A,N,D,D,A,A,H,-,A,A,0,NA,NA,NA,NA,Y,NA,-,NA,0,0,1,0,0,0,0,0,0,-,-,NA,NA,LOS ANGELES,LOS ANGELES,-118.43563011,34.16488009
8150000,2016,2016-10-21,1942,2016-09-23,1830,41393,WVAL,5,5,7,1942,0,0,0,NA,0,0A3,MAGNOLIA BL,GLORIA AV,15,E,N,A,-,N,NA,NA,NA,NA,NA,NA,NA,NA,NA,Y,4,0,1,2,A,-,09,21801,A,N,D,C,A,A,H,-,D,D,0,NA,NA,NA,NA,Y,NA,-,NA,0,0,1,0,0,0,0,0,0,-,-,NA,NA,LOS ANGELES,LOS ANGELES,-118.4792205,34.16483
8150001,2016,2016-10-20,1942,2016-09-28,1245,38356,1047,3,5,7,1942,0,0,0,J,0,9TL58,BALBOA BL,KILLION ST,76,S,N,A,-,N,NA,NA,NA,NA,NA,NA,NA,NA,NA,Y,4,0,1,2,A,-,08,22107,NA,N,B,C,A,A,H,-,A,A,0,NA,NA,NA,NA,Y,NA,A,08,0,0,1,0,0,0,0,0,0,-,-,NA,NA,LOS ANGELES,LOS ANGELES,-118.50110923,34.17091155
8150002,2016,2016-10-25,1905,2016-09-27,0809,1133,124,2,5,4,1905,0,0,0,NA,0,063,N CITRUS AV,BASELINE RD,120,N,N,A,-,N,NA,NA,NA,NA,NA,NA,NA,NA,NA,N,4,0,1,2,A,-,03,22350,NA,N,C,C,A,A,H,-,A,D,0,NA,NA,NA,NA,Y,NA,A,08,0,0,1,0,0,0,0,0,0,-,-,34.12141,-117.88999,LOS ANGELES,AZUSA,-117.89015486,34.12175894
8150005,2016,2016-10-20,1942,2016-09-28,1410,38356,1077,3,5,7,1942,0,0,0,J,0,9TL58,BALBOA BL,VENTURA BL,0,NA,Y,A,-,N,NA,NA,NA,NA,NA,NA,NA,NA,NA,Y,4,0,1,2,A,-,09,21801,A,N,D,C,A,A,H,-,A,A,0,NA,NA,NA,NA,Y,NA,A,07,0,0,1,0,0,0,0,0,0,-,-,NA,NA,LOS ANGELES,LOS ANGELES,-118.50111011,34.15926012
8150006,2016,2016-11-08,1905,2016-09-30,1038,2019,444,5,5,4,1905,0,0,0,NA,0,061,ARROW HWY,CERRITOS AV,684,E,N,A,-,N,NA,NA,NA,NA,NA,NA,NA,NA,NA,Y,3,0,2,2,A,-,09,21804,A,N,D,C,A,A,H,-,A,D,0,NA,NA,NA,NA,Y,NA,A,01,0,1,1,0,0,0,0,0,0,-,-,NA,NA,LOS ANGELES,AZUSA,-117.89670585,34.10678095
8150009,2016,2016-10-20,1942,2016-09-28,1620,40735,1041,3,5,7,1942,0,0,0,J,0,9TL54,TOPHAM ST,TAMPA AV,98,W,N,A,-,N,NA,NA,NA,NA,NA,NA,NA,NA,NA,Y,4,0,2,3,A,-,03,22350,NA,N,D,C,A,A,H,-,A,D,0,NA,NA,NA,NA,Y,NA,A,01,0,0,2,0,0,0,0,0,0,-,-,NA,NA,LOS ANGELES,LOS ANGELES,-118.55375758,34.18111539
8150010,2016,2016-12-28,1905,2016-09-17,2327,2004,311,6,5,4,1905,0,0,0,NA,0,062,FOOTHILL BL,SAN GABRIEL AV,0,NA,Y,A,-,N,NA,NA,NA,NA,NA,NA,NA,NA,NA,Y,4,0,2,2,A,-,12,21453,A,N,D,C,A,A,H,-,C,A,0,NA,NA,NA,NA,Y,NA,-,-,0,0,2,0,0,0,0,0,0,-,-,NA,NA,LOS ANGELES,AZUSA,-117.90881003,34.13361006
8150013,2016,2016-10-20,1942,2016-09-28,1740,38356,1088,3,5,7,1942,0,0,0,J,0,9TL58,VENTURA BL,NOELINE AV,200,E,N,B,-,N,NA,NA,NA,NA,NA,NA,NA,NA,NA,N,4,0,1,2,A,-,08,22107,NA,N,B,C,A,A,H,-,A,A,0,NA,NA,NA,NA,Y,NA,A,01,0,0,1,0,0,0,0,0,0,-,-,NA,NA,LOS ANGELES,LOS ANGELES,-118.48946906,34.15716013
8150014,2016,2016-11-08,1905,2016-09-16,1907,1153,441,5,5,4,1905,0,0,0,NA,0,071,W ARROW HWY,AZUSA AV,357,W,N,A,-,N,NA,NA,NA,NA,NA,NA,NA,NA,NA,N,4,0,1,2,A,-,09,21801,A,N,D,G,A,A,H,-,C,A,0,NA,Y,NA,NA,Y,NA,A,01,0,0,1,0,0,0,1,0,0,-,-,34.10651,-117.88152,LOS ANGELES,AZUSA,-117.90891503,34.1068
81500156,2020,2021-06-18,1942,2020-08-17,0820,42618,0803,1,5,7,1942,0,0,0,H,0,8A13,MANDEVILLE CANYON RD,GARDEN LAND RD,0,NA,Y,A,-,N,NA,NA,NA,NA,NA,NA,NA,NA,NA,N,3,0,1,2,A,-,09,21801,NA,N,H,G,A,A,H,-,A,D,0,NA,Y,NA,NA,Y,NA,A,01,0,1,0,0,0,0,1,0,0,-,-,NA,NA,LOS ANGELES,LOS ANGELES,-118.50641632080078,34.12173080444336
81500160,2020,2021-06-18,1942,2020-08-18,1020,42618,1453,2,5,7,1942,0,0,0,N,0,14A45,ALLA RD,IDA AV,300,N,N,A,-,N,NA,NA,NA,NA,NA,NA,NA,NA,NA,N,3,0,1,2,A,-,08,22107,NA,N,G,B,E,A,H,-,A,D,0,Y,NA,NA,NA,Y,NA,A,07,0,1,0,0,1,0,0,0,0,-,-,NA,NA,LOS ANGELES,LOS ANGELES,-118.43856811523438,33.9931640625
8150017,2016,2016-10-20,1942,2016-09-30,1850,40054,1033,5,5,7,1942,0,0,0,J,0,10T35,CANEY AV,VICTORY BL,0,NA,Y,A,-,N,NA,NA,NA,NA,NA,NA,NA,NA,NA,N,4,0,1,2,D,-,00,NA,NA,N,-,C,A,A,H,-,C,A,0,NA,NA,NA,NA,Y,NA,-,-,0,0,1,0,0,0,0,0,0,-,-,NA,NA,LOS ANGELES,LOS ANGELES,-118.53485002,34.18656006
8150018,2016,2016-10-25,1905,2016-09-17,1608,1121,311,6,5,4,1905,0,0,0,NA,0,062,N SAN GABRIEL AV,W FOOTHILL BL,0,NA,Y,A,-,N,NA,NA,NA,NA,NA,NA,NA,NA,NA,N,2,0,1,2,A,-,10,21950,A,N,G,B,B,A,H,-,A,A,0,Y,NA,NA,NA,Y,NA,A,01,1,0,0,0,1,0,0,0,0,-,-,34.1336,-117.90882,LOS ANGELES,AZUSA,-117.90881003,34.13361006
8150021,2016,2016-10-20,1942,2016-09-26,1410,35481,1037,1,5,7,1942,0,0,0,J,0,16TL28,VANOWEN ST,WHITE OAK AV,0,NA,Y,A,-,N,NA,NA,NA,NA,NA,NA,NA,NA,NA,Y,4,0,3,2,A,-,09,21801,A,N,D,C,A,A,H,-,A,A,0,NA,NA,NA,NA,Y,NA,A,01,0,0,3,0,0,0,0,0,0,-,-,NA,NA,LOS ANGELES,LOS ANGELES,-118.51858013,34.1938701
8150022,2016,2016-10-20,1905,2016-09-10,1722,1157,311,6,5,4,1905,0,0,0,NA,0,062,SAN GABRIEL AV,5TH ST,0,NA,Y,A,-,N,NA,NA,NA,NA,NA,NA,NA,NA,NA,N,4,0,2,2,A,-,07,21658,A,N,B,C,A,A,H,-,A,A,0,NA,NA,NA,NA,Y,NA,A,01,0,0,2,0,0,0,0,0,0,-,-,34.12981,-117.8993,LOS ANGELES,AZUSA,-117.90884011,34.12985002
8150025,2016,2016-10-20,1942,2016-09-27,1430,38356,1019,2,5,7,1942,0,0,0,J,0,9TL58,HASKELL AV,VALERIO ST,360,N,N,A,-,N,NA,NA,NA,NA,NA,NA,NA,NA,NA,Y,4,0,1,2,A,-,04,21703,NA,N,C,C,A,A,H,-,A,A,0,NA,NA,Y,NA,Y,NA,A,08,0,0,1,0,0,0,0,0,1,-,-,NA,NA,LOS ANGELES,LOS ANGELES,-118.47493,34.20580733
8150026,2016,2016-10-20,1905,2016-09-05,1758,2019,122,1,5,4,1905,0,0,0,NA,0,062,PASADENA AV,1ST ST,15,N,N,A,-,N,NA,NA,NA,NA,NA,NA,NA,NA,NA,N,4,0,1,2,A,-,03,22350,NA,F,C,C,A,A,H,-,A,A,0,NA,NA,NA,NA,Y,NA,A,01,0,0,1,0,0,0,0,0,0,-,-,NA,NA,LOS ANGELES,AZUSA,-117.90253935,34.12163112
8150029,2016,2016-10-20,1942,2016-09-25,0600,38273,1001,7,5,7,1942,0,0,0,J,0,15TL47,TAMPA AV,ROSCOE BL,0,NA,Y,A,-,N,NA,NA,NA,NA,NA,NA,NA,NA,NA,N,2,0,1,2,A,-,10,21950,A,N,G,B,B,A,H,-,C,A,0,Y,NA,NA,NA,Y,NA,A,01,1,0,0,0,1,0,0,0,0,-,-,NA,NA,LOS ANGELES,LOS ANGELES,-118.55351004,34.22048007
8150030,2016,2016-10-20,1905,2016-09-06,1203,2019,321,2,5,4,1905,0,0,0,NA,0,062,AZUSA AV,6TH ST,0,NA,Y,A,-,N,NA,NA,NA,NA,NA,NA,NA,NA,NA,Y,4,0,2,2,A,-,09,21802,A,N,D,C,A,A,H,-,A,A,0,NA,NA,NA,NA,Y,NA,A,01,0,0,2,0,0,0,0,0,0,-,-,NA,NA,LOS ANGELES,AZUSA,-117.90753006,34.13166001
8150033,2016,2016-10-20,1942,2016-09-01,1800,37704,NA,4,5,7,1942,0,0,0,NA,0,1039,HASKELL AV,VANOWEN,160,S,N,A,-,N,NA,NA,NA,NA,NA,NA,NA,NA,NA,N,4,0,1,2,A,-,08,22107,NA,N,D,C,A,A,H,-,A,D,0,NA,NA,NA,NA,Y,NA,A,01,0,0,1,0,0,0,0,0,0,-,-,NA,NA,LOS ANGELES,LOS ANGELES,-118.47488493,34.19347114
8150034,2016,2016-10-25,1900,2016-09-20,1527,196195,1412,2,5,1,1932,0,0,0,NA,0,141T5,TEMPLE AV,PEREZ PL,0,NA,Y,A,-,N,NA,NA,NA,NA,NA,NA,NA,NA,NA,Y,4,0,1,2,A,-,03,22350,NA,N,C,C,A,A,H,-,A,D,0,NA,NA,NA,NA,Y,NA,A,01,0,0,1,0,0,0,0,0,0,-,-,34.05454,-118.00114,LOS ANGELES,INDUSTRY,-118.00087013,34.05465007
8150037,2016,2016-10-20,1942,2016-09-20,0840,34499,1041,2,5,7,1942,0,0,0,J,0,10A83,HATTERAS ST,RESEDA BL,358,W,N,A,-,N,NA,NA,NA,NA,NA,NA,NA,NA,NA,N,3,0,1,2,A,-,10,21950,A,N,G,B,B,A,H,-,A,D,0,Y,NA,NA,NA,Y,NA,A,01,0,1,0,0,1,0,0,0,0,-,-,NA,NA,LOS ANGELES,LOS ANGELES,-118.53720142,34.17746712
8150038,2016,2016-10-25,1900,2016-09-12,0842,403161,1416,1,5,1,1932,0,0,0,NA,0,141T3D,COLIMA RD,STONER CREEK RD,0,NA,Y,A,-,N,NA,NA,NA,NA,NA,NA,NA,NA,NA,Y,4,0,1,2,A,-,09,21801,A,N,D,C,A,A,H,-,A,A,0,NA,NA,NA,NA,Y,NA,A,01,0,0,1,0,0,0,0,0,0,-,-,33.98992,-117.91352,LOS ANGELES,INDUSTRY,-117.91342011,33.98996004
8150041,2016,2016-10-20,1942,2016-09-20,0800,41915,1047,2,5,7,1942,0,0,0,J,0,10A3,BURBANK BL,LOUISE ST,0,NA,Y,A,-,N,NA,NA,NA,NA,NA,NA,NA,NA,NA,N,3,0,1,2,A,-,10,21950,A,N,G,B,B,A,H,-,A,A,0,Y,NA,NA,NA,Y,Y,A,01,0,1,0,0,1,0,0,0,0,-,-,NA,NA,LOS ANGELES,LOS ANGELES,-118.50984006,34.17224001
8150042,2016,2017-03-04,1900,2016-09-12,2030,196195,1418,1,5,1,1932,0,0,0,NA,0,141T5,AZUSA AV,RT 60,0,NA,Y,A,-,Y,LA,7,60,-,-,18.152,R,4,W,Y,4,0,1,2,A,-,12,21453,A,N,D,C,A,A,H,-,C,A,0,NA,NA,NA,NA,Y,NA,A,01,0,0,1,0,0,0,0,0,0,-,WF,33.9981,-117.93105,LOS ANGELES,INDUSTRY,-117.92804108,33.99666256
8150045,2016,2016-10-20,1942,2016-09-19,1645,42418,1035,1,5,7,1942,0,0,0,J,0,10A38,RESEDA BL,VANOWEN ST,0,NA,Y,A,-,N,NA,NA,NA,NA,NA,NA,NA,NA,NA,Y,4,0,4,3,A,-,08,22107,NA,N,A,C,A,A,H,-,A,A,0,NA,NA,NA,NA,Y,NA,A,01,0,0,4,0,0,0,0,0,0,-,-,NA,NA,LOS ANGELES,LOS ANGELES,-118.53604009,34.19385
8150046,2016,2016-10-25,1900,2016-09-14,1505,451502,1431,3,5,4,1937,0,0,0,NA,0,143T1P,HACIENDA BL,NELSON AV,7113,N,N,A,-,N,NA,NA,NA,NA,NA,NA,NA,NA,NA,Y,3,0,1,2,A,-,08,22107,NA,N,B,C,A,A,H,-,A,D,0,NA,NA,Y,NA,Y,NA,C,02,0,1,0,0,0,0,0,0,1,-,-,34.02808,-117.9563,LOS ANGELES,LA PUENTE,-117.94939932,34.04361708
8150049,2016,2016-10-20,1942,2016-09-22,1045,34634,1033,4,5,7,1942,0,0,0,J,0,35M47,WILBER AV,VICTORY BL,15,N,N,B,-,N,NA,NA,NA,NA,NA,NA,NA,NA,NA,N,4,0,2,2,A,-,03,22350,NA,N,C,C,A,A,H,-,A,A,0,NA,NA,NA,NA,Y,NA,A,01,0,0,2,0,0,0,0,0,0,-,-,NA,NA,LOS ANGELES,LOS ANGELES,-118.54474021,34.18662115
8150050,2016,2016-10-25,1900,2016-09-17,1145,531276,1430,6,5,4,1937,0,0,0,NA,0,143T1,AMAR RD,ARDILLA AV,0,NA,Y,A,-,N,NA,NA,NA,NA,NA,NA,NA,NA,NA,N,4,0,5,2,D,-,00,NA,NA,N,D,C,A,A,H,-,A,A,0,NA,NA,NA,NA,Y,NA,-,-,0,0,5,0,0,0,0,0,0,-,-,34.05354,-117.9747,LOS ANGELES,LA PUENTE,-117.97477011,34.0535801