CASE_ID,ACCIDENT_YEAR,PROC_DATE,JURIS,COLLISION_DATE,COLLISION_TIME,OFFICER_ID,REPORTING_DISTRICT,DAY_OF_WEEK,CHP_SHIFT,POPULATION,CNTY_CITY_LOC,SPECIAL_COND,BEAT_TYPE,CHP_BEAT_TYPE,CITY_DIVISION_LAPD,CHP_BEAT_CLASS,BEAT_NUMBER,PRIMARY_RD,SECONDARY_RD,DISTANCE,DIRECTION,INTERSECTION,WEATHER_1,WEATHER_2,STATE_HWY_IND,CALTRANS_COUNTY,CALTRANS_DISTRICT,STATE_ROUTE,ROUTE_SUFFIX,POSTMILE_PREFIX,POSTMILE,LOCATION_TYPE,RAMP_INTERSECTION,SIDE_OF_HWY,TOW_AWAY,COLLISION_SEVERITY,NUMBER_KILLED,NUMBER_INJURED,PARTY_COUNT,PRIMARY_COLL_FACTOR,PCF_CODE_OF_VIOL,PCF_VIOL_CATEGORY,PCF_VIOLATION,PCF_VIOL_SUBSECTION,HIT_AND_RUN,TYPE_OF_COLLISION,MVIW,PED_ACTION,ROAD_SURFACE,ROAD_COND_1,ROAD_COND_2,LIGHTING,CONTROL_DEVICE,CHP_ROAD_TYPE,PEDESTRIAN_ACCIDENT,BICYCLE_ACCIDENT,MOTORCYCLE_ACCIDENT,TRUCK_ACCIDENT,NOT_PRIVATE_PROPERTY,ALCOHOL_INVOLVED,STWD_VEHTYPE_AT_FAULT,CHP_VEHTYPE_AT_FAULT,COUNT_SEVERE_INJ,COUNT_VISIBLE_INJ,COUNT_COMPLAINT_PAIN,COUNT_PED_KILLED,COUNT_PED_INJURED,COUNT_BICYCLIST_KILLED,COUNT_BICYCLIST_INJURED,COUNT_MC_KILLED,COUNT_MC_INJURED,PRIMARY_RAMP,SECONDARY_RAMP,LATITUDE,LONGITUDE,COUNTY,CITY,POINT_X,POINT_Y
8150828,2016,2016-10-25,1942,2016-09-25,1310,41545,0377,7,5,7,1942,0,0,0,C,0,12T41,NORMANDIE AV,39TH ST,130,S,N,A,-,N,NA,NA,NA,NA,NA,NA,NA,NA,NA,N,4,0,4,5,A,-,03,22350,NA,F,C,C,A,A,H,-,A,D,0,NA,NA,NA,NA,Y,NA,-,99,0,0,4,0,0,0,0,0,0,-,-,NA,NA,LOS ANGELES,LOS ANGELES,-118.30017062,34.01516347
8150831,2016,2016-11-08,1942,2016-09-17,0050,41914,1842,6,5,7,1942,0,0,0,R,0,3T5,IMPERIAL HWY,MAIN ST,0,NA,Y,A,-,N,NA,NA,NA,NA,NA,NA,NA,NA,NA,N,4,0,1,2,A,-,10,21950,A,F,G,B,B,A,H,-,C,A,0,Y,NA,NA,NA,Y,NA,-,99,0,0,1,0,1,0,0,0,0,-,-,NA,NA,LOS ANGELES,LOS ANGELES,-118.41597012,33.93146001
8150832,2016,2016-12-29,1942,2016-09-04,1800,41405,03,7,5,7,1942,0,0,0,C,0,3A12,MARTIN LUTHER KING BL,LEIMERT BL,0,NA,Y,A,-,N,NA,NA,NA,NA,NA,NA,NA,NA,NA,N,4,0,1,2,A,-,03,22350,NA,N,C,C,A,A,H,-,A,A,0,NA,NA,NA,NA,Y,NA,A,01,0,0,1,0,0,0,0,0,0,-,-,NA,NA,LOS ANGELES,LOS ANGELES,-118.32300007,34.01066006
8150836,2016,2016-10-25,1942,2016-09-14,1435,36023,1822,3,5,7,1942,0,0,0,R,0,18A26,CENTURY BL,GRAND AV,200,E,N,A,-,N,NA,NA,NA,NA,NA,NA,NA,NA,NA,Y,3,0,3,3,A,-,07,21658,A,F,B,C,A,A,H,-,A,A,0,NA,NA,NA,NA,Y,NA,A,07,0,1,2,0,0,0,0,0,0,-,-,NA,NA,LOS ANGELES,LOS ANGELES,-118.2798,33.94555
8150839,2016,2016-12-28,1942,2016-09-07,1400,42282,1942,3,5,7,1942,0,0,0,NA,0,3A19,VICTORIA ST,LA BREA,100,W,N,A,-,N,NA,NA,NA,NA,NA,NA,NA,NA,NA,N,4,0,1,2,A,-,03,22350,NA,N,C,E,A,A,H,-,A,D,0,NA,NA,NA,NA,Y,NA,-,NA,0,0,1,0,0,0,0,0,0,-,-,NA,NA,LOS ANGELES,LOS ANGELES,NA,NA
8150840,2016,2016-10-25,1942,2016-09-16,1715,36023,1824,5,5,7,1942,0,0,0,R,0,18A26,CENTURY BL,CENTRAL AV,250,W,N,A,-,N,NA,NA,NA,NA,NA,NA,NA,NA,NA,N,4,0,1,2,A,-,03,22350,NA,N,C,C,A,A,H,-,A,D,0,NA,NA,NA,NA,Y,NA,A,01,0,0,1,0,0,0,0,0,0,-,-,NA,NA,LOS ANGELES,LOS ANGELES,-118.25490266,33.94566
8150843,2016,2016-10-25,1942,2016-09-26,1020,31814,0315,1,5,7,1942,0,0,0,C,0,3TL5,ADAMS,ARLINGTON,5,E,N,A,-,N,NA,NA,NA,NA,NA,NA,NA,NA,NA,Y,4,0,2,3,A,-,09,21801,A,N,B,C,A,A,H,-,A,A,0,NA,NA,NA,NA,Y,NA,A,01,0,0,2,0,0,0,0,0,0,-,-,NA,NA,LOS ANGELES,LOS ANGELES,-118.31766353,34.03264
8150844,2016,2016-10-25,1942,2016-09-30,1640,37966,0638,5,5,7,1942,0,0,0,F,0,6T4,FRANKLIN AV,BEACHWOOD DR,158,W,N,A,-,N,NA,NA,NA,NA,NA,NA,NA,NA,NA,Y,4,0,1,2,A,-,21,22106,NA,N,D,C,A,A,H,-,A,D,0,NA,NA,NA,NA,Y,NA,A,01,0,0,1,0,0,0,0,0,0,-,-,NA,NA,LOS ANGELES,LOS ANGELES,-118.32178094,34.10524
8150847,2016,2016-10-25,1942,2016-09-12,1810,41704,0325,1,5,7,1942,0,0,0,C,0,3T5,ADAMS,ELLENDALE PL,0,NA,Y,A,-,N,NA,NA,NA,NA,NA,NA,NA,NA,NA,N,4,0,1,2,A,-,09,21802,A,N,D,C,A,A,H,-,B,A,0,NA,NA,NA,NA,Y,NA,A,01,0,0,1,0,0,0,0,0,0,-,-,NA,NA,LOS ANGELES,LOS ANGELES,-118.28899012,34.03276009
8150848,2016,2016-10-25,1942,2016-09-04,0250,35346,1805,7,5,7,1942,0,0,0,R,0,18A49,92ND ST,TOWNE AV,0,NA,Y,A,-,N,NA,NA,NA,NA,NA,NA,NA,NA,NA,Y,3,0,1,2,A,-,09,21802,A,N,D,C,A,A,H,-,C,A,0,NA,NA,NA,NA,Y,NA,A,01,0,1,0,0,0,0,0,0,0,-,-,NA,NA,LOS ANGELES,LOS ANGELES,-118.26732007,33.95289009
8150851,2016,2016-10-25,1942,2016-09-18,1500,40869,394,7,5,7,1942,0,0,0,NA,0,3TL5,4TH AV,43RD ST,0,NA,Y,A,-,N,NA,NA,NA,NA,NA,NA,NA,NA,NA,N,4,0,3,2,A,-,12,22450,NA,N,D,C,A,A,H,-,A,A,0,NA,NA,NA,NA,Y,NA,A,01,0,0,3,0,0,0,0,0,0,-,-,NA,NA,LOS ANGELES,LOS ANGELES,-118.32139,34.00545
8150852,2016,2016-10-25,1942,2016-09-06,0830,37141,1849,2,5,7,1942,0,0,0,R,0,18A97,SANTA ANA BL,JUNIPER ST,60,E,N,A,-,N,NA,NA,NA,NA,NA,NA,NA,NA,NA,Y,2,0,1,2,A,-,05,21650,NA,N,D,C,A,A,H,-,A,D,0,NA,NA,Y,NA,Y,NA,C,02,1,0,0,0,0,0,0,0,1,-,-,NA,NA,LOS ANGELES,LOS ANGELES,-118.23331413,33.93575526
8150855,2016,2016-10-25,1942,2016-09-13,2000,40415,0397,2,5,7,1942,0,0,0,C,0,12T41,WESTERN AV,42ND ST,0,NA,Y,A,-,N,NA,NA,NA,NA,NA,NA,NA,NA,NA,N,3,0,1,2,A,-,10,21950,A,F,G,B,B,A,H,-,C,A,0,Y,NA,NA,NA,Y,NA,-,99,0,1,0,0,1,0,0,0,0,-,-,NA,NA,LOS ANGELES,LOS ANGELES,-118.30893,34.00726
8150856,2016,2016-12-29,1942,2016-09-09,0830,38662,1844,5,5,7,1942,0,0,0,R,0,18A41,CENTRAL AV,LANZIT AV,0,NA,Y,A,-,N,NA,NA,NA,NA,NA,NA,NA,NA,NA,N,4,0,1,2,A,-,12,21453,A,N,B,C,A,A,H,-,A,A,0,NA,NA,NA,NA,Y,NA,-,-,0,0,1,0,0,0,0,0,0,-,-,NA,NA,LOS ANGELES,LOS ANGELES,-118.25421014,33.93512005
8150860,2016,2016-10-25,1942,2016-09-09,0815,33160,1871,5,5,7,1942,0,0,0,R,0,18A97,FIGUEROA ST,ROSECRANS AV,80,N,N,A,-,N,NA,NA,NA,NA,NA,NA,NA,NA,NA,N,4,0,1,2,A,-,09,21804,A,N,D,C,A,A,H,-,A,D,0,NA,NA,NA,NA,Y,NA,A,01,0,0,1,0,0,0,0,0,0,-,-,NA,NA,LOS ANGELES,LOS ANGELES,-118.28276717,33.90210912
8150864,2016,2016-10-25,1942,2016-09-16,0755,38690,1863,5,5,7,1942,0,0,0,R,0,18A17,AVALON BL,118TH ST,0,NA,Y,A,-,N,NA,NA,NA,NA,NA,NA,NA,NA,NA,N,3,0,2,2,A,-,09,21801,A,N,D,D,A,A,H,-,A,A,0,NA,NA,Y,NA,Y,NA,A,01,0,2,0,0,0,0,0,0,1,-,-,NA,NA,LOS ANGELES,LOS ANGELES,-118.26520004,33.92646006
8150867,2016,2016-10-25,1942,2016-09-05,1500,40545,0373,1,5,7,1942,0,0,0,C,0,3A12,COLISEUM ST,NORTON AV,100,W,N,A,-,N,NA,NA,NA,NA,NA,NA,NA,NA,NA,Y,4,0,1,1,A,-,03,22350,NA,N,E,I,A,A,H,-,A,D,0,NA,NA,NA,NA,Y,NA,A,01,0,0,1,0,0,0,0,0,0,-,-,NA,NA,LOS ANGELES,LOS ANGELES,-118.33325937,34.01822
8150868,2016,2016-10-25,1942,2016-09-26,1300,41376,0758,1,5,7,1942,0,0,0,G,0,7TL38,OLYMPIC BL,MULLEN AV,0,NA,Y,A,-,N,NA,NA,NA,NA,NA,NA,NA,NA,NA,Y,3,0,3,2,A,-,09,21801,A,N,D,C,A,A,H,-,A,D,0,NA,NA,NA,NA,Y,NA,A,07,0,1,2,0,0,0,0,0,0,-,-,NA,NA,LOS ANGELES,LOS ANGELES,-118.33255011,34.05657008
8150871,2016,2016-10-25,1942,2016-09-28,1530,39317,0331,3,5,7,1942,0,0,0,C,0,5TL21,JEFFERSON BL,HARCOURT AV,20,W,N,A,-,N,NA,NA,NA,NA,NA,NA,NA,NA,NA,Y,3,0,2,2,A,-,09,21453,C,N,D,C,A,A,H,-,A,A,0,NA,NA,NA,NA,Y,NA,A,08,0,1,1,0,0,0,0,0,0,-,-,NA,NA,LOS ANGELES,LOS ANGELES,-118.35082588,34.02552052
8150872,2016,2016-10-25,1942,2016-09-29,2230,41978,0739,4,5,7,1942,0,0,0,G,0,20T59,S ROSSMORE AV,S MUIRFIELD RD,340,N,N,A,-,N,NA,NA,NA,NA,NA,NA,NA,NA,NA,N,4,0,1,1,A,-,03,22350,NA,N,E,I,A,A,H,-,C,D,0,NA,NA,NA,NA,Y,NA,A,01,0,0,1,0,0,0,0,0,0,-,-,NA,NA,LOS ANGELES,LOS ANGELES,-118.32736,34.07253245
8150875,2016,2016-10-25,1942,2016-09-08,1607,41801,0396,4,5,7,1942,0,0,0,C,0,398,W 41ST ST,HOOVER ST,6,E,N,A,-,N,NA,NA,NA,NA,NA,NA,NA,NA,NA,N,3,0,1,2,A,-,05,21650,NA,N,A,G,A,A,H,-,A,D,0,NA,Y,NA,NA,Y,NA,L,04,0,1,0,0,0,0,1,0,0,-,-,NA,NA,LOS ANGELES,LOS ANGELES,-118.28721024,34.00964004
8150876,2016,2016-10-25,1942,2016-09-01,2142,36346,1824,4,5,7,1942,0,0,0,R,0,18A49,CENTURY,CLOVIS,0,NA,Y,A,-,N,NA,NA,NA,NA,NA,NA,NA,NA,NA,N,3,0,1,2,A,-,09,21804,A,N,H,G,A,A,H,-,C,A,0,NA,Y,NA,NA,Y,Y,L,04,0,1,0,0,0,0,1,0,0,-,-,NA,NA,LOS ANGELES,LOS ANGELES,-118.25653001,33.94566004
8150878,2016,2016-12-28,1942,2016-09-23,0930,37667,1321,5,5,7,1942,0,0,0,M,0,13A13,23RD ST,FLOWER ST,0,NA,Y,A,-,N,NA,NA,NA,NA,NA,NA,NA,NA,NA,Y,4,0,2,2,A,-,12,21453,A,N,D,C,A,A,H,-,A,A,0,NA,NA,NA,NA,Y,NA,-,NA,0,0,2,0,0,0,0,0,0,-,-,NA,NA,LOS ANGELES,LOS ANGELES,-118.27300005,34.03015006
8150879,2016,2016-12-29,1942,2016-09-07,1220,42345,0341,3,5,7,1942,0,0,0,C,0,3A31,RODEO RD,LA CIENEGA BL,0,NA,Y,A,-,N,NA,NA,NA,NA,NA,NA,NA,NA,NA,N,4,0,1,2,A,-,12,21453,A,F,A,G,A,A,H,-,A,D,0,NA,Y,NA,NA,Y,NA,-,99,0,0,1,0,0,0,1,0,0,-,-,NA,NA,LOS ANGELES,LOS ANGELES,-118.37236002,34.02170002
8150880,2016,2016-10-25,1942,2016-09-10,2000,41068,0555,6,5,7,1942,0,0,0,E,0,5A25,PACIFIC AV,SANTA CRUZ ST,60,N,N,A,-,N,NA,NA,NA,NA,NA,NA,NA,NA,NA,N,3,0,1,2,A,-,11,21954,A,N,G,B,D,A,H,-,C,A,0,Y,NA,NA,NA,Y,NA,A,01,0,1,0,0,1,0,0,0,0,-,-,NA,NA,LOS ANGELES,LOS ANGELES,-118.28788,33.74438456
8150882,2016,2016-12-29,1942,2016-10-04,0730,40530,0721,2,5,7,1942,0,0,0,G,0,7A17,3RD ST,CLARK DR,0,NA,Y,A,-,N,NA,NA,NA,NA,NA,NA,NA,NA,NA,N,4,0,1,2,A,-,09,21802,A,N,H,C,A,A,H,-,A,A,0,NA,NA,NA,NA,Y,NA,A,01,0,0,1,0,0,0,0,0,0,-,-,NA,NA,LOS ANGELES,LOS ANGELES,-118.38484013,34.07363002
8150883,2016,2016-10-26,1942,2016-10-10,0600,41662,0637,1,5,7,1942,0,0,0,F,0,6A15,HOLLYWOOD BL,ARGYLE AV,40,W,N,A,-,N,NA,NA,NA,NA,NA,NA,NA,NA,NA,Y,4,0,1,2,A,-,08,22102,NA,N,D,C,A,A,H,-,C,D,0,NA,NA,Y,NA,Y,NA,A,01,0,0,1,0,0,0,0,0,1,-,-,NA,NA,LOS ANGELES,LOS ANGELES,-118.3253118,34.10163629
8150884,2016,2016-12-08,1942,2016-10-17,0725,37575,1472,1,5,7,1942,0,0,0,N,0,14TL47,IMPERIAL HWY,VISTA DEL MAR,0,NA,Y,C,-,N,NA,NA,NA,NA,NA,NA,NA,NA,NA,N,4,0,1,2,A,-,03,22350,NA,F,C,C,A,B,H,-,A,A,0,NA,NA,NA,NA,Y,NA,-,99,0,0,1,0,0,0,0,0,0,-,-,NA,NA,LOS ANGELES,LOS ANGELES,-118.43499,33.93088006
8150886,2016,2016-10-25,1942,2016-10-01,1855,41978,0736,6,5,7,1942,0,0,0,G,0,20T59,DETROIT ST,3RD ST,0,NA,Y,A,-,N,NA,NA,NA,NA,NA,NA,NA,NA,NA,Y,4,0,1,2,A,-,09,21802,A,N,D,C,A,A,H,-,C,A,0,NA,NA,NA,NA,Y,NA,A,01,0,0,1,0,0,0,0,0,0,-,-,NA,NA,LOS ANGELES,LOS ANGELES,-118.34514009,34.06890007
8150887,2016,2016-10-26,1942,2016-10-02,2355,41210,0646,7,5,7,1942,0,0,0,F,0,6TL7,HOLLYWOOD BL,VINE ST,0,NA,Y,A,-,N,NA,NA,NA,NA,NA,NA,NA,NA,NA,Y,4,0,1,2,A,-,09,21801,A,N,A,C,A,A,H,-,C,A,0,NA,NA,NA,NA,Y,NA,A,07,0,0,1,0,0,0,0,0,0,-,-,NA,NA,LOS ANGELES,LOS ANGELES,-118.32666005,34.10160001
8150888,2016,2016-10-26,1942,2016-10-15,0010,41126,1487,6,5,7,1942,0,0,0,N,0,14A67,SEPULVEDA BL,83RD ST,60,S,N,A,-,N,NA,NA,NA,NA,NA,NA,NA,NA,NA,Y,4,0,1,2,A,-,03,22350,NA,F,C,C,A,A,H,-,C,D,0,NA,NA,NA,NA,Y,NA,A,01,0,0,1,0,0,0,0,0,0,-,-,33.96293,-118.39615,LOS ANGELES,LOS ANGELES,-118.396209,33.963313
8150890,2016,2016-10-25,1942,2016-10-11,2030,40690,0711,2,5,7,1942,0,0,0,G,0,7T23,LA CIENEGA BL,OAKWOOD AV,75,S,N,A,-,N,NA,NA,NA,NA,NA,NA,NA,NA,NA,N,4,0,1,2,A,-,03,22350,NA,N,C,C,A,A,H,-,C,D,0,NA,NA,NA,NA,Y,NA,A,01,0,0,1,0,0,0,0,0,0,-,-,NA,NA,LOS ANGELES,LOS ANGELES,-118.37661,34.07790429
8150891,2016,2016-10-26,1942,2016-10-09,1850,38090,0645,7,5,7,1942,0,0,0,F,0,8T35,LA BREA AV,SUNSET BL,0,NA,Y,A,-,N,NA,NA,NA,NA,NA,NA,NA,NA,NA,Y,4,0,2,2,A,-,09,21801,A,N,A,C,A,A,H,-,C,A,0,NA,NA,NA,NA,Y,NA,A,08,0,0,2,0,0,0,0,0,0,-,-,NA,NA,LOS ANGELES,LOS ANGELES,-118.34414003,34.09798012
8150892,2016,2016-10-26,1942,2016-10-13,1850,39993,0625,4,5,7,1942,0,0,0,F,0,6T7,HIGHLAND AV,FRANKLIN AV,600,N,N,A,-,N,NA,NA,NA,NA,NA,NA,NA,NA,NA,Y,4,0,2,2,A,-,03,22350,NA,N,C,C,A,A,H,-,C,D,0,NA,NA,NA,NA,Y,NA,A,01,0,0,2,0,0,0,0,0,0,-,-,NA,NA,LOS ANGELES,LOS ANGELES,-118.33750545,34.1055031
8150894,2016,2016-10-25,1942,2016-10-08,2300,41740,763,6,5,7,1942,0,0,0,NA,0,7A53,FAIRFAX AV,AIRDROME ST,200,S,N,A,-,N,NA,NA,NA,NA,NA,NA,NA,NA,NA,Y,4,0,3,3,A,-,03,22350,NA,N,C,C,A,A,H,-,C,A,0,NA,NA,NA,NA,Y,NA,A,01,0,0,3,0,0,0,0,0,0,-,-,NA,NA,LOS ANGELES,LOS ANGELES,-118.36832917,34.0450957
8150895,2016,2016-12-30,1942,2016-10-07,2300,31131,0648,5,5,7,1942,0,0,0,F,0,6A49,HOLLYWOOD BL,WESTERN AV,0,NA,Y,A,-,N,NA,NA,NA,NA,NA,NA,NA,NA,NA,Y,4,0,2,2,A,-,17,21451,A,N,D,C,A,A,H,-,C,A,0,NA,NA,NA,NA,Y,NA,A,01,0,0,2,0,0,0,0,0,0,-,-,NA,NA,LOS ANGELES,LOS ANGELES,-118.30927011,34.10175003
8150896,2016,2016-10-26,1942,2016-10-15,1650,42131,0647,6,5,7,1942,0,0,0,F,0,6A31,EL CENTRO,SUNSET,0,NA,Y,A,-,N,NA,NA,NA,NA,NA,NA,NA,NA,NA,N,4,0,1,2,A,-,10,21950,A,N,G,B,B,A,H,-,B,A,0,Y,NA,NA,NA,Y,NA,A,01,0,0,1,0,1,0,0,0,0,-,-,NA,NA,LOS ANGELES,LOS ANGELES,-118.32374005,34.09801003
8150897,2016,2016-10-25,1955,2016-10-03,1216,41871,0043,1,5,6,1955,0,0,0,NA,0,001,MURCHISON AV,RIDGEWAY ST,50,E,N,A,-,N,NA,NA,NA,NA,NA,NA,NA,NA,NA,Y,4,0,1,2,A,-,03,22350,NA,N,D,C,A,A,H,-,A,A,0,NA,NA,NA,NA,Y,NA,A,01,0,0,1,0,0,0,0,0,0,-,-,NA,NA,LOS ANGELES,POMONA,-117.79947465,34.06805535
8150898,2016,2016-10-25,1942,2016-10-05,0740,27259,1248,3,5,7,1942,0,0,0,L,0,12TL41,MENLO AV,69TH ST,7,S,N,A,-,N,NA,NA,NA,NA,NA,NA,NA,NA,NA,N,2,0,3,4,A,-,10,21950,A,N,G,B,B,A,H,-,A,A,0,Y,NA,NA,NA,Y,NA,A,01,3,0,0,0,3,0,0,0,0,-,-,NA,NA,LOS ANGELES,LOS ANGELES,-118.28925,33.9772308
8150899,2016,2016-10-26,1942,2016-10-05,1645,40998,0643,3,5,7,1942,0,0,0,F,0,6A49W2,SUNSET BL,FULLER AV,0,NA,Y,A,-,N,NA,NA,NA,NA,NA,NA,NA,NA,NA,Y,4,0,3,2,A,-,09,21801,A,N,B,C,A,A,H,-,A,-,0,NA,NA,NA,NA,Y,NA,A,01,0,0,3,0,0,0,0,0,0,-,-,NA,NA,LOS ANGELES,LOS ANGELES,-118.34958,34.09800012
8150900,2016,2016-12-08,1942,2016-10-15,2210,40145,0636,6,5,7,1942,0,0,0,F,0,6FB32,HOLLYWOOD BL,VINE ST,300,W,N,A,-,N,NA,NA,NA,NA,NA,NA,NA,NA,NA,N,4,0,1,2,A,-,11,21956,A,N,G,B,E,A,H,-,C,D,0,Y,NA,NA,NA,Y,NA,N,60,0,0,1,0,1,0,0,0,0,-,-,NA,NA,LOS ANGELES,LOS ANGELES,-118.3276489,34.10161
8150901,2016,2016-10-25,1955,2016-10-10,1150,41871,0051,1,5,6,1955,0,0,0,NA,0,001,MISSION BL,WHITE AV,0,NA,Y,A,-,N,NA,NA,NA,NA,NA,NA,NA,NA,NA,Y,4,0,3,2,A,-,01,23152,A,N,A,C,A,A,H,-,A,A,0,NA,NA,NA,NA,Y,Y,A,01,0,0,3,0,0,0,0,0,0,-,-,NA,NA,LOS ANGELES,POMONA,-117.7588001,34.05490001
8150902,2016,2016-10-25,1942,2016-10-07,0350,41977,0397,5,5,7,1942,0,0,0,C,0,12T41,VERMONT,MARTIN LUTHER KING BL,0,NA,Y,A,-,N,NA,NA,NA,NA,NA,NA,NA,NA,NA,Y,4,0,1,2,A,-,12,21453,A,F,B,D,A,A,H,-,C,A,0,NA,NA,NA,NA,Y,NA,-,99,0,0,1,0,0,0,0,0,0,-,-,NA,NA,LOS ANGELES,LOS ANGELES,-118.29153011,34.01087002
8150903,2016,2016-10-26,1942,2016-10-07,1400,40323,0645,5,5,7,1942,0,0,0,F,0,6A31W2,HAWTHORN AV,ORANGE DR,0,NA,N,A,-,N,NA,NA,NA,NA,NA,NA,NA,NA,NA,N,3,0,1,2,A,-,09,21804,A,N,B,B,A,A,H,-,A,A,0,NA,Y,NA,NA,Y,NA,L,04,0,1,0,0,0,0,1,0,0,-,-,NA,NA,LOS ANGELES,LOS ANGELES,-118.34141003,34.10035003
8150904,2016,2016-10-26,1942,2016-10-17,0740,37575,0734,1,5,7,1942,0,0,0,G,0,14TL47,FAIRFAX AV,BLACKBURN AV,14,S,N,A,C,N,NA,NA,NA,NA,NA,NA,NA,NA,NA,N,4,0,1,1,A,-,03,22350,NA,N,E,I,A,B,H,-,A,D,0,NA,NA,NA,NA,Y,NA,A,01,0,0,1,0,0,0,0,0,0,-,-,NA,NA,LOS ANGELES,LOS ANGELES,-118.3614176,34.07070165
8150905,2016,2016-10-25,1955,2016-10-10,0916,41484,0084,1,5,6,1955,0,0,0,NA,0,004,GAREY AV,LEXINGTON AV,634,S,N,A,-,N,NA,NA,NA,NA,NA,NA,NA,NA,NA,Y,4,0,2,2,A,-,09,21801,A,N,D,C,A,A,H,-,A,A,0,NA,NA,NA,NA,Y,NA,A,01,0,0,2,0,0,0,0,0,0,-,-,NA,NA,LOS ANGELES,POMONA,-117.7494009,34.03517291
8150906,2015,2016-10-25,1942,2015-10-28,0815,37807,0328,3,5,7,1942,0,0,0,C,0,12T41,FIGUEROA,27TH ST,100,N,N,A,-,N,NA,NA,NA,NA,NA,NA,NA,NA,NA,N,3,0,1,1,A,-,07,21658,A,N,H,J,A,A,H,-,A,A,0,NA,NA,Y,NA,Y,NA,C,02,0,1,0,0,0,0,0,0,1,-,-,NA,NA,LOS ANGELES,LOS ANGELES,-118.2765528,34.02734534
8150907,2016,2016-10-26,1942,2016-10-10,1915,30702,0646,1,5,7,1942,0,0,0,F,0,6A66,CASSIL PL,SUNSET BL,0,NA,Y,A,-,N,NA,NA,NA,NA,NA,NA,NA,NA,NA,Y,3,0,1,2,A,-,09,21801,A,N,D,C,A,A,H,-,C,D,0,NA,NA,NA,NA,Y,NA,A,01,0,1,0,0,0,0,0,0,0,-,-,NA,NA,LOS ANGELES,LOS ANGELES,-118.33380008,34.09799012
8150908,2016,2016-10-26,1942,2016-10-13,0855,40900,0646,4,5,7,1942,0,0,0,F,0,6A63,SUNSET BL,CHEROKEE AV,0,NA,Y,A,-,N,NA,NA,NA,NA,NA,NA,NA,NA,NA,Y,2,0,2,2,A,-,09,21801,A,N,D,C,A,A,H,-,A,A,0,NA,NA,Y,NA,Y,NA,A,01,1,0,1,0,0,0,0,0,1,-,-,NA,NA,LOS ANGELES,LOS ANGELES,-118.33530009,34.09799003
8150910,2016,2016-10-25,1942,2016-10-14,2330,37613,0898,5,5,7,1942,0,0,0,H,0,8T35,ROBERTSON BL,GIBSON ST,90,N,N,A,-,N,NA,NA,NA,NA,NA,NA,NA,NA,NA,Y,4,0,2,2,A,-,01,23152,A,N,B,C,A,A,H,-,C,A,0,NA,NA,NA,NA,Y,Y,A,01,0,0,2,0,0,0,0,0,0,-,-,NA,NA,LOS ANGELES,LOS ANGELES,-118.38859634,34.0376311
8150911,2016,2016-10-26,1942,2016-10-10,1500,42096,0642,1,5,7,1942,0,0,0,F,0,6A45,HOLLYWOOD,CURSON AV,63,E,N,A,-,N,NA,NA,NA,NA,NA,NA,NA,NA,NA,N,4,0,1,2,A,-,03,22350,NA,N,C,C,A,A,H,-,A,D,0,NA,NA,NA,NA,Y,NA,A,01,0,0,1,0,0,0,0,0,0,-,-,NA,NA,LOS ANGELES,LOS ANGELES,-118.35484229,34.10166
8150912,2016,2016-10-26,1942,2016-10-14,0630,36553,1436,5,5,7,1942,0,0,0,N,0,14TL49,VENICE BL,GLOBE AV,27,W,N,A,-,N,NA,NA,NA,NA,NA,NA,NA,NA,NA,Y,4,0,1,1,A,-,03,22350,NA,N,E,I,A,A,H,-,B,D,0,NA,NA,NA,NA,Y,NA,A,01,0,0,1,0,0,0,0,0,0,-,-,NA,NA,LOS ANGELES,LOS ANGELES,-118.41900398,34.0119689
8150914,2016,2016-10-25,1942,2016-10-16,2135,38090,2013,7,5,7,1942,0,0,0,NA,0,7T23,BEVERLY BL,HARVARD BL,0,NA,Y,A,-,N,NA,NA,NA,NA,NA,NA,NA,NA,NA,Y,4,0,2,2,A,-,01,23152,A,N,C,C,A,A,H,-,C,A,0,NA,NA,NA,NA,Y,Y,A,01,0,0,2,0,0,0,0,0,0,-,-,NA,NA,LOS ANGELES,LOS ANGELES,-118.30448013,34.07627005
8150915,2016,2016-10-26,1942,2016-10-07,1040,39624,0782,5,5,7,1942,0,0,0,G,0,7T23,LA CIENEGA BL,18TH ST,90,S,N,A,-,N,NA,NA,NA,NA,NA,NA,NA,NA,NA,Y,4,0,2,2,A,-,09,21801,A,N,D,C,A,A,H,-,A,A,0,NA,NA,NA,NA,Y,NA,A,01,0,0,2,0,0,0,0,0,0,-,-,NA,NA,LOS ANGELES,LOS ANGELES,-118.37682868,34.04426339
8150916,2016,2016-10-26,1942,2016-10-13,1200,33191,1497,4,5,7,1942,0,0,0,N,0,14T49,CENTURY BL,AVIATION BL,320,E,N,A,-,N,NA,NA,NA,NA,NA,NA,NA,NA,NA,Y,4,0,1,2,A,-,09,21801,A,N,H,D,A,A,H,-,A,D,0,NA,NA,Y,NA,Y,NA,A,01,0,0,1,0,0,0,0,0,1,-,-,NA,NA,LOS ANGELES,LOS ANGELES,-118.37915,33.94511