CASE_ID,ACCIDENT_YEAR,PROC_DATE,JURIS,COLLISION_DATE,COLLISION_TIME,OFFICER_ID,REPORTING_DISTRICT,DAY_OF_WEEK,CHP_SHIFT,POPULATION,CNTY_CITY_LOC,SPECIAL_COND,BEAT_TYPE,CHP_BEAT_TYPE,CITY_DIVISION_LAPD,CHP_BEAT_CLASS,BEAT_NUMBER,PRIMARY_RD,SECONDARY_RD,DISTANCE,DIRECTION,INTERSECTION,WEATHER_1,WEATHER_2,STATE_HWY_IND,CALTRANS_COUNTY,CALTRANS_DISTRICT,STATE_ROUTE,ROUTE_SUFFIX,POSTMILE_PREFIX,POSTMILE,LOCATION_TYPE,RAMP_INTERSECTION,SIDE_OF_HWY,TOW_AWAY,COLLISION_SEVERITY,NUMBER_KILLED,NUMBER_INJURED,PARTY_COUNT,PRIMARY_COLL_FACTOR,PCF_CODE_OF_VIOL,PCF_VIOL_CATEGORY,PCF_VIOLATION,PCF_VIOL_SUBSECTION,HIT_AND_RUN,TYPE_OF_COLLISION,MVIW,PED_ACTION,ROAD_SURFACE,ROAD_COND_1,ROAD_COND_2,LIGHTING,CONTROL_DEVICE,CHP_ROAD_TYPE,PEDESTRIAN_ACCIDENT,BICYCLE_ACCIDENT,MOTORCYCLE_ACCIDENT,TRUCK_ACCIDENT,NOT_PRIVATE_PROPERTY,ALCOHOL_INVOLVED,STWD_VEHTYPE_AT_FAULT,CHP_VEHTYPE_AT_FAULT,COUNT_SEVERE_INJ,COUNT_VISIBLE_INJ,COUNT_COMPLAINT_PAIN,COUNT_PED_KILLED,COUNT_PED_INJURED,COUNT_BICYCLIST_KILLED,COUNT_BICYCLIST_INJURED,COUNT_MC_KILLED,COUNT_MC_INJURED,PRIMARY_RAMP,SECONDARY_RAMP,LATITUDE,LONGITUDE,COUNTY,CITY,POINT_X,POINT_Y
8153547,2016,2016-10-25,1928,2016-10-07,0936,324,526,5,5,5,1928,0,0,0,NA,0,5011,HAWTHORNE BL,116TH ST,60,N,N,A,-,N,NA,NA,NA,NA,NA,NA,NA,NA,NA,Y,3,0,2,2,A,-,08,22107,NA,N,B,I,A,A,H,-,A,A,0,NA,NA,NA,NA,Y,NA,A,01,0,1,1,0,0,0,0,0,0,-,-,33.92922,-118.35255,LOS ANGELES,HAWTHORNE,-118.35272,33.92929456
8153551,2016,2016-10-24,1928,2016-10-07,1449,376,509,5,5,5,1928,0,0,0,NA,0,502,EL SEGUNDO BL,YORK AV,75,W,N,A,-,N,NA,NA,NA,NA,NA,NA,NA,NA,NA,Y,4,0,1,2,A,-,09,21804,A,N,D,C,A,A,H,-,A,D,0,NA,NA,NA,NA,Y,NA,A,01,0,0,1,0,0,0,0,0,0,-,-,33.91643,-118.34496,LOS ANGELES,HAWTHORNE,-118.34525672,33.91641228
8153555,2016,2016-12-28,1900,2016-10-07,0500,602218,0454,5,5,6,1949,0,0,0,NA,0,048,ROSECRANS AV,BLOOMFIELD AV,0,NA,Y,A,-,N,NA,NA,NA,NA,NA,NA,NA,NA,NA,Y,4,0,1,3,A,-,12,21453,A,N,A,C,A,A,H,-,C,A,0,NA,NA,NA,NA,Y,NA,-,-,0,0,1,0,0,0,0,0,0,-,-,NA,NA,LOS ANGELES,NORWALK,-118.06411008,33.90226004
8153557,2016,2016-10-26,1942,2016-09-06,0600,36360,1325,2,5,7,1942,0,0,0,M,0,13A85,EAST 2ND ST,E 2ND ST 1149,0,NA,Y,A,-,N,NA,NA,NA,NA,NA,NA,NA,NA,NA,Y,4,0,1,3,A,-,06,21755,NA,N,B,C,A,A,H,-,A,D,0,NA,NA,NA,NA,Y,NA,-,-,0,0,1,0,0,0,0,0,0,-,-,NA,NA,LOS ANGELES,LOS ANGELES,-118.232658,34.047143
8153559,2016,2016-10-25,1900,2016-10-11,0745,532987,0456,2,5,6,1949,0,0,0,NA,0,45T1,ALONDRA BL,CLARKDALE AV,0,NA,Y,A,-,N,NA,NA,NA,NA,NA,NA,NA,NA,NA,Y,4,0,1,3,A,-,03,22350,NA,N,C,C,A,A,H,-,A,D,0,NA,NA,NA,NA,Y,NA,A,01,0,0,1,0,0,0,0,0,0,-,-,NA,NA,LOS ANGELES,NORWALK,-118.08005002,33.88772002
8153561,2016,2016-10-26,1942,2016-09-25,1135,40008,1383,7,5,7,1942,0,0,0,M,0,2TL25,S MAIN ST,E GAGE AV,0,NA,Y,A,-,N,NA,NA,NA,NA,NA,NA,NA,NA,NA,Y,3,0,1,2,A,-,09,21801,A,N,A,C,A,A,H,-,A,A,0,NA,NA,NA,NA,Y,NA,A,01,0,1,0,0,0,0,0,0,0,-,-,NA,NA,LOS ANGELES,LOS ANGELES,-118.2739501,33.98242011
8153563,2016,2016-10-25,1928,2016-10-03,0730,395,513,1,5,5,1928,0,0,0,NA,0,504,135TH ST,RAMONA AV,3,N,N,A,-,N,NA,NA,NA,NA,NA,NA,NA,NA,NA,N,3,0,1,2,A,-,11,21954,A,N,G,B,D,A,H,-,A,A,0,Y,NA,NA,NA,Y,NA,N,60,0,1,0,0,1,0,0,0,0,-,-,33.90985,-118.35721,LOS ANGELES,HAWTHORNE,-118.35721,33.90986
8153565,2016,2016-10-26,1942,2016-09-12,1240,38124,1373,1,5,7,1942,0,0,0,M,0,2TL15,55TH ST,AVALON BL,0,NA,Y,A,-,N,NA,NA,NA,NA,NA,NA,NA,NA,NA,Y,4,0,1,4,A,-,09,21802,A,N,D,C,A,A,H,-,A,A,0,NA,NA,NA,NA,Y,NA,A,01,0,0,1,0,0,0,0,0,0,-,-,NA,NA,LOS ANGELES,LOS ANGELES,-118.26521003,33.99245004
8153567,2016,2016-10-25,1928,2016-10-01,1900,385,520,6,5,5,1928,0,0,0,NA,0,503,LEMOLI WY,LEMOLI AV,50,W,N,A,-,N,NA,NA,NA,NA,NA,NA,NA,NA,NA,N,4,0,1,2,A,-,12,22450,NA,N,D,-,A,A,H,-,B,D,0,NA,Y,NA,NA,Y,NA,L,04,0,0,1,0,0,0,1,0,0,-,-,NA,NA,LOS ANGELES,HAWTHORNE,-118.33103446,33.90434
8153569,2016,2016-11-08,1942,2016-09-30,1855,39062,1331,5,5,7,1942,0,0,0,M,0,1T11,JEFFERSON BL,MAPLE AV,60,W,N,A,-,NA,NA,NA,NA,NA,NA,NA,NA,NA,NA,N,4,0,3,3,A,-,03,22350,NA,N,C,C,A,A,H,-,C,D,0,NA,NA,NA,NA,Y,NA,A,07,0,0,3,0,0,0,0,0,0,-,-,NA,NA,LOS ANGELES,LOS ANGELES,-118.26961328,34.0172691
8153570,2016,2016-10-28,1942,2016-10-03,1540,32372,0939,1,5,7,1942,0,0,0,I,0,35M37,VICTORY BL,MORSE AV,180,E,N,A,-,N,NA,NA,NA,NA,NA,NA,NA,NA,NA,Y,4,0,3,2,A,-,03,22350,NA,N,C,C,A,A,H,-,A,D,0,NA,NA,NA,NA,Y,NA,D,22,0,0,3,0,0,0,0,0,0,-,-,NA,NA,LOS ANGELES,LOS ANGELES,-118.4153459,34.18668
8153571,2016,2016-10-25,1928,2016-10-01,1008,324,509,6,5,5,1928,0,0,0,NA,0,502,PRAIRIE AV,EL SEGUNDO BL,0,NA,Y,A,-,N,NA,NA,NA,NA,NA,NA,NA,NA,NA,N,4,0,1,2,A,-,03,22350,NA,N,C,A,A,A,H,-,A,A,0,NA,NA,NA,NA,Y,NA,A,01,0,0,1,0,0,0,0,0,0,-,-,33.91643,-118.34397,LOS ANGELES,HAWTHORNE,-118.34388002,33.91641006
8153574,2016,2016-11-07,1942,2016-10-17,1350,30983,0948,1,5,7,1942,0,0,0,I,0,9TL56,WOODMAN AV,OXNARD ST,66,S,N,A,-,N,NA,NA,NA,NA,NA,NA,NA,NA,NA,N,4,0,1,2,A,-,08,22100,A,N,C,C,A,A,H,-,A,A,0,NA,NA,NA,NA,Y,NA,A,01,0,0,1,0,0,0,0,0,0,-,-,NA,NA,LOS ANGELES,LOS ANGELES,-118.43124,34.17921897
8153575,2016,2016-10-25,1928,2016-10-01,1609,389,520,6,5,5,1928,0,0,0,NA,0,503,ROSECRANS AV,CHADRON AV,0,NA,Y,A,-,N,NA,NA,NA,NA,NA,NA,NA,NA,NA,N,4,0,1,2,A,-,09,21802,A,N,D,C,A,A,H,-,A,D,0,NA,NA,NA,NA,Y,NA,A,01,0,0,1,0,0,0,0,0,0,-,-,33.90189,-118.3286,LOS ANGELES,HAWTHORNE,-118.32870009,33.90193011
8153577,2016,2016-12-15,1942,2016-10-10,2145,39062,1385,1,5,7,1942,0,0,0,M,0,24T32,GAGE AV,MCKINLEY AV,223,E,N,A,-,N,NA,NA,NA,NA,NA,NA,NA,NA,NA,Y,2,0,3,4,A,-,03,22350,NA,N,B,E,F,A,H,-,C,D,0,Y,NA,NA,NA,Y,NA,A,01,1,1,1,0,1,0,0,0,0,-,-,NA,NA,LOS ANGELES,LOS ANGELES,-118.26070587,33.98201
8153578,2016,2016-10-28,1942,2016-10-17,2145,38354,0984,1,5,7,1942,0,0,0,I,0,16T25,VAN NUYS BL,VENTURA BL,0,NA,Y,B,-,N,NA,NA,NA,NA,NA,NA,NA,NA,NA,Y,4,0,1,2,A,-,12,21453,A,N,D,C,A,A,H,-,C,A,0,NA,NA,NA,NA,Y,NA,D,22,0,0,1,0,0,0,0,0,0,-,-,NA,NA,LOS ANGELES,LOS ANGELES,-118.44870006,34.15092004
8153582,2016,2016-10-26,1942,2016-09-15,1610,39410,0937,4,5,7,1942,0,0,0,I,0,16TL26,RANCHITO AV,VICTORY BL,4,S,N,A,-,N,NA,NA,NA,NA,NA,NA,NA,NA,NA,N,3,0,1,2,A,-,09,21801,B,N,D,G,A,A,H,-,A,A,0,NA,Y,NA,NA,Y,NA,L,04,0,1,0,0,0,0,1,0,0,-,-,NA,NA,LOS ANGELES,LOS ANGELES,-118.4356298,34.18665903
8153586,2016,2016-10-27,1942,2016-10-04,1915,39355,901,2,5,7,1942,0,0,0,NA,0,16T25,SEPULVEDA BL,RAYMER BL,100,S,N,A,-,N,NA,NA,NA,NA,NA,NA,NA,NA,NA,Y,4,0,7,4,A,-,07,21658,A,N,D,C,A,A,H,-,C,A,0,NA,NA,NA,NA,Y,NA,A,01,0,0,7,0,0,0,0,0,0,-,-,NA,NA,LOS ANGELES,LOS ANGELES,-118.46618566,34.21391601
8153587,2016,2016-10-24,1900,2016-10-12,2020,489533,0455,3,5,6,1949,0,0,0,NA,0,45T1,PIONEER BL,ALONDRA BL,816,S,N,A,-,N,NA,NA,NA,NA,NA,NA,NA,NA,NA,Y,3,0,1,3,A,-,21,22106,NA,M,H,C,A,A,H,-,C,D,0,NA,NA,Y,NA,Y,NA,A,01,0,1,0,0,0,0,0,0,1,-,-,NA,NA,LOS ANGELES,NORWALK,-118.08248,33.88546301
8153589,2016,2016-12-29,1942,2016-10-05,0645,31476,1309,3,5,7,1942,0,0,0,M,0,24T23,WASHINGTON BL,SANTA FE AV,108,W,N,A,-,N,NA,NA,NA,NA,NA,NA,NA,NA,NA,Y,2,0,2,3,A,-,05,21650,A,N,A,-,A,A,H,-,A,D,0,NA,NA,NA,Y,Y,NA,F,21,1,1,0,0,0,0,0,0,0,-,-,NA,NA,LOS ANGELES,LOS ANGELES,-118.23075568,34.01895811
8153590,2016,2016-10-28,1942,2016-10-04,1120,38980,0923,2,5,7,1942,0,0,0,I,0,9TL53,VANOWEN ST,CEDROS AV,80,E,N,A,-,N,NA,NA,NA,NA,NA,NA,NA,NA,NA,Y,3,0,4,3,A,-,04,21703,NA,N,C,C,A,A,H,-,A,D,0,NA,NA,NA,NA,Y,NA,D,22,0,1,3,0,0,0,0,0,0,-,-,NA,NA,LOS ANGELES,LOS ANGELES,-118.45285597,34.19394581
8153595,2016,2016-10-25,1900,2016-10-10,0840,442391,0466,1,5,4,1936,0,0,0,NA,0,46T1,ARTESIA BL,MID COUNTIES RD,58,W,N,A,-,N,NA,NA,NA,NA,NA,NA,NA,NA,NA,Y,4,0,2,2,A,-,04,21703,NA,N,C,C,A,A,H,-,A,D,0,NA,NA,NA,NA,Y,NA,A,07,0,0,2,0,0,0,0,0,0,-,-,NA,NA,LOS ANGELES,LA MIRADA,-118.01539,33.873408
8153603,2016,2016-10-26,1942,2016-09-21,0600,32973,1353,3,5,7,1942,0,0,0,M,0,11T32,CENTRAL AV,VERNON AV,200,S,N,A,-,N,NA,NA,NA,NA,NA,NA,NA,NA,NA,N,4,0,2,3,A,-,03,22350,NA,N,C,C,A,A,H,-,B,D,0,NA,NA,NA,NA,Y,NA,A,07,0,0,2,0,0,0,0,0,0,-,-,NA,NA,LOS ANGELES,LOS ANGELES,-118.25649,34.00338151
8153604,2016,2016-10-26,1942,2016-09-20,1845,47081,1323,2,5,7,1942,0,0,0,M,0,13X53,24TH ST,STANFORD,0,NA,Y,A,-,N,NA,NA,NA,NA,NA,NA,NA,NA,NA,NA,4,0,1,2,A,-,12,22450,A,N,D,C,A,A,-,-,C,D,0,NA,NA,NA,NA,Y,NA,-,NA,0,0,1,0,0,0,0,0,0,-,-,NA,NA,LOS ANGELES,LOS ANGELES,-118.25834006,34.02243009
8153607,2016,2016-10-26,1942,2016-09-25,1900,36814,1313,7,5,7,1942,0,0,0,M,0,1T11,SAN PEDRO ST,WASHINGTON BL,0,NA,Y,A,-,N,NA,NA,NA,NA,NA,NA,NA,NA,NA,Y,4,0,3,2,A,-,09,21801,A,N,A,C,A,A,H,-,C,D,0,NA,NA,NA,NA,Y,NA,A,01,0,0,3,0,0,0,0,0,0,-,-,NA,NA,LOS ANGELES,LOS ANGELES,-118.25745011,34.02762011
8153608,2016,2016-10-26,1942,2016-09-20,2155,42412,1362,2,5,7,1942,0,0,0,M,0,13A63,SAN PEDRO,49TH ST,0,NA,Y,A,-,N,NA,NA,NA,NA,NA,NA,NA,NA,NA,N,4,0,2,2,A,-,04,21703,NA,N,C,C,A,A,H,-,C,D,0,NA,NA,NA,NA,Y,NA,-,NA,0,0,2,0,0,0,0,0,0,-,-,NA,NA,LOS ANGELES,LOS ANGELES,-118.26960012,33.99877004
8153611,2016,2016-10-26,1942,2016-09-21,0705,34458,1317,3,5,7,1942,0,0,0,M,0,11T25,17TH ST,HOOPER AV,15,N,N,A,-,N,NA,NA,NA,NA,NA,NA,NA,NA,NA,Y,4,0,1,2,A,-,09,21801,A,N,D,C,A,A,H,-,A,D,0,NA,NA,NA,NA,Y,NA,A,07,0,0,1,0,0,0,0,0,0,-,-,NA,NA,LOS ANGELES,LOS ANGELES,-118.24486831,34.0235186
8153612,2016,2016-10-26,1942,2016-09-23,1825,40726,0271,5,5,7,1942,0,0,0,B,0,4T6,OLYMPIC BL,GRAND VIEW ST,0,NA,Y,A,-,N,NA,NA,NA,NA,NA,NA,NA,NA,NA,N,3,0,1,2,A,-,09,21802,A,F,D,G,A,A,H,-,A,A,0,NA,Y,NA,NA,Y,NA,L,04,0,1,0,0,0,0,1,0,0,-,-,NA,NA,LOS ANGELES,LOS ANGELES,-118.28234006,34.05228011
8153615,2016,2016-10-26,1942,2016-09-14,1615,40138,1361,3,5,7,1942,0,0,0,M,0,13X21,MAIN ST,47TH ST,0,NA,Y,A,-,N,NA,NA,NA,NA,NA,NA,NA,NA,NA,N,4,0,1,2,A,-,10,21950,A,N,G,B,D,A,H,-,A,-,0,Y,NA,NA,NA,Y,NA,A,01,0,0,1,0,1,0,0,0,0,-,-,NA,NA,LOS ANGELES,LOS ANGELES,-118.27398007,34.00104003
8153616,2016,2016-10-26,1942,2016-09-28,1410,42238,0201,3,5,7,1942,0,0,0,B,0,11A37,SANTA MONICA BL,NORMANDIE AV,0,NA,Y,A,-,N,NA,NA,NA,NA,NA,NA,NA,NA,NA,N,3,0,1,2,A,-,09,21804,A,F,H,G,A,A,H,-,A,A,0,NA,Y,NA,NA,Y,NA,L,04,0,1,0,0,0,0,1,0,0,-,-,NA,NA,LOS ANGELES,LOS ANGELES,-118.30049007,34.09083008
8153619,2016,2016-10-26,1942,2016-09-22,1305,38124,1313,4,5,7,1942,0,0,0,M,0,2TL15,16TH ST,MAPLE AV,0,NA,Y,A,-,N,NA,NA,NA,NA,NA,NA,NA,NA,NA,Y,4,0,3,2,A,-,09,21801,A,N,D,C,A,A,H,-,A,A,0,NA,NA,NA,NA,Y,NA,A,01,0,0,3,0,0,0,0,0,0,-,-,NA,NA,LOS ANGELES,LOS ANGELES,-118.25942009,34.03183011
8153620,2016,2016-10-26,1942,2016-09-28,1240,41914,1394,3,5,7,1942,0,0,0,M,0,12T41,FLORENCE AV,SAN PEDRO ST,0,NA,Y,A,-,N,NA,NA,NA,NA,NA,NA,NA,NA,NA,N,3,0,1,2,A,-,03,22350,A,F,G,B,B,A,H,-,C,A,0,Y,NA,NA,NA,Y,NA,-,99,0,1,0,0,1,0,0,0,0,-,-,NA,NA,LOS ANGELES,LOS ANGELES,-118.26957001,33.97469008
8153623,2016,2016-10-26,1942,2016-09-09,2200,40643,1142,5,5,7,1942,0,0,0,K,0,1T11,VERMONT AV,FRANKLIN AV,8,N,N,A,-,N,NA,NA,NA,NA,NA,NA,NA,NA,NA,N,3,0,1,2,A,-,10,21950,A,N,G,B,B,A,H,-,C,A,0,Y,NA,NA,NA,Y,NA,A,01,0,1,0,0,1,0,0,0,0,-,-,NA,NA,LOS ANGELES,LOS ANGELES,-118.29179,34.10543194
8153624,2016,2016-12-29,1942,2016-09-18,1220,37600,1317,7,5,7,1942,0,0,0,M,0,13A9,CENTRAL AV,14TH PL,50,S,N,A,-,N,NA,NA,NA,NA,NA,NA,NA,NA,NA,N,4,0,2,2,A,-,08,22107,NA,N,D,C,A,A,H,-,A,D,0,NA,NA,NA,NA,Y,NA,-,NA,0,0,2,0,0,0,0,0,0,-,-,NA,NA,LOS ANGELES,LOS ANGELES,-118.24779505,34.0275044
8153627,2016,2016-10-26,1942,2016-09-08,1905,224801,1179,4,5,7,1942,0,0,0,K,0,11FB38,FIGUEROA ST,AVENUE 52,61,S,N,A,-,N,NA,NA,NA,NA,NA,NA,NA,NA,NA,Y,4,0,2,2,A,-,09,21804,A,F,D,C,A,A,-,-,A,A,0,NA,NA,NA,NA,Y,NA,-,NA,0,0,2,0,0,0,0,0,0,-,-,NA,NA,LOS ANGELES,LOS ANGELES,-118.19968463,34.10619705
8153628,2016,2016-10-26,1942,2016-09-11,0120,42231,1172,7,5,7,1942,0,0,0,K,0,11A71,WATERLOO ST,GLENDALE BL,0,NA,Y,A,-,N,NA,NA,NA,NA,NA,NA,NA,NA,NA,N,4,0,1,2,A,-,08,22107,NA,N,C,C,A,A,H,-,C,A,0,NA,NA,NA,NA,Y,NA,A,01,0,0,1,0,0,0,0,0,0,-,-,NA,NA,LOS ANGELES,LOS ANGELES,-118.2586001,34.09195012
81536308,2020,2021-08-04,1933,2020-12-27,2136,959,08,7,5,6,1933,0,0,0,NA,0,001,MANCHESTER BLVD,CEDAR AV,0,NA,Y,B,-,N,NA,NA,NA,NA,NA,NA,NA,NA,NA,Y,1,1,1,2,A,-,10,21950,A,N,G,B,B,A,H,-,C,A,0,Y,NA,NA,NA,Y,NA,A,01,0,1,0,1,0,0,0,0,0,-,-,33.961700439453125,-118.36383819580078,LOS ANGELES,INGLEWOOD,-118.36395263671876,33.961700439453125
8153632,2016,2016-10-26,1942,2016-09-25,1645,40421,1321,7,5,7,1942,0,0,0,M,0,13X28,23RD ST,GRAND,100,W,N,A,-,N,NA,NA,NA,NA,NA,NA,NA,NA,NA,N,4,0,2,2,A,-,09,21804,A,N,D,C,A,A,H,-,A,D,0,NA,NA,NA,NA,Y,NA,A,01,0,0,2,0,0,0,0,0,0,-,-,NA,NA,LOS ANGELES,LOS ANGELES,-118.29058822,33.72335
8153633,2016,2016-10-26,1901,2016-09-17,1315,284,24,6,5,5,1901,0,0,0,NA,0,003,WOODWARD AV,MARGUERITA AV,10,E,N,A,-,N,NA,NA,NA,NA,NA,NA,NA,NA,NA,N,4,0,1,2,A,-,03,22350,NA,N,C,B,A,A,H,-,A,A,0,NA,NA,NA,NA,Y,NA,A,01,0,0,1,0,0,0,0,0,0,-,-,NA,NA,LOS ANGELES,ALHAMBRA,-118.13832941,34.0929302
8153634,2016,2016-12-28,1901,2016-09-15,0451,288,13,4,5,5,1901,0,0,0,NA,0,002,4TH ST,NORWOOD PL,307,S,N,A,-,N,NA,NA,NA,NA,NA,NA,NA,NA,NA,Y,3,0,1,2,A,-,08,22107,NA,M,C,C,A,A,H,-,C,D,0,NA,NA,NA,NA,Y,NA,A,08,0,1,0,0,0,0,0,0,0,-,-,NA,NA,LOS ANGELES,ALHAMBRA,-118.12676282,34.0751383
8153635,2016,2016-10-26,1942,2016-09-29,1350,26319,0901,4,5,7,1942,0,0,0,I,0,19TL74,SEPULVEDA BL,RAYMER ST,357,N,N,A,-,N,NA,NA,NA,NA,NA,NA,NA,NA,NA,Y,3,0,2,2,A,-,07,21658,A,N,C,C,A,A,H,-,A,A,0,NA,NA,NA,NA,Y,NA,A,01,0,1,1,0,0,0,0,0,0,-,-,NA,NA,LOS ANGELES,LOS ANGELES,-118.46612,34.21516809
8153636,2016,2016-10-26,1942,2016-09-15,1215,37540,1309,4,5,7,1942,0,0,0,M,0,11T32,7TH PL,WILSON ST,0,NA,Y,A,-,N,NA,NA,NA,NA,NA,NA,NA,NA,NA,N,3,0,1,2,A,-,08,22107,NA,N,G,B,F,A,H,-,A,D,0,Y,NA,NA,NA,Y,NA,-,99,0,1,0,0,1,0,0,0,0,-,-,NA,NA,LOS ANGELES,LOS ANGELES,-118.23401009,34.03342002
8153637,2016,2016-10-26,1901,2016-09-20,1554,274,29,2,5,5,1901,0,0,0,NA,0,003,FREMONT AV,ORANGE ST,556,S,N,B,-,N,NA,NA,NA,NA,NA,NA,NA,NA,NA,N,4,0,1,2,C,-,18,NA,NA,N,C,C,A,A,H,-,A,A,0,NA,NA,NA,NA,Y,NA,-,-,0,0,1,0,0,0,0,0,0,-,-,NA,NA,LOS ANGELES,ALHAMBRA,-118.15192515,34.08251543
8153640,2016,2016-10-26,1942,2016-09-16,0725,39517,1347,5,5,7,1942,0,0,0,M,0,ACC,43RD PL,COMPTON AV,20,W,N,A,-,N,NA,NA,NA,NA,NA,NA,NA,NA,NA,N,3,0,1,2,A,-,12,22450,A,N,G,B,B,A,H,-,A,D,0,Y,NA,NA,NA,Y,NA,-,NA,0,1,0,0,1,0,0,0,0,-,-,NA,NA,LOS ANGELES,LOS ANGELES,-118.24744476,34.00471996
8153641,2016,2016-10-26,1901,2016-09-17,1630,277,18,6,5,5,1901,0,0,0,NA,0,002,ATLANTIC BL,VALLEY BL,276,S,N,A,-,N,NA,NA,NA,NA,NA,NA,NA,NA,NA,Y,4,0,1,2,A,-,09,21801,A,M,D,C,A,A,H,-,A,D,0,NA,NA,NA,NA,Y,NA,A,01,0,0,1,0,0,0,0,0,0,-,-,NA,NA,LOS ANGELES,ALHAMBRA,-118.13452,34.07720318
8153643,2016,2016-10-26,1942,2016-09-30,0620,37398,1353,5,5,7,1942,0,0,0,M,0,11T32,VERNON AV,CENTRAL AV,0,NA,Y,A,-,N,NA,NA,NA,NA,NA,NA,NA,NA,NA,Y,3,0,6,4,A,-,12,21453,A,N,D,D,A,A,H,-,A,A,0,NA,NA,NA,NA,Y,NA,A,07,0,1,5,0,0,0,0,0,0,-,-,NA,NA,LOS ANGELES,LOS ANGELES,-118.25649004,34.00393001
8153644,2016,2016-10-26,1942,2016-09-08,0755,38050,1321,4,5,7,1942,0,0,0,M,0,1TL11,LOS ANGELES ST,23RD ST,10,S,N,A,-,N,NA,NA,NA,NA,NA,NA,NA,NA,NA,N,3,0,1,2,A,-,09,21801,A,F,D,G,A,A,H,-,A,D,0,NA,Y,NA,NA,Y,NA,L,04,0,1,0,0,0,0,1,0,0,-,-,NA,NA,LOS ANGELES,LOS ANGELES,-118.265913,34.026759
8153645,2016,2016-10-26,1901,2016-09-17,1141,280,08,6,5,5,1901,0,0,0,NA,0,001,CHAPEL AV,BEACON ST,93,S,N,A,-,N,NA,NA,NA,NA,NA,NA,NA,NA,NA,N,4,0,1,2,A,-,03,22350,NA,N,C,C,A,A,H,-,A,A,0,NA,NA,NA,NA,Y,NA,A,01,0,0,1,0,0,0,0,0,0,-,-,NA,NA,LOS ANGELES,ALHAMBRA,-118.12070768,34.0924087
8153647,2016,2016-10-26,1942,2016-09-20,2135,40643,1141,2,5,7,1942,0,0,0,K,0,1T11,FRANKLIN AV,BERENDO ST,0,NA,Y,A,-,N,NA,NA,NA,NA,NA,NA,NA,NA,NA,N,4,0,1,2,A,-,09,21802,A,F,D,C,A,A,H,-,C,A,0,NA,NA,NA,NA,Y,NA,-,99,0,0,1,0,0,0,0,0,0,-,-,NA,NA,LOS ANGELES,LOS ANGELES,-118.29457008,34.10540001
8153648,2016,2017-01-05,1942,2016-09-07,1215,38052,1347,3,5,7,1942,0,0,0,M,0,NA,VERNON AV,LONG BEACH BL,0,NA,Y,A,-,N,NA,NA,NA,NA,NA,NA,NA,NA,NA,Y,3,0,1,2,A,-,12,21453,A,N,D,C,A,A,H,-,A,A,0,NA,NA,NA,NA,Y,NA,-,-,0,1,0,0,0,0,0,0,0,-,-,NA,NA,LOS ANGELES,LOS ANGELES,-118.24334006,34.00393003
8153651,2016,2016-12-29,1942,2016-09-30,1245,41027,1317,5,5,7,1942,0,0,0,M,0,1A41,17TH ST,HOOPER AV,0,NA,Y,A,-,N,NA,NA,NA,NA,NA,NA,NA,NA,NA,N,3,0,1,2,A,-,12,21453,A,N,D,C,A,A,H,-,A,A,0,NA,NA,NA,NA,Y,Y,-,-,0,1,0,0,0,0,0,0,0,-,-,NA,NA,LOS ANGELES,LOS ANGELES,-118.24482,34.02351001
8153652,2016,2016-10-26,1942,2016-09-04,1625,42272,1343,7,5,7,1942,0,0,0,M,0,13X42,MARTIN LUTHER KING BL,MCKINLEY AV,50,E,N,A,-,N,NA,NA,NA,NA,NA,NA,NA,NA,NA,Y,3,0,1,3,A,-,06,21755,A,N,B,E,A,A,H,-,A,A,0,NA,NA,NA,NA,Y,NA,A,01,0,1,0,0,0,0,0,0,0,-,-,NA,NA,LOS ANGELES,LOS ANGELES,-118.26067534,34.010980000000004
8153653,2016,2016-10-26,1901,2016-09-10,0818,283,23,6,5,5,1901,0,0,0,NA,0,003,ETHEL AV,GRAND,95,N,N,A,-,N,NA,NA,NA,NA,NA,NA,NA,NA,NA,N,4,0,1,2,-,-,-,NA,NA,N,G,B,F,A,H,-,A,D,0,Y,NA,NA,NA,Y,NA,-,-,0,0,1,0,1,0,0,0,0,-,-,NA,NA,LOS ANGELES,ALHAMBRA,-118.1442522,34.0965505
8153655,2016,2016-10-26,1942,2016-09-30,1650,38613,0932,5,5,7,1942,0,0,0,I,0,15TL44,VICTORY BL,NOBLE AV,20,W,N,A,-,N,NA,NA,NA,NA,NA,NA,NA,NA,NA,NA,4,0,3,2,A,-,09,21801,A,N,D,C,A,A,H,-,A,A,0,NA,NA,NA,NA,Y,NA,A,01,0,0,3,0,0,0,0,0,0,-,-,NA,NA,LOS ANGELES,LOS ANGELES,-118.46191601,34.18665
8153656,2016,2016-10-26,1942,2016-09-08,1055,37540,1351,4,5,7,1942,0,0,0,M,0,1TL24,BROADWAY,42ND ST,178,N,N,A,-,N,NA,NA,NA,NA,NA,NA,NA,NA,NA,N,4,0,1,2,A,-,08,22107,NA,N,D,G,A,A,H,-,A,D,0,NA,Y,NA,NA,Y,NA,A,07,0,0,1,0,0,0,1,0,0,-,-,NA,NA,LOS ANGELES,LOS ANGELES,-118.278369,34.007833
8153657,2016,2016-10-26,1901,2016-09-07,1003,239,14,3,5,5,1901,0,0,0,NA,0,002,VALLEY BL,STONEMAN AV,0,NA,Y,A,-,N,NA,NA,NA,NA,NA,NA,NA,NA,NA,Y,4,0,1,2,A,-,09,21802,A,N,D,C,A,A,H,-,A,A,0,NA,NA,NA,NA,Y,NA,A,01,0,0,1,0,0,0,0,0,0,-,-,NA,NA,LOS ANGELES,ALHAMBRA,-118.12192007,34.07868011