CASE_ID,ACCIDENT_YEAR,PROC_DATE,JURIS,COLLISION_DATE,COLLISION_TIME,OFFICER_ID,REPORTING_DISTRICT,DAY_OF_WEEK,CHP_SHIFT,POPULATION,CNTY_CITY_LOC,SPECIAL_COND,BEAT_TYPE,CHP_BEAT_TYPE,CITY_DIVISION_LAPD,CHP_BEAT_CLASS,BEAT_NUMBER,PRIMARY_RD,SECONDARY_RD,DISTANCE,DIRECTION,INTERSECTION,WEATHER_1,WEATHER_2,STATE_HWY_IND,CALTRANS_COUNTY,CALTRANS_DISTRICT,STATE_ROUTE,ROUTE_SUFFIX,POSTMILE_PREFIX,POSTMILE,LOCATION_TYPE,RAMP_INTERSECTION,SIDE_OF_HWY,TOW_AWAY,COLLISION_SEVERITY,NUMBER_KILLED,NUMBER_INJURED,PARTY_COUNT,PRIMARY_COLL_FACTOR,PCF_CODE_OF_VIOL,PCF_VIOL_CATEGORY,PCF_VIOLATION,PCF_VIOL_SUBSECTION,HIT_AND_RUN,TYPE_OF_COLLISION,MVIW,PED_ACTION,ROAD_SURFACE,ROAD_COND_1,ROAD_COND_2,LIGHTING,CONTROL_DEVICE,CHP_ROAD_TYPE,PEDESTRIAN_ACCIDENT,BICYCLE_ACCIDENT,MOTORCYCLE_ACCIDENT,TRUCK_ACCIDENT,NOT_PRIVATE_PROPERTY,ALCOHOL_INVOLVED,STWD_VEHTYPE_AT_FAULT,CHP_VEHTYPE_AT_FAULT,COUNT_SEVERE_INJ,COUNT_VISIBLE_INJ,COUNT_COMPLAINT_PAIN,COUNT_PED_KILLED,COUNT_PED_INJURED,COUNT_BICYCLIST_KILLED,COUNT_BICYCLIST_INJURED,COUNT_MC_KILLED,COUNT_MC_INJURED,PRIMARY_RAMP,SECONDARY_RAMP,LATITUDE,LONGITUDE,COUNTY,CITY,POINT_X,POINT_Y
8154099,2016,2016-12-02,1942,2016-09-30,1700,42293,0529,5,5,7,1942,0,0,0,E,0,5A24WS,ANAHEIM,SAMPSON,50,E,N,A,-,N,NA,NA,NA,NA,NA,NA,NA,NA,NA,Y,4,0,1,2,A,-,03,22350,NA,N,A,E,A,A,H,-,A,D,0,NA,NA,NA,NA,Y,NA,A,01,0,0,1,0,0,0,0,0,0,-,-,NA,NA,LOS ANGELES,LOS ANGELES,-118.23324636,33.78173142
8154100,2016,2016-11-30,1942,2016-09-21,1153,36722,1801,3,5,7,1942,0,0,0,R,0,25EL1,VERMONT AV,88TH ST,10,N,N,A,-,N,NA,NA,NA,NA,NA,NA,NA,NA,NA,N,4,0,2,2,A,-,08,22100,A,F,-,-,A,A,H,-,A,-,0,NA,NA,NA,NA,Y,NA,-,99,0,0,2,0,0,0,0,0,0,-,-,NA,NA,LOS ANGELES,LOS ANGELES,-118.291624,33.957947
8154101,2016,2016-10-27,1942,2016-09-19,2110,41704,1802,1,5,7,1942,0,0,0,R,0,18T23,FIGUEROA ST,91ST ST,0,W,N,A,-,N,NA,NA,NA,NA,NA,NA,NA,NA,NA,N,3,0,1,2,A,-,10,21950,A,F,B,B,B,A,H,-,C,A,0,Y,NA,NA,NA,Y,NA,-,99,0,1,0,0,1,0,0,0,0,-,-,NA,NA,LOS ANGELES,LOS ANGELES,-118.2827201,33.95420012
8154103,2016,2016-10-28,1942,2016-09-26,1320,38855,565,1,5,7,1942,0,0,0,NA,0,5A1,GRAND AV,10TH ST,0,NA,Y,A,-,N,NA,NA,NA,NA,NA,NA,NA,NA,NA,Y,4,0,1,2,A,-,05,21650,1,N,D,G,A,A,H,-,A,D,0,NA,Y,NA,NA,Y,NA,-,-,0,0,1,0,0,0,1,0,0,-,-,NA,NA,LOS ANGELES,LOS ANGELES,-118.29019008,33.7351601
8154104,2016,2016-10-27,1942,2016-09-26,2350,40971,1806,1,5,7,1942,0,0,0,R,0,12T41,CENTRAL AV,89TH ST,72,N,N,A,-,N,NA,NA,NA,NA,NA,NA,NA,NA,NA,Y,3,0,1,3,A,-,01,23152,A,N,C,E,A,A,H,-,C,A,0,NA,NA,NA,NA,Y,Y,A,01,0,1,0,0,0,0,0,0,0,-,-,NA,NA,LOS ANGELES,LOS ANGELES,-118.25643,33.95579746
8154105,2016,2016-10-27,1942,2016-09-02,1020,41521,1802,5,5,7,1942,0,0,0,R,0,3T5,MANCHESTER AV,FIGUEROA ST,23,W,N,A,-,N,NA,NA,NA,NA,NA,NA,NA,NA,NA,N,4,0,1,2,A,-,09,21453,B,F,D,C,A,A,H,-,A,B,0,NA,NA,NA,NA,Y,NA,-,99,0,0,1,0,0,0,0,0,0,-,-,NA,NA,LOS ANGELES,LOS ANGELES,-118.2828057,33.96006
8154107,2016,2016-10-28,1942,2016-09-18,1700,42201,555,7,5,7,1942,0,0,0,NA,0,5A25,GAFFEY ST,SUMMERLAND AV,12,E,N,A,-,N,NA,NA,NA,NA,NA,NA,NA,NA,NA,Y,3,0,4,2,A,-,09,21801,A,N,B,C,A,A,H,-,A,D,0,NA,NA,NA,NA,Y,NA,A,01,0,1,3,0,0,0,0,0,0,-,-,NA,NA,LOS ANGELES,LOS ANGELES,-118.29288397,33.74761994
8154108,2016,2016-10-28,1942,2016-09-23,1630,37523,1851,5,5,7,1942,0,0,0,R,0,18H51,EL SEGUNDO,HOOVER ST,100,W,N,A,-,N,NA,NA,NA,NA,NA,NA,NA,NA,NA,N,4,0,1,3,A,-,07,21658,A,N,H,A,A,A,H,-,A,A,0,NA,NA,NA,NA,Y,NA,A,01,0,0,1,0,0,0,0,0,0,-,-,NA,NA,LOS ANGELES,LOS ANGELES,-118.28736896,33.91642
8154109,2016,2016-10-26,1942,2016-09-09,0125,41917,1842,5,5,7,1942,0,0,0,R,0,18T23,BROADWAY,IMPERIAL HWY,0,NA,Y,A,-,N,NA,NA,NA,NA,NA,NA,NA,NA,NA,Y,3,0,2,2,A,-,12,21453,A,N,D,C,A,A,H,-,C,A,0,NA,NA,NA,NA,Y,NA,-,-,0,2,0,0,0,0,0,0,0,-,-,NA,NA,LOS ANGELES,LOS ANGELES,-118.27846004,33.93101002
8154110,2016,2016-10-27,1942,2016-09-28,0700,33599,1881,3,5,7,1942,0,0,0,R,0,3TL5,FIGUEROA ST,GARDENA BL,48,S,N,A,-,N,NA,NA,NA,NA,NA,NA,NA,NA,NA,Y,3,0,1,3,A,-,12,21453,A,N,D,C,A,A,H,-,A,A,0,NA,NA,NA,NA,Y,NA,A,07,0,1,0,0,0,0,0,0,0,-,-,NA,NA,LOS ANGELES,LOS ANGELES,-118.28259256,33.8817085
8154111,2016,2016-10-28,1942,2016-09-22,1755,42402,0331,4,5,7,1942,0,0,0,C,0,3A34,LA BREA AV,FERNDALE ST,0,NA,Y,A,-,N,NA,NA,NA,NA,NA,NA,NA,NA,NA,Y,4,0,1,2,A,-,09,21801,A,N,D,C,A,A,-,-,A,D,0,NA,NA,NA,NA,Y,NA,A,01,0,0,1,0,0,0,0,0,0,-,-,NA,NA,LOS ANGELES,LOS ANGELES,-118.35193012,34.03051009
8154112,2016,2016-10-28,1942,2016-09-22,1615,36023,1864,4,5,7,1942,0,0,0,R,0,18X48,120TH ST,BELHAVEN ST,250,W,N,A,-,N,NA,NA,NA,NA,NA,NA,NA,NA,NA,N,4,0,1,2,A,-,03,22350,NA,N,C,C,A,A,A,-,A,D,0,NA,NA,NA,NA,Y,NA,A,01,0,0,1,0,0,0,0,0,0,-,-,NA,NA,LOS ANGELES,LOS ANGELES,-118.25648245,33.92372
8154113,2016,2016-10-26,1942,2016-09-28,2355,39759,1134,3,5,7,1942,0,0,0,K,0,2T15,VERDUGO RD,AVENUE 33,0,NA,Y,A,-,N,NA,NA,NA,NA,NA,NA,NA,NA,NA,N,3,0,2,3,A,-,12,21453,A,N,D,C,A,A,H,-,C,A,0,NA,NA,NA,NA,Y,NA,A,01,0,1,1,0,0,0,0,0,0,-,-,NA,NA,LOS ANGELES,LOS ANGELES,-118.23605002,34.11165009
8154114,2016,2016-10-27,1942,2016-09-27,1930,41729,1802,2,5,7,1942,0,0,0,R,0,12T41,MANCHESTER AV,BROADWAY ST,300,E,N,A,-,N,NA,NA,NA,NA,NA,NA,NA,NA,NA,Y,4,0,2,2,A,-,03,22350,A,N,C,C,A,A,H,-,C,A,0,NA,NA,NA,NA,Y,NA,A,01,0,0,2,0,0,0,0,0,0,-,-,NA,NA,LOS ANGELES,LOS ANGELES,-118.27729261,33.96008
8154115,2016,2016-10-28,1942,2016-09-21,1600,42428,333,3,5,7,1942,0,0,0,NA,0,3A32W4,JEFFERSON BL,SOMERSET DR,0,NA,Y,A,-,N,NA,NA,NA,NA,NA,NA,NA,NA,NA,Y,3,0,3,2,A,-,12,22450,A,N,A,C,A,A,H,-,A,D,0,NA,NA,NA,NA,Y,NA,A,01,0,1,2,0,0,0,0,0,0,-,-,NA,NA,LOS ANGELES,LOS ANGELES,-118.33738006,34.02557002
8154116,2016,2016-10-28,1942,2016-09-26,0630,24543,1837,1,5,7,1942,0,0,0,R,0,25MQ13,COMPTON AV,108TH ST,0,NA,Y,A,-,N,NA,NA,NA,NA,NA,NA,NA,NA,NA,N,4,0,1,2,A,-,09,21801,A,N,D,C,A,A,H,-,A,A,0,NA,NA,NA,NA,Y,NA,A,01,0,0,1,0,0,0,0,0,0,-,-,NA,NA,LOS ANGELES,LOS ANGELES,-118.24627011,33.93784011
8154117,2016,2016-10-26,1942,2016-09-07,1650,36023,1842,3,5,7,1942,0,0,0,R,0,18X36,MANCHESTER AV,BARRING CROSS,0,NA,Y,A,-,N,NA,NA,NA,NA,NA,NA,NA,NA,NA,Y,4,0,2,2,A,-,09,21801,A,N,D,C,A,A,H,-,A,D,0,NA,NA,NA,NA,Y,NA,A,01,0,0,2,0,0,0,0,0,0,-,-,NA,NA,LOS ANGELES,LOS ANGELES,-118.28937009,33.96004001
8154119,2016,2016-10-27,1942,2016-09-20,1657,36722,0328,2,5,7,1942,0,0,0,C,0,25EL3,FIGUEROA ST,32ND ST,100,N,N,A,-,N,NA,NA,NA,NA,NA,NA,NA,NA,NA,N,3,0,1,2,A,-,17,22517,NA,N,B,G,A,A,H,-,A,A,0,NA,Y,NA,NA,Y,NA,A,01,0,1,0,0,0,0,1,0,0,-,-,NA,NA,LOS ANGELES,LOS ANGELES,-118.27880903,34.02375373
8154120,2016,2016-11-30,1942,2016-09-24,1840,32142,1822,6,5,7,1942,0,0,0,R,0,18X96,CENTURY BL,WALL ST,10,E,N,A,-,N,NA,NA,NA,NA,NA,NA,NA,NA,NA,N,3,0,2,3,A,-,03,22350,NA,N,C,C,A,A,H,-,A,D,0,NA,NA,NA,NA,Y,NA,A,01,0,1,1,0,0,0,0,0,0,-,-,NA,NA,LOS ANGELES,LOS ANGELES,-118.27168709,33.94558022
8154121,2016,2016-10-27,1942,2016-09-06,1940,31288,1802,2,5,7,1942,0,0,0,R,0,3T5,BROADWAY,S 91ST ST,150,N,N,A,-,N,NA,NA,NA,NA,NA,NA,NA,NA,NA,N,4,0,4,2,A,-,09,21804,A,N,B,C,A,-,H,-,B,D,0,NA,NA,NA,NA,Y,NA,A,01,0,0,4,0,0,0,0,0,0,-,-,NA,NA,LOS ANGELES,LOS ANGELES,-118.27821,33.954661
8154123,2016,2016-10-27,1942,2016-09-13,1618,39472,0312,2,5,7,1942,0,0,0,C,0,0W4,JEFFERSON BL,REDONDO BEACH BL,0,NA,Y,A,-,N,NA,NA,NA,NA,NA,NA,NA,NA,NA,Y,4,0,1,2,A,-,09,21801,A,N,D,C,A,A,H,-,A,A,0,NA,NA,NA,NA,Y,NA,A,01,0,0,1,0,0,0,0,0,0,-,-,NA,NA,LOS ANGELES,LOS ANGELES,-118.359122,34.02547
8154124,2016,2016-10-27,1942,2016-09-24,1835,41494,1806,6,5,7,1942,0,0,0,R,0,1864,92ND ST,WADSWORTH AV,0,NA,Y,A,-,N,NA,NA,NA,NA,NA,NA,NA,NA,NA,Y,2,0,1,2,A,-,05,21460,A,N,D,C,A,A,H,-,B,D,0,NA,NA,Y,NA,Y,NA,C,03,1,0,0,0,0,0,0,0,1,-,-,NA,NA,LOS ANGELES,LOS ANGELES,-118.25865,33.95290004
8154125,2016,2016-10-27,1942,2016-09-08,1415,38594,1863,4,5,7,1942,0,0,0,R,0,18A63,SAN PEDRO,118TH PL,0,NA,Y,A,-,N,NA,NA,NA,NA,NA,NA,NA,NA,NA,N,3,0,3,2,A,-,09,21804,A,N,D,C,A,A,H,-,A,A,0,NA,NA,NA,NA,Y,NA,A,07,0,3,0,0,0,0,0,0,0,-,-,NA,NA,LOS ANGELES,LOS ANGELES,-118.26956012,33.92558011
8154127,2016,2016-12-01,1942,2016-09-23,0800,40623,0303,5,5,7,1942,0,0,0,C,0,3A1,REDONDO BL,ADAMS BL,0,NA,Y,A,-,N,NA,NA,NA,NA,NA,NA,NA,NA,NA,N,3,0,1,2,A,-,10,21950,A,N,G,B,B,A,H,-,A,A,0,Y,NA,NA,NA,Y,NA,-,-,0,1,0,0,1,0,0,0,0,-,-,NA,NA,LOS ANGELES,LOS ANGELES,-118.35625009,34.03250001
8154128,2016,2017-01-04,1942,2016-09-23,1510,42136,1823,5,5,7,1942,0,0,0,R,0,NA,AVALON BL,CENTURY BL,0,NA,Y,A,-,N,NA,NA,NA,NA,NA,NA,NA,NA,NA,Y,4,0,2,2,A,-,09,21801,A,N,A,C,A,A,H,-,A,A,0,NA,NA,NA,NA,Y,NA,A,01,0,0,2,0,0,0,0,0,0,-,-,NA,NA,LOS ANGELES,LOS ANGELES,-118.26518009,33.94561004
8154129,2016,2016-10-27,1942,2016-09-18,1510,41545,1824,7,5,7,1942,0,0,0,R,0,18T23,CENTRAL AV,CENTURY BL,0,NA,Y,A,-,N,NA,NA,NA,NA,NA,NA,NA,NA,NA,Y,4,0,2,2,A,-,09,21801,A,N,D,C,A,A,H,-,A,D,0,NA,NA,NA,NA,Y,NA,A,01,0,0,2,0,0,0,0,0,0,-,-,NA,NA,LOS ANGELES,LOS ANGELES,-118.25408001,33.94566011
8154130,2016,2016-10-27,1942,2016-09-10,1930,40237,1824,6,5,7,1942,0,0,0,R,0,18T23,102ND ST,BROADWAY,281,E,N,A,-,N,NA,NA,NA,NA,NA,NA,NA,NA,NA,N,3,0,1,2,A,-,11,21956,A,N,A,B,D,A,H,-,A,D,0,Y,NA,NA,NA,Y,NA,N,60,0,1,0,0,1,0,0,0,0,-,-,NA,NA,LOS ANGELES,LOS ANGELES,-118.27746561,33.94374
8154131,2016,2016-10-28,1942,2016-09-12,1535,42116,0316,1,5,7,1942,0,0,0,C,0,3A19W2,WESTERN AV,24TH ST,20,N,N,A,-,N,NA,NA,NA,NA,NA,NA,NA,NA,NA,Y,4,0,2,2,A,-,04,21703,NA,N,C,C,A,A,H,-,A,A,0,NA,NA,NA,NA,Y,NA,A,07,0,0,2,0,0,0,0,0,0,-,-,NA,NA,LOS ANGELES,LOS ANGELES,-118.308981,34.034775
8154132,2016,2016-10-28,1942,2016-09-25,1020,24543,1802,7,5,7,1942,0,0,0,R,0,25MQ13,BROADWAY,90TH ST,40,S,N,A,-,N,NA,NA,NA,NA,NA,NA,NA,NA,NA,Y,3,0,2,2,A,-,03,22350,NA,N,C,C,A,A,H,-,A,D,0,NA,NA,NA,NA,Y,NA,A,07,0,1,1,0,0,0,0,0,0,-,-,NA,NA,LOS ANGELES,LOS ANGELES,-118.278208,33.954469
8154133,2016,2016-10-26,1942,2016-09-27,1245,42259,1119,2,5,7,1942,0,0,0,K,0,11A17,FIGUEROA ST,LA LOMA RD,13,N,N,A,-,N,NA,NA,NA,NA,NA,NA,NA,NA,NA,N,4,0,1,2,A,-,09,21801,A,N,G,B,B,A,H,-,A,A,0,Y,NA,NA,NA,Y,NA,A,01,0,0,1,0,1,0,0,0,0,-,-,NA,NA,LOS ANGELES,LOS ANGELES,-118.18808583,34.13671365
8154134,2016,2016-10-27,1942,2016-09-12,0825,41521,1862,1,5,7,1942,0,0,0,R,0,18T23,120TH ST,FIGUEROA ST,30,E,N,B,-,N,NA,NA,NA,NA,NA,NA,NA,NA,NA,Y,4,0,1,2,A,-,21,22106,NA,N,B,C,A,A,H,-,A,A,0,NA,NA,NA,NA,Y,NA,A,01,0,0,1,0,0,0,0,0,0,-,-,NA,NA,LOS ANGELES,LOS ANGELES,-118.28250133,33.92372173
8154135,2016,2016-10-27,1942,2016-09-21,0510,36654,0551,3,5,7,1942,0,0,0,E,0,5A15,GAFFEY ST,2ND ST,4,S,N,B,-,N,NA,NA,NA,NA,NA,NA,NA,NA,NA,N,3,0,1,2,A,-,03,22350,NA,N,G,B,B,A,H,-,C,A,0,Y,NA,NA,NA,Y,NA,A,01,0,1,0,0,1,0,0,0,0,-,-,NA,NA,LOS ANGELES,LOS ANGELES,-118.29232022,33.74241903
8154136,2016,2016-10-27,1942,2016-09-28,1540,36722,1267,3,5,7,1942,0,0,0,L,0,25EL1,MANCHESTER AV,FIGUEROA ST,0,NA,Y,A,-,N,NA,NA,NA,NA,NA,NA,NA,NA,NA,N,4,0,1,2,A,-,03,22350,NA,F,C,C,A,A,H,-,A,A,0,NA,NA,NA,NA,Y,NA,-,99,0,0,1,0,0,0,0,0,0,-,-,NA,NA,LOS ANGELES,LOS ANGELES,-118.28273006,33.96006004
8154137,2016,2016-10-26,1942,2016-09-27,0830,27150,1115,2,5,7,1942,0,0,0,K,0,11A71,EAGLE ROCK BL,MERTON AV,60,N,N,A,-,N,NA,NA,NA,NA,NA,NA,NA,NA,NA,N,4,0,2,3,A,-,04,21703,NA,N,C,C,A,A,H,-,A,D,0,NA,NA,NA,NA,Y,NA,-,NA,0,0,2,0,0,0,0,0,0,-,-,NA,NA,LOS ANGELES,LOS ANGELES,-118.21450874,34.13788892
8154138,2016,2016-10-27,1942,2016-09-17,0745,38503,1824,6,5,7,1942,0,0,0,R,0,18T23,CENTRAL AV,101ST ST,0,NA,Y,A,-,N,NA,NA,NA,NA,NA,NA,NA,NA,NA,Y,4,0,2,2,A,-,09,21802,A,N,D,C,A,A,H,-,A,A,0,NA,NA,NA,NA,Y,NA,A,01,0,0,2,0,0,0,0,0,0,-,-,NA,NA,LOS ANGELES,LOS ANGELES,-118.25410013,33.94491012
8154139,2016,2016-10-28,1942,2016-09-16,1715,37599,0501,5,5,7,1942,0,0,0,E,0,5SL1,VERMONT AV,186TH ST,56,E,N,A,-,N,NA,NA,NA,NA,NA,NA,NA,NA,NA,N,3,0,2,3,A,-,11,21954,A,N,G,B,D,A,H,-,A,D,0,Y,NA,NA,NA,Y,NA,N,60,0,2,0,0,2,0,0,0,0,-,-,NA,NA,LOS ANGELES,LOS ANGELES,-118.290546,33.861854
8154140,2016,2016-10-27,1942,2016-09-12,1450,42137,1267,1,5,7,1942,0,0,0,L,0,NA,FIGUEROA,83RD ST,70,S,N,B,-,N,NA,NA,NA,NA,NA,NA,NA,NA,NA,N,4,0,1,2,A,-,04,21703,NA,F,C,D,A,A,H,-,A,D,0,NA,NA,NA,NA,Y,NA,-,99,0,0,1,0,0,0,0,0,0,-,-,NA,NA,LOS ANGELES,LOS ANGELES,-118.28272381,33.96395809
8154141,2016,2016-10-26,1942,2016-09-12,1330,41650,1185,1,5,7,1942,0,0,0,K,0,11A89,STADIUM WY,VIN SCULLY AV,0,NA,Y,A,-,N,NA,NA,NA,NA,NA,NA,NA,NA,NA,Y,3,0,1,2,A,-,08,22107,NA,N,A,C,A,A,H,-,A,A,0,NA,NA,NA,NA,Y,NA,A,01,0,1,0,0,0,0,0,0,0,-,-,NA,NA,LOS ANGELES,LOS ANGELES,-118.24709006,34.07245006
8154142,2016,2016-10-27,1942,2016-09-03,1510,34426,1836,6,5,7,1942,0,0,0,R,0,2T28,107TH ST,CENTRAL AV,0,NA,Y,A,-,N,NA,NA,NA,NA,NA,NA,NA,NA,NA,Y,4,0,1,2,A,-,09,21802,A,N,D,C,A,A,H,-,A,A,0,NA,NA,NA,NA,Y,NA,A,01,0,0,1,0,0,0,0,0,0,-,-,NA,NA,LOS ANGELES,LOS ANGELES,-118.25418009,33.93924002
8154143,2016,2016-12-02,1942,2016-09-17,2030,37688,0376,6,5,7,1942,0,0,0,C,0,3A55,WESTERN AV,BROWNING BL,25,S,N,A,-,N,NA,NA,NA,NA,NA,NA,NA,NA,NA,N,4,0,1,2,A,-,03,22350,NA,N,C,C,A,A,H,-,C,D,0,NA,NA,NA,NA,Y,NA,-,NA,0,0,1,0,0,0,0,0,0,-,-,NA,NA,LOS ANGELES,LOS ANGELES,-118.30892,34.01181143
8154144,2016,2016-10-28,1942,2016-09-22,1200,42013,1842,4,5,7,1942,0,0,0,R,0,NA,108TH ST,BROADWAY,220,E,N,A,-,N,NA,NA,NA,NA,NA,NA,NA,NA,NA,N,4,0,1,2,A,-,09,21804,A,N,C,C,A,A,H,-,A,D,0,NA,NA,Y,NA,Y,NA,C,02,0,0,1,0,0,0,0,0,1,-,-,NA,NA,LOS ANGELES,LOS ANGELES,-118.2776561,33.93828
8154145,2016,2016-10-26,1942,2016-09-14,2000,37505,1132,3,5,7,1942,0,0,0,K,0,1T11,LOS FELIZ BL,COMMONWEALTH AV,0,NA,Y,A,-,N,NA,NA,NA,NA,NA,NA,NA,NA,NA,N,4,0,1,2,A,-,17,21451,A,N,D,C,A,A,H,-,C,A,0,NA,NA,Y,NA,Y,NA,C,02,0,0,1,0,0,0,0,0,1,-,-,NA,NA,LOS ANGELES,LOS ANGELES,-118.28528013,34.11227006
8154146,2016,2016-10-27,1942,2016-09-26,1940,37618,1842,1,5,7,1942,0,0,0,R,0,18T23,FIGUEROA ST,110TH ST,0,NA,Y,A,-,N,NA,NA,NA,NA,NA,NA,NA,NA,NA,N,4,0,1,2,A,-,10,21950,A,N,G,B,B,A,H,-,C,A,0,Y,NA,NA,NA,Y,NA,A,01,0,0,1,0,1,0,0,0,0,-,-,NA,NA,LOS ANGELES,LOS ANGELES,-118.28261001,33.93563007
8154147,2016,2016-12-01,1942,2016-09-29,1130,40169,0326,4,5,7,1942,0,0,0,C,0,3FB2,ADAMS BL,MORMANDIE BL,0,NA,Y,A,-,N,NA,NA,NA,NA,NA,NA,NA,NA,NA,NA,4,0,1,2,A,-,11,21950,B,F,G,B,A,A,H,-,A,A,0,NA,Y,NA,NA,Y,NA,-,99,0,0,1,0,0,0,1,0,0,-,-,NA,NA,LOS ANGELES,LOS ANGELES,-118.30024003,34.03272011
8154148,2016,2016-12-01,1942,2016-09-03,1500,41267,1239,6,5,7,1942,0,0,0,L,0,321,S HOOVER ST,59TH ST,0,NA,Y,A,-,N,NA,NA,NA,NA,NA,NA,NA,NA,NA,N,4,0,1,2,A,-,08,22100,B,N,B,D,A,A,H,-,A,D,0,NA,NA,NA,NA,Y,NA,A,01,0,0,1,0,0,0,0,0,0,-,-,NA,NA,LOS ANGELES,LOS ANGELES,-118.28705002,33.98748008
8154149,2016,2016-10-26,1942,2016-09-24,1930,39062,1126,6,5,7,1942,0,0,0,K,0,1T11,AVENUE 54,YORK BL,0,NA,Y,A,-,N,NA,NA,NA,NA,NA,NA,NA,NA,NA,N,4,0,1,2,A,-,09,21801,A,F,A,C,A,A,H,-,C,A,0,NA,NA,NA,NA,Y,NA,-,99,0,0,1,0,0,0,0,0,0,-,-,NA,NA,LOS ANGELES,LOS ANGELES,-118.1991901,34.12000003
8154150,2016,2016-10-27,1942,2016-09-25,0005,41704,1871,7,5,7,1942,0,0,0,R,0,12T41,ROSECRANS AV,VERMONT AV,240,E,N,A,-,N,NA,NA,NA,NA,NA,NA,NA,NA,NA,N,4,0,1,2,A,-,03,22350,NA,N,B,C,A,A,H,-,C,D,0,NA,NA,NA,NA,Y,NA,A,01,0,0,1,0,0,0,0,0,0,-,-,NA,NA,LOS ANGELES,LOS ANGELES,-118.29080069,33.90189867
8154151,2016,2016-12-02,1942,2016-09-18,0310,37688,0335,7,5,7,1942,0,0,0,C,0,3A55,JEFFERSON BL,8TH AV,0,NA,Y,A,-,N,NA,NA,NA,NA,NA,NA,NA,NA,NA,N,4,0,1,2,A,-,09,21802,A,N,D,C,A,A,H,-,C,D,0,NA,NA,NA,NA,Y,NA,-,NA,0,0,1,0,0,0,0,0,0,-,-,NA,NA,LOS ANGELES,LOS ANGELES,-118.32598005,34.0255901
8154152,2016,2016-12-01,1942,2016-09-21,2015,37618,1842,3,5,7,1942,0,0,0,R,0,18T23,FIGUEROA ST,108TH ST,0,NA,Y,B,-,N,NA,NA,NA,NA,NA,NA,NA,NA,NA,N,4,0,2,2,-,-,-,NA,NA,N,A,C,A,A,H,-,C,A,0,NA,NA,NA,NA,Y,NA,-,-,0,0,2,0,0,0,0,0,0,-,-,NA,NA,LOS ANGELES,LOS ANGELES,-118.28261011,33.93825005
8154153,2016,2016-10-26,1942,2016-09-19,0825,41337,1152,1,5,7,1942,0,0,0,K,0,1A1,HILLHURST AV,CLAYTON AV,0,NA,Y,A,-,N,NA,NA,NA,NA,NA,NA,NA,NA,NA,Y,4,0,1,3,A,-,09,21802,A,N,D,C,A,A,H,-,A,A,0,NA,NA,NA,NA,Y,NA,-,-,0,0,1,0,0,0,0,0,0,-,-,NA,NA,LOS ANGELES,LOS ANGELES,-118.28740011,34.09998003
8154154,2016,2016-10-27,1942,2016-09-25,1930,41925,1826,7,5,7,1942,0,0,0,R,0,3T5,FIRTH BL,96TH ST,520,N,N,A,-,N,NA,NA,NA,NA,NA,NA,NA,NA,NA,N,4,0,4,2,A,-,03,22350,NA,N,C,C,A,A,H,-,C,D,0,NA,NA,NA,NA,Y,NA,A,01,0,0,4,0,0,0,0,0,0,-,-,NA,NA,LOS ANGELES,LOS ANGELES,-118.24764483,33.95045534
8154156,2016,2016-10-27,1942,2016-09-16,0630,37414,1203,5,5,7,1942,0,0,0,L,0,12A3,50TH,WESTERN AV,5,W,N,A,-,N,NA,NA,NA,NA,NA,NA,NA,NA,NA,N,3,0,1,2,A,-,21,22106,NA,F,G,B,F,A,H,-,A,D,0,Y,NA,NA,NA,Y,NA,-,99,0,1,0,0,1,0,0,0,0,-,-,NA,NA,LOS ANGELES,LOS ANGELES,-118.30894,33.99824
8154157,2016,2016-10-26,1942,2016-09-17,1030,38124,1145,6,5,7,1942,0,0,0,K,0,2TL15,CLEARWATER ST,RIVERSIDE DR,0,NA,Y,A,-,N,NA,NA,NA,NA,NA,NA,NA,NA,NA,Y,3,0,1,2,A,-,09,21801,A,N,D,C,A,A,H,-,A,D,0,NA,NA,NA,NA,Y,NA,A,01,0,1,0,0,0,0,0,0,0,-,-,NA,NA,LOS ANGELES,LOS ANGELES,-118.25470011,34.10504012
8154158,2016,2016-10-27,1942,2016-09-26,2025,41914,1823,1,5,7,1942,0,0,0,R,0,18T23,AVALON BL,CENTURY BL,45,N,N,A,-,N,NA,NA,NA,NA,NA,NA,NA,NA,NA,N,3,0,2,2,A,-,03,22350,A,N,C,C,A,A,H,-,C,D,0,NA,NA,NA,NA,Y,NA,A,01,0,1,1,0,0,0,0,0,0,-,-,NA,NA,LOS ANGELES,LOS ANGELES,-118.26517771,33.9457334
8154159,2016,2016-10-27,1942,2016-09-14,1440,32129,0585,3,5,7,1942,0,0,0,E,0,5A85,20TH ST,GAFFEY ST,0,NA,Y,A,-,N,NA,NA,NA,NA,NA,NA,NA,NA,NA,N,4,0,1,2,A,-,11,21954,A,N,G,B,D,A,H,-,A,D,0,Y,NA,NA,NA,Y,NA,N,60,0,0,1,0,1,0,0,0,0,-,-,NA,NA,LOS ANGELES,LOS ANGELES,-118.29240003,33.72605001
8154160,2016,2016-10-27,1942,2016-09-03,1430,41924,1259,6,5,7,1942,0,0,0,L,0,18T23,FLORENCE AV,AVALON BL,160,E,N,A,-,N,NA,NA,NA,NA,NA,NA,NA,NA,NA,Y,2,0,1,1,A,-,03,22350,NA,N,A,I,A,A,H,-,A,D,0,NA,NA,NA,NA,Y,NA,A,01,1,0,0,0,0,0,0,0,0,-,-,NA,NA,LOS ANGELES,LOS ANGELES,-118.26465331,33.97471