CASE_ID,ACCIDENT_YEAR,PROC_DATE,JURIS,COLLISION_DATE,COLLISION_TIME,OFFICER_ID,REPORTING_DISTRICT,DAY_OF_WEEK,CHP_SHIFT,POPULATION,CNTY_CITY_LOC,SPECIAL_COND,BEAT_TYPE,CHP_BEAT_TYPE,CITY_DIVISION_LAPD,CHP_BEAT_CLASS,BEAT_NUMBER,PRIMARY_RD,SECONDARY_RD,DISTANCE,DIRECTION,INTERSECTION,WEATHER_1,WEATHER_2,STATE_HWY_IND,CALTRANS_COUNTY,CALTRANS_DISTRICT,STATE_ROUTE,ROUTE_SUFFIX,POSTMILE_PREFIX,POSTMILE,LOCATION_TYPE,RAMP_INTERSECTION,SIDE_OF_HWY,TOW_AWAY,COLLISION_SEVERITY,NUMBER_KILLED,NUMBER_INJURED,PARTY_COUNT,PRIMARY_COLL_FACTOR,PCF_CODE_OF_VIOL,PCF_VIOL_CATEGORY,PCF_VIOLATION,PCF_VIOL_SUBSECTION,HIT_AND_RUN,TYPE_OF_COLLISION,MVIW,PED_ACTION,ROAD_SURFACE,ROAD_COND_1,ROAD_COND_2,LIGHTING,CONTROL_DEVICE,CHP_ROAD_TYPE,PEDESTRIAN_ACCIDENT,BICYCLE_ACCIDENT,MOTORCYCLE_ACCIDENT,TRUCK_ACCIDENT,NOT_PRIVATE_PROPERTY,ALCOHOL_INVOLVED,STWD_VEHTYPE_AT_FAULT,CHP_VEHTYPE_AT_FAULT,COUNT_SEVERE_INJ,COUNT_VISIBLE_INJ,COUNT_COMPLAINT_PAIN,COUNT_PED_KILLED,COUNT_PED_INJURED,COUNT_BICYCLIST_KILLED,COUNT_BICYCLIST_INJURED,COUNT_MC_KILLED,COUNT_MC_INJURED,PRIMARY_RAMP,SECONDARY_RAMP,LATITUDE,LONGITUDE,COUNTY,CITY,POINT_X,POINT_Y
8154566,2016,2016-10-28,1941,2016-10-07,0755,6148,NA,5,5,7,1941,0,0,0,NA,0,NA,WILLOW ST,LAKEWOOD BL,0,NA,N,A,-,N,NA,NA,NA,NA,NA,NA,NA,NA,NA,Y,4,0,1,1,A,-,08,22107,NA,N,E,I,A,A,H,-,A,D,0,NA,NA,NA,NA,Y,NA,A,NA,0,0,1,0,0,0,0,0,0,-,-,NA,NA,LOS ANGELES,LONG BEACH,-118.14279,33.80341007
8154615,2016,2016-10-28,1941,2016-10-17,1455,5612,NA,1,5,7,1941,0,0,0,NA,0,NA,CLARK,AIRPORT PLAZA,0,NA,Y,A,-,N,NA,NA,NA,NA,NA,NA,NA,NA,NA,Y,4,0,1,2,A,-,04,21703,NA,N,C,C,A,A,H,-,A,D,0,NA,NA,NA,NA,Y,NA,A,NA,0,0,1,0,0,0,0,0,0,-,-,NA,NA,LOS ANGELES,LONG BEACH,-118.13401007,33.80798008
8154635,2016,2016-10-28,1941,2016-10-16,1316,10922,NA,7,5,7,1941,0,0,0,NA,0,NA,10TH ST,OLIVE,0,NA,Y,A,-,N,NA,NA,NA,NA,NA,NA,NA,NA,NA,N,4,0,1,2,A,-,08,22107,NA,N,D,C,A,A,H,-,A,D,0,NA,NA,NA,NA,Y,NA,A,NA,0,0,1,0,0,0,0,0,0,-,-,NA,NA,LOS ANGELES,LONG BEACH,-118.18286006,33.77898007
8154639,2016,2016-10-28,1941,2016-10-14,1152,10955,NA,5,5,7,1941,0,0,0,NA,0,NA,CHERRY,ANAHEIM,0,S,N,A,-,N,NA,NA,NA,NA,NA,NA,NA,NA,NA,N,4,0,1,2,A,-,03,22350,NA,N,-,G,A,A,H,-,A,D,0,NA,Y,NA,NA,Y,NA,L,NA,0,0,1,0,0,0,1,0,0,-,-,NA,NA,LOS ANGELES,LONG BEACH,-118.16766,33.78261011
8154709,2016,2016-11-03,1900,2016-09-29,2029,527443,2837,4,5,5,1915,0,0,0,NA,0,282T3,GREEN LEAF BL,WILMINGTON AV,0,NA,Y,A,-,N,NA,NA,NA,NA,NA,NA,NA,NA,NA,Y,4,0,1,2,A,-,09,21801,A,N,A,C,A,A,H,-,C,A,0,NA,NA,NA,NA,Y,NA,A,01,0,0,1,0,0,0,0,0,0,-,-,NA,NA,LOS ANGELES,COMPTON,-118.23656007,33.88073011
8154713,2016,2016-11-03,1900,2016-09-30,0850,520027,2821,5,5,5,1915,0,0,0,NA,0,282T1,ALAMEDA ST E,ROSECRANS AV,460,N,N,A,-,N,NA,NA,NA,NA,NA,NA,NA,NA,NA,Y,2,0,1,2,A,-,03,22350,NA,N,C,C,A,A,H,-,A,D,0,NA,NA,NA,Y,Y,NA,A,01,1,0,0,0,0,0,0,0,0,-,-,NA,NA,LOS ANGELES,COMPTON,-118.22176564,33.90469091
8154724,2016,2016-10-31,1941,2016-10-13,1936,5611,NA,4,5,7,1941,0,0,0,NA,0,NA,ANAHEIM,CEDAR,27,W,N,A,-,N,NA,NA,NA,NA,NA,NA,NA,NA,NA,Y,2,0,1,2,A,-,06,21951,NA,N,G,B,D,A,H,-,C,A,0,Y,NA,NA,NA,Y,Y,A,NA,1,0,0,0,1,0,0,0,0,-,-,NA,NA,LOS ANGELES,LONG BEACH,-118.19514867,33.7826
8154728,2016,2016-10-31,1941,2016-10-16,1257,10918,NA,7,5,7,1941,0,0,0,NA,0,NA,ARTESIA,JOHNSON,66,E,N,A,-,N,NA,NA,NA,NA,NA,NA,NA,NA,NA,Y,4,0,1,2,A,-,07,21658,A,N,C,E,A,A,H,-,A,D,0,NA,NA,NA,NA,Y,NA,A,NA,0,0,1,0,0,0,0,0,0,-,-,NA,NA,LOS ANGELES,LONG BEACH,-118.15225302,33.87478
8154732,2016,2016-12-27,1941,2016-10-16,1252,10679,NA,7,5,7,1941,0,0,0,NA,0,NA,ATLANTIC AV,6TH ST,0,NA,Y,A,-,N,NA,NA,NA,NA,NA,NA,NA,NA,NA,Y,3,0,2,5,A,-,12,21453,A,N,D,C,A,A,H,-,A,A,0,NA,NA,NA,Y,Y,NA,F,NA,0,1,1,0,0,0,0,0,0,-,-,NA,NA,LOS ANGELES,LONG BEACH,-118.18505013,33.77415003
8154736,2016,2016-12-27,1941,2016-10-16,1903,10744,NA,7,5,7,1941,0,0,0,NA,0,NA,MARKET ST,LINDEN AV,0,NA,Y,A,-,N,NA,NA,NA,NA,NA,NA,NA,NA,NA,N,4,0,1,2,A,-,10,21950,A,N,G,B,B,A,H,-,C,A,0,Y,NA,NA,NA,Y,NA,A,NA,0,0,1,0,1,0,0,0,0,-,-,NA,NA,LOS ANGELES,LONG BEACH,-118.18595008,33.85433003
8154740,2016,2016-10-31,1941,2016-10-07,1046,10914,NA,5,5,7,1941,0,0,0,NA,0,NA,SANTA FE AV,33RD ST,0,NA,Y,A,-,N,NA,NA,NA,NA,NA,NA,NA,NA,NA,Y,2,0,1,2,A,-,09,21801,A,N,A,C,A,A,H,-,A,D,0,NA,NA,Y,NA,Y,NA,A,NA,1,0,0,0,0,0,0,0,1,-,-,NA,NA,LOS ANGELES,LONG BEACH,-118.21553002,33.81710011
8154744,2016,2016-10-28,1941,2016-10-01,2000,10947,NA,6,5,7,1941,0,0,0,NA,0,NA,7TH ST,REDONDO AV,0,NA,Y,A,-,N,NA,NA,NA,NA,NA,NA,NA,NA,NA,Y,4,0,1,5,A,-,08,22107,NA,N,A,E,A,A,H,-,C,A,0,NA,NA,Y,NA,Y,NA,A,NA,0,0,1,0,0,0,0,0,0,-,-,NA,NA,LOS ANGELES,LONG BEACH,-118.15242,33.77534
8154748,2016,2016-10-31,1941,2016-10-12,0804,5839,NA,3,5,7,1941,0,0,0,NA,0,NA,PACIFIC AV,28TH ST,0,NA,Y,A,-,N,NA,NA,NA,NA,NA,NA,NA,NA,NA,N,4,0,1,2,A,-,12,21453,A,N,D,C,A,A,H,-,A,A,0,NA,NA,NA,NA,Y,NA,D,NA,0,0,1,0,0,0,0,0,0,-,-,NA,NA,LOS ANGELES,LONG BEACH,-118.19372013,33.80801011
8154752,2016,2016-12-27,1941,2016-10-06,1745,10777,NA,4,5,7,1941,0,0,0,NA,0,NA,CHERRY AV,EAST 7TH ST,0,NA,Y,A,-,N,NA,NA,NA,NA,NA,NA,NA,NA,NA,N,3,0,1,2,A,-,12,21453,A,N,D,G,A,A,H,-,A,A,0,NA,Y,NA,NA,Y,Y,L,NA,0,1,0,0,0,0,1,0,0,-,-,NA,NA,LOS ANGELES,LONG BEACH,-118.16767,33.77535
8154756,2016,2016-10-31,1941,2016-10-12,1720,5868,NA,3,5,7,1941,0,0,0,NA,0,NA,ORANGE AV,67TH ST,164,S,N,A,-,N,NA,NA,NA,NA,NA,NA,NA,NA,NA,N,3,0,1,2,A,-,06,21750,NA,N,B,J,A,A,H,-,A,A,0,NA,NA,Y,NA,Y,NA,C,NA,0,1,0,0,0,0,0,0,1,-,-,NA,NA,LOS ANGELES,LONG BEACH,-118.17739957,33.87597035
8154760,2016,2016-12-28,1941,2016-10-08,0741,10766,NA,6,5,7,1941,0,0,0,NA,0,NA,PALO VERDE AV,CONANT ST,0,NA,Y,A,-,N,NA,NA,NA,NA,NA,NA,NA,NA,NA,Y,4,0,1,2,-,-,-,NA,NA,N,D,C,A,A,H,-,A,A,0,NA,NA,NA,NA,Y,NA,-,-,0,0,1,0,0,0,0,0,0,-,-,NA,NA,LOS ANGELES,LONG BEACH,-118.10807001,33.82499008
8154764,2016,2016-10-31,1941,2016-10-07,0754,10914,NA,5,5,7,1941,0,0,0,NA,0,NA,SANTA FE AV,WILLARD ST,0,NA,Y,A,-,N,NA,NA,NA,NA,NA,NA,NA,NA,NA,N,4,0,1,2,A,-,10,21950,A,N,G,B,B,A,H,-,A,A,0,Y,NA,NA,NA,Y,NA,D,NA,0,0,1,0,1,0,0,0,0,-,-,NA,NA,LOS ANGELES,LONG BEACH,-118.21552011,33.79439
8154768,2016,2016-10-31,1941,2016-10-07,0746,10912,NA,5,5,7,1941,0,0,0,NA,0,NA,20TH ST,LEMON AV,0,NA,Y,A,-,N,NA,NA,NA,NA,NA,NA,NA,NA,NA,Y,3,0,3,2,A,-,09,21802,A,N,-,C,A,A,H,-,A,D,0,NA,NA,NA,NA,Y,NA,A,NA,0,2,1,0,0,0,0,0,0,-,-,NA,NA,LOS ANGELES,LONG BEACH,-118.17854014,33.79349001
8154772,2016,2016-10-31,1941,2016-10-14,1540,10667,NA,5,5,7,1941,0,0,0,NA,0,NA,OCEAN BL,GOLDEN AV,0,NA,Y,A,-,N,NA,NA,NA,NA,NA,NA,NA,NA,NA,Y,4,0,1,2,A,-,03,22350,NA,N,C,C,A,A,H,-,A,A,0,NA,NA,NA,NA,Y,NA,A,NA,0,0,1,0,0,0,0,0,0,-,-,NA,NA,LOS ANGELES,LONG BEACH,-118.20186004,33.76734008
8154776,2016,2016-10-31,1941,2016-10-07,0845,10918,NA,5,5,7,1941,0,0,0,NA,0,NA,CHERRY,SOUTH ST,0,NA,Y,A,-,N,NA,NA,NA,NA,NA,NA,NA,NA,NA,Y,4,0,1,2,D,-,00,NA,NA,N,C,C,A,A,H,-,A,A,0,NA,NA,NA,NA,Y,NA,-,-,0,0,1,0,0,0,0,0,0,-,-,NA,NA,LOS ANGELES,LONG BEACH,-118.16856007,33.86015009
8154780,2016,2016-10-31,1941,2016-10-13,1428,10914,NA,4,5,7,1941,0,0,0,NA,0,NA,LONG BEACH BL,25TH ST,0,NA,Y,A,-,N,NA,NA,NA,NA,NA,NA,NA,NA,NA,N,4,0,2,2,A,-,09,21804,A,N,C,C,A,A,H,-,A,A,0,NA,NA,NA,NA,Y,NA,A,NA,0,0,2,0,0,0,0,0,0,-,-,NA,NA,LOS ANGELES,LONG BEACH,-118.18947011,33.80257008
8154784,2016,2016-10-31,1941,2016-10-14,1440,10916,NA,5,5,7,1941,0,0,0,NA,0,NA,CEDAR AV,LIGHT POLE LB # 1647,15,N,N,A,-,N,NA,NA,NA,NA,NA,NA,NA,NA,NA,N,4,0,1,2,A,-,06,21750,NA,N,D,C,A,A,H,-,A,D,0,NA,NA,NA,NA,Y,NA,A,NA,0,0,1,0,0,0,0,0,0,-,-,NA,NA,LOS ANGELES,LONG BEACH,NA,NA
8154788,2016,2016-10-31,1941,2016-10-13,1519,5741,NA,4,5,7,1941,0,0,0,NA,0,NA,EASY,EASY 3150,0,NA,-,B,-,N,NA,NA,NA,NA,NA,NA,NA,NA,NA,Y,3,0,3,2,A,-,07,21658,A,N,C,E,A,A,H,-,A,D,0,NA,NA,NA,NA,Y,NA,A,NA,0,1,2,0,0,0,0,0,0,-,-,NA,NA,LOS ANGELES,LONG BEACH,-118.210031,33.814456
8154792,2016,2016-10-31,1900,2016-10-04,2028,442237,1133,2,5,6,1992,0,0,0,NA,0,112T1,6TH ST EAST,AVENUE J-11,113,S,N,A,-,N,NA,NA,NA,NA,NA,NA,NA,NA,NA,Y,3,0,1,1,A,-,08,22107,NA,N,E,I,A,A,H,-,C,D,0,NA,NA,NA,NA,Y,NA,A,01,0,1,0,0,0,0,0,0,0,-,-,NA,NA,LOS ANGELES,LANCASTER,-118.11943656,34.67919018
8154796,2016,2016-10-31,1900,2016-10-03,0805,510509,1123,1,5,6,1992,0,0,0,NA,0,111T1,BEECH AV,AVENUE J-2,12,S,N,A,-,N,NA,NA,NA,NA,NA,NA,NA,NA,NA,N,3,0,1,2,A,-,09,21802,A,N,B,-,A,A,H,-,A,A,0,NA,NA,NA,NA,Y,NA,A,01,0,1,0,0,0,0,0,0,0,-,-,NA,NA,LOS ANGELES,LANCASTER,-118.13688981,34.6875471
8154800,2016,2016-10-31,1900,2016-10-03,0733,437401,1126,1,5,6,1992,0,0,0,NA,0,112T2,AVENUE L,15TH ST WEST,0,NA,Y,A,-,N,NA,NA,NA,NA,NA,NA,NA,NA,NA,Y,3,0,2,2,A,-,12,21453,A,N,D,C,A,A,H,-,A,A,0,NA,NA,NA,NA,Y,NA,A,NA,0,2,0,0,0,0,0,0,0,-,-,NA,NA,LOS ANGELES,LANCASTER,-118.15671012,34.66037002
8154882,2016,2016-11-01,1900,2016-10-06,2004,527443,2844,4,5,5,1915,0,0,0,NA,0,283T1,LONG BEACH BL,GREENLEAF BL,5,N,N,A,-,N,NA,NA,NA,NA,NA,NA,NA,NA,NA,N,4,0,1,2,A,-,11,21461,5,N,A,B,B,A,H,-,C,A,0,Y,NA,Y,NA,Y,Y,N,60,0,0,1,0,1,0,0,0,0,-,-,NA,NA,LOS ANGELES,COMPTON,-118.20487371,33.88134336
8154885,2016,2017-03-06,1941,2016-10-14,1311,5839,NA,5,5,7,1941,0,0,0,NA,0,NA,PACIFIC COAST HWY,GOLDEN AV,0,NA,Y,A,-,Y,LA,7,1,-,-,7.021,I,5,S,N,4,0,1,2,A,-,12,21453,A,N,D,C,A,A,A,-,A,A,0,NA,NA,NA,NA,Y,NA,D,NA,0,0,1,0,0,0,0,0,0,-,-,NA,NA,LOS ANGELES,LONG BEACH,-118.20242953,33.78988954
8154889,2016,2017-03-06,1941,2016-10-11,1155,10939,NA,2,5,7,1941,0,0,0,NA,0,NA,PACIFIC COAST HWY,PASADENA AV,283,W,N,A,-,Y,LA,7,1,-,-,6.19,H,-,N,N,3,0,1,2,A,-,07,21658,A,N,C,G,A,A,H,-,A,D,0,NA,Y,NA,NA,Y,NA,L,NA,0,1,0,0,0,0,1,0,0,-,-,NA,NA,LOS ANGELES,LONG BEACH,-118.18809497,33.78991897
8154890,2016,2016-11-01,1900,2016-10-10,1625,517780,2814,1,5,5,1915,0,0,0,NA,0,283T1,ROSECRANS AV,OLEANDER AV,3,E,N,A,-,N,NA,NA,NA,NA,NA,NA,NA,NA,NA,N,4,0,1,2,A,-,08,22100,A,F,B,B,B,A,H,-,A,A,0,Y,NA,NA,NA,Y,NA,A,01,0,0,1,0,1,0,0,0,0,-,-,NA,NA,LOS ANGELES,COMPTON,-118.23007013,33.90337
8154894,2016,2016-11-01,1900,2016-10-07,0802,509614,2833,5,5,5,1915,0,0,0,NA,0,282T7,WILMINGTON AV,CALDWELL ST,170,N,N,A,-,N,NA,NA,NA,NA,NA,NA,NA,NA,NA,Y,3,0,5,4,A,-,03,22350,NA,N,C,C,A,A,D,-,A,D,0,NA,NA,NA,NA,Y,NA,A,07,0,1,4,0,0,0,0,0,0,-,-,NA,NA,LOS ANGELES,COMPTON,-118.23681189,33.88439546
8154905,2016,2017-02-28,1900,2016-10-16,1537,602999,1126,7,5,6,1992,0,0,0,NA,0,111T1,AVE L,RT 14,0,NA,Y,A,-,Y,LA,7,14,-,R,65.479,R,4,N,Y,3,0,1,2,A,-,12,21453,A,N,D,C,A,A,H,-,A,A,0,NA,NA,NA,NA,Y,NA,A,01,0,1,0,0,0,0,0,0,0,-,-,NA,NA,LOS ANGELES,LANCASTER,-118.15318215,34.65752665
8154909,2016,2016-10-31,1900,2016-09-30,1610,527443,NA,5,5,5,1915,0,0,0,NA,0,283T1,LONG BEACH BL,ROSECRANS AV,5,S,N,A,-,N,NA,NA,NA,NA,NA,NA,NA,NA,NA,NA,4,0,1,2,A,-,10,21950,A,N,G,B,B,A,H,-,A,A,0,Y,NA,NA,NA,Y,NA,A,01,0,0,1,0,1,0,0,0,0,-,-,NA,NA,LOS ANGELES,COMPTON,-118.20844876,33.90348633
8154925,2016,2016-12-27,1900,2016-09-30,0940,520027,2835,5,5,5,1915,0,0,0,NA,0,282T1,MYRRH ST,WILLOW BROOK AV,0,W,N,A,-,N,NA,NA,NA,NA,NA,NA,NA,NA,NA,N,3,0,1,2,A,-,11,21954,A,N,D,C,E,A,H,-,A,D,0,Y,NA,NA,NA,Y,NA,N,60,0,1,0,0,1,0,0,0,0,-,-,NA,NA,LOS ANGELES,COMPTON,-118.2241201,33.8922701
8154929,2016,2016-10-31,1900,2016-09-28,1745,551884,2835,3,5,5,1915,0,0,0,NA,0,284D,COMPTON BL,ARANABE AV,0,NA,Y,A,-,N,NA,NA,NA,NA,NA,NA,NA,NA,NA,Y,4,0,1,2,A,-,09,21801,A,N,D,C,A,A,H,-,A,A,0,NA,NA,NA,NA,Y,NA,A,01,0,0,1,0,0,0,0,0,0,-,-,NA,NA,LOS ANGELES,COMPTON,-118.23185003,33.89591011
8154933,2016,2016-10-31,1900,2016-09-24,1358,529398,2851,6,5,5,1915,0,0,0,NA,0,283T1,ROSECRANS AV,COOACRE ST,100,W,N,A,-,N,NA,NA,NA,NA,NA,NA,NA,NA,NA,Y,4,0,1,3,A,-,09,21801,A,F,D,C,A,A,H,-,A,D,0,NA,NA,Y,NA,Y,Y,A,08,0,0,1,0,0,0,0,0,1,-,-,NA,NA,LOS ANGELES,COMPTON,-118.19531888,33.90356
8154937,2016,2016-10-31,1900,2016-09-15,1821,529398,2824,4,5,5,1915,0,0,0,NA,0,283T1,SANTA FE AV,PALMER ST,500,N,N,A,-,N,NA,NA,NA,NA,NA,NA,NA,NA,NA,Y,4,0,1,7,A,-,03,22350,NA,N,C,C,A,A,H,-,A,D,0,NA,NA,NA,NA,Y,NA,A,01,0,0,1,0,0,0,0,0,0,-,-,NA,NA,LOS ANGELES,COMPTON,-118.21602785,33.89968918
8154953,2016,2017-03-04,1967,2016-09-27,1745,138,NA,2,5,2,1967,0,0,0,NA,0,SOUTH,RT 1,JUNIPERO AV,0,NA,Y,A,-,Y,LA,7,1,-,-,4.771,I,5,N,Y,3,0,1,2,A,-,12,21453,A,N,D,C,A,A,H,-,B,A,0,NA,NA,NA,NA,Y,NA,A,01,0,1,0,0,0,0,0,0,0,-,-,NA,NA,LOS ANGELES,SIGNAL HILL,-118.16332518,33.78991627
8154967,2016,2016-10-31,1967,2016-10-06,1154,101,NA,4,5,2,1967,0,0,0,NA,0,SOUTH,ORANGE AV,25TH ST,194,N,N,A,-,N,NA,NA,NA,NA,NA,NA,NA,NA,NA,Y,4,0,2,2,A,-,03,22350,NA,N,C,C,A,A,H,-,A,D,0,NA,NA,NA,NA,Y,NA,A,01,0,0,2,0,0,0,0,0,0,-,-,NA,NA,LOS ANGELES,SIGNAL HILL,-118.17634,33.80312201
8154970,2016,2016-11-02,1900,2016-10-17,1716,602965,1133,1,5,6,1992,0,0,0,NA,0,112T1,AVENUE J,DIVISION ST,51,NA,N,A,-,N,NA,NA,NA,NA,NA,NA,NA,NA,NA,Y,4,0,3,2,A,-,03,22350,NA,N,C,C,A,A,H,-,A,A,0,NA,NA,NA,NA,Y,NA,D,22,0,0,3,0,0,0,0,0,0,-,-,NA,NA,LOS ANGELES,LANCASTER,-118.13037002,34.689480090000004
8154974,2016,2016-11-28,1900,2016-10-18,1536,550490,1120,2,5,6,1992,0,0,0,NA,0,112T1,AVENUE H,27TH ST WEST,241,E,N,A,-,N,NA,NA,NA,NA,NA,NA,NA,NA,NA,Y,3,0,4,3,A,-,07,21658,A,N,D,C,A,A,H,-,A,D,0,NA,NA,NA,Y,Y,NA,D,22,0,3,1,0,0,0,0,0,0,-,-,NA,NA,LOS ANGELES,LANCASTER,-118.17857967,34.71876
8154982,2016,2016-11-02,1900,2016-10-21,1130,529699,1134,5,5,6,1992,0,0,0,NA,0,112T1,DIVISION ST,AVENUE K-8,0,NA,Y,A,-,N,NA,NA,NA,NA,NA,NA,NA,NA,NA,Y,2,0,2,2,A,-,09,21804,NA,N,D,C,A,A,H,-,A,D,0,NA,NA,NA,NA,Y,NA,D,22,1,1,0,0,0,0,0,0,0,-,-,NA,NA,LOS ANGELES,LANCASTER,-118.12987002,34.66757002
8154986,2016,2017-05-11,1900,2016-10-04,1615,NA,NA,2,5,6,1992,0,0,0,NA,0,NA,AVENUE J,85TH ST E,92,W,N,A,-,N,NA,NA,NA,NA,NA,NA,NA,NA,NA,N,4,0,1,1,A,-,08,22107,NA,N,E,I,A,A,H,-,A,D,0,NA,NA,NA,NA,Y,NA,D,22,0,0,1,0,0,0,0,0,0,-,-,34.69027,-117.9789,LOS ANGELES,LANCASTER,-117.978873,34.690204
8154989,2016,2016-12-14,1900,2016-10-20,0730,542313,D463,4,5,4,1936,0,0,0,NA,0,46T1,IMPERIAL HWY,CORDOVA RD,6,E,N,A,-,N,NA,NA,NA,NA,NA,NA,NA,NA,NA,N,4,0,1,2,A,-,12,21453,A,N,G,B,B,A,H,-,A,A,0,Y,NA,NA,NA,Y,NA,E,22,0,0,1,0,1,0,0,0,0,-,-,NA,NA,LOS ANGELES,LA MIRADA,-118.00595046,33.9160877
8154990,2016,2016-11-02,1900,2016-10-12,1005,540658,1125,3,5,6,1992,0,0,0,NA,0,112T2,LANCASTER BL,15TH ST WEST,0,NA,Y,A,-,N,NA,NA,NA,NA,NA,NA,NA,NA,NA,Y,4,0,2,2,A,-,09,21801,A,N,D,C,A,A,H,-,A,A,0,NA,NA,NA,NA,Y,NA,D,22,0,0,2,0,0,0,0,0,0,-,-,NA,NA,LOS ANGELES,LANCASTER,-118.15694007,34.69671011
8154997,2016,2017-03-04,1976,2016-08-25,1232,314,NA,4,5,5,1976,0,0,0,NA,0,004,WHITTIER BL,SANTA GERTRUDES AV E,4,W,N,A,-,Y,LA,7,72,-,-,0.97,I,5,N,N,4,0,1,2,A,-,12,21453,A,N,G,B,B,A,H,-,A,A,0,Y,NA,NA,NA,Y,NA,D,22,0,0,1,0,1,0,0,0,0,-,-,NA,NA,LOS ANGELES,WHITTIER,-117.99227309,33.94400273
8155001,2016,2016-11-02,1976,2016-10-20,1036,269,NA,4,5,5,1976,0,0,0,NA,0,003,COLIMA RD,VERRON ASR1287834 POLE,320,N,N,A,-,N,NA,NA,NA,NA,NA,NA,NA,NA,NA,Y,3,0,2,2,A,-,03,22350,NA,N,C,C,A,A,H,-,A,D,0,NA,NA,NA,NA,Y,NA,D,22,0,2,0,0,0,0,0,0,0,-,-,NA,NA,LOS ANGELES,WHITTIER,NA,NA
8155044,2016,2016-11-08,1942,2016-09-09,0730,40869,1846,5,5,7,1942,0,0,0,R,0,3T5,IMPERIAL HWY,SUCCESS AV,20,E,N,A,-,N,NA,NA,NA,NA,NA,NA,NA,NA,NA,Y,4,0,3,2,A,-,08,22100,B,N,D,C,A,A,H,-,A,A,0,NA,NA,NA,NA,Y,NA,A,01,0,0,3,0,0,0,0,0,0,-,-,NA,NA,LOS ANGELES,LOS ANGELES,-118.2492542,33.92947
8155056,2016,2017-03-04,1942,2016-09-25,1645,41545,1835,7,5,7,1942,0,0,0,R,0,12T41,EL SEGUNDO BL,FIGUEROA ST,538,W,N,A,-,Y,LA,7,110,-,-,12.85,R,4,N,Y,4,0,2,2,A,-,08,22100,B,N,D,C,A,A,H,-,A,A,0,NA,NA,NA,NA,Y,NA,A,01,0,0,2,0,0,0,0,0,0,-,-,NA,NA,LOS ANGELES,LOS ANGELES,-118.28585981,33.91613766
8155060,2016,2016-11-08,1942,2016-09-06,2243,41917,1844,2,5,7,1942,0,0,0,R,0,12T41,WADSWORTH AV,IMPERIAL HWY,40,S,N,A,-,N,NA,NA,NA,NA,NA,NA,NA,NA,NA,N,4,0,2,2,A,-,09,21802,A,N,D,C,A,A,H,-,C,A,0,NA,NA,NA,NA,Y,NA,A,01,0,0,2,0,0,0,0,0,0,-,-,NA,NA,LOS ANGELES,LOS ANGELES,-118.25863,33.9308303
8155064,2016,2016-11-08,1942,2016-09-14,1325,40869,1864,3,5,7,1942,0,0,0,R,0,12TL41,IMPERIAL HWY,WADSWORTH AV,90,W,N,A,-,N,NA,NA,NA,NA,NA,NA,NA,NA,NA,Y,3,0,2,4,A,-,09,21804,A,N,B,C,A,A,H,-,A,D,0,NA,NA,NA,NA,Y,NA,A,01,0,1,1,0,0,0,0,0,0,-,-,NA,NA,LOS ANGELES,LOS ANGELES,-118.25891813,33.93099484
8155072,2016,2017-01-21,1900,2016-09-10,2100,548030,1334,6,5,5,1908,0,0,0,NA,0,133T2,ALONDRA BL,RT 15,0,NA,Y,A,-,Y,LA,7,19,-,-,6.9,I,5,N,Y,4,0,3,2,A,-,12,21453,A,N,-,C,A,A,H,-,C,A,0,NA,NA,NA,NA,Y,NA,A,01,0,0,3,0,0,0,0,0,0,-,-,NA,NA,LOS ANGELES,BELLFLOWER,-118.14260001,33.88926305
8155161,2016,2016-10-31,1900,2016-09-08,0811,530669,1364,4,5,5,1952,0,0,0,NA,0,136A,GARFIELD AV,EXETER ST,200,N,N,A,-,N,NA,NA,NA,NA,NA,NA,NA,NA,NA,Y,3,0,1,2,A,-,08,22107,NA,M,-,C,A,A,H,-,A,A,0,NA,NA,NA,Y,Y,NA,A,NA,0,1,0,0,0,0,0,0,0,-,-,NA,NA,LOS ANGELES,PARAMOUNT,-118.16886,33.90055845
8155203,2016,2016-11-07,1920,2016-09-22,1026,12476,NA,4,5,6,1920,0,0,0,NA,0,004,LAKEWOOD BL,CECILIA ST,27,S,N,A,-,N,NA,NA,NA,NA,NA,NA,NA,NA,NA,Y,3,0,2,2,A,-,08,22107,NA,N,B,C,A,A,H,-,A,A,0,NA,NA,NA,NA,Y,NA,D,22,0,1,1,0,0,0,0,0,0,-,-,NA,NA,LOS ANGELES,DOWNEY,-118.12192389,33.93896563
8155211,2016,2016-11-07,1920,2016-09-24,1116,10216,NA,6,5,6,1920,0,0,0,NA,0,003,FLORENCE AV,TECUM RD,25,E,N,A,-,N,NA,NA,NA,NA,NA,NA,NA,NA,NA,N,4,0,1,2,A,-,11,21453,D,N,G,B,B,A,H,-,A,A,0,Y,NA,NA,NA,Y,NA,N,60,0,0,1,0,1,0,0,0,0,-,-,NA,NA,LOS ANGELES,DOWNEY,-118.14043946,33.95880473
8155215,2016,2016-11-07,1920,2016-09-24,1439,10216,NA,6,5,6,1920,0,0,0,NA,0,005,LAKEWOOD BL,3RD ST,40,N,N,A,-,N,NA,NA,NA,NA,NA,NA,NA,NA,NA,N,4,0,1,2,A,-,21,22106,NA,N,C,C,A,A,H,-,A,A,0,NA,NA,NA,Y,Y,NA,F,55,0,0,1,0,0,0,0,0,0,-,-,NA,NA,LOS ANGELES,DOWNEY,-118.12312505,33.9374754