CASE_ID,ACCIDENT_YEAR,PROC_DATE,JURIS,COLLISION_DATE,COLLISION_TIME,OFFICER_ID,REPORTING_DISTRICT,DAY_OF_WEEK,CHP_SHIFT,POPULATION,CNTY_CITY_LOC,SPECIAL_COND,BEAT_TYPE,CHP_BEAT_TYPE,CITY_DIVISION_LAPD,CHP_BEAT_CLASS,BEAT_NUMBER,PRIMARY_RD,SECONDARY_RD,DISTANCE,DIRECTION,INTERSECTION,WEATHER_1,WEATHER_2,STATE_HWY_IND,CALTRANS_COUNTY,CALTRANS_DISTRICT,STATE_ROUTE,ROUTE_SUFFIX,POSTMILE_PREFIX,POSTMILE,LOCATION_TYPE,RAMP_INTERSECTION,SIDE_OF_HWY,TOW_AWAY,COLLISION_SEVERITY,NUMBER_KILLED,NUMBER_INJURED,PARTY_COUNT,PRIMARY_COLL_FACTOR,PCF_CODE_OF_VIOL,PCF_VIOL_CATEGORY,PCF_VIOLATION,PCF_VIOL_SUBSECTION,HIT_AND_RUN,TYPE_OF_COLLISION,MVIW,PED_ACTION,ROAD_SURFACE,ROAD_COND_1,ROAD_COND_2,LIGHTING,CONTROL_DEVICE,CHP_ROAD_TYPE,PEDESTRIAN_ACCIDENT,BICYCLE_ACCIDENT,MOTORCYCLE_ACCIDENT,TRUCK_ACCIDENT,NOT_PRIVATE_PROPERTY,ALCOHOL_INVOLVED,STWD_VEHTYPE_AT_FAULT,CHP_VEHTYPE_AT_FAULT,COUNT_SEVERE_INJ,COUNT_VISIBLE_INJ,COUNT_COMPLAINT_PAIN,COUNT_PED_KILLED,COUNT_PED_INJURED,COUNT_BICYCLIST_KILLED,COUNT_BICYCLIST_INJURED,COUNT_MC_KILLED,COUNT_MC_INJURED,PRIMARY_RAMP,SECONDARY_RAMP,LATITUDE,LONGITUDE,COUNTY,CITY,POINT_X,POINT_Y
8158879,2016,2016-12-01,1942,2016-10-02,1652,38784,1834,7,5,7,1942,0,0,0,R,0,18H32,AVALON BL,108TH ST,0,NA,Y,A,-,N,NA,NA,NA,NA,NA,NA,NA,NA,NA,N,4,0,1,2,A,-,10,21950,A,N,G,B,B,A,H,-,A,A,0,Y,NA,NA,NA,Y,NA,A,01,0,0,1,0,1,0,0,0,0,-,-,NA,NA,LOS ANGELES,LOS ANGELES,-118.26520004,33.93828005
8158880,2016,2016-12-08,1934,2016-10-04,1658,752,1934,2,5,1,1934,0,0,0,NA,0,001,ARROW HWY,BLEECKER ST,450,W,N,A,-,N,NA,NA,NA,NA,NA,NA,NA,NA,NA,Y,3,0,1,2,A,-,06,21755,A,N,D,C,A,A,H,-,A,D,0,NA,NA,NA,NA,Y,NA,A,01,0,1,0,0,0,0,0,0,0,-,-,NA,NA,LOS ANGELES,IRWINDALE,-117.956525,34.106843
8158882,2016,2016-11-04,1942,2016-09-27,1445,36722,1249,2,5,7,1942,0,0,0,L,0,25EL1,HOOVER ST,70TH ST,0,NA,Y,A,-,N,NA,NA,NA,NA,NA,NA,NA,NA,NA,Y,4,0,1,2,A,-,09,21801,A,N,D,C,A,A,H,-,A,A,0,NA,NA,NA,NA,Y,NA,A,08,0,0,1,0,0,0,0,0,0,-,-,NA,NA,LOS ANGELES,LOS ANGELES,-118.28711002,33.97638009
8158886,2016,2016-11-04,1942,2016-09-27,1330,41924,1232,2,5,7,1942,0,0,0,L,0,3T5,SLAUSON AV,WEST BL,0,NA,Y,A,-,N,NA,NA,NA,NA,NA,NA,NA,NA,NA,Y,4,0,1,2,A,-,09,21801,A,N,A,C,A,A,H,-,A,D,0,NA,NA,NA,NA,Y,NA,A,01,0,0,1,0,0,0,0,0,0,-,-,NA,NA,LOS ANGELES,LOS ANGELES,-118.33524013,33.9889901
8158890,2016,2016-11-04,1942,2016-09-29,0740,41923,1211,4,5,7,1942,0,0,0,L,0,12T41,54TH ST,5TH AV,3,E,N,A,-,N,NA,NA,NA,NA,NA,NA,NA,NA,NA,Y,3,0,1,2,A,-,10,21950,A,N,G,B,B,A,H,-,A,A,0,Y,NA,NA,NA,Y,NA,A,01,0,1,0,0,1,0,0,0,0,-,-,NA,NA,LOS ANGELES,LOS ANGELES,-118.32253012,33.99318
8158894,2016,2016-11-04,1942,2016-09-27,2040,41917,1213,2,5,7,1942,0,0,0,L,0,18T23,WESTERN AV,SLAUSON AV,120,E,N,A,-,N,NA,NA,NA,NA,NA,NA,NA,NA,NA,N,4,0,1,2,B,-,22,NA,NA,F,G,B,F,A,H,-,C,D,0,Y,NA,NA,NA,Y,NA,-,99,0,0,1,0,1,0,0,0,0,-,-,NA,NA,LOS ANGELES,LOS ANGELES,-118.30895,33.98915
8158898,2016,2016-11-04,1942,2016-09-30,2140,41056,1252,5,5,7,1942,0,0,0,L,0,12T41,FLORENCE,5TH AV,31,E,N,A,-,N,NA,NA,NA,NA,NA,NA,NA,NA,NA,N,4,0,3,2,A,-,08,22102,NA,N,D,C,A,A,H,-,C,A,0,NA,NA,NA,NA,Y,NA,A,01,0,0,3,0,0,0,0,0,0,-,-,NA,NA,LOS ANGELES,LOS ANGELES,-118.32254795,33.97458
8158902,2016,2017-02-07,1942,2016-09-30,2230,40237,1253,5,5,7,1942,0,0,0,L,0,3T5,FLORENCE AV,CIMARRON ST,0,NA,Y,A,-,N,NA,NA,NA,NA,NA,NA,NA,NA,NA,Y,3,0,4,2,A,-,09,21801,A,N,D,D,A,A,H,-,C,A,0,NA,NA,NA,NA,Y,NA,A,01,0,1,3,0,0,0,0,0,0,-,-,NA,NA,LOS ANGELES,LOS ANGELES,-118.3159001,33.9746001
8158905,2016,2016-11-03,1934,2016-09-25,1912,784,CITRU,7,5,1,1934,0,0,0,NA,0,001,LIVE OAK AV,STEWART AV,0,E,N,A,-,N,NA,NA,NA,NA,NA,NA,NA,NA,NA,Y,4,0,1,2,A,-,07,21658,A,N,C,C,A,A,H,-,A,A,0,NA,NA,Y,NA,Y,NA,C,02,0,0,1,0,0,0,0,0,1,-,-,NA,NA,LOS ANGELES,IRWINDALE,-117.96928009,34.10674004
8158906,2016,2016-11-04,1942,2016-09-24,1335,40440,1242,6,5,7,1942,0,0,0,L,0,12T73,7TH AV,60TH ST,100,N,N,A,-,N,NA,NA,NA,NA,NA,NA,NA,NA,NA,N,4,0,1,2,A,-,21,22106,NA,N,H,C,A,A,H,-,A,D,0,NA,NA,NA,NA,Y,NA,A,07,0,0,1,0,0,0,0,0,0,-,-,NA,NA,LOS ANGELES,LOS ANGELES,-118.324517,33.985758
8158910,2016,2016-11-04,1942,2016-09-23,2130,41056,1268,5,5,7,1942,0,0,0,L,0,5T21,MAIN ST,83RD ST,101,N,N,A,-,N,NA,NA,NA,NA,NA,NA,NA,NA,NA,N,3,0,2,2,A,-,09,21801,A,N,D,D,A,A,H,-,C,A,0,NA,NA,NA,NA,Y,NA,A,08,0,2,0,0,0,0,0,0,0,-,-,NA,NA,LOS ANGELES,LOS ANGELES,-118.27389,33.96442699
8158914,2016,2016-11-04,1942,2016-09-24,2025,41706,1245,6,5,7,1942,0,0,0,L,0,12T41,NORMANDIE AV,65TH PL,10,S,N,A,-,N,NA,NA,NA,NA,NA,NA,NA,NA,NA,N,3,0,1,2,A,-,10,21954,B,N,G,B,B,A,H,-,C,A,0,Y,NA,NA,NA,Y,NA,N,60,0,1,0,0,1,0,0,0,0,-,-,NA,NA,LOS ANGELES,LOS ANGELES,-118.30028,33.97979257
8158918,2016,2016-11-04,1942,2016-09-25,1440,26101,1251,7,5,7,1942,0,0,0,L,0,18T23,CRENSHAW BL,73RD ST,40,N,N,A,-,N,NA,NA,NA,NA,NA,NA,NA,NA,NA,Y,4,0,2,2,A,-,07,21658,A,N,B,C,A,A,H,-,A,D,0,NA,NA,NA,NA,Y,NA,A,01,0,0,2,0,0,0,0,0,0,-,-,NA,NA,LOS ANGELES,LOS ANGELES,-118.330884,33.97375
8158922,2016,2016-11-04,1942,2016-09-25,1435,39317,1253,7,5,7,1942,0,0,0,L,0,12T41,WESTERN AV,78TH ST,120,S,N,A,-,N,NA,NA,NA,NA,NA,NA,NA,NA,NA,N,3,0,1,2,A,-,03,22350,NA,N,C,C,A,A,H,-,A,D,0,NA,NA,Y,NA,Y,NA,C,02,0,1,0,0,0,0,0,0,1,-,-,NA,NA,LOS ANGELES,LOS ANGELES,-118.309021,33.968743
8158926,2016,2016-11-04,1942,2016-09-24,1925,40971,1273,6,5,7,1942,0,0,0,L,0,12T41,MANCHESTER AV,WESTERN AV,0,NA,Y,A,-,N,NA,NA,NA,NA,NA,NA,NA,NA,NA,Y,4,0,1,2,A,-,09,21801,A,N,D,C,A,A,H,-,C,A,0,NA,NA,NA,NA,Y,NA,A,01,0,0,1,0,0,0,0,0,0,-,-,NA,NA,LOS ANGELES,LOS ANGELES,-118.30901005,33.95997012
8158933,2016,2016-11-16,1942,2016-09-24,1710,39859,1252,6,5,7,1942,0,0,0,L,0,2SMQ55,VAN NESS AV,73RD ST,0,NA,Y,A,-,N,NA,NA,NA,NA,NA,NA,NA,NA,NA,Y,4,0,1,2,A,-,09,21802,A,N,D,C,A,A,H,-,A,D,0,NA,NA,NA,NA,Y,NA,A,01,0,0,1,0,0,0,0,0,0,-,-,NA,NA,LOS ANGELES,LOS ANGELES,-118.31773012,33.97367004
8158934,2016,2016-11-04,1942,2016-09-19,1805,41925,1251,1,5,7,1942,0,0,0,L,0,3T5,FLORENCE AV,VICTORIA AV,0,NA,Y,A,-,N,NA,NA,NA,NA,NA,NA,NA,NA,NA,Y,4,0,2,6,A,-,09,21801,A,N,-,C,A,A,-,-,A,D,0,NA,NA,NA,NA,Y,NA,A,01,0,0,2,0,0,0,0,0,0,-,-,NA,NA,LOS ANGELES,LOS ANGELES,-118.33299003,33.97452004
8158938,2016,2016-11-04,1942,2016-09-22,1340,40440,1257,4,5,7,1942,0,0,0,L,0,12TL73,HOOVER ST,76TH ST,30,S,N,A,-,N,NA,NA,NA,NA,NA,NA,NA,NA,NA,N,4,0,1,2,A,-,03,22350,NA,F,C,C,A,A,H,-,A,D,0,NA,NA,NA,NA,Y,NA,-,99,0,0,1,0,0,0,0,0,0,-,-,NA,NA,LOS ANGELES,LOS ANGELES,-118.28712168,33.97066774
8158942,2016,2016-11-04,1942,2016-09-21,0450,41729,1243,3,5,7,1942,0,0,0,L,0,RT41,VAN NESS AV,70TH ST,0,NA,Y,A,-,N,NA,NA,NA,NA,NA,NA,NA,NA,NA,N,4,0,2,2,A,-,09,21800,C,N,D,C,A,A,H,-,A,A,0,NA,NA,NA,NA,Y,NA,A,01,0,0,2,0,0,0,0,0,0,-,-,NA,NA,LOS ANGELES,LOS ANGELES,-118.31775007,33.97638004
8158946,2016,2016-11-04,1942,2016-09-21,0620,38503,1233,3,5,7,1942,0,0,0,L,0,12T41,SLAUSON AV,WILTON PL,9,E,N,A,-,N,NA,NA,NA,NA,NA,NA,NA,NA,NA,N,4,0,1,2,A,-,11,21456,A,N,B,B,B,A,H,-,B,A,0,Y,NA,NA,NA,Y,NA,N,60,0,0,1,0,1,0,0,0,0,-,-,NA,NA,LOS ANGELES,LOS ANGELES,-118.31491037,33.98912
8158949,2016,2016-11-04,1934,2016-10-03,1629,777,EASTD,1,5,1,1934,0,0,0,NA,0,001,LIVE OAK AV,ARROW HWY,0,NA,Y,A,-,N,NA,NA,NA,NA,NA,NA,NA,NA,NA,Y,4,0,2,3,A,-,03,22350,NA,N,C,C,A,A,H,-,A,A,0,NA,NA,NA,NA,Y,NA,A,01,0,0,2,0,0,0,0,0,0,-,-,NA,NA,LOS ANGELES,IRWINDALE,-117.99107011,34.11304009
8158950,2016,2016-11-04,1942,2016-09-20,0930,41973,1265,2,5,7,1942,0,0,0,L,0,18T23,NORMANDIE,83RD PL,19,NA,N,A,-,N,NA,NA,NA,NA,NA,NA,NA,NA,NA,Y,3,0,1,2,A,-,09,21801,A,N,A,C,A,A,H,-,A,-,0,NA,NA,Y,NA,Y,Y,-,99,0,1,0,0,0,0,0,0,1,-,-,NA,NA,LOS ANGELES,LOS ANGELES,-118.30027011,33.96326002
8158952,2016,2016-11-03,1942,2016-10-01,1935,40440,1213,6,5,7,1942,0,0,0,L,0,12TL73,54TH ST,WESTERN AV,60,W,N,A,-,N,NA,NA,NA,NA,NA,NA,NA,NA,NA,N,4,0,1,2,A,-,01,23152,A,N,C,C,A,A,H,-,C,D,0,NA,NA,NA,NA,Y,Y,A,01,0,0,1,0,0,0,0,0,0,-,-,NA,NA,LOS ANGELES,LOS ANGELES,-118.30913756,33.99325
8158954,2016,2016-11-04,1942,2016-09-20,1120,41924,1255,2,5,7,1942,0,0,0,L,0,12T41,FLORENCE AV,NORMANDIE AV,0,NA,Y,A,-,N,NA,NA,NA,NA,NA,NA,NA,NA,NA,Y,3,0,3,2,A,-,12,21453,A,N,D,C,A,A,H,-,A,D,0,NA,NA,NA,NA,Y,NA,A,01,0,1,2,0,0,0,0,0,0,-,-,NA,NA,LOS ANGELES,LOS ANGELES,-118.30030013,33.9745801
8158958,2016,2016-11-04,1942,2016-09-22,1930,40440,1241,4,5,7,1942,0,0,0,L,0,12TL73,CRENSHAW BL,63RD ST,250,S,N,A,-,N,NA,NA,NA,NA,NA,NA,NA,NA,NA,N,4,0,2,2,A,-,21,22106,NA,F,H,C,A,A,H,-,C,D,0,NA,NA,NA,NA,Y,NA,A,01,0,0,2,0,0,0,0,0,0,-,-,NA,NA,LOS ANGELES,LOS ANGELES,-118.330881,33.982224
8158960,2016,2016-11-03,1942,2016-10-02,0750,41521,1218,7,5,7,1942,0,0,0,L,0,18T23,57TH ST,HOOVER ST,200,E,N,B,-,N,NA,NA,NA,NA,NA,NA,NA,NA,NA,Y,4,0,1,3,A,-,01,23152,A,N,C,E,A,A,H,-,A,D,0,NA,NA,NA,NA,Y,NA,A,01,0,0,1,0,0,0,0,0,0,-,-,NA,NA,LOS ANGELES,LOS ANGELES,-118.28647152,33.99052445
8159025,2016,2016-11-04,1900,2016-09-24,1515,530861,0541,6,5,3,1921,0,0,0,NA,0,58T1PM,CENTRAL AV,HIGHLAND AV,0,NA,Y,A,-,N,NA,NA,NA,NA,NA,NA,NA,NA,NA,Y,4,0,1,2,A,-,12,21453,A,N,D,D,A,A,H,-,A,A,0,NA,NA,NA,NA,Y,NA,A,01,0,0,1,0,0,0,0,0,0,-,-,NA,NA,LOS ANGELES,DUARTE,-117.96662004,34.13605006
8159076,2016,2016-11-03,1942,2016-09-26,0655,26217,1801,1,5,7,1942,0,0,0,R,0,25MQ12,VERMONT AV,92ND ST,25,S,N,A,-,N,NA,NA,NA,NA,NA,NA,NA,NA,NA,N,3,0,1,3,A,-,03,22350,NA,M,C,C,A,A,H,-,A,D,0,NA,NA,NA,NA,Y,NA,A,01,0,1,0,0,0,0,0,0,0,-,-,NA,NA,LOS ANGELES,LOS ANGELES,-118.291576,33.952696
8159118,2016,2016-11-04,1900,2016-10-11,0636,506392,1622,2,5,5,1977,0,0,0,NA,0,164T,SANTA FE AV,DOMINGUEZ ST,0,NA,Y,A,-,N,NA,NA,NA,NA,NA,NA,NA,NA,NA,Y,4,0,2,2,A,-,09,21801,A,N,D,C,A,A,H,-,B,A,0,NA,NA,NA,NA,Y,NA,A,07,0,0,2,0,0,0,0,0,0,-,-,NA,NA,LOS ANGELES,CARSON,-118.21424004,33.83921009
8159121,2016,2016-11-04,1942,2016-10-09,2020,42280,1513,7,5,7,1942,0,0,0,O,0,15A3,WHITSETT AV,VANOWEN ST,0,NA,Y,A,-,N,NA,NA,NA,NA,NA,NA,NA,NA,NA,Y,4,0,2,2,A,-,07,21658,A,F,A,C,A,A,H,-,B,A,0,NA,NA,NA,NA,Y,NA,-,99,0,0,2,0,0,0,0,0,0,-,-,NA,NA,LOS ANGELES,LOS ANGELES,-118.40528011,34.19395001
8159123,2016,2016-11-04,1905,2016-10-04,0603,1133,414,2,5,4,1905,0,0,0,NA,0,062,W FOOTHILL RD,VERNON AV,30,E,N,A,-,N,NA,NA,NA,NA,NA,NA,NA,NA,NA,Y,3,0,2,2,A,-,03,22350,NA,N,C,C,A,A,H,-,C,A,0,NA,NA,NA,NA,Y,NA,A,01,0,1,1,0,0,0,0,0,0,-,-,34.13339,-117.91453,LOS ANGELES,AZUSA,-117.9160911,34.13381943
8159125,2016,2016-11-04,1942,2016-10-21,1440,38613,1586,5,5,7,1942,0,0,0,O,0,15TL46,LANKERSHIM BL,CAHUENGA BL,0,NA,Y,A,-,N,NA,NA,NA,NA,NA,NA,NA,NA,NA,N,4,0,1,2,A,-,08,22107,NA,F,D,C,A,A,H,-,A,A,0,NA,NA,NA,NA,Y,NA,-,99,0,0,1,0,0,0,0,0,0,-,-,NA,NA,LOS ANGELES,LOS ANGELES,-118.3633001,34.13720009
8159127,2016,2016-11-04,1905,2016-10-11,1055,1133,325,2,5,4,1905,0,0,0,NA,0,063,CITRUS AV,ALOSTA AV,80,S,N,A,-,N,NA,NA,NA,NA,NA,NA,NA,NA,NA,N,4,0,1,2,A,-,03,22350,NA,N,C,C,A,A,H,-,A,D,0,NA,NA,NA,NA,Y,NA,A,01,0,0,1,0,0,0,0,0,0,-,-,34.12762,-117.88995,LOS ANGELES,AZUSA,-117.89010195,34.1286307
8159129,2016,2017-02-11,1942,2016-10-21,2305,40383,1025,5,5,7,1942,0,0,0,J,0,35T90,SHERMAN WAY,WHITEOAK AV,15,W,N,A,-,N,NA,NA,NA,NA,NA,NA,NA,NA,NA,N,4,0,1,2,A,-,00,20015,NA,F,C,C,A,A,H,-,C,A,0,NA,NA,NA,NA,Y,NA,-,99,0,0,1,0,0,0,0,0,0,-,-,NA,NA,LOS ANGELES,LOS ANGELES,-118.51865952,34.20121
8159133,2016,2016-11-04,1942,2016-10-24,1520,41397,1524,1,5,7,1942,0,0,0,O,0,10TL36,LAUREL CANYON BL,ERWIN ST,20,N,N,A,-,N,NA,NA,NA,NA,NA,NA,NA,NA,NA,N,4,0,2,2,A,-,03,22350,NA,F,C,C,A,A,H,-,A,D,0,NA,NA,NA,NA,Y,NA,-,99,0,0,2,0,0,0,0,0,0,-,-,NA,NA,LOS ANGELES,LOS ANGELES,-118.39653053,34.18315485
8159134,2016,2016-11-04,1942,2016-10-07,0750,42329,2169,5,5,7,1942,0,0,0,NA,0,21A73,WINNETKA AV,VICTORIA BL,0,NA,Y,A,-,N,NA,NA,NA,NA,NA,NA,NA,NA,NA,N,4,0,2,4,A,-,03,22350,NA,N,C,C,A,A,H,-,A,A,0,NA,NA,NA,NA,Y,NA,D,22,0,0,2,0,0,0,0,0,0,-,-,NA,NA,LOS ANGELES,LOS ANGELES,-118.57097004,34.18573001
8159137,2016,2017-06-17,1942,2016-10-17,1620,38613,1067,1,5,7,1942,0,0,0,J,0,15TL46,MAGNOLIA BL,BALBOA BL,20,E,N,A,-,N,NA,NA,NA,NA,NA,NA,NA,NA,NA,N,4,0,2,2,A,-,03,22350,NA,F,C,C,A,A,H,-,A,A,0,NA,NA,NA,NA,Y,NA,-,99,0,0,2,0,0,0,0,0,0,-,-,NA,NA,LOS ANGELES,LOS ANGELES,-118.501024,34.16494979
8159138,2016,2016-11-18,1942,2016-09-30,1320,39258,2129,5,5,7,1942,0,0,0,NA,0,19TL72,ROSCOE BL,WINNETKA AV,90,W,N,A,-,N,NA,NA,NA,NA,NA,NA,NA,NA,NA,N,4,0,1,2,A,-,08,22100,A,N,D,C,A,A,H,-,A,A,0,NA,NA,NA,Y,Y,NA,F,26,0,0,1,0,0,0,0,0,0,-,-,NA,NA,LOS ANGELES,LOS ANGELES,-118.57134699,34.22024042
8159141,2016,2016-11-04,1942,2016-10-08,1915,41422,1566,6,5,7,1942,0,0,0,O,0,15A39,MOORPARK ST,LANKERSHIM BL,100,W,N,A,-,N,NA,NA,NA,NA,NA,NA,NA,NA,NA,N,4,0,1,2,A,-,03,22350,NA,F,G,G,A,A,H,-,-,D,0,NA,Y,NA,NA,Y,NA,-,99,0,0,1,0,0,0,1,0,0,-,-,NA,NA,LOS ANGELES,LOS ANGELES,-118.3661999,34.15038
8159145,2016,2016-11-04,1942,2016-10-03,1140,39258,1961,1,5,7,1942,0,0,0,NA,0,10TL38,NORDHOFF ST,ORION AV,0,NA,Y,A,-,N,NA,NA,NA,NA,NA,NA,NA,NA,NA,Y,4,0,1,3,A,-,09,21801,A,N,D,C,A,A,H,-,A,A,0,NA,NA,NA,NA,Y,NA,A,01,0,0,1,0,0,0,0,0,0,-,-,NA,NA,LOS ANGELES,LOS ANGELES,-118.47195,34.23556008
8159146,2016,2016-11-04,1942,2016-09-22,0815,36755,2149,4,5,7,1942,0,0,0,NA,0,10TL37,SHERMAN WY,QUARTZ,0,NA,Y,A,-,N,NA,NA,NA,NA,NA,NA,NA,NA,NA,Y,4,0,1,2,A,-,04,21703,NA,N,C,C,A,A,H,-,A,D,0,NA,NA,NA,NA,Y,NA,A,07,0,0,1,0,0,0,0,0,0,-,-,NA,NA,LOS ANGELES,LOS ANGELES,-118.56446006,34.20115011
8159149,2016,2016-11-04,1942,2016-10-04,1840,34599,1907,2,5,7,1942,0,0,0,NA,0,15T43,GLADSTONE AV,FERNMONT ST,235,N,N,A,-,N,NA,NA,NA,NA,NA,NA,NA,NA,NA,N,4,0,1,2,A,-,11,21954,A,N,G,B,D,A,H,-,D,D,0,Y,NA,NA,NA,Y,NA,N,60,0,0,1,0,1,0,0,0,0,-,-,NA,NA,LOS ANGELES,LOS ANGELES,-118.42206222,34.30541454
8159153,2016,2016-11-04,1942,2016-10-14,1225,25098,RD151,5,5,7,1942,0,0,0,NA,0,15A44,LANKERSHIM BL,VANOWEN ST,12,S,N,A,-,N,NA,NA,NA,NA,NA,NA,NA,NA,NA,N,4,0,1,2,A,-,03,22350,NA,M,C,C,A,A,H,-,A,A,0,NA,NA,NA,NA,Y,NA,-,99,0,0,1,0,0,0,0,0,0,-,-,NA,NA,LOS ANGELES,LOS ANGELES,-118.38779929,34.19390709
8159157,2016,2016-11-04,1942,2016-10-11,1155,26319,1591,2,5,7,1942,0,0,0,O,0,19TL74,VENTURA BL,FAIRWAY AV,0,NA,Y,A,-,N,NA,NA,NA,NA,NA,NA,NA,NA,NA,N,4,0,1,2,A,-,12,21453,A,F,B,C,A,A,H,-,A,A,0,NA,NA,NA,NA,Y,NA,-,99,0,0,1,0,0,0,0,0,0,-,-,NA,NA,LOS ANGELES,LOS ANGELES,-118.40979012,34.14470006
8159159,2016,2016-11-07,1925,2016-10-09,1237,25777,175,7,5,6,1925,0,0,0,NA,0,001,W KENNETH RD,BEN LOMOND AV,39,W,N,A,-,N,NA,NA,NA,NA,NA,NA,NA,NA,NA,N,4,0,1,2,A,-,03,22350,NA,N,C,E,A,A,H,-,A,D,0,NA,NA,NA,NA,Y,NA,-,-,0,0,1,0,0,0,0,0,0,-,-,NA,NA,LOS ANGELES,GLENDALE,-118.27477511,34.17159502
8159161,2016,2016-11-04,1942,2016-10-16,2350,41668,1544,7,5,7,1942,0,0,0,O,0,15A43,LAUREL CANYON BL,MAGNOLIA BL,20,N,N,B,-,N,NA,NA,NA,NA,NA,NA,NA,NA,NA,N,4,0,1,2,A,-,21,22106,NA,F,C,C,A,A,H,-,C,D,0,NA,NA,NA,NA,Y,NA,-,99,0,0,1,0,0,0,0,0,0,-,-,NA,NA,LOS ANGELES,LOS ANGELES,-118.3965,34.16493486
8159163,2016,2016-11-04,1942,2016-10-17,0950,33504,1987,1,5,7,1942,0,0,0,NA,0,19TL77,VENTURA CANYON AV,MUSCATINE ST,300,S,N,B,C,N,NA,NA,NA,NA,NA,NA,NA,NA,NA,Y,4,0,1,3,A,-,09,21801,A,N,D,C,A,B,H,-,A,D,0,NA,NA,NA,NA,Y,NA,A,01,0,0,1,0,0,0,0,0,0,-,-,NA,NA,LOS ANGELES,LOS ANGELES,-118.4306724,34.22440732
8159165,2016,2016-11-17,1942,2016-10-01,1435,39258,1994,6,5,7,1942,0,0,0,NA,0,10TL38,ROSCOE BL,VAN NUYS BL,210,E,N,A,-,N,NA,NA,NA,NA,NA,NA,NA,NA,NA,N,4,0,2,2,A,-,03,22350,NA,N,C,C,A,A,H,-,A,A,0,NA,NA,NA,NA,Y,NA,J,41,0,0,2,0,0,0,0,0,0,-,-,NA,NA,LOS ANGELES,LOS ANGELES,-118.4480869,34.22154755
8159166,2016,2016-11-07,1942,2016-10-19,2310,32774,1512,3,5,7,1942,0,0,0,O,0,9T55,SHERMAN AV,COLDWATER CANYON AV,370,E,N,A,-,N,NA,NA,NA,NA,NA,NA,NA,NA,NA,Y,4,0,1,2,A,-,07,21658,A,F,C,C,A,A,H,-,C,D,0,NA,NA,NA,NA,Y,NA,-,99,0,0,1,0,0,0,0,0,0,-,-,NA,NA,LOS ANGELES,LOS ANGELES,-118.41257859,34.20119
8159167,2016,2016-11-04,1942,2016-10-13,1545,32372,1952,4,5,7,1942,0,0,0,NA,0,35M37,DEVONSHIRE ST,SEPULVEDA BL,0,NA,Y,A,-,N,NA,NA,NA,NA,NA,NA,NA,NA,NA,Y,4,0,1,2,D,-,00,NA,NA,N,D,C,A,A,H,-,A,D,0,NA,NA,NA,NA,Y,NA,-,-,0,0,1,0,0,0,0,0,0,-,-,NA,NA,LOS ANGELES,LOS ANGELES,-118.46747007,34.2573101
8159169,2016,2016-11-04,1942,2016-10-19,0630,40542,1549,3,5,7,1942,0,0,0,O,0,9T53,CAMARILLO ST,VINELAND AV,0,NA,Y,A,-,N,NA,NA,NA,NA,NA,NA,NA,NA,NA,N,4,0,1,2,A,-,09,21801,A,F,A,C,A,A,H,-,B,A,0,NA,NA,NA,NA,Y,NA,A,01,0,0,1,0,0,0,0,0,0,-,-,NA,NA,LOS ANGELES,LOS ANGELES,-118.37046013,34.15766011
8159173,2016,2016-11-04,1942,2016-10-13,1705,32372,1952,4,5,7,1942,0,0,0,NA,0,35M37,DEVONSHIRE ST,COLUMBUS AV,287,W,N,A,-,N,NA,NA,NA,NA,NA,NA,NA,NA,NA,Y,2,0,3,2,A,-,03,22350,NA,N,D,D,A,A,H,-,A,B,0,NA,NA,NA,NA,Y,NA,A,01,1,1,1,0,0,0,0,0,0,-,-,NA,NA,LOS ANGELES,LOS ANGELES,-118.46597792,34.25729913
8159175,2016,2016-11-04,1905,2016-10-05,0831,1133,213,3,5,4,1905,0,0,0,NA,0,062,W 4TH ST,ORANGE PL,56,E,N,A,-,N,NA,NA,NA,NA,NA,NA,NA,NA,NA,N,4,0,1,2,D,-,00,NA,NA,N,B,C,A,A,H,-,A,D,0,NA,NA,NA,NA,Y,NA,-,-,0,0,1,0,0,0,0,0,0,-,-,34.12794,-117.9127,LOS ANGELES,AZUSA,-117.91365569,34.12803122
8159177,2016,2016-11-04,1942,2016-10-14,0815,41396,1998,5,5,7,1942,0,0,0,NA,0,9TL57,LANARK ST,VAN NUYS BL,580,W,N,A,-,N,NA,NA,NA,NA,NA,NA,NA,NA,NA,N,4,0,2,2,A,-,08,22103,NA,N,B,C,A,A,H,-,A,D,0,NA,NA,NA,NA,Y,NA,A,01,0,0,2,0,0,0,0,0,0,-,-,NA,NA,LOS ANGELES,LOS ANGELES,-118.45067487,34.21793626
8159179,2016,2016-11-04,1942,2016-10-13,0735,30830,1974,4,5,7,1942,0,0,0,NA,0,16TL23,OSBORNE ST,VAN NUYS BL,140,S,N,A,-,N,NA,NA,NA,NA,NA,NA,NA,NA,NA,Y,4,0,1,2,A,-,09,21804,A,N,D,C,A,A,H,-,A,D,0,NA,NA,NA,NA,Y,NA,D,22,0,0,1,0,0,0,0,0,0,-,-,NA,NA,LOS ANGELES,LOS ANGELES,-118.45025,34.23309