CASE_ID,ACCIDENT_YEAR,PROC_DATE,JURIS,COLLISION_DATE,COLLISION_TIME,OFFICER_ID,REPORTING_DISTRICT,DAY_OF_WEEK,CHP_SHIFT,POPULATION,CNTY_CITY_LOC,SPECIAL_COND,BEAT_TYPE,CHP_BEAT_TYPE,CITY_DIVISION_LAPD,CHP_BEAT_CLASS,BEAT_NUMBER,PRIMARY_RD,SECONDARY_RD,DISTANCE,DIRECTION,INTERSECTION,WEATHER_1,WEATHER_2,STATE_HWY_IND,CALTRANS_COUNTY,CALTRANS_DISTRICT,STATE_ROUTE,ROUTE_SUFFIX,POSTMILE_PREFIX,POSTMILE,LOCATION_TYPE,RAMP_INTERSECTION,SIDE_OF_HWY,TOW_AWAY,COLLISION_SEVERITY,NUMBER_KILLED,NUMBER_INJURED,PARTY_COUNT,PRIMARY_COLL_FACTOR,PCF_CODE_OF_VIOL,PCF_VIOL_CATEGORY,PCF_VIOLATION,PCF_VIOL_SUBSECTION,HIT_AND_RUN,TYPE_OF_COLLISION,MVIW,PED_ACTION,ROAD_SURFACE,ROAD_COND_1,ROAD_COND_2,LIGHTING,CONTROL_DEVICE,CHP_ROAD_TYPE,PEDESTRIAN_ACCIDENT,BICYCLE_ACCIDENT,MOTORCYCLE_ACCIDENT,TRUCK_ACCIDENT,NOT_PRIVATE_PROPERTY,ALCOHOL_INVOLVED,STWD_VEHTYPE_AT_FAULT,CHP_VEHTYPE_AT_FAULT,COUNT_SEVERE_INJ,COUNT_VISIBLE_INJ,COUNT_COMPLAINT_PAIN,COUNT_PED_KILLED,COUNT_PED_INJURED,COUNT_BICYCLIST_KILLED,COUNT_BICYCLIST_INJURED,COUNT_MC_KILLED,COUNT_MC_INJURED,PRIMARY_RAMP,SECONDARY_RAMP,LATITUDE,LONGITUDE,COUNTY,CITY,POINT_X,POINT_Y
8159271,2016,2016-11-21,1905,2016-10-14,1721,2019,431,5,5,4,1905,0,0,0,NA,0,061,ARROW HWY,AZUSA AV,5,W,N,A,-,N,NA,NA,NA,NA,NA,NA,NA,NA,NA,N,3,0,1,2,A,-,07,21658,A,N,B,C,A,A,H,-,A,A,0,NA,NA,Y,NA,Y,NA,A,07,0,1,0,0,0,0,0,0,1,-,-,NA,NA,LOS ANGELES,AZUSA,-117.90775646,34.10675067
8159272,2016,2016-11-04,1900,2016-10-17,1945,521414,0562,1,5,3,1968,0,0,0,NA,0,5ST1PM,DURFEE AV,THIENES AV,0,NA,Y,A,-,N,NA,NA,NA,NA,NA,NA,NA,NA,NA,N,4,0,1,2,A,-,10,21950,A,N,G,B,B,A,H,-,C,A,0,Y,NA,NA,NA,Y,NA,A,01,0,0,1,0,1,0,0,0,0,-,-,NA,NA,LOS ANGELES,SOUTH EL MONTE,-118.03299002,34.04319006
8159273,2016,2016-11-03,1942,2016-10-11,1345,35481,2187,2,5,7,1942,0,0,0,NA,0,21TL62,CANOGA AV,VENTURA BL,0,NA,Y,A,-,N,NA,NA,NA,NA,NA,NA,NA,NA,NA,Y,3,0,2,2,A,-,09,21801,A,N,D,C,A,A,H,-,A,A,0,NA,NA,NA,NA,Y,NA,A,01,0,1,1,0,0,0,0,0,0,-,-,NA,NA,LOS ANGELES,LOS ANGELES,-118.59744,34.16786003
8159274,2016,2016-12-07,1942,2016-10-19,2100,42192,1964,3,5,7,1942,0,0,0,NA,0,19A93W,NORDHOFF ST,TERRA BELLA,0,NA,Y,A,-,N,NA,NA,NA,NA,NA,NA,NA,NA,NA,N,4,0,1,2,A,-,09,21802,A,N,D,C,A,A,H,-,C,D,0,NA,NA,NA,NA,Y,NA,A,07,0,0,1,0,0,0,0,0,0,-,-,NA,NA,LOS ANGELES,LOS ANGELES,-118.44948009,34.23541011
8159275,2016,2016-11-04,1905,2016-10-15,2017,1159,222,6,5,4,1905,0,0,0,NA,0,003,N SOLDANO AV,5TH ST,36,N,N,A,-,N,NA,NA,NA,NA,NA,NA,NA,NA,NA,N,3,0,1,2,A,-,12,22450,A,N,B,G,A,A,H,-,C,A,0,NA,Y,NA,NA,Y,NA,L,04,0,1,0,0,0,0,1,0,0,-,-,34.12989,-117.90355,LOS ANGELES,AZUSA,-117.90372945,34.12993869
8159276,2016,2016-11-04,1900,2016-10-15,0320,515591,0541,6,5,3,1921,0,0,0,NA,0,58T1EM,HUNTINGTON DR,BUENA VISTA ST,0,NA,Y,A,-,N,NA,NA,NA,NA,NA,NA,NA,NA,NA,Y,4,0,1,2,A,-,12,21453,A,N,D,C,A,A,H,-,C,A,0,NA,NA,NA,NA,Y,NA,A,01,0,0,1,0,0,0,0,0,0,-,-,NA,NA,LOS ANGELES,DUARTE,-117.97755004,34.13969007
8159277,2016,2016-11-03,1942,2016-10-12,2130,38326,2157,3,5,7,1942,0,0,0,NA,0,9T57,DESOTO AV,VANOWEN ST,0,NA,Y,A,-,N,NA,NA,NA,NA,NA,NA,NA,NA,NA,Y,4,0,3,2,A,-,09,21801,A,N,D,C,A,A,H,-,C,A,0,NA,NA,NA,NA,Y,NA,A,08,0,0,3,0,0,0,0,0,0,-,-,NA,NA,LOS ANGELES,LOS ANGELES,-118.5884201,34.19379001
8159278,2016,2016-11-04,1942,2016-10-29,1730,39473,1931,6,5,7,1942,0,0,0,NA,0,17T46,RINALDI ST,SEPULVEDA BL,0,NA,Y,A,-,N,NA,NA,NA,NA,NA,NA,NA,NA,NA,Y,4,0,1,3,A,-,08,22107,NA,N,B,C,A,A,H,-,A,A,0,NA,NA,NA,NA,Y,NA,A,01,0,0,1,0,0,0,0,0,0,-,-,NA,NA,LOS ANGELES,LOS ANGELES,-118.46879001,34.27909011
8159279,2016,2016-11-04,1905,2016-10-17,1531,2019,312,1,5,4,1905,0,0,0,NA,0,062,W FOOTHILL BL,ANGELENO AV,0,NA,Y,B,-,N,NA,NA,NA,NA,NA,NA,NA,NA,NA,Y,4,0,1,2,A,-,09,21802,A,N,D,C,A,A,H,-,A,A,0,NA,NA,NA,NA,Y,NA,A,07,0,0,1,0,0,0,0,0,0,-,-,34.13349,-117.91011,LOS ANGELES,AZUSA,-117.91011,34.13350009
8159280,2016,2016-11-04,1900,2016-10-22,2353,510568,0562,6,5,3,1968,0,0,0,NA,0,55T1EM,RUSH ST,PECK RD,0,NA,Y,A,-,N,NA,NA,NA,NA,NA,NA,NA,NA,NA,Y,4,0,2,1,A,-,08,22107,NA,N,A,I,A,A,H,-,C,A,0,NA,NA,NA,NA,Y,NA,A,01,0,0,2,0,0,0,0,0,0,-,-,NA,NA,LOS ANGELES,SOUTH EL MONTE,-118.03059009,34.04658001
8159281,2016,2016-11-04,1942,2016-09-20,1530,38613,2143,2,5,7,1942,0,0,0,NA,0,15TL44,LENA AV,VANOWEN ST,70,S,N,A,-,N,NA,NA,NA,NA,NA,NA,NA,NA,NA,N,4,0,1,2,A,-,03,22350,NA,N,C,C,A,A,H,-,A,A,0,NA,NA,NA,NA,Y,NA,A,07,0,0,1,0,0,0,0,0,0,-,-,NA,NA,LOS ANGELES,LOS ANGELES,-118.62718,34.19371
8159282,2016,2016-12-09,1942,2016-09-04,1350,40060,2189,7,5,7,1942,0,0,0,NA,0,21XL46,VENTURA BL,DESOTO AV,0,NA,Y,A,-,N,NA,NA,NA,NA,NA,NA,NA,NA,NA,Y,4,0,2,2,A,-,12,21453,A,N,D,C,A,A,H,-,A,A,0,NA,NA,NA,NA,Y,NA,-,-,0,0,2,0,0,0,0,0,0,-,-,NA,NA,LOS ANGELES,LOS ANGELES,-118.58825009,34.16640006
8159284,2016,2016-11-04,1942,2016-10-15,1800,39355,1936,6,5,7,1942,0,0,0,NA,0,21T65,RINALDI,ACALA,12,W,N,A,-,N,NA,NA,NA,NA,NA,NA,NA,NA,NA,Y,3,0,1,3,A,-,09,21804,A,N,D,C,C,A,H,-,C,D,0,Y,NA,NA,NA,Y,NA,A,07,0,1,0,0,1,0,0,0,0,-,-,NA,NA,LOS ANGELES,LOS ANGELES,-118.45326153,34.28080003
8159285,2016,2016-11-04,1942,2016-09-22,1655,34674,2158,4,5,7,1942,0,0,0,NA,0,35EL17,DESOTO AV,EL RANCHO DR,4,S,N,A,-,N,NA,NA,NA,NA,NA,NA,NA,NA,NA,N,3,0,1,2,A,-,10,21950,A,N,G,B,B,A,H,-,A,A,0,Y,NA,NA,NA,Y,NA,A,01,0,1,0,0,1,0,0,0,0,-,-,NA,NA,LOS ANGELES,LOS ANGELES,-118.58861451,34.18471969
8159286,2016,2016-11-04,1942,2016-09-06,1630,38239,2138,2,5,7,1942,0,0,0,NA,0,21A29,MASON AV,VALERIO ST,24,S,N,A,-,N,NA,NA,NA,NA,NA,NA,NA,NA,NA,Y,3,0,2,2,A,-,09,21802,A,N,D,C,A,A,H,-,A,D,0,NA,NA,NA,NA,Y,NA,A,07,0,2,0,0,0,0,0,0,0,-,-,NA,NA,LOS ANGELES,LOS ANGELES,-118.57971033,34.20462416
8159288,2016,2016-11-04,1942,2016-10-14,1955,38185,1907,5,5,7,1942,0,0,0,NA,0,19T25,GLADSTONE AV,HUBBARD ST,300,N,N,A,-,N,NA,NA,NA,NA,NA,NA,NA,NA,NA,Y,3,0,1,1,A,-,08,22107,NA,N,E,I,A,A,H,-,C,A,0,NA,NA,NA,NA,Y,NA,A,01,0,1,0,0,0,0,0,0,0,-,-,NA,NA,LOS ANGELES,LOS ANGELES,-118.42805745,34.31062918
8159289,2016,2016-11-04,1942,2016-09-19,1620,38356,2173,1,5,7,1942,0,0,0,NA,0,9TL58,VENTURA BL,FALLBROOK AV,400,E,N,B,-,N,NA,NA,NA,NA,NA,NA,NA,NA,NA,Y,4,0,1,2,A,-,09,21801,A,N,D,C,A,A,H,-,A,A,0,NA,NA,NA,NA,Y,NA,A,01,0,0,1,0,0,0,0,0,0,-,-,NA,NA,LOS ANGELES,LOS ANGELES,-118.6220635,34.16640352
8159290,2016,2016-11-04,1942,2016-09-03,0211,41764,RD214,6,5,7,1942,0,0,0,NA,0,21A43W,VALLEY CIR,KITTRIDGE,250,N,N,A,-,N,NA,NA,NA,NA,NA,NA,NA,NA,NA,Y,3,0,2,2,A,-,08,22107,NA,N,C,C,A,A,H,-,C,D,0,NA,NA,NA,NA,Y,NA,-,NA,0,1,1,0,0,0,0,0,0,-,-,NA,NA,LOS ANGELES,LOS ANGELES,-118.65663324,34.19098721
8159292,2016,2016-11-04,1942,2016-10-19,0755,38980,1958,3,5,7,1942,0,0,0,NA,0,19TL79,VAN NUYS BL,CANTERBURY AV,0,NA,Y,A,-,N,NA,NA,NA,NA,NA,NA,NA,NA,NA,Y,3,0,1,3,A,-,09,21801,A,N,D,C,A,A,H,-,A,A,0,NA,NA,NA,NA,Y,NA,A,01,0,1,0,0,0,0,0,0,0,-,-,NA,NA,LOS ANGELES,LOS ANGELES,-118.44528005,34.2492101
8159293,2016,2016-11-04,1942,2016-09-15,1430,38613,2126,4,5,7,1942,0,0,0,NA,0,19T12,ROSCOE BL,DE SOTO AV,70,W,N,A,-,N,NA,NA,NA,NA,NA,NA,NA,NA,NA,N,4,0,1,2,A,-,07,21658,A,N,G,B,F,A,H,-,A,D,0,Y,NA,NA,NA,Y,NA,A,07,0,0,1,0,1,0,0,0,0,-,-,NA,NA,LOS ANGELES,LOS ANGELES,-118.58872117,34.21994
8159294,2016,2016-11-04,1942,2016-09-03,1700,39986,2136,6,5,7,1942,0,0,0,NA,0,21X28,VALERIO ST,VARIEL AV,0,NA,Y,A,-,N,NA,NA,NA,NA,NA,NA,NA,NA,NA,N,3,0,1,2,A,-,12,22450,A,N,H,G,A,A,H,-,A,D,0,NA,Y,NA,NA,Y,NA,-,NA,0,1,0,0,0,0,1,0,0,-,-,NA,NA,LOS ANGELES,LOS ANGELES,-118.59286005,34.20467011
8159296,2016,2016-11-04,1942,2016-10-19,1445,39473,1918,3,5,7,1942,0,0,0,NA,0,17T46,FOOTHILL BL,FERNMONT ST,0,NA,Y,A,-,N,NA,NA,NA,NA,NA,NA,NA,NA,NA,Y,4,0,2,2,A,-,03,22350,NA,N,C,C,A,A,H,-,A,A,0,NA,NA,NA,NA,Y,NA,A,01,0,0,2,0,0,0,0,0,0,-,-,NA,NA,LOS ANGELES,LOS ANGELES,-118.42486002,34.30257004
8159297,2016,2016-11-04,1942,2016-09-18,1710,40124,2105,7,5,7,1942,0,0,0,NA,0,21X98,CANOGA AV,CHASE ST,0,NA,Y,A,-,N,NA,NA,NA,NA,NA,NA,NA,NA,NA,N,3,0,1,2,A,-,09,21802,A,N,D,C,A,A,H,-,A,D,0,NA,NA,NA,NA,Y,NA,A,01,0,1,0,0,0,0,0,0,0,-,-,NA,NA,LOS ANGELES,LOS ANGELES,-118.59753012,34.22454011
8159298,2016,2016-11-04,1942,2016-09-01,2200,42361,2177,4,5,7,1942,0,0,0,NA,0,21A97,OXNARD,VARIEL,12,E,N,A,-,N,NA,NA,NA,NA,NA,NA,NA,NA,NA,N,4,0,1,2,A,-,03,22350,NA,N,C,C,A,A,H,-,C,A,0,NA,NA,NA,NA,Y,Y,-,NA,0,0,1,0,0,0,0,0,0,-,-,NA,NA,LOS ANGELES,LOS ANGELES,-118.59276039,34.17925
8159301,2016,2016-11-04,1942,2016-09-19,1615,40735,2149,1,5,7,1942,0,0,0,NA,0,9TL54,SHERMAN WY,CORBIN AV,170,W,N,A,-,N,NA,NA,NA,NA,NA,NA,NA,NA,NA,N,4,0,1,3,A,-,21,22106,NA,N,D,C,A,A,H,-,A,D,0,NA,NA,NA,NA,Y,NA,A,01,0,0,1,0,0,0,0,0,0,-,-,NA,NA,LOS ANGELES,LOS ANGELES,-118.56280127,34.20115
8159302,2016,2016-11-04,1942,2016-09-01,1823,41592,LAPD,4,5,7,1942,0,0,0,NA,0,21X56,COHASSET ST,DE SOTO AV,160,W,N,A,-,N,NA,NA,NA,NA,NA,NA,NA,NA,NA,N,4,0,1,2,A,-,08,22107,NA,N,B,C,A,A,H,-,A,D,0,NA,NA,NA,NA,Y,NA,-,NA,0,0,1,0,0,0,0,0,0,-,-,NA,NA,LOS ANGELES,LOS ANGELES,-118.5889883,34.20649
8159305,2016,2016-11-04,1942,2016-09-28,1210,40735,2136,3,5,7,1942,0,0,0,NA,0,9TL54,SHERMAN WY,DEERING AV,91,E,N,A,-,N,NA,NA,NA,NA,NA,NA,NA,NA,NA,Y,3,0,1,2,A,-,21,22106,NA,N,E,I,A,A,H,-,A,D,0,NA,NA,NA,NA,Y,NA,A,01,0,1,0,0,0,0,0,0,0,-,-,NA,NA,LOS ANGELES,LOS ANGELES,-118.59632955,34.20108
8159306,2016,2016-11-04,1942,2016-09-15,1240,42363,2136,4,5,7,1942,0,0,0,NA,0,21A29,ETON AV,SATICOY ST,75,N,N,A,-,N,NA,NA,NA,NA,NA,NA,NA,NA,NA,N,4,0,1,2,A,-,21,22106,NA,N,B,C,A,A,H,-,A,D,0,NA,NA,NA,NA,Y,NA,A,01,0,0,1,0,0,0,0,0,0,-,-,NA,NA,LOS ANGELES,LOS ANGELES,-118.59548743,34.20852574
8159309,2016,2016-11-04,1942,2016-09-23,1330,1621-169,2175,5,5,7,1942,0,0,0,NA,0,15TL44,VENTURA BL,SALE AV,85,W,N,A,-,N,NA,NA,NA,NA,NA,NA,NA,NA,NA,Y,4,0,2,2,A,-,09,21804,A,N,D,C,A,A,H,-,A,D,0,NA,NA,NA,NA,Y,NA,A,07,0,0,2,0,0,0,0,0,0,-,-,NA,NA,LOS ANGELES,LOS ANGELES,-118.61907522,34.16734319
8159310,2016,2016-11-04,1942,2016-09-15,1750,40060,2125,4,5,7,1942,0,0,0,NA,0,21XL28,SATICOY ST,VASSAR AV,0,NA,Y,A,-,N,NA,NA,NA,NA,NA,NA,NA,NA,NA,N,3,0,1,2,A,-,11,21950,B,N,G,B,D,B,B,G,A,D,0,Y,NA,NA,NA,Y,NA,N,60,0,1,0,0,1,0,0,0,0,-,-,NA,NA,LOS ANGELES,LOS ANGELES,-118.60444003,34.2083101
8159313,2016,2016-11-04,1942,2016-09-21,0900,40578,2143,3,5,7,1942,0,0,0,NA,0,21A1,FALLBROOK AV,VICTORY BL,685,N,N,A,-,N,NA,NA,NA,NA,NA,NA,NA,NA,NA,N,4,0,1,2,A,-,-,NA,NA,N,D,G,A,A,H,-,A,D,0,NA,Y,NA,NA,Y,NA,L,04,0,0,1,0,0,0,1,0,0,-,-,NA,NA,LOS ANGELES,LOS ANGELES,-118.62339,34.18833921
8159314,2016,2016-12-10,1942,2016-09-11,1650,42401,2147,7,5,7,1942,0,0,0,NA,0,21A57,DE SOTO,SHERMAN WY,150,N,N,A,-,N,NA,NA,NA,NA,NA,NA,NA,NA,NA,N,4,0,4,2,A,-,09,21804,A,N,B,C,A,A,H,-,A,D,0,NA,NA,NA,NA,Y,NA,A,01,0,0,4,0,0,0,0,0,0,-,-,NA,NA,LOS ANGELES,LOS ANGELES,-118.58845686,34.20153145
8159317,2016,2016-11-04,1942,2016-09-27,1900,37304,2149,2,5,7,1942,0,0,0,NA,0,9T57,SHERMAN WY,WINNETKA AV,85,W,N,A,-,N,NA,NA,NA,NA,NA,NA,NA,NA,NA,N,4,0,2,2,A,-,21,22106,NA,N,C,C,A,A,H,-,C,A,0,NA,NA,NA,NA,Y,NA,A,07,0,0,2,0,0,0,0,0,0,-,-,NA,NA,LOS ANGELES,LOS ANGELES,-118.57127064,34.20114
8159318,2016,2016-11-04,1942,2016-09-13,2015,42361,2156,2,5,7,1942,0,0,0,NA,0,21A5,OXNARD BL,TOPANGA,0,NA,Y,B,-,N,NA,NA,NA,NA,NA,NA,NA,NA,NA,Y,4,0,1,2,A,-,09,21801,A,N,D,C,A,A,H,-,C,A,0,NA,NA,NA,NA,Y,NA,-,NA,0,0,1,0,0,0,0,0,0,-,-,NA,NA,LOS ANGELES,LOS ANGELES,-118.60538,34.17921
8159321,2016,2016-11-04,1942,2016-09-26,1300,39473,2118,1,5,7,1942,0,0,0,NA,0,17TL16,ROSCOE BL,KELVIN AV,75,W,N,A,-,N,NA,NA,NA,NA,NA,NA,NA,NA,NA,Y,3,0,2,3,A,-,08,22107,NA,N,D,C,A,A,H,-,A,A,0,NA,NA,NA,NA,Y,NA,A,01,0,1,1,0,0,0,0,0,0,-,-,NA,NA,LOS ANGELES,LOS ANGELES,-118.58657754,34.22000491
8159322,2016,2016-11-07,1942,2016-09-07,0930,42401,2145,3,5,7,1942,0,0,0,NA,0,21A57,VICTORY BL,HANNA AV,0,NA,Y,A,-,N,NA,NA,NA,NA,NA,NA,NA,NA,NA,Y,4,0,1,2,A,-,09,21804,A,N,B,C,A,A,H,-,A,D,0,NA,NA,NA,NA,Y,NA,A,01,0,0,1,0,0,0,0,0,0,-,-,NA,NA,LOS ANGELES,LOS ANGELES,-118.6069101,34.18670008
8159325,2016,2016-11-04,1942,2016-09-24,1400,42329,2136,6,5,7,1942,0,0,0,NA,0,21A42,SHERMAN WY,VARIEL AV,160,E,N,A,-,N,NA,NA,NA,NA,NA,NA,NA,NA,NA,Y,2,0,2,2,A,-,07,21658,A,N,D,E,A,A,H,-,A,D,0,NA,NA,NA,NA,Y,NA,A,01,1,0,1,0,0,0,0,0,0,-,-,NA,NA,LOS ANGELES,LOS ANGELES,-118.59228174,34.20098
8159326,2016,2016-11-04,1942,2016-09-13,1400,38399,2126,2,5,7,1942,0,0,0,NA,0,21L43,SATICOY ST,ETON AV,7,E,N,A,-,N,NA,NA,NA,NA,NA,NA,NA,NA,NA,N,4,0,2,2,A,-,03,22350,NA,N,D,C,A,A,H,-,A,D,0,NA,NA,NA,NA,Y,NA,A,01,0,0,2,0,0,0,0,0,0,-,-,NA,NA,LOS ANGELES,LOS ANGELES,-118.59546689,34.20832036
8159329,2016,2016-11-04,1925,2016-09-29,1348,24111,166,4,5,6,1925,0,0,0,NA,0,001,BRAND BL,STOCKER ST,0,NA,Y,A,-,N,NA,NA,NA,NA,NA,NA,NA,NA,NA,Y,4,0,1,3,A,-,12,21453,A,N,C,A,A,A,H,-,A,A,0,NA,NA,NA,NA,Y,NA,-,NA,0,0,1,0,0,0,0,0,0,-,-,NA,NA,LOS ANGELES,GLENDALE,-118.2550601,34.16367009
8159330,2016,2016-11-04,1942,2016-09-15,1715,41397,2175,4,5,7,1942,0,0,0,NA,0,19TL74,BURBANK BL,SHOUP AV,9,W,N,A,-,N,NA,NA,NA,NA,NA,NA,NA,NA,NA,N,3,0,1,2,A,-,05,21650,1,N,D,G,A,A,H,-,A,A,0,NA,Y,NA,NA,Y,NA,L,04,0,1,0,0,0,0,1,0,0,-,-,NA,NA,LOS ANGELES,LOS ANGELES,-118.61457971,34.17196
8159333,2016,2016-12-07,1925,2016-09-22,1609,14676,129,4,5,6,1925,0,0,0,NA,0,005,VERDUGO RD,LA CRESENTA BL,0,NA,Y,A,-,N,NA,NA,NA,NA,NA,NA,NA,NA,NA,Y,4,0,2,2,A,-,12,21453,A,N,A,C,A,A,H,-,A,A,0,NA,NA,NA,NA,Y,NA,-,-,0,0,2,0,0,0,0,0,0,-,-,NA,NA,LOS ANGELES,GLENDALE,-118.22971012,34.19662012
8159334,2016,2016-11-04,1942,2016-09-13,1755,34116,2156,2,5,7,1942,0,0,0,NA,0,21A57,CANOGA,BUSWAY,72,N,N,A,-,N,NA,NA,NA,NA,NA,NA,NA,NA,NA,N,3,0,2,2,A,-,04,21703,NA,N,C,C,A,A,H,-,A,D,0,NA,NA,NA,NA,Y,NA,-,NA,0,1,1,0,0,0,0,0,0,-,-,NA,NA,LOS ANGELES,LOS ANGELES,NA,NA
8159337,2016,2016-11-04,1942,2016-09-28,1135,39964,2149,3,5,7,1942,0,0,0,NA,0,21XL28,CORBIN,SHERMAN WY,15,N,N,A,-,N,NA,NA,NA,NA,NA,NA,NA,NA,NA,Y,4,0,1,2,A,-,07,21658,A,N,B,C,A,A,H,-,A,A,0,NA,NA,NA,NA,Y,NA,-,NA,0,0,1,0,0,0,0,0,0,-,-,NA,NA,LOS ANGELES,LOS ANGELES,-118.5622403,34.20119115
8159338,2016,2016-11-04,1942,2016-09-19,1410,40735,2137,1,5,7,1942,0,0,0,NA,0,9TL54,SATICOY ST,DE SOTO AV,60,W,N,A,-,N,NA,NA,NA,NA,NA,NA,NA,NA,NA,N,4,0,2,2,A,-,03,22350,NA,N,C,C,A,A,H,-,A,D,0,NA,NA,NA,NA,Y,NA,A,01,0,0,2,0,0,0,0,0,0,-,-,NA,NA,LOS ANGELES,LOS ANGELES,-118.58867812,34.20833
8159341,2016,2016-11-04,1942,2016-09-28,1750,37373,2143,3,5,7,1942,0,0,0,NA,0,21X44,LENA ST,VANOWEN AV,0,NA,Y,A,-,N,NA,NA,NA,NA,NA,NA,NA,NA,NA,NA,4,0,1,3,A,-,09,21801,A,N,D,C,A,A,H,-,B,A,0,NA,NA,NA,NA,Y,NA,A,01,0,0,1,0,0,0,0,0,0,-,-,NA,NA,LOS ANGELES,LOS ANGELES,-118.62718011,34.1937101
8159342,2016,2016-11-04,1942,2016-09-13,1150,42310,2177,2,5,7,1942,0,0,0,NA,0,21A97,VENTURA BL,PERALTA,239,E,N,A,-,N,NA,NA,NA,NA,NA,NA,NA,NA,NA,N,4,0,1,2,A,-,08,22107,NA,N,D,C,A,A,H,-,A,D,0,NA,NA,NA,NA,Y,NA,-,NA,0,0,1,0,0,0,0,0,0,-,-,NA,NA,LOS ANGELES,LOS ANGELES,-118.59004716,34.16657972
8159345,2016,2016-11-04,1942,2016-09-20,2004,42271,2156,2,5,7,1942,0,0,0,NA,0,21A5W3,CANOGA,VANOWEN,48,N,N,A,-,N,NA,NA,NA,NA,NA,NA,NA,NA,NA,Y,4,0,2,2,A,-,09,21453,NA,N,A,C,A,A,H,-,C,D,0,NA,NA,NA,NA,Y,NA,-,NA,0,0,2,0,0,0,0,0,0,-,-,NA,NA,LOS ANGELES,LOS ANGELES,-118.59748,34.19388168
8159346,2016,2016-11-04,1942,2016-09-18,0935,38399,2148,7,5,7,1942,0,0,0,NA,0,21A73,SHERMAN WY,MASON AV,35,E,N,A,-,N,NA,NA,NA,NA,NA,NA,NA,NA,NA,Y,3,0,2,2,A,-,12,21453,A,N,D,C,A,A,H,-,A,A,0,NA,NA,NA,NA,Y,NA,A,01,0,1,1,0,0,0,0,0,0,-,-,NA,NA,LOS ANGELES,LOS ANGELES,-118.57961444,34.20101
8159349,2016,2016-11-04,1942,2016-09-30,0900,37093,2158,5,5,7,1942,0,0,0,NA,0,21A97,ERWIN ST,CANOGA AV,0,NA,Y,A,-,N,NA,NA,NA,NA,NA,NA,NA,NA,NA,N,3,0,1,2,A,-,10,21950,A,N,G,B,B,A,H,-,A,A,0,Y,NA,NA,NA,Y,NA,-,NA,0,1,0,0,1,0,0,0,0,-,-,NA,NA,LOS ANGELES,LOS ANGELES,-118.59753002,34.18283011
8159350,2016,2016-11-04,1942,2016-09-16,1320,42329,2133,5,5,7,1942,0,0,0,NA,0,21A42,SATICOY ST,FALLBROOK AV,0,NA,Y,A,-,N,NA,NA,NA,NA,NA,NA,NA,NA,NA,N,4,0,1,2,A,-,12,21453,A,N,D,C,A,A,H,-,A,A,0,NA,NA,NA,NA,Y,NA,A,01,0,0,1,0,0,0,0,0,0,-,-,NA,NA,LOS ANGELES,LOS ANGELES,-118.62344002,34.20827007
8159353,2016,2017-02-09,1942,2016-09-29,1716,41198,1999,4,5,7,1942,0,0,0,NA,0,15TL42,CANTARA ST,VENTURA CANYON AV,0,NA,Y,A,-,N,NA,NA,NA,NA,NA,NA,NA,NA,NA,N,3,0,1,2,A,-,10,21950,A,N,G,B,B,A,H,-,A,A,0,Y,NA,NA,NA,Y,NA,A,07,0,1,0,0,1,0,0,0,0,-,-,NA,NA,LOS ANGELES,LOS ANGELES,-118.42877005,34.21983003
8159354,2016,2016-11-04,1942,2016-09-19,1425,36733,2146,1,5,7,1942,0,0,0,NA,0,10TL34,CANOGA AV,BASSETT ST,200,S,N,A,-,N,NA,NA,NA,NA,NA,NA,NA,NA,NA,N,4,0,2,2,A,-,09,21804,A,N,D,C,A,A,H,-,A,D,0,NA,NA,NA,NA,Y,NA,A,08,0,0,2,0,0,0,0,0,0,-,-,NA,NA,LOS ANGELES,LOS ANGELES,-118.59748829,34.19504135
8159357,2016,2016-11-04,1942,2016-09-29,1710,39891,1955,4,5,7,1942,0,0,0,NA,0,19X2,DEVONSHIRE ST,WOODMAN AV,0,NA,Y,A,-,N,NA,NA,NA,NA,NA,NA,NA,NA,NA,N,4,0,1,2,A,-,09,21801,A,N,D,C,A,A,H,-,A,A,0,NA,NA,NA,NA,Y,NA,-,NA,0,0,1,0,0,0,0,0,0,-,-,NA,NA,LOS ANGELES,LOS ANGELES,-118.45425012,34.25720005
8159358,2016,2016-11-04,1942,2016-09-19,1245,38356,2144,1,5,7,1942,0,0,0,NA,0,9TL58,SHOUP AV,ERWIN ST,85,S,N,B,-,N,NA,NA,NA,NA,NA,NA,NA,NA,NA,Y,4,0,1,2,A,-,03,22350,NA,N,C,E,A,A,H,-,A,A,0,NA,NA,Y,NA,Y,NA,C,06,0,0,1,0,0,0,0,0,1,-,-,NA,NA,LOS ANGELES,LOS ANGELES,-118.6146,34.18257681
8159439,2016,2016-11-04,1900,2016-10-18,1215,509080,0531,2,5,5,1959,0,0,0,NA,0,53T1AM,VALLEY BL,MISSION DR,30,E,N,A,-,N,NA,NA,NA,NA,NA,NA,NA,NA,NA,N,4,0,1,2,A,-,03,22350,NA,N,C,C,A,A,H,-,A,A,0,NA,NA,NA,NA,Y,NA,A,08,0,0,1,0,0,0,0,0,0,-,-,NA,NA,LOS ANGELES,ROSEMEAD,-118.06523123,34.081123410000004
8159494,2016,2016-11-04,1925,2016-10-22,1254,21155,256,6,5,6,1925,0,0,0,NA,0,003,E LOMITA AV,BELMONT ST,50,W,N,A,-,N,NA,NA,NA,NA,NA,NA,NA,NA,NA,Y,4,0,1,3,A,-,03,22350,NA,N,D,C,A,A,H,-,A,D,0,NA,NA,NA,NA,Y,NA,A,01,0,0,1,0,0,0,0,0,0,-,-,NA,NA,LOS ANGELES,GLENDALE,-118.24344491,34.14083