CASE_ID,ACCIDENT_YEAR,PROC_DATE,JURIS,COLLISION_DATE,COLLISION_TIME,OFFICER_ID,REPORTING_DISTRICT,DAY_OF_WEEK,CHP_SHIFT,POPULATION,CNTY_CITY_LOC,SPECIAL_COND,BEAT_TYPE,CHP_BEAT_TYPE,CITY_DIVISION_LAPD,CHP_BEAT_CLASS,BEAT_NUMBER,PRIMARY_RD,SECONDARY_RD,DISTANCE,DIRECTION,INTERSECTION,WEATHER_1,WEATHER_2,STATE_HWY_IND,CALTRANS_COUNTY,CALTRANS_DISTRICT,STATE_ROUTE,ROUTE_SUFFIX,POSTMILE_PREFIX,POSTMILE,LOCATION_TYPE,RAMP_INTERSECTION,SIDE_OF_HWY,TOW_AWAY,COLLISION_SEVERITY,NUMBER_KILLED,NUMBER_INJURED,PARTY_COUNT,PRIMARY_COLL_FACTOR,PCF_CODE_OF_VIOL,PCF_VIOL_CATEGORY,PCF_VIOLATION,PCF_VIOL_SUBSECTION,HIT_AND_RUN,TYPE_OF_COLLISION,MVIW,PED_ACTION,ROAD_SURFACE,ROAD_COND_1,ROAD_COND_2,LIGHTING,CONTROL_DEVICE,CHP_ROAD_TYPE,PEDESTRIAN_ACCIDENT,BICYCLE_ACCIDENT,MOTORCYCLE_ACCIDENT,TRUCK_ACCIDENT,NOT_PRIVATE_PROPERTY,ALCOHOL_INVOLVED,STWD_VEHTYPE_AT_FAULT,CHP_VEHTYPE_AT_FAULT,COUNT_SEVERE_INJ,COUNT_VISIBLE_INJ,COUNT_COMPLAINT_PAIN,COUNT_PED_KILLED,COUNT_PED_INJURED,COUNT_BICYCLIST_KILLED,COUNT_BICYCLIST_INJURED,COUNT_MC_KILLED,COUNT_MC_INJURED,PRIMARY_RAMP,SECONDARY_RAMP,LATITUDE,LONGITUDE,COUNTY,CITY,POINT_X,POINT_Y
8159637,2016,2016-12-07,1900,2016-10-12,0700,542313,0466,3,5,4,1936,0,0,0,NA,0,46T1,ARTESIA BL,INDUSTRY CIR,230,E,N,A,-,N,NA,NA,NA,NA,NA,NA,NA,NA,NA,Y,4,0,1,2,A,-,03,22350,NA,N,D,C,A,A,H,-,A,D,0,NA,NA,NA,NA,Y,NA,A,01,0,0,1,0,0,0,0,0,0,-,-,NA,NA,LOS ANGELES,LA MIRADA,-118.02453401,33.87335621
8159676,2016,2016-11-04,1928,2016-08-28,1931,309,501,7,5,5,1928,0,0,0,NA,0,501,HAWTHORN BL,BROADWAY,0,NA,Y,A,-,N,NA,NA,NA,NA,NA,NA,NA,NA,NA,Y,2,0,1,2,A,-,09,21802,A,N,B,C,A,A,H,-,C,A,0,NA,NA,NA,NA,Y,NA,A,01,1,0,0,0,0,0,0,0,0,-,-,33.92005,-118.35268,LOS ANGELES,HAWTHORNE,-118.35268,33.92002
8159682,2016,2016-11-07,1953,2016-10-14,1553,9226,1953,5,5,6,1953,0,0,0,NA,0,002,ORANGE GROVE BL,FAIR OAKS AV,0,NA,Y,A,-,N,NA,NA,NA,NA,NA,NA,NA,NA,NA,N,2,0,1,2,A,-,10,21950,A,N,-,B,B,A,H,-,A,A,0,Y,NA,NA,NA,Y,NA,A,08,1,0,0,0,1,0,0,0,0,-,-,NA,NA,LOS ANGELES,PASADENA,-118.15058001,34.15779003
8159686,2016,2016-11-07,1953,2016-10-21,1736,0995,PASAD,5,5,6,1953,0,0,0,NA,0,001,ALPINE ST,LOS ROBLES AV,0,NA,Y,A,-,N,NA,NA,NA,NA,NA,NA,NA,NA,NA,N,4,0,1,2,A,-,05,21650,NA,N,D,G,A,A,H,-,A,A,0,NA,Y,NA,NA,Y,NA,L,04,0,0,1,0,0,0,1,0,0,-,-,NA,NA,LOS ANGELES,PASADENA,-118.14128009,34.12937011
8159689,2016,2016-11-21,1972,2016-10-11,0959,19997,NA,2,5,6,1972,0,0,0,NA,0,NA,190TH ST,HAWTHORNE BL,0,NA,Y,B,-,N,NA,NA,NA,NA,NA,NA,NA,NA,NA,Y,4,0,1,2,A,-,12,21453,A,N,D,D,A,A,H,-,A,A,0,NA,NA,NA,NA,Y,NA,A,NA,0,0,1,0,0,0,0,0,0,-,-,NA,NA,LOS ANGELES,TORRANCE,-118.35367009,33.85825002
8159690,2016,2016-11-07,1953,2016-10-09,1735,1801,1953,7,5,6,1953,0,0,0,NA,0,003,WEST DR,SALVIA CANYON RD,0,NA,Y,A,-,N,NA,NA,NA,NA,NA,NA,NA,NA,NA,N,3,0,1,1,A,-,08,22107,NA,N,E,I,A,A,H,-,A,D,0,NA,Y,NA,NA,Y,NA,L,04,0,1,0,0,0,0,1,0,0,-,-,NA,NA,LOS ANGELES,PASADENA,-118.17240014,34.16479004
8159694,2016,2016-12-13,1953,2016-10-16,0217,7706,PASAD,7,5,6,1953,0,0,0,NA,0,002,LOS ROBLES AV,MAPLE ST,0,NA,Y,A,-,N,NA,NA,NA,NA,NA,NA,NA,NA,NA,Y,4,0,1,2,A,-,12,21453,A,N,D,C,A,A,H,-,C,A,0,NA,NA,NA,NA,Y,Y,A,01,0,0,1,0,0,0,0,0,0,-,-,NA,NA,LOS ANGELES,PASADENA,-118.14148005,34.15236006
8159698,2016,2016-11-07,1953,2016-10-15,0824,0551,1953,6,5,6,1953,0,0,0,NA,0,001,WEST DR,WASHINGTON BL,300,S,N,A,-,N,NA,NA,NA,NA,NA,NA,NA,NA,NA,N,3,0,1,1,A,-,03,22350,NA,N,H,A,A,A,H,-,A,D,0,NA,Y,NA,NA,Y,NA,L,04,0,1,0,0,0,0,1,0,0,-,-,NA,NA,LOS ANGELES,PASADENA,-118.17411103,34.17290026
8159702,2016,2016-11-07,1953,2016-10-09,0659,7231,1953,7,5,6,1953,0,0,0,NA,0,002,143 NORTH ORANGE GROVE BL,ORANGE GROVE BL,0,NA,Y,A,-,N,NA,NA,NA,NA,NA,NA,NA,NA,NA,Y,3,0,1,1,A,-,01,23152,A,N,F,I,A,A,H,-,B,D,0,NA,NA,NA,NA,Y,Y,A,01,0,1,0,0,0,0,0,0,0,-,-,NA,NA,LOS ANGELES,PASADENA,-118.1617401,34.14876009
8159705,2016,2016-11-07,1900,2016-09-30,0825,552620,1617,5,5,5,1977,0,0,0,NA,0,166T,TORRANCE BL,FIGUEROA ST,2230,E,N,A,-,N,NA,NA,NA,NA,NA,NA,NA,NA,NA,Y,4,0,1,2,A,-,09,21804,A,N,D,C,A,A,H,-,A,B,0,NA,NA,NA,NA,Y,NA,A,01,0,0,1,0,0,0,0,0,0,-,-,NA,NA,LOS ANGELES,CARSON,-118.27994,33.84211
8159706,2016,2016-11-07,1953,2016-10-19,0849,7724,LA CO,3,5,6,1953,0,0,0,NA,0,001,FAIR OAKS AV,CONGRESS ST,0,NA,Y,A,-,N,NA,NA,NA,NA,NA,NA,NA,NA,NA,N,4,0,1,2,A,-,10,21950,A,N,G,B,B,A,H,-,A,A,0,Y,NA,NA,NA,Y,NA,A,01,0,0,1,0,1,0,0,0,0,-,-,NA,NA,LOS ANGELES,PASADENA,-118.15036007,34.13406005
8159710,2016,2016-11-07,1953,2016-10-18,1359,3775,NA,2,5,6,1953,0,0,0,NA,0,003,GREEN ST,CHESTER AV,0,NA,Y,A,-,N,NA,NA,NA,NA,NA,NA,NA,NA,NA,Y,3,0,2,2,A,-,09,21802,A,N,D,C,A,A,H,-,A,A,0,NA,NA,NA,NA,Y,NA,A,07,0,1,1,0,0,0,0,0,0,-,-,NA,NA,LOS ANGELES,PASADENA,-118.12453013,34.14460008
8159712,2016,2016-11-08,1953,2016-10-21,1343,7791,1953,5,5,6,1953,0,0,0,NA,0,005,DEL MAR BL,ARROYO PKWY,100,E,N,A,-,N,NA,NA,NA,NA,NA,NA,NA,NA,NA,Y,3,0,1,3,A,-,08,22107,NA,N,B,C,A,A,H,-,A,D,0,NA,NA,NA,NA,Y,NA,A,07,0,1,0,0,0,0,0,0,0,-,-,NA,NA,LOS ANGELES,PASADENA,-118.14719025,34.14051679
8159714,2016,2016-11-07,1953,2016-10-19,1031,3775,NA,3,5,6,1953,0,0,0,NA,0,003,DEL MAR BL,ALLEN AV,0,NA,Y,A,-,N,NA,NA,NA,NA,NA,NA,NA,NA,NA,Y,3,0,1,3,A,-,12,21453,A,N,D,C,A,A,H,-,A,A,0,NA,NA,NA,NA,Y,NA,A,01,0,1,0,0,0,0,0,0,0,-,-,NA,NA,LOS ANGELES,PASADENA,-118.11314013,34.14196007
8159717,2016,2016-11-07,1975,2016-09-25,1839,384,NA,7,5,6,1975,0,0,0,NA,0,001,ROWLAND AV,LARK ELLEN AV,0,NA,Y,A,-,N,NA,NA,NA,NA,NA,NA,NA,NA,NA,Y,4,0,1,2,A,-,09,21801,A,N,D,C,A,A,H,-,A,A,0,NA,NA,NA,NA,Y,NA,-,NA,0,0,1,0,0,0,0,0,0,-,-,NA,NA,LOS ANGELES,WEST COVINA,-117.91659005,34.07924007
8159718,2016,2016-11-07,1953,2016-10-21,0707,8305,PASAD,5,5,6,1953,0,0,0,NA,0,003,HILL AV,GREEN ST,20,N,N,A,-,N,NA,NA,NA,NA,NA,NA,NA,NA,NA,N,4,0,1,2,A,-,03,22350,NA,N,C,C,A,A,H,-,A,A,0,NA,NA,NA,NA,Y,NA,A,01,0,0,1,0,0,0,0,0,0,-,-,NA,NA,LOS ANGELES,PASADENA,-118.12133128,34.14467483
8159721,2016,2016-11-07,1975,2016-09-24,1638,678,NA,6,5,6,1975,0,0,0,NA,0,001,PUENTE AV,LA SENA,0,NA,Y,A,-,N,NA,NA,NA,NA,NA,NA,NA,NA,NA,Y,3,0,1,2,A,-,03,22350,NA,N,H,A,A,A,H,-,A,D,0,NA,NA,NA,NA,Y,NA,-,NA,0,1,0,0,0,0,0,0,0,-,-,NA,NA,LOS ANGELES,WEST COVINA,-117.94451009,34.08295008
8159722,2016,2016-11-07,1953,2016-10-25,0906,7724,LA CO,2,5,6,1953,0,0,0,NA,0,002,WASHINGTON BL,RUTAN WY,40,E,N,A,-,N,NA,NA,NA,NA,NA,NA,NA,NA,NA,N,3,0,1,2,A,-,08,22107,NA,N,D,G,A,A,H,-,A,A,0,NA,Y,NA,NA,Y,NA,A,01,0,1,0,0,0,0,1,0,0,-,-,NA,NA,LOS ANGELES,PASADENA,-118.13507805,34.16896106
8159726,2016,2016-11-07,1953,2016-10-19,1325,3775,NA,3,5,6,1953,0,0,0,NA,0,003,COLORADO BL,MICHIGAN AV,0,NA,Y,A,-,N,NA,NA,NA,NA,NA,NA,NA,NA,NA,N,3,0,1,2,A,-,04,21703,NA,N,C,C,A,A,H,-,A,A,0,NA,NA,Y,NA,Y,NA,C,02,0,1,0,0,0,0,0,0,1,-,-,NA,NA,LOS ANGELES,PASADENA,-118.12601002,34.14596002
8159728,2016,2016-11-08,1900,2016-10-23,1423,517780,2821,7,5,5,1915,0,0,0,NA,0,28371,ROSECRANS AV,WILLOWBROOK AV,877,E,N,B,-,N,NA,NA,NA,NA,NA,NA,NA,NA,NA,N,4,0,2,2,A,-,03,22350,NA,N,C,C,A,B,H,-,A,D,0,NA,NA,NA,NA,Y,NA,D,22,0,0,2,0,0,0,0,0,0,-,-,NA,NA,LOS ANGELES,COMPTON,-118.22717123,33.90326
8159729,2016,2016-11-07,1975,2016-09-30,1515,353,NA,5,5,6,1975,0,0,0,NA,0,005,AZUSA AV,GRENOBLE AV,6,N,N,A,-,N,NA,NA,NA,NA,NA,NA,NA,NA,NA,Y,4,0,1,2,A,-,08,22107,NA,N,B,C,A,A,H,-,A,A,0,NA,NA,NA,NA,Y,NA,-,NA,0,0,1,0,0,0,0,0,0,-,-,NA,NA,LOS ANGELES,WEST COVINA,-117.90816818,34.04739638
8159730,2016,2016-11-07,1953,2016-10-20,0925,1001,1953,4,5,6,1953,0,0,0,NA,0,005,LOS ROBLES AV,CORDOVA AV,100,N,N,A,-,N,NA,NA,NA,NA,NA,NA,NA,NA,NA,Y,4,0,1,3,A,-,03,22350,NA,N,C,D,A,A,H,-,A,D,0,NA,NA,NA,NA,Y,NA,-,NA,0,0,1,0,0,0,0,0,0,-,-,NA,NA,LOS ANGELES,PASADENA,-118.14138096,34.14238406
8159733,2016,2016-11-07,1975,2016-09-26,1727,384,NA,1,5,6,1975,0,0,0,NA,0,003,VINCENT AV,WEST COVINA PKWY,0,NA,Y,A,-,N,NA,NA,NA,NA,NA,NA,NA,NA,NA,N,4,0,1,2,A,-,09,21802,A,N,D,G,A,A,H,-,A,A,0,NA,Y,NA,NA,Y,NA,-,NA,0,0,1,0,0,0,1,0,0,-,-,NA,NA,LOS ANGELES,WEST COVINA,-117.92710004,34.06778011
8159737,2016,2016-11-07,1975,2016-09-27,1513,377,NA,2,5,6,1975,0,0,0,NA,0,004,VINCENT AV,LAKES DR,0,NA,Y,A,-,N,NA,NA,NA,NA,NA,NA,NA,NA,NA,Y,4,0,2,2,A,-,12,21453,A,N,D,C,A,A,H,-,A,A,0,NA,NA,NA,NA,Y,NA,A,01,0,0,2,0,0,0,0,0,0,-,-,NA,NA,LOS ANGELES,WEST COVINA,-117.92676005,34.06972007
8159740,2016,2016-11-18,1900,2016-10-15,0600,520027,2834,6,5,5,1915,0,0,0,NA,0,282T1,ARTESIA BL,ANDERSON AV,55,W,N,A,-,N,NA,NA,NA,NA,NA,NA,NA,NA,NA,Y,4,0,1,2,A,-,08,22107,NA,N,C,C,A,A,H,-,A,D,0,NA,NA,NA,Y,Y,NA,A,01,0,0,1,0,0,0,0,0,0,-,-,NA,NA,LOS ANGELES,COMPTON,-118.24256067,33.87396366
8159741,2016,2016-11-07,1975,2016-09-16,1144,990,NA,5,5,6,1975,0,0,0,NA,0,001,LARK ELLEN AV,BADILLO ST,0,NA,Y,A,-,N,NA,NA,NA,NA,NA,NA,NA,NA,NA,Y,4,0,1,2,A,-,09,21801,A,N,D,C,A,A,H,-,A,A,0,NA,NA,NA,NA,Y,NA,A,01,0,0,1,0,0,0,0,0,0,-,-,NA,NA,LOS ANGELES,WEST COVINA,-117.9166001,34.08652008
8159745,2016,2016-11-07,1975,2016-09-04,1626,434,NA,7,5,6,1975,0,0,0,NA,0,001,AZUSA AV,THELBORN,0,NA,Y,A,-,N,NA,NA,NA,NA,NA,NA,NA,NA,NA,Y,3,0,1,3,A,-,09,21801,A,N,D,C,A,A,H,-,A,D,0,NA,NA,NA,NA,Y,NA,-,NA,0,1,0,0,0,0,0,0,0,-,-,NA,NA,LOS ANGELES,WEST COVINA,-117.90767009,34.07730002
8159749,2016,2016-11-07,1975,2016-09-22,1834,678,NA,4,5,6,1975,0,0,0,NA,0,001,WORKMAN AV,AZUSA AV,0,NA,Y,A,-,N,NA,NA,NA,NA,NA,NA,NA,NA,NA,N,4,0,1,2,A,-,03,22350,NA,N,C,C,A,A,H,-,C,A,0,NA,NA,NA,NA,Y,NA,-,NA,0,0,1,0,0,0,0,0,0,-,-,NA,NA,LOS ANGELES,WEST COVINA,-117.90781006,34.07548007
8159750,2016,2016-11-07,1953,2016-10-17,1545,7724,LA CO,1,5,6,1953,0,0,0,NA,0,001,FAIR OAKS AV,BELLEVUE ST,0,NA,Y,A,-,N,NA,NA,NA,NA,NA,NA,NA,NA,NA,Y,4,0,1,2,A,-,09,21802,A,N,D,C,A,A,H,-,A,A,0,NA,NA,NA,NA,Y,NA,A,01,0,0,1,0,0,0,0,0,0,-,-,NA,NA,LOS ANGELES,PASADENA,-118.15041,34.13833008
8159753,2016,2016-11-07,1975,2016-09-22,1047,678,NA,4,5,6,1975,0,0,0,NA,0,003,SUNSET AV,WEST COVINA PKWY,15,S,N,A,-,N,NA,NA,NA,NA,NA,NA,NA,NA,NA,Y,3,0,1,1,A,-,03,22350,NA,N,E,I,A,A,H,-,A,D,0,NA,NA,NA,NA,Y,NA,-,NA,0,1,0,0,0,0,0,0,0,-,-,NA,NA,LOS ANGELES,WEST COVINA,-117.93825247,34.068849
8159757,2016,2016-11-07,1975,2016-09-22,1451,990,NA,4,5,6,1975,0,0,0,NA,0,002,GARVEY AV NORTH,HOLLENBECK AV,0,NA,Y,A,-,N,NA,NA,NA,NA,NA,NA,NA,NA,NA,N,4,0,1,2,A,-,09,21801,A,N,D,C,A,A,H,-,A,A,0,NA,NA,NA,NA,Y,NA,A,01,0,0,1,0,0,0,0,0,0,-,-,34.07667,-117.93343,LOS ANGELES,WEST COVINA,-117.89889012,34.07287003
8159761,2016,2016-11-08,1975,2016-10-11,0930,377,NA,2,5,6,1975,0,0,0,NA,0,004,VALINDA AV,SERVICE AV,0,NA,Y,A,-,N,NA,NA,NA,NA,NA,NA,NA,NA,NA,Y,4,0,3,2,A,-,09,21801,A,N,A,C,A,A,H,-,A,A,0,NA,NA,NA,NA,Y,NA,A,01,0,0,3,0,0,0,0,0,0,-,-,34.06493,-117.92541,LOS ANGELES,WEST COVINA,-117.92536011,34.06489005
8159765,2016,2016-11-08,1975,2016-10-11,0758,990,NA,2,5,6,1975,0,0,0,NA,0,005,AMAR RD,WITZMAN DR,0,NA,Y,A,-,N,NA,NA,NA,NA,NA,NA,NA,NA,NA,N,3,0,2,2,A,-,09,21801,A,N,D,C,A,A,H,-,A,D,0,NA,NA,NA,NA,Y,NA,A,01,0,1,1,0,0,0,0,0,0,-,-,34.03222,-117.9158,LOS ANGELES,WEST COVINA,-117.91579001,34.0322101
8159769,2016,2016-11-08,1975,2016-10-11,1629,0361,NA,2,5,6,1975,0,0,0,NA,0,002,AZUSA AV,VINE AV,0,NA,Y,A,-,N,NA,NA,NA,NA,NA,NA,NA,NA,NA,Y,4,0,1,2,A,-,12,21453,A,F,D,C,A,A,H,-,A,A,0,NA,NA,NA,NA,Y,NA,-,NA,0,0,1,0,0,0,0,0,0,-,-,NA,NA,LOS ANGELES,WEST COVINA,-117.90799005,34.05746008
8159773,2016,2016-11-08,1975,2016-10-11,0956,990,NA,2,5,6,1975,0,0,0,NA,0,002,GRAND AV,HOLT AV,381,S,N,A,-,N,NA,NA,NA,NA,NA,NA,NA,NA,NA,N,4,0,1,3,A,-,03,22350,NA,N,C,C,A,A,H,-,A,A,0,NA,NA,NA,NA,Y,NA,A,01,0,0,1,0,0,0,0,0,0,-,-,34.06757,-117.87212,LOS ANGELES,WEST COVINA,-117.87179487,34.06816185
8159775,2016,2016-11-07,1900,2016-10-26,0820,505177,0461,3,5,4,1936,0,0,0,NA,0,46T2,HEFLIN DR,GARDENHILL DR,0,NA,Y,A,-,N,NA,NA,NA,NA,NA,NA,NA,NA,NA,N,4,0,1,2,A,-,10,21950,A,N,G,B,B,A,H,-,A,A,0,Y,NA,NA,NA,Y,NA,A,07,0,0,1,0,1,0,0,0,0,-,-,NA,NA,LOS ANGELES,LA MIRADA,-118.02125,33.91077002
8159777,2016,2016-11-08,1975,2016-10-15,1837,678,NA,6,5,6,1975,0,0,0,NA,0,002,CITRUS AV,UNDERPASS,0,NA,Y,A,-,N,NA,NA,NA,NA,NA,NA,NA,NA,NA,N,3,0,2,2,A,-,03,22350,NA,N,C,C,A,A,A,-,C,D,0,NA,NA,NA,NA,Y,NA,-,NA,0,1,1,0,0,0,0,0,0,-,-,NA,NA,LOS ANGELES,WEST COVINA,NA,NA
8159781,2016,2016-11-08,1975,2016-10-15,0654,344,NA,6,5,6,1975,0,0,0,NA,0,006,ADRIENNE DR,AUDREY LN,40,S,N,A,-,N,NA,NA,NA,NA,NA,NA,NA,NA,NA,Y,4,0,1,2,A,-,03,22350,NA,N,C,E,A,A,H,-,B,D,0,NA,NA,NA,NA,Y,NA,-,NA,0,0,1,0,0,0,0,0,0,-,-,NA,NA,LOS ANGELES,WEST COVINA,-117.89511745,34.0202135
8159783,2016,2016-11-07,1900,2016-10-26,1200,505177,0470,3,5,4,1936,0,0,0,NA,0,46T2,LA MIRADA BL,ROSECRANS AV,48,S,N,A,-,N,NA,NA,NA,NA,NA,NA,NA,NA,NA,N,4,0,1,2,A,-,03,22350,NA,N,C,E,A,A,H,-,A,A,0,NA,NA,NA,NA,Y,NA,A,01,0,0,1,0,0,0,0,0,0,-,-,NA,NA,LOS ANGELES,LA MIRADA,-118.01098593,33.89838151
8159784,2016,2016-11-10,1951,2016-10-30,1533,737,NA,7,5,3,1951,0,0,0,NA,0,NA,VIA DEL MONTE,GRANVIA ALTAMIRA,35,N,N,B,-,N,NA,NA,NA,NA,NA,NA,NA,NA,NA,N,3,0,1,1,D,-,00,NA,NA,N,H,A,A,A,H,-,A,D,0,NA,Y,NA,NA,Y,NA,-,-,0,1,0,0,0,0,1,0,0,-,-,NA,NA,LOS ANGELES,PALOS VERDES EST,-118.38799936,33.79210282
8159785,2016,2016-11-08,1975,2016-10-03,1831,338,NA,1,5,6,1975,0,0,0,NA,0,002,CAMERON AV,AZUSA AV,15,E,N,A,-,N,NA,NA,NA,NA,NA,NA,NA,NA,NA,N,4,0,1,2,A,-,21,22106,NA,N,C,C,A,A,H,-,A,A,0,NA,NA,NA,NA,Y,NA,-,NA,0,0,1,0,0,0,0,0,0,-,-,NA,NA,LOS ANGELES,WEST COVINA,-117.90790073,34.06108692
8159787,2016,2016-11-07,1900,2016-10-26,1355,548512,0451,3,5,6,1949,0,0,0,NA,0,45T1,IMPERIAL HWY,STUDEBAKER RD,20,W,N,A,-,N,NA,NA,NA,NA,NA,NA,NA,NA,NA,N,4,0,1,2,A,-,09,21804,A,N,G,B,C,A,H,-,A,A,0,Y,NA,NA,NA,Y,NA,A,01,0,0,1,0,1,0,0,0,0,-,-,NA,NA,LOS ANGELES,NORWALK,-118.09937576,33.91717863
8159788,2016,2016-11-10,1951,2016-10-31,1016,731,1951,1,5,3,1951,0,0,0,NA,0,NA,VIA CORONEL,VIA ZURITA,0,NA,Y,B,-,N,NA,NA,NA,NA,NA,NA,NA,NA,NA,N,4,0,1,2,A,-,12,22450,A,N,D,C,A,A,H,-,A,A,0,NA,NA,NA,NA,Y,NA,A,01,0,0,1,0,0,0,0,0,0,-,-,NA,NA,LOS ANGELES,PALOS VERDES EST,-118.40800009,33.78051009
8159789,2016,2016-11-08,1975,2016-10-03,1258,377,NA,1,5,6,1975,0,0,0,NA,0,006,SHADOW OAK DR,NOGALES ST,0,NA,Y,A,-,N,NA,NA,NA,NA,NA,NA,NA,NA,NA,Y,2,0,2,2,A,-,12,21453,A,N,D,C,A,A,H,-,A,A,0,NA,NA,NA,NA,Y,NA,A,01,1,1,0,0,0,0,0,0,0,-,-,34.02036,-117.89027,LOS ANGELES,WEST COVINA,-117.89036013,34.02034006
8159792,2016,2016-11-07,1900,2016-10-24,0430,530382,2812,1,5,5,1915,0,0,0,NA,0,281T1,CENTRAL AV,131ST ST,0,NA,Y,A,-,N,NA,NA,NA,NA,NA,NA,NA,NA,NA,Y,4,0,1,2,A,-,09,21801,A,F,A,C,A,A,H,-,B,B,0,NA,NA,NA,NA,Y,NA,A,01,0,0,1,0,0,0,0,0,0,-,-,NA,NA,LOS ANGELES,COMPTON,-118.25444001,33.9129
8159793,2016,2016-11-08,1975,2016-10-10,1630,400,NA,1,5,6,1975,0,0,0,NA,0,004,VALINDA AV,MERCED AV,0,NA,Y,A,-,N,NA,NA,NA,NA,NA,NA,NA,NA,NA,Y,4,0,1,2,A,-,09,21801,A,N,-,C,A,A,H,-,A,A,0,NA,NA,NA,NA,Y,NA,-,NA,0,0,1,0,0,0,0,0,0,-,-,NA,NA,LOS ANGELES,WEST COVINA,-117.92554007,34.05399002
8159796,2016,2016-11-07,1900,2016-10-18,0624,600319,2820,2,5,5,1915,0,0,0,NA,0,283,ALAMEDA ST,EL SEGUNDO BL,13,N,N,A,-,N,NA,NA,NA,NA,NA,NA,NA,NA,NA,N,4,0,1,2,A,-,12,22450,A,N,D,C,A,A,H,-,A,A,0,NA,NA,NA,NA,Y,NA,A,01,0,0,1,0,0,0,0,0,0,-,-,NA,NA,LOS ANGELES,COMPTON,-118.22306608,33.91624529
8159797,2016,2016-11-08,1975,2016-10-10,0842,442,NA,1,5,6,1975,0,0,0,NA,0,NA,FRANCISQUITO AV,SUNSET AV,0,NA,Y,A,-,N,NA,NA,NA,NA,NA,NA,NA,NA,NA,N,4,0,1,2,A,-,03,22350,NA,N,C,C,A,A,H,-,A,A,0,NA,NA,NA,NA,Y,NA,-,NA,0,0,1,0,0,0,0,0,0,-,-,NA,NA,LOS ANGELES,WEST COVINA,-117.95415006,34.05387002
8159801,2016,2016-11-08,1975,2016-10-10,1205,353,NA,1,5,6,1975,0,0,0,NA,0,003,SUNSET AV,CAMERON AV,85,S,N,A,-,N,NA,NA,NA,NA,NA,NA,NA,NA,NA,Y,4,0,2,3,A,-,03,22350,NA,N,C,C,A,A,H,-,A,A,0,NA,NA,NA,NA,Y,NA,-,NA,0,0,2,0,0,0,0,0,0,-,-,NA,NA,LOS ANGELES,WEST COVINA,-117.94050496,34.06676504
8159805,2016,2016-11-08,1975,2016-10-08,1525,427,NA,6,5,6,1975,0,0,0,NA,0,005,AZUSA AV,GIAMBI LN,40,S,N,A,-,N,NA,NA,NA,NA,NA,NA,NA,NA,NA,N,4,0,3,2,A,-,03,22350,NA,F,C,C,A,A,H,-,A,A,0,NA,NA,NA,NA,Y,Y,-,NA,0,0,3,0,0,0,0,0,0,-,-,NA,NA,LOS ANGELES,WEST COVINA,-117.91309801,34.03796035
8159809,2016,2016-11-08,1975,2016-10-09,0048,372,NA,7,5,6,1975,0,0,0,NA,0,005,AZUSA AV,AMAR RD,20,S,N,A,-,N,NA,NA,NA,NA,NA,NA,NA,NA,NA,Y,4,0,1,2,A,-,01,23152,A,N,C,C,A,A,H,-,C,A,0,NA,NA,NA,NA,Y,Y,-,NA,0,0,1,0,0,0,0,0,0,-,-,NA,NA,LOS ANGELES,WEST COVINA,-117.91484723,34.03141008
8159812,2016,2016-11-07,1900,2016-10-26,1520,517780,2832,3,5,5,1915,0,0,0,NA,0,283T,COMPTON BL,DWIGHT AV,144,W,N,A,-,N,NA,NA,NA,NA,NA,NA,NA,NA,NA,N,4,0,1,2,A,-,09,21804,A,N,A,I,A,A,H,-,A,D,0,NA,NA,NA,NA,Y,NA,A,01,0,0,1,0,0,0,0,0,0,-,-,NA,NA,LOS ANGELES,COMPTON,-118.24243357,33.89587
8159813,2016,2016-11-08,1953,2016-10-10,1004,0551,1953,1,5,6,1953,0,0,0,NA,0,003,COLORADO BL,HOLLISTON AV,0,NA,Y,A,-,N,NA,NA,NA,NA,NA,NA,NA,NA,NA,Y,4,0,2,2,A,-,09,21804,A,N,D,C,A,A,H,-,A,D,0,NA,NA,NA,NA,Y,NA,A,01,0,0,2,0,0,0,0,0,0,-,-,NA,NA,LOS ANGELES,PASADENA,-118.12287012,34.14596012
8159817,2016,2016-11-04,1953,2016-10-10,0947,7724,LA,1,5,6,1953,0,0,0,NA,0,001,GLENARM ST,EUCLID AV,0,NA,Y,A,-,N,NA,NA,NA,NA,NA,NA,NA,NA,NA,Y,3,0,2,2,A,-,09,21802,A,N,D,C,A,A,H,-,A,A,0,NA,NA,NA,NA,Y,NA,A,01,0,1,1,0,0,0,0,0,0,-,-,NA,NA,LOS ANGELES,PASADENA,-118.1427701,34.12757011
8159818,2016,2016-11-08,1975,2016-10-24,0043,338,NA,1,5,6,1975,0,0,0,NA,0,003,EVANWOOD ST,CAMERON AV,45,S,N,B,-,N,NA,NA,NA,NA,NA,NA,NA,NA,NA,Y,3,0,1,1,A,-,01,23152,A,M,E,I,A,A,H,-,C,D,0,NA,NA,NA,NA,Y,Y,-,NA,0,1,0,0,0,0,0,0,0,-,-,NA,NA,LOS ANGELES,WEST COVINA,-117.93763882,34.06479804