CASE_ID,ACCIDENT_YEAR,PROC_DATE,JURIS,COLLISION_DATE,COLLISION_TIME,OFFICER_ID,REPORTING_DISTRICT,DAY_OF_WEEK,CHP_SHIFT,POPULATION,CNTY_CITY_LOC,SPECIAL_COND,BEAT_TYPE,CHP_BEAT_TYPE,CITY_DIVISION_LAPD,CHP_BEAT_CLASS,BEAT_NUMBER,PRIMARY_RD,SECONDARY_RD,DISTANCE,DIRECTION,INTERSECTION,WEATHER_1,WEATHER_2,STATE_HWY_IND,CALTRANS_COUNTY,CALTRANS_DISTRICT,STATE_ROUTE,ROUTE_SUFFIX,POSTMILE_PREFIX,POSTMILE,LOCATION_TYPE,RAMP_INTERSECTION,SIDE_OF_HWY,TOW_AWAY,COLLISION_SEVERITY,NUMBER_KILLED,NUMBER_INJURED,PARTY_COUNT,PRIMARY_COLL_FACTOR,PCF_CODE_OF_VIOL,PCF_VIOL_CATEGORY,PCF_VIOLATION,PCF_VIOL_SUBSECTION,HIT_AND_RUN,TYPE_OF_COLLISION,MVIW,PED_ACTION,ROAD_SURFACE,ROAD_COND_1,ROAD_COND_2,LIGHTING,CONTROL_DEVICE,CHP_ROAD_TYPE,PEDESTRIAN_ACCIDENT,BICYCLE_ACCIDENT,MOTORCYCLE_ACCIDENT,TRUCK_ACCIDENT,NOT_PRIVATE_PROPERTY,ALCOHOL_INVOLVED,STWD_VEHTYPE_AT_FAULT,CHP_VEHTYPE_AT_FAULT,COUNT_SEVERE_INJ,COUNT_VISIBLE_INJ,COUNT_COMPLAINT_PAIN,COUNT_PED_KILLED,COUNT_PED_INJURED,COUNT_BICYCLIST_KILLED,COUNT_BICYCLIST_INJURED,COUNT_MC_KILLED,COUNT_MC_INJURED,PRIMARY_RAMP,SECONDARY_RAMP,LATITUDE,LONGITUDE,COUNTY,CITY,POINT_X,POINT_Y
8160547,2016,2016-11-21,1920,2016-10-17,1111,19354,NA,1,5,6,1920,0,0,0,NA,0,006,LAKEWOOD BL,RT 105,205,N,N,B,-,N,NA,NA,NA,NA,NA,NA,NA,NA,NA,Y,4,0,2,2,A,-,09,21801,A,N,D,C,A,B,H,-,A,D,0,NA,NA,NA,NA,Y,NA,A,08,0,0,2,0,0,0,0,0,0,-,WO,NA,NA,LOS ANGELES,DOWNEY,-118.14042366,33.91336641
8160551,2016,2017-03-06,1900,2016-10-18,1648,520781,1015,2,5,3,1995,0,0,0,NA,0,101T2,RT 1,WEBB WY,0,N,N,A,-,Y,LA,7,1,-,-,47.44,H,-,S,N,4,0,4,2,A,-,03,22350,NA,N,C,C,A,A,H,-,A,A,0,NA,NA,NA,NA,Y,NA,A,01,0,0,4,0,0,0,0,0,0,-,-,34.03478,-118.69126,LOS ANGELES,MALIBU,-118.69115319,34.03465091
8160552,2016,2016-11-08,1900,2016-10-29,1230,530329,2836,6,5,5,1915,0,0,0,NA,0,282T1,GREENLEAF BL,WILMINGTON AV,0,NA,Y,A,-,N,NA,NA,NA,NA,NA,NA,NA,NA,NA,Y,4,0,2,3,A,-,12,21453,A,N,A,C,A,A,H,-,A,A,0,NA,NA,NA,NA,Y,NA,A,01,0,0,2,0,0,0,0,0,0,-,-,NA,NA,LOS ANGELES,COMPTON,-118.23656007,33.88073011
8160555,2016,2016-11-21,1920,2016-10-07,1511,19354,NA,5,5,6,1920,0,0,0,NA,0,001,LAKEWOOD BL,RT 105,120,N,N,A,-,N,NA,NA,NA,NA,NA,NA,NA,NA,NA,N,4,0,1,2,A,-,03,22350,NA,N,C,C,A,A,H,-,A,A,0,NA,NA,NA,NA,Y,NA,A,01,0,0,1,0,0,0,0,0,0,-,WF,NA,NA,LOS ANGELES,DOWNEY,-118.140581,33.91317375
8160556,2016,2016-11-08,1900,2016-10-27,1617,529398,2852,4,5,5,1915,0,0,0,NA,0,283T1,GIBSON AV,MYRRH ST,0,NA,Y,B,-,N,NA,NA,NA,NA,NA,NA,NA,NA,NA,Y,3,0,1,2,A,-,09,21800,B,N,-,C,A,A,C,E,A,D,0,NA,NA,NA,NA,Y,NA,A,01,0,1,0,0,0,0,0,0,0,-,-,NA,NA,LOS ANGELES,COMPTON,-118.18880004,33.89250001
8160560,2016,2016-11-08,1900,2016-10-28,0630,520027,2830,5,5,5,1915,0,0,0,NA,0,282T1,COMPTON BL,REDONDO BEACH BL,16,N,N,B,-,N,NA,NA,NA,NA,NA,NA,NA,NA,NA,N,4,0,1,1,A,-,08,22107,NA,N,E,I,A,A,H,-,B,D,0,NA,NA,NA,NA,Y,NA,A,01,0,0,1,0,0,0,0,0,0,-,-,NA,NA,LOS ANGELES,COMPTON,-118.25912,33.89535
8160641,2016,2016-11-10,1942,2016-10-09,1040,26101,1801,7,5,7,1942,0,0,0,R,0,18T23,HOOVER ST,MANCHESTER AV,0,NA,Y,A,-,N,NA,NA,NA,NA,NA,NA,NA,NA,NA,Y,3,0,1,3,A,-,03,22350,NA,F,C,C,A,A,A,-,A,D,0,NA,NA,NA,NA,Y,NA,-,99,0,1,0,0,0,0,0,0,0,-,-,NA,NA,LOS ANGELES,LOS ANGELES,-118.28706011,33.96005007
8160642,2016,2016-11-14,1967,2016-10-28,2040,128,NA,5,5,2,1967,0,0,0,NA,0,NORTH,WILLOW,TOWN CENTER WEST,0,NA,Y,A,-,N,NA,NA,NA,NA,NA,NA,NA,NA,NA,Y,4,0,3,3,A,-,09,21801,A,N,D,C,A,A,H,-,C,A,0,NA,NA,NA,NA,Y,NA,D,22,0,0,3,0,0,0,0,0,0,-,-,NA,NA,LOS ANGELES,SIGNAL HILL,-118.169788,33.804274
8160649,2016,2017-04-12,1942,2016-10-13,2357,36346,1881,4,5,7,1942,0,0,0,R,0,18A49,REDONDO BEACH,FIGUEROA ST,20,W,N,A,-,N,NA,NA,NA,NA,NA,NA,NA,NA,NA,Y,3,0,1,3,A,-,04,21703,NA,N,C,C,A,A,H,-,C,A,0,NA,NA,NA,NA,Y,NA,A,01,0,1,0,0,0,0,0,0,0,-,-,NA,NA,LOS ANGELES,LOS ANGELES,-118.28311572,33.89271773
8160653,2016,2016-11-14,1942,2016-10-17,1709,33201,1831,1,5,7,1942,0,0,0,R,0,18A97,EL SEGUNDO BL,HOOVER ST,75,W,N,A,-,N,NA,NA,NA,NA,NA,NA,NA,NA,NA,Y,4,0,3,2,A,-,08,22107,NA,N,D,C,A,A,H,-,A,A,0,NA,NA,NA,NA,Y,NA,D,22,0,0,3,0,0,0,0,0,0,-,-,NA,NA,LOS ANGELES,LOS ANGELES,-118.28728672,33.91642
8160657,2016,2016-11-09,1942,2016-10-20,1100,43111,1800,4,5,7,1942,0,0,0,R,0,18A63,VERMONT AV,98TH ST,50,S,N,A,-,N,NA,NA,NA,NA,NA,NA,NA,NA,NA,N,4,0,2,3,A,-,03,22350,NA,F,C,C,A,A,H,-,A,D,0,NA,NA,NA,NA,Y,NA,-,99,0,0,2,0,0,0,0,0,0,-,-,NA,NA,LOS ANGELES,LOS ANGELES,-118.2919,33.946762
8160661,2016,2016-11-09,1942,2016-10-17,1530,40408,1612,1,5,7,1942,0,0,0,P,0,16A23,PAXTON ST,SAN FERNANDO RD,1056,NA,N,A,-,N,NA,NA,NA,NA,NA,NA,NA,NA,NA,N,4,0,2,2,A,-,09,21804,A,N,D,C,A,A,H,-,A,D,0,NA,NA,NA,NA,Y,NA,A,01,0,0,2,0,0,0,0,0,0,-,-,NA,NA,LOS ANGELES,LOS ANGELES,-118.42845008,34.27203007
8160662,2016,2016-12-13,1942,2016-10-12,1100,39192,1665,3,5,7,1942,0,0,0,P,0,15TL45,TUXFORD ST,TELFAIR AV,15,W,N,A,-,N,NA,NA,NA,NA,NA,NA,NA,NA,NA,Y,2,0,1,2,A,-,06,21754,NA,N,D,C,A,A,H,-,A,D,0,NA,NA,NA,NA,Y,NA,-,NA,1,0,0,0,0,0,0,0,0,-,-,NA,NA,LOS ANGELES,LOS ANGELES,-118.38457747,34.2248631
8160666,2016,2016-11-10,1942,2016-10-11,1830,38462,1657,2,5,7,1942,0,0,0,P,0,16X82,APPERSON ST,HILLHAVEN AV,0,NA,Y,A,-,N,NA,NA,NA,NA,NA,NA,NA,NA,NA,N,4,0,2,2,A,-,09,21802,A,N,D,C,A,A,G,-,B,A,0,NA,NA,NA,NA,Y,NA,D,22,0,0,2,0,0,0,0,0,0,-,-,NA,NA,LOS ANGELES,LOS ANGELES,-118.29022004,34.25593005
8160669,2016,2016-11-09,1942,2016-10-15,1115,35346,1681,6,5,7,1942,0,0,0,P,0,10TL37,ROSCOE BL,LAUREL GROVE AV,140,W,N,A,-,N,NA,NA,NA,NA,NA,NA,NA,NA,NA,N,2,0,1,2,A,-,13,22515,A,N,G,B,A,A,H,-,A,D,0,NA,NA,NA,NA,Y,NA,D,22,1,0,0,0,0,0,0,0,0,-,-,NA,NA,LOS ANGELES,LOS ANGELES,-118.40133226,34.22166
8160681,2016,2016-11-10,1942,2016-11-01,1900,40979,1021,2,5,7,1942,0,0,0,J,0,10X24,TAMPA AV,VANOWEN ST,28,W,N,A,-,N,NA,NA,NA,NA,NA,NA,NA,NA,NA,Y,3,0,1,2,A,-,01,23152,A,N,C,C,A,A,H,-,C,A,0,NA,NA,NA,NA,Y,Y,A,01,0,1,0,0,0,0,0,0,0,-,-,NA,NA,LOS ANGELES,LOS ANGELES,-118.55345,34.19383
8160689,2016,2017-01-04,1942,2016-10-06,2305,38765,1754,4,5,7,1942,0,0,0,Q,0,17A67,WILBUR AV,DEVONSHIRE ST,150,N,N,A,-,N,NA,NA,NA,NA,NA,NA,NA,NA,NA,Y,4,0,1,1,A,-,03,22350,NA,N,E,I,A,A,H,-,C,D,0,NA,NA,NA,NA,Y,NA,A,07,0,0,1,0,0,0,0,0,0,-,-,NA,NA,LOS ANGELES,LOS ANGELES,-118.5448334,34.25768146
8160690,2016,2016-11-10,1942,2016-10-10,0830,40542,1675,1,5,7,1942,0,0,0,P,0,15T47,TUXFORD ST,BRADLEY AV,30,W,N,A,-,N,NA,NA,NA,NA,NA,NA,NA,NA,NA,N,4,0,1,2,A,-,07,21658,A,N,B,C,A,A,G,-,A,B,0,NA,NA,NA,NA,Y,NA,D,22,0,0,1,0,0,0,0,0,0,-,-,NA,NA,LOS ANGELES,LOS ANGELES,-118.3769047,34.23046596
8160693,2016,2016-11-10,1942,2016-09-29,1930,30422,1771,4,5,7,1942,0,0,0,Q,0,17XL1,WINNETKA AV,PLUMMER ST,0,NA,Y,A,-,N,NA,NA,NA,NA,NA,NA,NA,NA,NA,Y,4,0,2,2,A,-,12,21453,A,N,D,C,A,A,H,-,C,A,0,NA,NA,NA,NA,Y,NA,I,12,0,0,2,0,0,0,0,0,0,-,-,NA,NA,LOS ANGELES,LOS ANGELES,-118.57122006,34.24274007
8160694,2016,2016-11-09,1942,2016-10-26,1925,40928,1028,3,5,7,1942,0,0,0,J,0,10T37,BALBOA BL,SHERMAN WY,0,NA,Y,A,-,N,NA,NA,NA,NA,NA,NA,NA,NA,NA,Y,3,0,2,3,A,-,09,21801,A,N,D,C,A,A,H,-,C,A,0,NA,NA,NA,NA,Y,NA,D,22,0,2,0,0,0,0,0,0,0,-,-,NA,NA,LOS ANGELES,LOS ANGELES,-118.50112007,34.20123011
8160698,2016,2016-11-10,1942,2016-10-24,1545,38857,0926,1,5,7,1942,0,0,0,I,0,17TL14,HAMLIN ST,TYRONE AV,400,E,N,A,-,N,NA,NA,NA,NA,NA,NA,NA,NA,NA,N,4,0,1,2,A,-,03,22350,NA,N,A,E,A,A,H,-,A,D,0,NA,NA,NA,NA,Y,NA,D,22,0,0,1,0,0,0,0,0,0,-,-,NA,NA,LOS ANGELES,LOS ANGELES,-118.44303973,34.188674
8160702,2016,2016-11-09,1942,2016-10-19,0950,33504,0905,3,5,7,1942,0,0,0,I,0,19TL77,VAN NUYS BL,VALERIO ST,0,S,N,A,-,N,NA,NA,NA,NA,NA,NA,NA,NA,NA,Y,4,0,2,3,A,-,09,21801,A,N,D,C,A,A,H,-,A,D,0,NA,NA,NA,NA,Y,NA,D,22,0,0,2,0,0,0,0,0,0,-,-,NA,NA,LOS ANGELES,LOS ANGELES,-118.44875009,34.20483009
8160705,2016,2016-11-09,1942,2016-10-21,1900,40634,2105,5,5,7,1942,0,0,0,NA,0,10X88,HILLVIEW,SCHOENBORN,200,N,N,A,-,N,NA,NA,NA,NA,NA,NA,NA,NA,NA,Y,4,0,1,4,A,-,01,23152,A,N,B,E,A,A,H,-,E,D,0,NA,NA,NA,NA,Y,Y,D,22,0,0,1,0,0,0,0,0,0,-,-,NA,NA,LOS ANGELES,LOS ANGELES,-118.602676,34.22146864
8160709,2016,2016-11-09,1942,2016-10-29,1915,38995,2162,6,5,7,1942,0,0,0,NA,0,16T25,FALLBROOK AV,OXNARD ST,180,S,N,B,-,N,NA,NA,NA,NA,NA,NA,NA,NA,NA,Y,3,0,2,2,A,-,01,23152,A,N,A,C,A,A,H,-,C,A,0,NA,NA,NA,NA,Y,NA,D,22,0,1,1,0,0,0,0,0,0,-,-,NA,NA,LOS ANGELES,LOS ANGELES,-118.62334,34.17871627
8160713,2016,2016-11-09,1942,2016-10-29,1905,38995,2162,6,5,7,1942,0,0,0,NA,0,16T25,FALLBROOK AV,OXNARD ST,180,S,N,B,-,N,NA,NA,NA,NA,NA,NA,NA,NA,NA,Y,3,0,2,3,A,-,01,23152,A,N,A,C,A,A,H,-,C,A,0,NA,NA,NA,NA,Y,NA,D,22,0,1,1,0,0,0,0,0,0,-,-,NA,NA,LOS ANGELES,LOS ANGELES,-118.62334,34.17871627
8160716,2016,2016-11-14,1967,2016-10-09,1240,139,NA,7,5,2,1967,0,0,0,NA,0,SOUTH,WILLOW,CALIFORNIA AV,0,NA,Y,A,-,N,NA,NA,NA,NA,NA,NA,NA,NA,NA,Y,3,0,4,2,A,-,09,21801,A,N,D,C,A,A,H,-,A,A,0,NA,NA,NA,NA,Y,NA,A,01,0,1,3,0,0,0,0,0,0,-,-,NA,NA,LOS ANGELES,SIGNAL HILL,-118.18071012,33.80439005
8160717,2016,2016-11-10,1942,2016-09-22,1930,40054,1916,4,5,7,1942,0,0,0,NA,0,10T37,HUBBARD ST,GLENOAK BL,0,NA,Y,A,-,N,NA,NA,NA,NA,NA,NA,NA,NA,NA,Y,2,0,1,2,A,-,09,21801,A,N,D,C,A,A,H,-,C,A,0,NA,NA,Y,NA,Y,NA,D,22,1,0,0,0,0,0,0,0,1,-,-,NA,NA,LOS ANGELES,LOS ANGELES,-118.43923012,34.29949001
8160718,2016,2016-11-10,1942,2016-10-05,1450,39356,21T62,3,5,7,1942,0,0,0,NA,0,1601,GLENOAK BL,DEL SUR ST,0,NA,Y,A,-,N,NA,NA,NA,NA,NA,NA,NA,NA,NA,Y,3,0,1,2,A,-,09,21802,A,N,D,C,A,A,H,-,A,D,0,NA,NA,NA,NA,Y,NA,D,22,0,1,0,0,0,0,0,0,0,-,-,NA,NA,LOS ANGELES,LOS ANGELES,-118.42192005,34.28338005
8160720,2016,2016-11-14,1967,2016-10-20,1623,143,NA,4,5,2,1967,0,0,0,NA,0,SOUTH,ORANGE AV,BURNETT,79,N,N,A,-,N,NA,NA,NA,NA,NA,NA,NA,NA,NA,N,4,0,1,3,B,-,22,NA,NA,N,C,C,A,A,H,-,A,A,0,NA,NA,NA,NA,Y,NA,D,22,0,0,1,0,0,0,0,0,0,-,-,NA,NA,LOS ANGELES,SIGNAL HILL,-118.17635,33.80095664
8160721,2016,2016-11-21,1942,2016-10-18,1710,37697,1862,2,5,7,1942,0,0,0,R,0,18A17,IMPERIAL HWY,BROADWAY,25,E,N,A,-,N,NA,NA,NA,NA,NA,NA,NA,NA,NA,Y,4,0,2,1,A,-,03,22350,NA,N,E,I,A,A,H,-,A,A,0,NA,NA,NA,NA,Y,NA,A,01,0,0,2,0,0,0,0,0,0,-,-,NA,NA,LOS ANGELES,LOS ANGELES,-118.27837775,33.93101
8160722,2016,2016-11-09,1942,2016-10-14,1900,36801,1078,5,5,7,1942,0,0,0,J,0,9T55,VENTURA BL,LIBBIT AV,250,E,N,A,-,N,NA,NA,NA,NA,NA,NA,NA,NA,NA,N,4,0,2,2,A,-,03,22350,NA,N,C,C,A,A,H,-,C,D,0,NA,NA,Y,NA,Y,NA,C,02,0,0,2,0,0,0,0,0,1,-,-,NA,NA,LOS ANGELES,LOS ANGELES,-118.48720542,34.15685193
8160723,2016,2016-11-14,1942,2016-10-07,2125,40006,1039,5,5,7,1942,0,0,0,J,0,10A1,HASKELL AV,HAYNES ST,0,NA,-,A,-,N,NA,NA,NA,NA,NA,NA,NA,NA,NA,Y,3,0,1,2,A,-,09,21801,A,N,D,C,A,A,H,-,C,A,0,NA,NA,NA,NA,Y,NA,D,22,0,1,0,0,0,0,0,0,0,-,-,NA,NA,LOS ANGELES,LOS ANGELES,-118.47492012,34.18916008
8160724,2016,2016-11-10,1942,2016-09-22,1405,39410,1935,4,5,7,1942,0,0,0,NA,0,16TL26,SAN FERNANDO MISSION BL,SHARP AV,0,NA,Y,A,-,N,NA,NA,NA,NA,NA,NA,NA,NA,NA,Y,4,0,2,2,A,-,09,21802,A,N,D,C,A,A,H,-,A,A,0,NA,NA,NA,NA,Y,NA,A,07,0,0,2,0,0,0,0,0,0,-,-,NA,NA,LOS ANGELES,LOS ANGELES,-118.45534008,34.27512003
8160725,2016,2017-02-16,1942,2016-10-17,1220,37697,1822,1,5,7,1942,0,0,0,R,0,18A17,GRAND AV,CENTURY BL,0,NA,Y,A,-,Y,LA,7,110,-,-,15.099,R,4,S,N,3,0,1,2,A,-,12,21453,A,N,D,C,A,A,H,-,A,A,0,NA,NA,NA,NA,Y,NA,-,NA,0,1,0,0,0,0,0,0,0,-,-,NA,NA,LOS ANGELES,LOS ANGELES,-118.27968719,33.94743484
8160726,2016,2016-11-09,1942,2016-10-20,0720,41158,1088,4,5,7,1942,0,0,0,J,0,16T23,VENTURA BL,HAYVENHURST AV,0,NA,Y,A,-,N,NA,NA,NA,NA,NA,NA,NA,NA,NA,Y,3,0,2,2,A,-,09,21801,A,N,D,C,A,A,H,-,A,D,0,NA,NA,NA,NA,Y,NA,A,01,0,2,0,0,0,0,0,0,0,-,-,NA,NA,LOS ANGELES,LOS ANGELES,-118.49232001,34.15755008
8160727,2016,2016-11-09,1942,2016-10-07,1415,2509B,RD154,5,5,7,1942,0,0,0,NA,0,15A44,BURBANK BL,LAUREL CANYON BL,3,E,N,A,-,N,NA,NA,NA,NA,NA,NA,NA,NA,NA,N,4,0,1,2,A,-,10,21950,A,N,B,B,B,A,H,-,A,A,0,Y,NA,NA,Y,Y,NA,F,85,0,0,1,0,1,0,0,0,0,-,-,NA,NA,LOS ANGELES,LOS ANGELES,-118.3965001,34.17213
8160728,2016,2016-11-10,1942,2016-09-22,1630,32372,1952,4,5,7,1942,0,0,0,NA,0,35M37,SEPULVEDA BL,DEVONSHIRE ST,70,S,N,A,-,N,NA,NA,NA,NA,NA,NA,NA,NA,NA,Y,4,0,2,2,A,-,04,21703,NA,N,C,C,A,A,H,-,A,D,0,NA,NA,NA,NA,Y,NA,A,01,0,0,2,0,0,0,0,0,0,-,-,NA,NA,LOS ANGELES,LOS ANGELES,-118.46747188,34.257118
8160730,2016,2016-11-09,1942,2016-10-19,1830,27792,1077,3,5,7,1942,0,0,0,J,0,10T35,VENTURA BL,LOUISE AV,257,E,N,A,-,N,NA,NA,NA,NA,NA,NA,NA,NA,NA,N,3,0,1,2,A,-,11,21955,NA,N,G,B,D,A,H,-,C,A,0,Y,NA,NA,NA,Y,NA,A,01,0,1,0,0,1,0,0,0,0,-,-,NA,NA,LOS ANGELES,LOS ANGELES,-118.50896385,34.16072328
8160731,2016,2016-11-09,1942,2016-10-09,0550,39516,1049,7,5,7,1942,0,0,0,J,0,10A99,VICTORY BL,HAYVENHURST AV,0,NA,Y,A,-,N,NA,NA,NA,NA,NA,NA,NA,NA,NA,Y,4,0,3,2,A,-,09,21801,A,N,D,C,A,A,H,-,A,A,0,NA,NA,NA,NA,Y,NA,A,01,0,0,3,0,0,0,0,0,0,-,-,NA,NA,LOS ANGELES,LOS ANGELES,-118.49240002,34.1866101
8160732,2016,2016-11-10,1942,2016-09-17,1730,33779,1915,6,5,7,1942,0,0,0,NA,0,15TL44,HUBBARD ST,HERRICK AV,30,W,N,A,-,N,NA,NA,NA,NA,NA,NA,NA,NA,NA,Y,3,0,3,2,A,-,07,21658,A,N,C,C,A,A,H,-,A,A,0,NA,NA,NA,NA,Y,NA,A,07,0,1,2,0,0,0,0,0,0,-,-,NA,NA,LOS ANGELES,LOS ANGELES,-118.44228712,34.29675943
8160733,2016,2017-03-06,1967,2016-10-22,1950,147,NA,6,5,2,1967,0,0,0,NA,0,SOUTH,RT 1,CORONADO AV,0,NA,Y,A,-,Y,LA,7,1,-,-,4.181,I,5,S,Y,4,0,1,2,A,-,09,21801,A,N,D,C,A,A,H,-,C,D,0,NA,NA,NA,NA,Y,NA,A,01,0,0,1,0,0,0,0,0,0,-,-,NA,NA,LOS ANGELES,SIGNAL HILL,-118.15321268,33.78980066
8160734,2016,2016-12-23,1942,2016-10-17,0745,30452,1089,1,5,7,1942,0,0,0,J,0,9TL53,VENTURA BL,HASKELL AV,10,E,N,A,-,N,NA,NA,NA,NA,NA,NA,NA,NA,NA,NA,3,0,2,2,A,-,12,21453,A,N,D,C,A,A,H,-,A,A,0,NA,NA,NA,NA,Y,NA,-,-,0,1,1,0,0,0,0,0,0,-,-,NA,NA,LOS ANGELES,LOS ANGELES,-118.47487733,34.15517616
8160735,2016,2016-11-09,1942,2016-10-09,1220,26319,1007,7,5,7,1942,0,0,0,J,0,19TL74,BALBOA BL,BALBOA PL,10,N,N,A,-,N,NA,NA,NA,NA,NA,NA,NA,NA,NA,Y,4,0,1,3,A,-,08,22107,NA,N,C,C,A,A,H,-,A,A,0,NA,NA,NA,NA,Y,NA,A,01,0,0,1,0,0,0,0,0,0,-,-,NA,NA,LOS ANGELES,LOS ANGELES,-118.50137086,34.2179359
8160736,2016,2016-11-18,1942,2016-09-17,0840,38273,1993,6,5,7,1942,0,0,0,NA,0,15T47,ROSCOE BL,NOBLE AV,4,W,N,A,-,N,NA,NA,NA,NA,NA,NA,NA,NA,NA,Y,4,0,4,3,A,-,05,21651,A,N,A,C,A,A,H,-,A,A,0,NA,NA,NA,NA,Y,NA,D,22,0,0,4,0,0,0,0,0,0,-,-,NA,NA,LOS ANGELES,LOS ANGELES,-118.46186321,34.22146
8160738,2016,2016-11-09,1942,2016-10-01,0835,38273,1047,6,5,7,1942,0,0,0,J,0,15TL47,BURBANK BL,ANDASOL AV,10,E,N,A,-,N,NA,NA,NA,NA,NA,NA,NA,NA,NA,Y,4,0,2,2,A,-,08,22102,NA,N,D,C,A,A,H,-,A,A,0,NA,NA,NA,NA,Y,NA,A,01,0,0,2,0,0,0,0,0,0,-,-,NA,NA,LOS ANGELES,LOS ANGELES,-118.511077,34.1722496
8160739,2016,2016-11-09,1942,2016-10-15,0845,40193,1091,6,5,7,1942,0,0,0,J,0,21TL67,RESEDA BL,COUNTRY CLUB PL,470,N,N,A,-,N,NA,NA,NA,NA,NA,NA,NA,NA,NA,N,3,0,2,4,A,-,03,22350,NA,N,B,E,-,A,H,-,A,D,0,Y,NA,Y,NA,Y,NA,C,02,0,1,1,0,1,0,0,0,1,-,-,NA,NA,LOS ANGELES,LOS ANGELES,-118.5405695,34.14328347
8160740,2016,2016-11-09,1942,2016-10-26,1430,35481,1562,3,5,7,1942,0,0,0,O,0,21R62,MOORPARK ST,LAUREL CANYON BL,0,NA,Y,A,-,N,NA,NA,NA,NA,NA,NA,NA,NA,NA,Y,4,0,2,2,A,-,09,21801,A,N,D,C,A,A,H,-,A,D,0,NA,NA,NA,NA,Y,NA,D,22,0,0,2,0,0,0,0,0,0,-,-,NA,NA,LOS ANGELES,LOS ANGELES,-118.39649003,34.15038006
8160741,2016,2016-11-21,1942,2016-10-11,1350,30511,1785,2,5,7,1942,0,0,0,Q,0,017,NORDHOFF ST,RESEDA BL,100,E,N,A,-,N,NA,NA,NA,NA,NA,NA,NA,NA,NA,N,3,0,1,2,A,-,10,21952,NA,N,G,B,F,A,H,-,A,D,0,Y,NA,NA,NA,Y,NA,-,NA,0,1,0,0,1,0,0,0,0,-,-,NA,NA,LOS ANGELES,LOS ANGELES,-118.53575976,34.23544452
8160742,2016,2016-11-09,1942,2016-10-20,1755,35481,1077,4,5,7,1942,0,0,0,J,0,21TL62,LOUISE AV,VENTURA BL,12,N,N,A,-,N,NA,NA,NA,NA,NA,NA,NA,NA,NA,N,4,0,1,2,A,-,10,21950,A,N,G,B,-,A,H,-,A,A,0,Y,NA,NA,NA,Y,NA,A,01,0,0,1,0,1,0,0,0,0,-,-,NA,NA,LOS ANGELES,LOS ANGELES,-118.50979942,34.16087291
8160743,2016,2016-11-09,1942,2016-10-18,1600,37527,1029,2,5,7,1942,0,0,0,J,0,10A39,VANOWEN,WOODLEY,100,W,N,A,-,N,NA,NA,NA,NA,NA,NA,NA,NA,NA,N,4,0,1,4,A,-,01,23152,A,N,C,E,A,A,H,-,A,D,0,NA,NA,NA,NA,Y,Y,A,08,0,0,1,0,0,0,0,0,0,-,-,NA,NA,LOS ANGELES,LOS ANGELES,-118.4839901,34.19391
8160744,2016,2016-12-13,1942,2016-10-21,1040,38956,1545,5,5,7,1942,0,0,0,O,0,17TL13,COLFAX AV,CHANDLER BL,0,NA,Y,A,-,N,NA,NA,NA,NA,NA,NA,NA,NA,NA,N,4,0,1,2,A,-,12,21453,A,N,D,C,A,A,H,-,A,A,0,NA,NA,NA,NA,Y,NA,A,01,0,0,1,0,0,0,0,0,0,-,-,NA,NA,LOS ANGELES,LOS ANGELES,-118.38776011,34.16865001
8160745,2016,2017-03-01,1942,2016-10-13,1320,39473,1524,4,5,7,1942,0,0,0,O,0,17T46,VICTORY BL,RT 170,0,NA,Y,A,-,Y,LA,7,170,-,-,17.062,R,4,N,N,4,0,2,2,A,-,09,21802,A,N,D,C,A,A,H,-,A,A,0,NA,NA,NA,NA,Y,NA,A,07,0,0,2,0,0,0,0,0,0,-,-,NA,NA,LOS ANGELES,LOS ANGELES,-118.39977273,34.1842785
8160746,2016,2016-11-09,1942,2016-10-09,1750,40029,17,7,5,7,1942,0,0,0,Q,0,17X54,HORACE ST,ENCINO AV,0,NA,Y,B,-,N,NA,NA,NA,NA,NA,NA,NA,NA,NA,N,4,0,1,2,A,-,09,21802,A,N,A,C,A,A,H,-,A,D,0,NA,NA,Y,NA,Y,NA,A,01,0,0,1,0,0,0,0,0,1,-,-,NA,NA,LOS ANGELES,LOS ANGELES,-118.51536013,34.26972008
8160747,2016,2016-11-09,1942,2016-10-21,1710,35481,1752,5,5,7,1942,0,0,0,Q,0,21TL62,DE SOTO AV,VINTAGE ST,0,NA,Y,A,-,N,NA,NA,NA,NA,NA,NA,NA,NA,NA,Y,3,0,3,2,A,-,01,23152,A,N,D,C,A,A,H,-,A,A,0,NA,NA,NA,NA,Y,Y,D,22,0,3,0,0,0,0,0,0,0,-,-,NA,NA,LOS ANGELES,LOS ANGELES,-118.58857003,34.25182002
8160748,2016,2016-11-14,1942,2016-10-10,1830,39795,1519,1,5,7,1942,0,0,0,O,0,15A27,DENNY AV,DENNY AV 6430,0,NA,-,A,-,N,NA,NA,NA,NA,NA,NA,NA,NA,NA,N,4,0,1,2,A,-,11,21954,A,N,G,B,E,A,H,-,B,D,0,Y,NA,NA,NA,Y,NA,N,60,0,0,1,0,1,0,0,0,0,-,-,NA,NA,LOS ANGELES,LOS ANGELES,-118.364891,34.187663
8160750,2016,2016-11-09,1942,2016-10-06,0710,26347,1701,4,5,7,1942,0,0,0,Q,0,17A23,ARBELLA PL,AZURITA CT,50,E,N,A,-,N,NA,NA,NA,NA,NA,NA,NA,NA,NA,N,3,0,1,2,A,-,11,21954,A,N,G,B,E,A,H,-,A,D,0,Y,NA,NA,NA,Y,NA,N,60,0,1,0,0,1,0,0,0,0,-,-,NA,NA,LOS ANGELES,LOS ANGELES,-118.578663,34.292609