CASE_ID,ACCIDENT_YEAR,PROC_DATE,JURIS,COLLISION_DATE,COLLISION_TIME,OFFICER_ID,REPORTING_DISTRICT,DAY_OF_WEEK,CHP_SHIFT,POPULATION,CNTY_CITY_LOC,SPECIAL_COND,BEAT_TYPE,CHP_BEAT_TYPE,CITY_DIVISION_LAPD,CHP_BEAT_CLASS,BEAT_NUMBER,PRIMARY_RD,SECONDARY_RD,DISTANCE,DIRECTION,INTERSECTION,WEATHER_1,WEATHER_2,STATE_HWY_IND,CALTRANS_COUNTY,CALTRANS_DISTRICT,STATE_ROUTE,ROUTE_SUFFIX,POSTMILE_PREFIX,POSTMILE,LOCATION_TYPE,RAMP_INTERSECTION,SIDE_OF_HWY,TOW_AWAY,COLLISION_SEVERITY,NUMBER_KILLED,NUMBER_INJURED,PARTY_COUNT,PRIMARY_COLL_FACTOR,PCF_CODE_OF_VIOL,PCF_VIOL_CATEGORY,PCF_VIOLATION,PCF_VIOL_SUBSECTION,HIT_AND_RUN,TYPE_OF_COLLISION,MVIW,PED_ACTION,ROAD_SURFACE,ROAD_COND_1,ROAD_COND_2,LIGHTING,CONTROL_DEVICE,CHP_ROAD_TYPE,PEDESTRIAN_ACCIDENT,BICYCLE_ACCIDENT,MOTORCYCLE_ACCIDENT,TRUCK_ACCIDENT,NOT_PRIVATE_PROPERTY,ALCOHOL_INVOLVED,STWD_VEHTYPE_AT_FAULT,CHP_VEHTYPE_AT_FAULT,COUNT_SEVERE_INJ,COUNT_VISIBLE_INJ,COUNT_COMPLAINT_PAIN,COUNT_PED_KILLED,COUNT_PED_INJURED,COUNT_BICYCLIST_KILLED,COUNT_BICYCLIST_INJURED,COUNT_MC_KILLED,COUNT_MC_INJURED,PRIMARY_RAMP,SECONDARY_RAMP,LATITUDE,LONGITUDE,COUNTY,CITY,POINT_X,POINT_Y
8160959,2016,2016-11-09,1942,2016-10-16,1020,41521,1827,7,5,7,1942,0,0,0,R,0,18T23,HOLMES AV,97TH ST,0,NA,Y,B,-,N,NA,NA,NA,NA,NA,NA,NA,NA,NA,Y,4,0,1,2,A,-,09,21802,A,F,D,C,A,A,H,-,A,A,0,NA,NA,NA,NA,Y,NA,A,01,0,0,1,0,0,0,0,0,0,-,-,NA,NA,LOS ANGELES,LOS ANGELES,-118.24081003,33.94817009
8160960,2016,2016-12-16,1942,2016-10-20,1725,40902,1802,4,5,7,1942,0,0,0,R,0,018,92ND ST,BROADWAY,0,NA,Y,A,-,N,NA,NA,NA,NA,NA,NA,NA,NA,NA,Y,3,0,1,2,A,-,12,21453,A,N,D,C,A,A,H,-,A,A,0,NA,NA,NA,NA,Y,NA,-,-,0,1,0,0,0,0,0,0,0,-,-,NA,NA,LOS ANGELES,LOS ANGELES,-118.2784701,33.95279003
8160961,2016,2016-11-09,1942,2016-10-12,1245,39473,1557,3,5,7,1942,0,0,0,O,0,17T46,MAGNOLIA BL,CARTWRIGHT AV,0,NA,Y,A,-,N,NA,NA,NA,NA,NA,NA,NA,NA,NA,Y,4,0,2,2,A,-,09,21802,A,N,D,C,A,A,H,-,A,A,0,NA,NA,NA,NA,Y,NA,A,01,0,0,2,0,0,0,0,0,0,-,-,NA,NA,LOS ANGELES,LOS ANGELES,-118.36371005,34.16490001
8160962,2016,2016-11-09,1942,2016-10-02,1315,40735,1544,7,5,7,1942,0,0,0,O,0,9TL54,RIVERSIDE DR,LAUREL CYN BL,192,W,N,A,-,N,NA,NA,NA,NA,NA,NA,NA,NA,NA,N,4,0,1,2,A,-,04,21703,NA,N,C,C,A,A,H,-,A,D,0,NA,NA,NA,NA,Y,NA,A,01,0,0,1,0,0,0,0,0,0,-,-,NA,NA,LOS ANGELES,LOS ANGELES,-118.3971234,34.15761208
8160963,2016,2016-11-17,1942,2016-10-17,1510,42491,LOS A,1,5,7,1942,0,0,0,NA,0,9A19,SHERMAN WAY,WOODMAN AV,150,E,N,B,-,N,NA,NA,NA,NA,NA,NA,NA,NA,NA,N,4,0,1,3,A,-,04,21703,NA,N,C,C,A,A,H,-,A,D,0,NA,NA,NA,NA,Y,NA,A,01,0,0,1,0,0,0,0,0,0,-,-,NA,NA,LOS ANGELES,LOS ANGELES,-118.43074483,34.20119
8160964,2016,2016-11-09,1942,2016-10-13,0945,40290,10TL3,4,5,7,1942,0,0,0,J,0,10TL17,LAUREL CANYON,BURBANK BL,100,S,N,A,-,N,NA,NA,NA,NA,NA,NA,NA,NA,NA,NA,4,0,1,2,A,-,21,22106,NA,N,B,C,A,A,H,-,A,D,0,NA,NA,NA,NA,Y,NA,A,01,0,0,1,0,0,0,0,0,0,-,-,NA,NA,LOS ANGELES,LOS ANGELES,-118.39651,34.17185572
8160965,2016,2016-11-09,1942,2016-10-02,1345,36733,1035,7,5,7,1942,0,0,0,J,0,10TL34,RESEDA BL,KITTRIDGE ST,0,NA,Y,A,-,N,NA,NA,NA,NA,NA,NA,NA,NA,NA,Y,4,0,3,2,A,-,09,21801,A,N,D,C,A,A,H,-,A,A,0,NA,NA,NA,NA,Y,NA,A,01,0,0,3,0,0,0,0,0,0,-,-,NA,NA,LOS ANGELES,LOS ANGELES,-118.53603007,34.19046001
8160966,2016,2016-11-09,1942,2016-10-02,2000,36599,1503,7,5,7,1942,0,0,0,O,0,10T37,LAUREL CYN BL,SATICOY ST,0,NA,Y,A,-,N,NA,NA,NA,NA,NA,NA,NA,NA,NA,Y,3,0,2,2,A,-,09,21801,A,N,D,C,A,A,H,-,C,A,0,NA,NA,NA,NA,Y,NA,A,01,0,1,1,0,0,0,0,0,0,-,-,NA,NA,LOS ANGELES,LOS ANGELES,-118.39651011,34.20848003
8160967,2016,2016-11-09,1942,2016-10-19,1055,35346,0938,3,5,7,1942,0,0,0,I,0,10TL37,VICTORY BL,FULTON ST,20,W,N,A,-,N,NA,NA,NA,NA,NA,NA,NA,NA,NA,Y,4,0,1,2,A,-,09,21801,A,N,D,C,A,A,H,-,A,A,0,NA,NA,NA,NA,Y,NA,A,01,0,0,1,0,0,0,0,0,0,-,-,NA,NA,LOS ANGELES,LOS ANGELES,-118.42256601,34.18668
8160968,2016,2016-11-09,1942,2016-10-11,1115,30830,1513,2,5,7,1942,0,0,0,O,0,16T23,VANOWEN ST,BABCOCK AV,135,E,N,A,-,N,NA,NA,NA,NA,NA,NA,NA,NA,NA,N,4,0,2,3,A,-,07,21658,A,F,B,C,A,A,H,-,A,A,0,NA,NA,NA,NA,Y,NA,-,99,0,0,2,0,0,0,0,0,0,-,-,NA,NA,LOS ANGELES,LOS ANGELES,-118.40683439,34.19395
8160969,2016,2016-11-09,1942,2016-10-12,2150,37562,1547,3,5,7,1942,0,0,0,O,0,15A33,N CHANDLER BL,TUJUNGA AV,100,W,N,A,-,N,NA,NA,NA,NA,NA,NA,NA,NA,NA,N,4,0,1,2,A,-,08,22107,NA,N,D,C,A,A,H,-,C,D,0,NA,NA,NA,NA,Y,NA,A,01,0,0,1,0,0,0,0,0,0,-,-,NA,NA,LOS ANGELES,LOS ANGELES,-118.37930997,34.16885
8160971,2016,2016-11-09,1942,2016-10-10,0930,42314,2158,1,5,7,1942,0,0,0,NA,0,21A73,DE SOTO AV,EL RANCHO DR,200,N,N,A,-,N,NA,NA,NA,NA,NA,NA,NA,NA,NA,Y,4,0,1,2,A,-,09,21804,A,N,D,C,A,A,H,-,A,D,0,NA,NA,NA,NA,Y,NA,A,01,0,0,1,0,0,0,0,0,0,-,-,NA,NA,LOS ANGELES,LOS ANGELES,-118.5884345,34.18525675
8160972,2016,2016-11-09,1942,2016-10-15,1245,39410,1589,6,5,7,1942,0,0,0,O,0,16TL26,FOREST LAWN DR,MEMORIAL DR,950,E,N,A,-,N,NA,NA,NA,NA,NA,NA,NA,NA,NA,Y,4,0,1,2,A,-,08,22100,B,N,D,C,A,A,H,-,A,D,0,NA,NA,NA,NA,Y,NA,A,01,0,0,1,0,0,0,0,0,0,-,-,NA,NA,LOS ANGELES,LOS ANGELES,-118.3261571,34.15203953
8160973,2016,2016-11-09,1942,2016-10-11,1840,37287,1502,2,5,7,1942,0,0,0,O,0,15A28,BELLAIRE AV,STRATHERN ST,0,NA,Y,A,-,N,NA,NA,NA,NA,NA,NA,NA,NA,NA,N,4,0,1,2,A,-,05,21650,1,N,D,G,A,A,H,-,C,D,0,NA,Y,NA,NA,Y,NA,L,04,0,0,1,0,0,0,1,0,0,-,-,NA,NA,LOS ANGELES,LOS ANGELES,-118.41304003,34.21578004
8160975,2016,2016-11-09,1942,2016-10-09,1325,33294,0932,7,5,7,1942,0,0,0,I,0,35M55,NOBLE AV,DOMINO ST,35,N,N,A,-,N,NA,NA,NA,NA,NA,NA,NA,NA,NA,Y,3,0,3,2,A,-,04,21703,NA,N,C,C,A,A,H,-,A,A,0,NA,NA,NA,NA,Y,NA,A,07,0,2,1,0,0,0,0,0,0,-,-,NA,NA,LOS ANGELES,LOS ANGELES,-118.46184,34.184006
8160976,2016,2016-11-09,1942,2016-10-17,0800,41524,1595,1,5,7,1942,0,0,0,O,0,15A21,LANKERSHIM BL,JAMES STEWART AV,30,S,N,C,-,N,NA,NA,NA,NA,NA,NA,NA,NA,NA,Y,3,0,1,1,A,-,03,22350,NA,N,E,J,A,B,H,-,A,D,0,NA,NA,NA,NA,Y,NA,A,01,0,1,0,0,0,0,0,0,0,-,-,NA,NA,LOS ANGELES,LOS ANGELES,-118.36097,34.14178772
8160977,2016,2016-11-09,1942,2016-10-01,2030,42437,1043,6,5,7,1942,0,0,0,J,0,10A99,RESEDA BL,OXNARD ST,85,N,N,A,-,N,NA,NA,NA,NA,NA,NA,NA,NA,NA,N,3,0,1,2,A,-,05,21650,1,N,G,B,A,A,H,-,C,A,0,NA,Y,NA,NA,Y,NA,L,04,0,1,0,0,0,0,1,0,0,-,-,NA,NA,LOS ANGELES,LOS ANGELES,-118.53601726,34.18021292
8160979,2016,2016-11-09,1942,2016-10-17,1330,27194,905,1,5,7,1942,0,0,0,NA,0,9A89,VALERIO ST,VAN NUYS BL,0,NA,Y,A,-,N,NA,NA,NA,NA,NA,NA,NA,NA,NA,Y,4,0,1,2,A,-,12,21453,A,N,D,C,A,A,H,-,A,A,0,NA,NA,NA,NA,Y,NA,-,NA,0,0,1,0,0,0,0,0,0,-,-,NA,NA,LOS ANGELES,LOS ANGELES,-118.44875009,34.20483009
8160980,2016,2017-03-01,1942,2016-10-02,0115,41928,1513,7,5,7,1942,0,0,0,O,0,15A24,SHERMAN WAY,RT 170,0,NA,Y,A,-,Y,LA,7,170,-,-,18.454,R,4,S,Y,4,0,3,2,A,-,12,21453,A,F,D,C,A,A,-,-,C,A,0,NA,NA,NA,NA,Y,NA,-,99,0,0,3,0,0,0,0,0,0,-,SF,NA,NA,LOS ANGELES,LOS ANGELES,-118.40492887,34.20362829
8160981,2016,2016-11-09,1942,2016-10-13,1610,39941,1545,4,5,7,1942,0,0,0,O,0,15EL1,MAGNOLIA BL,BEN AV,200,E,N,A,-,N,NA,NA,NA,NA,NA,NA,NA,NA,NA,N,3,0,5,2,A,-,09,21804,A,N,D,C,A,A,H,-,A,-,0,NA,NA,NA,NA,Y,NA,A,01,0,4,1,0,0,0,0,0,0,-,-,NA,NA,LOS ANGELES,LOS ANGELES,-118.39368008,34.16488835
8160983,2016,2016-11-09,1942,2016-10-15,2135,41249,0971,6,5,7,1942,0,0,0,I,0,9A41,MOORPARK ST,NOBLE AV,0,NA,Y,A,-,N,NA,NA,NA,NA,NA,NA,NA,NA,NA,N,4,0,1,2,A,-,08,22107,NA,N,B,C,A,A,H,-,C,D,0,NA,NA,NA,NA,Y,NA,A,01,0,0,1,0,0,0,0,0,0,-,-,NA,NA,LOS ANGELES,LOS ANGELES,-118.46183003,34.15401003
8160984,2016,2016-11-09,1942,2016-10-14,1650,39473,1023,5,5,7,1942,0,0,0,J,0,17TL16,TAMPA AV,KITTRIDGE ST,20,S,N,A,-,N,NA,NA,NA,NA,NA,NA,NA,NA,NA,N,4,0,1,2,A,-,04,21703,NA,F,C,C,A,A,H,-,A,A,0,NA,NA,NA,NA,Y,NA,-,99,0,0,1,0,0,0,0,0,0,-,-,NA,NA,LOS ANGELES,LOS ANGELES,-118.55345,34.19051514
8160985,2016,2016-12-16,1942,2016-10-07,0750,41393,WVAL,5,5,7,1942,0,0,0,NA,0,10EL1,HAYVENHURST,OTSEGO,0,NA,Y,A,-,N,NA,NA,NA,NA,NA,NA,NA,NA,NA,Y,3,0,1,2,A,-,09,21802,A,N,D,C,A,A,H,-,A,D,0,NA,NA,NA,NA,Y,NA,-,NA,0,1,0,0,0,0,0,0,0,-,-,NA,NA,LOS ANGELES,LOS ANGELES,-118.49236009,34.16263005
8160987,2016,2016-11-09,1942,2016-10-14,1555,41949,RD104,5,5,7,1942,0,0,0,NA,0,10A83,WHITE OAK,MARTHA ST,10,S,N,A,-,N,NA,NA,NA,NA,NA,NA,NA,NA,NA,N,4,0,2,2,A,-,09,21801,A,N,H,C,A,A,H,-,A,D,0,NA,NA,NA,NA,Y,NA,A,01,0,0,2,0,0,0,0,0,0,-,-,NA,NA,LOS ANGELES,LOS ANGELES,-118.51879,34.17314
8160988,2016,2016-11-09,1942,2016-10-08,1445,38399,2185,6,5,7,1942,0,0,0,NA,0,21A29,TOPANGA CANYON BL,MULHOLLAND DR,100,S,N,A,-,N,NA,NA,NA,NA,NA,NA,NA,NA,NA,N,2,0,1,2,A,-,03,22350,NA,F,B,G,A,A,H,-,A,D,0,NA,Y,NA,NA,Y,NA,L,04,1,0,0,0,0,0,1,0,0,-,-,NA,NA,LOS ANGELES,LOS ANGELES,-118.60475717999999,34.15092619
8160989,2016,2016-11-09,1942,2016-10-07,1250,41915,1045,5,5,7,1942,0,0,0,J,0,10A3,BURBANK BL,LINDLEY AV,0,NA,Y,A,-,N,NA,NA,NA,NA,NA,NA,NA,NA,NA,N,3,0,1,2,A,-,09,21801,A,N,A,C,A,A,H,-,A,A,0,NA,NA,NA,NA,Y,Y,A,01,0,1,0,0,0,0,0,0,0,-,-,NA,NA,LOS ANGELES,LOS ANGELES,-118.52728007,34.17225007
8160990,2016,2016-11-09,1942,2016-10-04,1305,38887,1545,2,5,7,1942,0,0,0,O,0,15A43,COLFAX AV,HARTSOOK ST,150,S,N,A,-,N,NA,NA,NA,NA,NA,NA,NA,NA,NA,Y,3,0,2,2,A,-,05,21650,NA,N,A,C,A,A,H,-,A,A,0,NA,NA,NA,NA,Y,NA,A,01,0,1,1,0,0,0,0,0,0,-,-,NA,NA,LOS ANGELES,LOS ANGELES,-118.38777,34.16357858
8160991,2016,2017-03-01,1942,2016-10-15,1955,41293,1045,6,5,7,1942,0,0,0,J,0,10A83,WHITE OAK,RT 101,0,NA,Y,F,-,Y,LA,7,101,-,-,20.375,R,4,N,N,3,0,1,2,D,-,00,NA,NA,N,D,C,A,B,D,-,C,A,0,NA,NA,NA,NA,Y,NA,-,-,0,1,0,0,0,0,0,0,0,-,-,NA,NA,LOS ANGELES,LOS ANGELES,-118.52099812,34.17128916
8160992,2016,2016-11-09,1942,2016-10-12,2030,32963,1787,3,5,7,1942,0,0,0,Q,0,17A35,ZELZAH AV,SUPERIOR ST,0,NA,Y,A,-,N,NA,NA,NA,NA,NA,NA,NA,NA,NA,N,4,0,1,2,A,-,03,22350,NA,F,C,C,A,A,H,-,C,A,0,NA,NA,NA,NA,Y,NA,-,99,0,0,1,0,0,0,0,0,0,-,-,NA,NA,LOS ANGELES,LOS ANGELES,-118.52330009,34.24675001
8160993,2016,2016-11-09,1942,2016-10-04,0715,35346,1047,2,5,7,1942,0,0,0,J,0,10T47,BURBANK BL,BALBOA BL,700,W,N,A,-,N,NA,NA,NA,NA,NA,NA,NA,NA,NA,N,3,0,1,2,A,-,11,21954,A,N,G,B,D,A,H,-,A,A,0,Y,NA,NA,NA,Y,NA,N,60,0,1,0,0,1,0,0,0,0,-,-,NA,NA,LOS ANGELES,LOS ANGELES,-118.50350015,34.17222458
8160994,2016,2016-11-09,1942,2016-10-05,1735,33294,1523,3,5,7,1942,0,0,0,O,0,35M55,WHITSETT AV,HAMLIN ST,0,NA,Y,A,-,N,NA,NA,NA,NA,NA,NA,NA,NA,NA,Y,3,0,3,2,A,-,09,21802,A,N,A,C,A,A,H,-,A,A,0,NA,NA,NA,NA,Y,NA,A,07,0,1,2,0,0,0,0,0,0,-,-,NA,NA,LOS ANGELES,LOS ANGELES,-118.40526004,34.18853002
8160995,2016,2016-11-09,1942,2016-10-19,1820,38356,0941,3,5,7,1942,0,0,0,I,0,9TL58,VAN NUYS BL,ALBERS ST,0,NA,Y,A,-,N,NA,NA,NA,NA,NA,NA,NA,NA,NA,Y,3,0,2,2,A,-,09,21801,A,N,D,C,A,A,H,-,B,A,0,NA,NA,NA,NA,Y,NA,A,01,0,2,0,0,0,0,0,0,0,-,-,NA,NA,LOS ANGELES,LOS ANGELES,-118.44872003,34.17030001
8160996,2016,2017-02-07,1942,2016-10-16,1720,41145,1657,7,5,7,1942,0,0,0,P,0,16X54,FOOTHILL BL,MCVINE AV,0,NA,Y,A,-,N,NA,NA,NA,NA,NA,NA,NA,NA,NA,Y,4,0,1,2,A,-,03,22350,NA,F,C,C,A,A,H,-,A,A,0,NA,NA,NA,NA,Y,NA,-,99,0,0,1,0,0,0,0,0,0,-,-,NA,NA,LOS ANGELES,LOS ANGELES,-118.31138011,34.25967006
8160997,2016,2016-11-09,1942,2016-10-06,0300,42418,WVAL1,4,5,7,1942,0,0,0,NA,0,10A17,VANOWEN ST,BALBOA BL,0,NA,Y,A,-,N,NA,NA,NA,NA,NA,NA,NA,NA,NA,Y,3,0,2,2,A,-,12,21453,A,N,D,C,A,A,H,-,C,A,0,NA,NA,NA,NA,Y,NA,A,01,0,1,1,0,0,0,0,0,0,-,-,NA,NA,LOS ANGELES,LOS ANGELES,-118.50112008,34.19390008
8160998,2016,2017-04-12,1942,2016-10-03,0740,32361,1521,1,5,7,1942,0,0,0,O,0,15A33,SHERMAN WY,TUJUNGA AV,0,NA,Y,A,-,N,NA,NA,NA,NA,NA,NA,NA,NA,NA,Y,3,0,2,2,A,-,09,21801,A,N,B,C,A,A,H,-,A,D,0,NA,NA,NA,NA,Y,NA,A,01,0,1,1,0,0,0,0,0,0,-,-,NA,NA,LOS ANGELES,LOS ANGELES,-118.3790301,34.20118003
8160999,2016,2016-12-23,1942,2016-10-20,0900,27260,0969,4,5,7,1942,0,0,0,I,0,M29,RIVERSIDE DR,COLD WATER CANYON,200,E,N,A,-,N,NA,NA,NA,NA,NA,NA,NA,NA,NA,N,2,0,2,3,A,-,-,NA,NA,N,A,G,A,A,H,-,A,D,0,NA,Y,NA,NA,Y,NA,A,01,1,0,1,0,0,0,2,0,0,-,-,NA,NA,LOS ANGELES,LOS ANGELES,-118.41313012,34.15763
8161000,2016,2016-11-09,1942,2016-10-07,0820,33504,1761,5,5,7,1942,0,0,0,Q,0,19TL77,CANOGA AV,LASSEN ST,200,N,N,A,-,N,NA,NA,NA,NA,NA,NA,NA,NA,NA,N,4,0,1,2,A,-,04,21703,NA,F,C,C,A,A,H,-,A,D,0,NA,NA,NA,NA,Y,NA,-,99,0,0,1,0,0,0,0,0,0,-,-,NA,NA,LOS ANGELES,LOS ANGELES,-118.59733558,34.25053804
8161001,2016,2016-11-10,1942,2016-10-05,1730,36633,1027,3,5,7,1942,0,0,0,J,0,10X24,SHERMAN WY,LOUISE,0,NA,Y,-,-,N,NA,NA,NA,NA,NA,NA,NA,NA,NA,Y,4,0,1,4,A,-,12,21453,A,N,-,C,A,A,H,-,A,A,0,NA,NA,NA,NA,Y,NA,-,NA,0,0,1,0,0,0,0,0,0,-,-,NA,NA,LOS ANGELES,LOS ANGELES,-118.50981004,34.20122008
8161002,2016,2016-11-09,1942,2016-10-03,1835,34599,1503,1,5,7,1942,0,0,0,O,0,15TL43,SHERMAN WY,RADFORD AV,405,W,N,A,-,N,NA,NA,NA,NA,NA,NA,NA,NA,NA,N,4,0,2,2,A,-,08,22107,NA,N,C,C,A,A,H,-,C,A,0,NA,NA,NA,NA,Y,NA,A,07,0,0,2,0,0,0,0,0,0,-,-,NA,NA,LOS ANGELES,LOS ANGELES,-118.3934688,34.20101428
8161003,2016,2016-11-09,1942,2016-10-12,1940,41175,1067,3,5,7,1942,0,0,0,J,0,10A3,LOUISE AV,KILLION ST,0,NA,Y,A,-,N,NA,NA,NA,NA,NA,NA,NA,NA,NA,Y,4,0,1,2,A,-,12,22450,A,N,D,C,A,A,H,-,C,D,0,NA,NA,NA,NA,Y,NA,A,01,0,0,1,0,0,0,0,0,0,-,-,NA,NA,LOS ANGELES,LOS ANGELES,-118.50987003,34.17088006
8161004,2016,2017-04-13,1942,2016-10-07,2145,38692,1985,5,5,7,1942,0,0,0,NA,0,19A79,ROSCOE BL,TOBIAS AV,0,NA,Y,A,-,N,NA,NA,NA,NA,NA,NA,NA,NA,NA,Y,3,0,1,2,A,-,08,22107,NA,F,D,C,A,A,H,-,C,A,0,NA,NA,NA,NA,Y,NA,-,99,0,1,0,0,0,0,0,0,0,-,-,NA,NA,LOS ANGELES,LOS ANGELES,-118.45169003,34.22152006
8161005,2016,2016-11-09,1942,2016-10-06,0800,42153,1037,4,5,7,1942,0,0,0,J,0,10A83,VICTORY,LOUISE AV,6,S,N,A,-,N,NA,NA,NA,NA,NA,NA,NA,NA,NA,N,4,0,1,2,A,-,10,21950,A,N,G,B,B,A,H,-,A,A,0,Y,NA,NA,NA,Y,NA,-,NA,0,0,1,0,1,0,0,0,0,-,-,NA,NA,LOS ANGELES,LOS ANGELES,-118.51006,34.18682
8161006,2016,2016-11-09,1942,2016-10-05,1000,40542,1551,3,5,7,1942,0,0,0,O,0,9T53,LAUREL CANYON BL,KLING ST,0,NA,Y,A,-,N,NA,NA,NA,NA,NA,NA,NA,NA,NA,Y,3,0,2,2,A,-,09,21801,A,N,D,C,A,A,H,-,A,D,0,NA,NA,NA,NA,Y,NA,A,01,0,1,1,0,0,0,0,0,0,-,-,NA,NA,LOS ANGELES,LOS ANGELES,-118.39648001,34.15581002
8161007,2016,2016-11-09,1942,2016-10-12,1450,36270,1025,3,5,7,1942,0,0,0,J,0,9A63,LINDLEY AV,HART ST,55,S,N,A,-,N,NA,NA,NA,NA,NA,NA,NA,NA,NA,N,4,0,1,2,A,-,04,21703,NA,N,C,D,A,A,H,-,A,-,0,NA,NA,NA,NA,Y,NA,A,01,0,0,1,0,0,0,0,0,0,-,-,NA,NA,LOS ANGELES,LOS ANGELES,-118.52729957,34.19733913
8161008,2016,2016-12-23,1942,2016-10-02,2225,40972,2146,7,5,7,1942,0,0,0,NA,0,10T37,VANOWEN ST,ETON AV,60,W,N,A,-,N,NA,NA,NA,NA,NA,NA,NA,NA,NA,N,4,0,1,3,A,-,03,22350,NA,F,C,C,E,A,H,-,C,A,0,Y,NA,NA,NA,Y,NA,-,99,0,0,1,0,0,0,0,0,0,-,-,NA,NA,LOS ANGELES,LOS ANGELES,-118.59566808,34.19375
8161009,2016,2016-11-09,1942,2016-10-06,1800,40634,1001,4,5,7,1942,0,0,0,J,0,10X28,CORBIN,INGOMAR AV,200,N,N,A,-,N,NA,NA,NA,NA,NA,NA,NA,NA,NA,NA,4,0,2,3,A,-,08,22107,NA,N,A,B,F,A,H,-,A,D,0,Y,NA,NA,NA,Y,NA,-,NA,0,0,2,0,1,0,0,0,0,-,-,NA,NA,LOS ANGELES,LOS ANGELES,-118.56227954,34.21257858
8161010,2016,2016-11-09,1942,2016-10-04,2025,41462,1547,2,5,7,1942,0,0,0,O,0,15A39W,BURBANK BL,BECK AV,0,NA,Y,A,-,N,NA,NA,NA,NA,NA,NA,NA,NA,NA,N,4,0,1,2,A,-,09,21801,A,N,D,C,A,A,H,-,B,D,0,NA,NA,NA,NA,Y,NA,A,01,0,0,1,0,0,0,0,0,0,-,-,NA,NA,LOS ANGELES,LOS ANGELES,-118.38341002,34.17215002
8161011,2016,2016-11-09,1942,2016-10-16,1335,39068,1083,7,5,7,1942,0,0,0,J,0,10A83,VANALDEN AV,ROSITA ST,100,S,N,A,-,N,NA,NA,NA,NA,NA,NA,NA,NA,NA,Y,3,0,2,1,A,-,03,22350,NA,N,B,I,A,A,H,-,A,D,0,NA,NA,NA,NA,Y,NA,-,NA,0,2,0,0,0,0,0,0,0,-,-,NA,NA,LOS ANGELES,LOS ANGELES,-118.55312193,34.15751576
8161012,2016,2016-11-09,1942,2016-10-10,1825,36599,1998,1,5,7,1942,0,0,0,NA,0,9T57,ROSCOE BL,LENNOX AV,235,W,N,A,-,N,NA,NA,NA,NA,NA,NA,NA,NA,NA,N,4,0,1,2,A,-,09,21804,A,F,D,G,A,A,H,-,C,A,0,NA,Y,NA,NA,Y,NA,-,99,0,0,1,0,0,0,1,0,0,-,-,NA,NA,LOS ANGELES,LOS ANGELES,-118.44673597,34.22158
8161013,2016,2016-12-16,1942,2016-10-08,0555,39200,1039,6,5,7,1942,0,0,0,J,0,10A17,WOODLEY,VANOWEN,0,NA,Y,A,-,N,NA,NA,NA,NA,NA,NA,NA,NA,NA,Y,4,0,2,2,A,-,12,21453,A,N,-,C,A,A,H,-,A,A,0,NA,NA,NA,NA,Y,NA,-,-,0,0,2,0,0,0,0,0,0,-,-,NA,NA,LOS ANGELES,LOS ANGELES,-118.48366011,34.19391001
8161014,2016,2016-11-09,1942,2016-10-09,1645,33947,1585,7,5,7,1942,0,0,0,O,0,35M42,VENTURA BL,TUJUNGA AV,0,NA,Y,A,-,N,NA,NA,NA,NA,NA,NA,NA,NA,NA,Y,3,0,2,2,A,-,09,21801,A,N,A,C,A,A,H,-,A,A,0,NA,NA,NA,NA,Y,NA,A,01,0,2,0,0,0,0,0,0,0,-,-,NA,NA,LOS ANGELES,LOS ANGELES,-118.3789801,34.13989002
8161015,2016,2016-11-09,1942,2016-10-17,1720,38857,1033,1,5,7,1942,0,0,0,J,0,17TL14,VICTORY BL,RESEDA BL,0,NA,Y,A,-,N,NA,NA,NA,NA,NA,NA,NA,NA,NA,Y,4,0,1,2,A,-,09,21801,A,N,D,C,A,A,H,-,A,A,0,NA,NA,NA,NA,Y,NA,A,01,0,0,1,0,0,0,0,0,0,-,-,NA,NA,LOS ANGELES,LOS ANGELES,-118.53602012,34.18657009
8161016,2016,2016-11-09,1942,2016-10-19,0145,38354,1543,3,5,7,1942,0,0,0,O,0,16T,LAUREL CANYON BL,ADDISON ST,98,N,N,A,-,N,NA,NA,NA,NA,NA,NA,NA,NA,NA,Y,3,0,2,2,A,-,01,23152,A,F,D,C,A,A,H,-,C,A,0,NA,NA,NA,NA,Y,Y,A,01,0,2,0,0,0,0,0,0,0,-,-,NA,NA,LOS ANGELES,LOS ANGELES,-118.3965,34.16151879
8161017,2016,2016-11-09,1942,2016-10-10,1655,42438,1098,1,5,7,1942,0,0,0,J,0,10A38,SEPULVEDA BL,W HERSCHER WY,233,N,N,A,-,N,NA,NA,NA,NA,NA,NA,NA,NA,NA,Y,2,0,3,2,A,-,09,21801,A,N,D,C,A,A,E,-,A,D,0,NA,NA,NA,NA,Y,NA,-,NA,1,0,2,0,0,0,0,0,0,-,-,NA,NA,LOS ANGELES,LOS ANGELES,NA,NA
8161018,2016,2016-11-09,1942,2016-10-08,1525,38772,NA,6,5,7,1942,0,0,0,NA,0,16A81,OXNARD,WHITSETT,0,NA,Y,A,-,N,NA,NA,NA,NA,NA,NA,NA,NA,NA,Y,3,0,2,2,A,-,09,21801,A,N,A,C,A,A,H,-,A,A,0,NA,NA,NA,NA,Y,NA,-,NA,0,2,0,0,0,0,0,0,0,-,-,NA,NA,LOS ANGELES,LOS ANGELES,-118.40526,34.1794101
8161019,2016,2016-11-09,1942,2016-10-16,1438,41240,1025,7,5,7,1942,0,0,0,J,0,10A3,LINDLEY AV,VALERIO ST,180,S,N,A,-,N,NA,NA,NA,NA,NA,NA,NA,NA,NA,Y,4,0,1,2,A,-,03,22350,A,N,C,E,A,A,H,-,C,D,0,NA,NA,NA,NA,Y,NA,-,NA,0,0,1,0,0,0,0,0,0,-,-,NA,NA,LOS ANGELES,LOS ANGELES,-118.52730586,34.20426626