CASE_ID,ACCIDENT_YEAR,PROC_DATE,JURIS,COLLISION_DATE,COLLISION_TIME,OFFICER_ID,REPORTING_DISTRICT,DAY_OF_WEEK,CHP_SHIFT,POPULATION,CNTY_CITY_LOC,SPECIAL_COND,BEAT_TYPE,CHP_BEAT_TYPE,CITY_DIVISION_LAPD,CHP_BEAT_CLASS,BEAT_NUMBER,PRIMARY_RD,SECONDARY_RD,DISTANCE,DIRECTION,INTERSECTION,WEATHER_1,WEATHER_2,STATE_HWY_IND,CALTRANS_COUNTY,CALTRANS_DISTRICT,STATE_ROUTE,ROUTE_SUFFIX,POSTMILE_PREFIX,POSTMILE,LOCATION_TYPE,RAMP_INTERSECTION,SIDE_OF_HWY,TOW_AWAY,COLLISION_SEVERITY,NUMBER_KILLED,NUMBER_INJURED,PARTY_COUNT,PRIMARY_COLL_FACTOR,PCF_CODE_OF_VIOL,PCF_VIOL_CATEGORY,PCF_VIOLATION,PCF_VIOL_SUBSECTION,HIT_AND_RUN,TYPE_OF_COLLISION,MVIW,PED_ACTION,ROAD_SURFACE,ROAD_COND_1,ROAD_COND_2,LIGHTING,CONTROL_DEVICE,CHP_ROAD_TYPE,PEDESTRIAN_ACCIDENT,BICYCLE_ACCIDENT,MOTORCYCLE_ACCIDENT,TRUCK_ACCIDENT,NOT_PRIVATE_PROPERTY,ALCOHOL_INVOLVED,STWD_VEHTYPE_AT_FAULT,CHP_VEHTYPE_AT_FAULT,COUNT_SEVERE_INJ,COUNT_VISIBLE_INJ,COUNT_COMPLAINT_PAIN,COUNT_PED_KILLED,COUNT_PED_INJURED,COUNT_BICYCLIST_KILLED,COUNT_BICYCLIST_INJURED,COUNT_MC_KILLED,COUNT_MC_INJURED,PRIMARY_RAMP,SECONDARY_RAMP,LATITUDE,LONGITUDE,COUNTY,CITY,POINT_X,POINT_Y
8161959,2016,2016-11-10,1942,2016-10-10,1520,33779,1735,1,5,7,1942,0,0,0,Q,0,15TL44,BALBOA BL,SAN FERNANDO MISSION BL,455,NA,N,A,-,N,NA,NA,NA,NA,NA,NA,NA,NA,NA,Y,3,0,4,2,A,-,09,21804,A,N,D,C,A,A,H,-,A,A,0,NA,NA,NA,NA,Y,NA,A,01,0,1,3,0,0,0,0,0,0,-,-,NA,NA,LOS ANGELES,LOS ANGELES,-118.50220006,34.27205001
8161960,2016,2016-11-10,1942,2016-10-19,1240,39410,1642,3,5,7,1942,0,0,0,P,0,16TL26,VAN NUYS BL,KEWEN AV,0,NA,Y,A,-,N,NA,NA,NA,NA,NA,NA,NA,NA,NA,Y,4,0,3,2,A,-,12,21453,A,N,D,C,A,A,H,-,A,A,0,NA,NA,NA,NA,Y,NA,A,01,0,0,3,0,0,0,0,0,0,-,-,NA,NA,LOS ANGELES,LOS ANGELES,-118.42720007,34.26238007
8161961,2016,2016-11-10,1942,2016-10-17,0805,37093,2128,1,5,7,1942,0,0,0,NA,0,21A1,SATICOY ST,OSO AV,0,NA,Y,B,-,N,NA,NA,NA,NA,NA,NA,NA,NA,NA,N,4,0,1,2,A,-,08,22107,NA,N,G,B,B,B,H,-,A,A,0,Y,NA,NA,NA,Y,NA,-,NA,0,0,1,0,1,0,0,0,0,-,-,NA,NA,LOS ANGELES,LOS ANGELES,-118.57538014,34.20835001
8161963,2016,2016-11-10,1942,2016-10-11,0630,30452,1792,2,5,7,1942,0,0,0,Q,0,9TL53,WINNETKA AV,ROSCOE BL,0,NA,Y,A,-,N,NA,NA,NA,NA,NA,NA,NA,NA,NA,N,3,0,3,2,A,-,09,21801,A,N,D,C,A,A,H,-,B,A,0,NA,NA,NA,NA,Y,NA,A,01,0,3,0,0,0,0,0,0,0,-,-,NA,NA,LOS ANGELES,LOS ANGELES,-118.57105005,34.22025005
8161964,2016,2016-11-10,1942,2016-08-18,0850,38687,1681,4,5,7,1942,0,0,0,P,0,19TL75,SHARP AV,WICKS ST,220,S,N,A,-,N,NA,NA,NA,NA,NA,NA,NA,NA,NA,Y,3,0,1,2,A,-,06,21750,A,N,D,C,A,A,H,-,A,D,0,NA,NA,NA,NA,Y,NA,A,01,0,1,0,0,0,0,0,0,0,-,-,NA,NA,LOS ANGELES,LOS ANGELES,-118.4033849,34.22614083
8161967,2016,2016-12-21,1942,2016-10-11,1350,38356,1723,2,5,7,1942,0,0,0,Q,0,9TL58,PORTER RANCH DR,RINALDI ST,920,S,N,A,-,N,NA,NA,NA,NA,NA,NA,NA,NA,NA,N,4,0,1,2,A,-,08,22107,NA,N,B,C,A,A,H,-,A,A,0,NA,NA,Y,NA,Y,NA,-,-,0,0,1,0,0,0,0,0,0,-,-,NA,NA,LOS ANGELES,LOS ANGELES,-118.56963794,34.27308969
8161968,2016,2016-11-10,1942,2016-10-18,1745,39830,1684,2,5,7,1942,0,0,0,P,0,16A35,RADFORD AV,ARMINTA ST,0,NA,Y,A,-,N,NA,NA,NA,NA,NA,NA,NA,NA,NA,N,4,0,2,2,A,-,09,21802,A,N,D,C,A,A,H,-,B,A,0,NA,NA,NA,NA,Y,NA,A,01,0,0,2,0,0,0,0,0,0,-,-,NA,NA,LOS ANGELES,LOS ANGELES,-118.39217004,34.21389003
8161969,2016,2016-11-10,1942,2016-10-21,1230,38613,2146,5,5,7,1942,0,0,0,NA,0,15TL46,OWENSMOUTH AV,GAULT ST,22,S,N,A,-,N,NA,NA,NA,NA,NA,NA,NA,NA,NA,Y,4,0,2,2,A,-,12,21453,A,N,D,C,A,A,H,-,A,A,0,NA,NA,NA,NA,Y,NA,A,07,0,0,2,0,0,0,0,0,0,-,-,NA,NA,LOS ANGELES,LOS ANGELES,-118.60156,34.19914965
8161970,2016,2016-11-14,1942,2016-10-27,0720,41396,1033,4,5,7,1942,0,0,0,J,0,9TL57,RESEDA BL,VICTORY BL,76,S,N,A,-,N,NA,NA,NA,NA,NA,NA,NA,NA,NA,N,2,0,1,2,A,-,03,22350,A,M,C,C,A,A,H,-,A,A,0,NA,NA,Y,NA,Y,NA,C,02,1,0,0,0,0,0,0,0,1,-,-,NA,NA,LOS ANGELES,LOS ANGELES,-118.53602,34.18636152
8161971,2016,2016-11-10,1942,2016-10-19,0745,40290,1722,3,5,7,1942,0,0,0,Q,0,15TL43,DEVONSHIRE ST,OWENSMOUTH AV,0,NA,Y,A,-,N,NA,NA,NA,NA,NA,NA,NA,NA,NA,N,3,0,1,2,A,-,12,21453,A,N,D,C,A,A,H,-,A,A,0,NA,NA,NA,NA,Y,NA,A,01,0,1,0,0,0,0,0,0,0,-,-,NA,NA,LOS ANGELES,LOS ANGELES,-118.60168008,34.25724002
8161972,2016,2016-11-10,1942,2016-08-20,0900,39194,1654,6,5,7,1942,0,0,0,P,0,9TL57,OSBORNE PL,GLENOAKS BL,0,NA,Y,A,-,N,NA,NA,NA,NA,NA,NA,NA,NA,NA,Y,2,0,5,2,A,-,09,21804,A,N,D,C,A,A,H,-,A,D,0,NA,NA,NA,NA,Y,NA,A,01,2,2,1,0,0,0,0,0,0,-,-,NA,NA,LOS ANGELES,LOS ANGELES,-118.39892006,34.26185004
8161973,2016,2016-11-10,1942,2016-10-20,1615,35481,2149,4,5,7,1942,0,0,0,NA,0,21TL62,CORBIN AV,SHERMAN WY,0,NA,Y,A,-,N,NA,NA,NA,NA,NA,NA,NA,NA,NA,Y,3,0,1,3,A,-,09,21801,A,N,D,C,A,A,H,-,A,A,0,NA,NA,Y,NA,Y,NA,A,01,0,1,0,0,0,0,0,0,1,-,-,NA,NA,LOS ANGELES,LOS ANGELES,-118.5622401,34.20115012
8161974,2016,2016-11-14,1942,2016-10-26,1200,40542,1982,3,5,7,1942,0,0,0,NA,0,9TL53,PARTHENIA ST,SEPULVEDA BL,65,W,N,A,-,N,NA,NA,NA,NA,NA,NA,NA,NA,NA,N,4,0,1,2,A,-,04,21703,NA,N,C,C,A,A,H,-,A,D,0,NA,NA,NA,NA,Y,NA,A,01,0,0,1,0,0,0,0,0,0,-,-,NA,NA,LOS ANGELES,LOS ANGELES,-118.46787463,34.22827244
8161975,2016,2016-11-10,1942,2016-10-17,1630,30983,1752,1,5,7,1942,0,0,0,Q,0,9TL56,DE SOTO AV,LASSEN ST,291,S,N,A,-,N,NA,NA,NA,NA,NA,NA,NA,NA,NA,N,4,0,1,2,A,-,08,22107,NA,N,D,-,A,A,H,-,A,D,0,NA,NA,NA,NA,Y,NA,B,01,0,0,1,0,0,0,0,0,0,-,-,NA,NA,LOS ANGELES,LOS ANGELES,-118.58857,34.24918171
8161976,2016,2016-11-10,1942,2016-10-25,1700,38369,1617,2,5,7,1942,0,0,0,P,0,16X24,FOOTHILL BL,RIDERWOOD DR,0,NA,Y,A,-,N,NA,NA,NA,NA,NA,NA,NA,NA,NA,Y,3,0,1,2,A,-,09,21802,A,N,D,C,A,A,H,-,A,D,0,NA,NA,NA,NA,Y,NA,A,01,0,1,0,0,0,0,0,0,0,-,-,NA,NA,LOS ANGELES,LOS ANGELES,-118.33081001,34.26396001
8161977,2016,2016-11-10,1942,2016-10-16,0140,39633,2155,7,5,7,1942,0,0,0,NA,0,SAA1,VICTORY BL,TOPANGA CANYON BL,0,NA,Y,B,C,N,NA,NA,NA,NA,NA,NA,NA,NA,NA,Y,3,0,3,2,A,-,03,22350,NA,N,C,C,A,B,H,-,C,A,0,NA,NA,NA,NA,Y,NA,A,01,0,1,2,0,0,0,0,0,0,-,-,NA,NA,LOS ANGELES,LOS ANGELES,-118.6058901,34.18692006
8161978,2016,2016-11-14,1942,2016-10-27,2355,38857,1501,4,5,7,1942,0,0,0,O,0,17TL14,LLOYD AV,STRATHERN ST,0,NA,Y,A,-,N,NA,NA,NA,NA,NA,NA,NA,NA,NA,Y,4,0,1,3,A,-,09,21802,A,F,D,C,A,A,H,-,C,A,0,NA,NA,NA,NA,Y,NA,A,01,0,0,1,0,0,0,0,0,0,-,-,NA,NA,LOS ANGELES,LOS ANGELES,-118.42066001,34.21586005
8161979,2016,2016-11-10,1942,2016-10-17,0645,39192,1768,1,5,7,1942,0,0,0,Q,0,15TL45,BALBOA BL,LASSEN ST,150,N,N,C,-,N,NA,NA,NA,NA,NA,NA,NA,NA,NA,Y,4,0,1,2,A,-,03,22350,NA,N,C,C,A,B,H,-,A,D,0,NA,NA,NA,NA,Y,NA,A,01,0,0,1,0,0,0,0,0,0,-,-,NA,NA,LOS ANGELES,LOS ANGELES,-118.50239,34.25068146
8161980,2016,2016-11-10,1942,2016-10-26,1545,33779,1663,3,5,7,1942,0,0,0,P,0,15TL44,SHELDON ST,EL DORADO AV,0,NA,Y,A,-,N,NA,NA,NA,NA,NA,NA,NA,NA,NA,Y,3,0,2,2,A,-,09,21801,A,N,D,D,A,A,A,-,A,A,0,NA,NA,NA,NA,Y,NA,A,01,0,1,1,0,0,0,0,0,0,-,-,NA,NA,LOS ANGELES,LOS ANGELES,-118.39555013,34.23796005
8161981,2016,2016-11-10,1942,2016-10-20,0815,38399,2136,4,5,7,1942,0,0,0,NA,0,21A97W,ALABAMA AV,SATICOY ST,0,NA,Y,A,-,N,NA,NA,NA,NA,NA,NA,NA,NA,NA,N,3,0,1,2,A,-,10,21950,NA,N,G,B,B,A,H,-,A,D,0,Y,NA,NA,NA,Y,NA,A,01,0,1,0,0,1,0,0,0,0,-,-,NA,NA,LOS ANGELES,LOS ANGELES,-118.59904001,34.20832004
8161982,2016,2016-11-14,1942,2016-10-26,0615,30452,1027,3,5,7,1942,0,0,0,J,0,9TL53,BALBOA BL,SHERMAN WY,400,S,N,A,-,N,NA,NA,NA,NA,NA,NA,NA,NA,NA,N,4,0,2,3,A,-,04,21703,NA,F,C,C,A,A,H,-,C,D,0,NA,NA,NA,NA,Y,NA,-,99,0,0,2,0,0,0,0,0,0,-,-,NA,NA,LOS ANGELES,LOS ANGELES,-118.50111941,34.20013278
8161983,2016,2016-11-10,1942,2016-10-12,1800,41397,1752,3,5,7,1942,0,0,0,Q,0,10TL36,DE SOTO AV,DEVONSHIRE ST,0,NA,Y,A,-,N,NA,NA,NA,NA,NA,NA,NA,NA,NA,Y,4,0,3,2,A,-,12,21453,A,N,D,C,A,A,H,-,B,A,0,NA,NA,NA,NA,Y,NA,A,08,0,0,3,0,0,0,0,0,0,-,-,NA,NA,LOS ANGELES,LOS ANGELES,-118.58858012,34.25725004
8161984,2016,2016-11-10,1942,2016-10-21,1815,42489,1664,5,5,7,1942,0,0,0,P,0,16A77,GLENOAKS,SHELDON,0,NA,Y,A,-,N,NA,NA,NA,NA,NA,NA,NA,NA,NA,N,4,0,1,2,A,-,04,21703,NA,N,C,C,A,A,H,-,C,A,0,NA,NA,NA,NA,Y,NA,A,01,0,0,1,0,0,0,0,0,0,-,-,NA,NA,LOS ANGELES,LOS ANGELES,-118.38394002,34.24643002
8161985,2016,2016-12-21,1942,2016-10-22,2100,37340,2175,6,5,7,1942,0,0,0,NA,0,2178,VENTURA BL,SHOUP AV,0,NA,Y,A,-,N,NA,NA,NA,NA,NA,NA,NA,NA,NA,Y,4,0,1,2,A,-,12,21453,A,N,D,A,A,A,H,-,C,A,0,NA,NA,NA,NA,Y,NA,-,-,0,0,1,0,0,0,0,0,0,-,-,NA,NA,LOS ANGELES,LOS ANGELES,-118.61448004,34.16879009
8161986,2016,2017-04-13,1942,2016-10-30,0140,36239,1961,7,5,7,1942,0,0,0,NA,0,19EL3,NORDHOFF ST,SEPULVEDA BL,0,NA,Y,A,-,N,NA,NA,NA,NA,NA,NA,NA,NA,NA,Y,4,0,1,2,A,-,08,22107,NA,F,A,C,A,A,H,-,C,A,0,NA,NA,NA,NA,Y,NA,A,01,0,0,1,0,0,0,0,0,0,-,-,NA,NA,LOS ANGELES,LOS ANGELES,-118.46771002,34.23553009
8161987,2016,2016-11-10,1942,2016-10-12,1645,39258,1793,3,5,7,1942,0,0,0,Q,0,10TL38,TAMPA AV,BUSINESS CENTER DR,220,N,N,A,-,N,NA,NA,NA,NA,NA,NA,NA,NA,NA,N,3,0,1,2,A,-,10,21952,NA,N,D,B,E,A,H,-,A,A,0,Y,NA,NA,NA,Y,NA,A,08,0,1,0,0,1,0,0,0,0,-,-,NA,NA,LOS ANGELES,LOS ANGELES,-118.55355,34.2315635
8161988,2016,2016-11-10,1942,2016-10-24,2150,37330,LOS A,1,5,7,1942,0,0,0,NA,0,16A11,PAXTON,LAUREL CANYON,99,E,N,A,-,N,NA,NA,NA,NA,NA,NA,NA,NA,NA,Y,4,0,1,3,A,-,08,22107,NA,N,B,E,A,A,-,-,C,D,0,NA,NA,NA,NA,Y,NA,A,01,0,0,1,0,0,0,0,0,0,-,-,NA,NA,LOS ANGELES,LOS ANGELES,-118.43820207,34.2649171
8161989,2016,2016-11-10,1942,2016-10-21,1600,42329,2187,5,5,7,1942,0,0,0,NA,0,21A73,VENTURA BL,PARALTA AV,191,E,N,A,-,N,NA,NA,NA,NA,NA,NA,NA,NA,NA,N,4,0,3,4,A,-,03,22350,NA,N,C,C,A,A,H,-,A,D,0,NA,NA,NA,NA,Y,NA,A,01,0,0,3,0,0,0,0,0,0,-,-,NA,NA,LOS ANGELES,LOS ANGELES,-118.59020444,34.16659544
8161990,2016,2016-11-14,1942,2016-10-28,2240,40841,1028,5,5,7,1942,0,0,0,J,0,10A39,SHERMAN WY,BALBOA,10,W,N,A,-,N,NA,NA,NA,NA,NA,NA,NA,NA,NA,Y,4,0,1,2,A,-,03,22350,A,F,C,C,A,A,H,-,C,A,0,NA,NA,NA,NA,Y,Y,-,NA,0,0,1,0,0,0,0,0,0,-,-,NA,NA,LOS ANGELES,LOS ANGELES,-118.50115301,34.20123
8161991,2016,2016-11-10,1942,2016-10-14,1025,40193,1756,5,5,7,1942,0,0,0,Q,0,21TL67,WHITE OAK AV,LASSEN ST,140,N,N,A,-,N,NA,NA,NA,NA,NA,NA,NA,NA,NA,N,3,0,1,2,A,-,03,22350,NA,N,C,E,A,A,H,-,A,D,0,NA,Y,NA,NA,Y,NA,L,04,0,1,0,0,0,0,1,0,0,-,-,NA,NA,LOS ANGELES,LOS ANGELES,-118.51983741,34.25074389
8161992,2016,2016-11-10,1942,2016-10-03,2250,34561,1707,1,5,7,1942,0,0,0,Q,0,19T75,JOLETTE AV,LISETTE ST,90,S,N,A,-,N,NA,NA,NA,NA,NA,NA,NA,NA,NA,Y,4,0,1,1,A,-,03,22350,NA,N,E,I,A,A,H,-,C,D,0,NA,NA,NA,NA,Y,NA,A,01,0,0,1,0,0,0,0,0,0,-,-,NA,NA,LOS ANGELES,LOS ANGELES,-118.50700944,34.30182088
8161993,2016,2016-11-10,1942,2016-10-21,1315,39964,2177,5,5,7,1942,0,0,0,NA,0,21XL46,TOPANGA CANYON,TOP CANYON,1,E,N,A,-,N,NA,NA,NA,NA,NA,NA,NA,NA,NA,N,4,0,1,2,A,-,10,21950,A,N,A,B,B,A,H,-,A,D,0,Y,NA,NA,NA,Y,NA,-,NA,0,0,1,0,1,0,0,0,0,-,-,NA,NA,LOS ANGELES,LOS ANGELES,NA,NA
8161994,2016,2016-11-14,1942,2016-10-28,0930,33504,1964,5,5,7,1942,0,0,0,NA,0,19TL77,NORDHOFF ST,TERRA BELLA ST,0,NA,Y,C,-,N,NA,NA,NA,NA,NA,NA,NA,NA,NA,N,4,0,1,2,A,-,09,21802,A,N,D,E,A,B,H,-,A,A,0,NA,NA,NA,NA,Y,NA,A,01,0,0,1,0,0,0,0,0,0,-,-,NA,NA,LOS ANGELES,LOS ANGELES,-118.44948009,34.23541011
8161995,2016,2016-11-10,1942,2016-10-14,1700,38996,1785,5,5,7,1942,0,0,0,Q,0,19TL72,RESEDA BL,NORDHOFF ST,380,N,N,A,-,N,NA,NA,NA,NA,NA,NA,NA,NA,NA,N,4,0,1,2,A,-,08,22107,NA,N,-,G,A,A,H,-,A,D,0,NA,Y,NA,NA,Y,NA,M,96,0,0,1,0,0,0,1,0,0,-,-,NA,NA,LOS ANGELES,LOS ANGELES,-118.53608,34.2364823
8161996,2016,2016-11-10,1942,2016-10-01,1410,39473,1794,6,5,7,1942,0,0,0,Q,0,17TL16,RESEDA BL,CHASE ST,0,NA,Y,A,-,N,NA,NA,NA,NA,NA,NA,NA,NA,NA,N,3,0,1,2,A,-,10,21950,A,N,G,B,B,A,H,-,A,A,0,Y,NA,NA,NA,Y,NA,A,07,0,1,0,0,1,0,0,0,0,-,-,NA,NA,LOS ANGELES,LOS ANGELES,-118.5360901,34.22460008
8161997,2016,2016-11-10,1942,2016-10-21,1635,42348,2105,5,5,7,1942,0,0,0,NA,0,21A1,CANOGA AV,CHASE ST,300,N,N,A,-,N,NA,NA,NA,NA,NA,NA,NA,NA,NA,Y,2,0,2,2,A,-,09,21804,A,N,A,C,A,A,H,-,A,D,0,NA,NA,NA,NA,Y,NA,A,01,1,1,0,0,0,0,0,0,0,-,-,NA,NA,LOS ANGELES,LOS ANGELES,-118.5975329,34.22536299
8161998,2016,2016-11-10,1942,2016-10-28,1020,33504,1962,5,5,7,1942,0,0,0,NA,0,19TL77,SEPULVEDA BL,PLUMMER ST,550,N,N,B,-,N,NA,NA,NA,NA,NA,NA,NA,NA,NA,N,3,0,1,2,A,-,09,21804,A,N,D,G,A,A,H,-,A,D,0,NA,Y,NA,NA,Y,NA,A,07,0,1,0,0,0,0,1,0,0,-,-,NA,NA,LOS ANGELES,LOS ANGELES,-118.46762331,34.24429856
8161999,2016,2016-11-10,1942,2016-10-14,1315,38996,1767,5,5,7,1942,0,0,0,Q,0,19TL72,OWENSMOUTH AV,PRAIRIE ST,390,S,N,A,-,N,NA,NA,NA,NA,NA,NA,NA,NA,NA,Y,3,0,2,2,A,-,09,21801,A,N,A,C,A,A,H,-,A,D,0,NA,NA,NA,NA,Y,NA,A,01,0,1,1,0,0,0,0,0,0,-,-,NA,NA,LOS ANGELES,LOS ANGELES,-118.60188786,34.23802014
8162000,2016,2016-11-10,1942,2016-10-03,1625,36733,1707,1,5,7,1942,0,0,0,Q,0,10TL34,BALBOA BL,WOODLEY AV,150,N,N,A,-,N,NA,NA,NA,NA,NA,NA,NA,NA,NA,Y,4,0,1,1,A,-,03,22350,NA,N,E,I,A,A,H,-,A,D,0,NA,NA,NA,NA,Y,NA,A,01,0,0,1,0,0,0,0,0,0,-,-,NA,NA,LOS ANGELES,LOS ANGELES,-118.50093351,34.30392514
8162003,2016,2016-11-10,1942,2016-10-20,1720,39203,0315,4,5,7,1942,0,0,0,C,0,3F72,ADAMS,CIMARRON,15,E,N,A,-,N,NA,NA,NA,NA,NA,NA,NA,NA,NA,Y,4,0,1,3,A,-,03,22350,NA,N,B,C,A,A,H,-,A,D,0,NA,NA,NA,NA,Y,NA,A,01,0,0,1,0,0,0,0,0,0,-,-,NA,NA,LOS ANGELES,LOS ANGELES,-118.31542059,34.03265
8162004,2016,2016-11-10,1942,2016-10-01,1540,40440,03S6,6,5,7,1942,0,0,0,C,0,12TL73,35TH PL,DENKER AV,250,E,N,A,-,N,NA,NA,NA,NA,NA,NA,NA,NA,NA,N,4,0,1,2,A,-,11,21954,A,F,G,B,E,A,H,-,A,D,0,Y,NA,NA,NA,Y,NA,N,60,0,0,1,0,1,0,0,0,0,-,-,NA,NA,LOS ANGELES,LOS ANGELES,-118.30390656,34.02372472
8162007,2016,2016-11-10,1942,2016-10-28,2300,42529,374,5,5,7,1942,0,0,0,NA,0,3A99,MARTIN LUTHER KING BL,ARLINGTON AV,0,NA,Y,A,-,N,NA,NA,NA,NA,NA,NA,NA,NA,NA,Y,4,0,1,3,A,-,09,21801,A,N,D,C,A,A,H,-,C,A,0,NA,NA,NA,NA,Y,NA,A,08,0,0,1,0,0,0,0,0,0,-,-,NA,NA,LOS ANGELES,LOS ANGELES,-118.31825009,34.01082003
8162008,2016,2016-11-10,1942,2016-10-17,0110,41072,0359,1,5,7,1942,0,0,0,C,0,3T5,FIGUEROA ST,39TH ST,87,N,N,C,-,N,NA,NA,NA,NA,NA,NA,NA,NA,NA,Y,3,0,2,1,A,-,01,23152,A,N,E,I,A,B,H,-,C,A,0,NA,NA,NA,NA,Y,Y,A,01,0,1,1,0,0,0,0,0,0,-,-,NA,NA,LOS ANGELES,LOS ANGELES,-118.28276,34.0142386
8162011,2016,2016-12-23,1942,2016-10-05,1955,41439,0567,3,5,7,1942,0,0,0,E,0,18T23,PACIFIC AV,21ST ST,0,NA,Y,A,-,N,NA,NA,NA,NA,NA,NA,NA,NA,NA,Y,3,0,1,2,A,-,09,21801,A,N,D,C,A,A,H,-,A,-,0,NA,NA,Y,NA,Y,NA,A,07,0,1,0,0,0,0,0,0,1,-,-,NA,NA,LOS ANGELES,LOS ANGELES,-118.28799012,33.725170059999996
8162012,2016,2016-11-10,1942,2016-10-03,1600,42364,0341,1,5,7,1942,0,0,0,C,0,3A1W2,RODEO RD,LA CIENEGA BL,100,W,N,A,-,N,NA,NA,NA,NA,NA,NA,NA,NA,NA,Y,4,0,2,2,A,-,07,21658,A,N,D,C,A,A,H,-,A,A,0,NA,NA,NA,NA,Y,NA,A,01,0,0,2,0,0,0,0,0,0,-,-,NA,NA,LOS ANGELES,LOS ANGELES,-118.37268891,34.02171495
8162015,2016,2016-11-10,1942,2016-10-24,1835,37130,0357,1,5,7,1942,0,0,0,C,0,3A74,CATALINA ST,37TH PL,0,NA,Y,B,-,N,NA,NA,NA,NA,NA,NA,NA,NA,NA,N,4,0,1,2,A,-,09,21801,A,N,D,G,A,A,H,-,C,D,0,NA,Y,NA,NA,Y,NA,A,01,0,0,1,0,0,0,1,0,0,-,-,NA,NA,LOS ANGELES,LOS ANGELES,-118.29440004,34.01995002
8162016,2016,2016-11-10,1942,2016-10-04,1745,41297,0362,2,5,7,1942,0,0,0,C,0,3A32,POTOMAC AV,SANTA ROSALIA DR,150,S,N,A,-,N,NA,NA,NA,NA,NA,NA,NA,NA,NA,Y,4,0,1,2,A,-,05,21650,NA,F,A,C,A,A,H,-,A,D,0,NA,NA,NA,NA,Y,NA,-,99,0,0,1,0,0,0,0,0,0,-,-,NA,NA,LOS ANGELES,LOS ANGELES,-118.3477039,34.01495705
8162019,2016,2016-11-10,1942,2016-10-05,1750,38818,0395,3,5,7,1942,0,0,0,C,0,3A55,MARTIN LUTHER KING BL,SAINT ANDREWS PL,0,NA,Y,A,-,N,NA,NA,NA,NA,NA,NA,NA,NA,NA,Y,3,0,1,2,A,-,09,21801,A,N,D,C,A,A,H,-,A,D,0,NA,NA,Y,NA,Y,NA,A,07,0,1,0,0,0,0,0,0,1,-,-,NA,NA,LOS ANGELES,LOS ANGELES,-118.31136,34.01086007
8162020,2016,2016-11-10,1942,2016-10-01,0600,42385,RD321,6,5,7,1942,0,0,0,NA,0,3A41,LA CIENEGA,JEFFERSON BL,0,NA,Y,A,-,N,NA,NA,NA,NA,NA,NA,NA,NA,NA,N,4,0,2,3,A,-,12,21453,A,F,A,C,A,A,H,-,B,A,0,NA,NA,NA,NA,Y,NA,-,99,0,0,2,0,0,0,0,0,0,-,-,NA,NA,LOS ANGELES,LOS ANGELES,-118.37543003,34.02684008
8162023,2016,2016-11-10,1942,2016-10-26,1720,42493,0343,3,5,7,1942,0,0,0,C,0,3A19,LA BREA AV,COLISEUM ST,0,NA,Y,A,-,N,NA,NA,NA,NA,NA,NA,NA,NA,NA,N,2,0,1,2,A,-,12,21453,A,N,D,C,A,A,H,-,B,A,0,NA,NA,Y,NA,Y,NA,A,01,1,0,0,0,0,0,0,0,1,-,-,NA,NA,LOS ANGELES,LOS ANGELES,-118.35559007,34.01831006
8162027,2016,2016-11-10,1942,2016-10-22,1110,41986,LAPD,6,5,7,1942,0,0,0,NA,0,0331,JEFFERSON AV,VINEYARD BL,50,E,N,A,-,N,NA,NA,NA,NA,NA,NA,NA,NA,NA,Y,3,0,1,2,A,-,03,22350,NA,N,C,E,A,A,H,-,A,A,0,NA,NA,NA,NA,Y,NA,A,01,0,1,0,0,0,0,0,0,0,-,-,NA,NA,LOS ANGELES,LOS ANGELES,-118.3482253,34.025531290000004
8162031,2016,2016-11-10,1942,2016-10-27,1535,41959,0393,4,5,7,1942,0,0,0,C,0,3A74,W 43RD PL,DEGNAN,10,E,N,A,-,N,NA,NA,NA,NA,NA,NA,NA,NA,NA,NA,4,0,1,2,A,-,03,22350,NA,N,C,C,A,A,H,-,A,A,0,NA,NA,NA,NA,Y,NA,A,01,0,0,1,0,0,0,0,0,0,-,-,NA,NA,LOS ANGELES,LOS ANGELES,-118.33143708,34.00422062
8162032,2016,2016-11-10,1942,2016-10-18,2125,37724,0331,2,5,7,1942,0,0,0,C,0,18T23,JEFFERSON BL,PALM GROVE AV,120,E,N,A,-,N,NA,NA,NA,NA,NA,NA,NA,NA,NA,Y,4,0,1,2,A,-,05,21651,B,N,B,C,A,A,H,-,C,A,0,NA,NA,NA,NA,Y,Y,A,07,0,0,1,0,0,0,0,0,0,-,-,NA,NA,LOS ANGELES,LOS ANGELES,-118.34910474,34.02552356
8162035,2016,2016-11-10,1942,2016-10-21,2130,41965,0334,5,5,7,1942,0,0,0,C,0,NA,CRENSHAW BL,28TH ST,0,NA,Y,A,-,N,NA,NA,NA,NA,NA,NA,NA,NA,NA,N,4,0,1,2,A,-,09,21802,A,N,D,C,A,A,H,-,C,D,0,NA,NA,NA,NA,Y,NA,A,01,0,0,1,0,0,0,0,0,0,-,-,NA,NA,LOS ANGELES,LOS ANGELES,-118.33512,34.03113
8162039,2016,2016-11-10,1942,2016-10-18,1230,40545,0331,2,5,7,1942,0,0,0,C,0,3A12,LA BREA AV,ROSELAND ST,0,NA,Y,A,-,N,NA,NA,NA,NA,NA,NA,NA,NA,NA,Y,4,0,2,2,A,-,09,21801,B,N,D,C,A,A,H,-,A,D,0,NA,NA,NA,NA,Y,NA,A,01,0,0,2,0,0,0,0,0,0,-,-,NA,NA,LOS ANGELES,LOS ANGELES,-118.35373012,34.02720003