CASE_ID,ACCIDENT_YEAR,PROC_DATE,JURIS,COLLISION_DATE,COLLISION_TIME,OFFICER_ID,REPORTING_DISTRICT,DAY_OF_WEEK,CHP_SHIFT,POPULATION,CNTY_CITY_LOC,SPECIAL_COND,BEAT_TYPE,CHP_BEAT_TYPE,CITY_DIVISION_LAPD,CHP_BEAT_CLASS,BEAT_NUMBER,PRIMARY_RD,SECONDARY_RD,DISTANCE,DIRECTION,INTERSECTION,WEATHER_1,WEATHER_2,STATE_HWY_IND,CALTRANS_COUNTY,CALTRANS_DISTRICT,STATE_ROUTE,ROUTE_SUFFIX,POSTMILE_PREFIX,POSTMILE,LOCATION_TYPE,RAMP_INTERSECTION,SIDE_OF_HWY,TOW_AWAY,COLLISION_SEVERITY,NUMBER_KILLED,NUMBER_INJURED,PARTY_COUNT,PRIMARY_COLL_FACTOR,PCF_CODE_OF_VIOL,PCF_VIOL_CATEGORY,PCF_VIOLATION,PCF_VIOL_SUBSECTION,HIT_AND_RUN,TYPE_OF_COLLISION,MVIW,PED_ACTION,ROAD_SURFACE,ROAD_COND_1,ROAD_COND_2,LIGHTING,CONTROL_DEVICE,CHP_ROAD_TYPE,PEDESTRIAN_ACCIDENT,BICYCLE_ACCIDENT,MOTORCYCLE_ACCIDENT,TRUCK_ACCIDENT,NOT_PRIVATE_PROPERTY,ALCOHOL_INVOLVED,STWD_VEHTYPE_AT_FAULT,CHP_VEHTYPE_AT_FAULT,COUNT_SEVERE_INJ,COUNT_VISIBLE_INJ,COUNT_COMPLAINT_PAIN,COUNT_PED_KILLED,COUNT_PED_INJURED,COUNT_BICYCLIST_KILLED,COUNT_BICYCLIST_INJURED,COUNT_MC_KILLED,COUNT_MC_INJURED,PRIMARY_RAMP,SECONDARY_RAMP,LATITUDE,LONGITUDE,COUNTY,CITY,POINT_X,POINT_Y
8163235,2016,2016-11-16,1942,2016-10-24,1440,26319,1998,1,5,7,1942,0,0,0,NA,0,19TL74,ARLETA AV,SHELDON ST,0,NA,Y,A,-,N,NA,NA,NA,NA,NA,NA,NA,NA,NA,Y,3,0,2,2,A,-,09,21801,A,N,B,C,A,D,H,-,A,A,0,NA,NA,NA,NA,Y,NA,A,01,0,1,1,0,0,0,0,0,0,-,-,NA,NA,LOS ANGELES,LOS ANGELES,-118.41119013,34.22749002
8163238,2016,2017-01-14,1942,2016-10-30,1235,38356,0911,7,5,7,1942,0,0,0,I,0,10TL35,SEPULVEDA BL,VANOWEN ST,0,NA,Y,B,-,N,NA,NA,NA,NA,NA,NA,NA,NA,NA,Y,4,0,2,2,A,-,12,21453,A,N,D,C,A,B,H,-,A,A,0,NA,NA,NA,NA,Y,NA,-,-,0,0,2,0,0,0,0,0,0,-,-,NA,NA,LOS ANGELES,LOS ANGELES,-118.46618002,34.19392009
8163239,2016,2016-11-16,1942,2016-10-22,1520,39410,1903,6,5,7,1942,0,0,0,NA,0,16TL26,OLIVE VIEW DR,BLEDSOE ST,550,E,N,A,-,N,NA,NA,NA,NA,NA,NA,NA,NA,NA,Y,3,0,2,1,B,-,22,NA,NA,N,E,I,A,A,H,-,A,D,0,NA,NA,NA,NA,Y,NA,-,-,0,1,1,0,0,0,0,0,0,-,-,NA,NA,LOS ANGELES,LOS ANGELES,-118.44245494,34.32462996
8163241,2016,2016-11-16,1942,2016-10-14,1600,41019,1764,5,5,7,1942,0,0,0,Q,0,17X96,LASSEN ST,TAMPA AV,0,NA,Y,A,-,N,NA,NA,NA,NA,NA,NA,NA,NA,NA,Y,3,0,3,3,A,-,09,21801,A,N,D,C,A,A,H,-,A,A,0,NA,NA,NA,NA,Y,NA,A,01,0,1,2,0,0,0,0,0,0,-,-,NA,NA,LOS ANGELES,LOS ANGELES,-118.55360006,34.25000007
8163242,2016,2016-11-17,1942,2016-10-27,1615,35554,1752,4,5,7,1942,0,0,0,Q,0,17XL46,DESOTO AV,LEMARSH ST,0,NA,Y,A,-,N,NA,NA,NA,NA,NA,NA,NA,NA,NA,N,4,0,1,2,A,-,09,21801,A,N,A,C,A,A,H,-,A,D,0,NA,NA,NA,NA,Y,NA,-,NA,0,0,1,0,0,0,0,0,0,-,-,NA,NA,LOS ANGELES,LOS ANGELES,-118.58856,34.25537004
8163243,2016,2016-11-16,1942,2016-10-25,1035,38980,1979,2,5,7,1942,0,0,0,NA,0,19TL79,ARLETA AV,BRANFORD ST,0,NA,Y,A,-,N,NA,NA,NA,NA,NA,NA,NA,NA,NA,Y,4,0,3,2,A,-,12,21453,A,N,D,C,A,A,H,-,A,A,0,NA,NA,NA,NA,Y,NA,A,07,0,0,3,0,0,0,0,0,0,-,-,NA,NA,LOS ANGELES,LOS ANGELES,-118.41979013,34.23613002
8163245,2016,2016-11-16,1942,2016-10-12,1050,37377,17,3,5,7,1942,0,0,0,Q,0,17X24,PLUMMER ST,CORBIN,100,E,N,A,-,N,NA,NA,NA,NA,NA,NA,NA,NA,NA,N,4,0,1,2,D,-,00,NA,NA,N,B,C,A,A,H,-,A,A,0,NA,NA,NA,NA,Y,NA,-,-,0,0,1,0,0,0,0,0,0,-,-,NA,NA,LOS ANGELES,LOS ANGELES,-118.56196968,34.24272
8163246,2016,2016-11-16,1942,2016-10-21,1730,34436,0933,5,5,7,1942,0,0,0,I,0,15T45,VICTORY BL,VAN NUYS BL,50,W,N,A,-,N,NA,NA,NA,NA,NA,NA,NA,NA,NA,N,4,0,1,2,A,-,03,22350,NA,N,B,C,A,A,H,-,B,D,0,NA,NA,Y,NA,Y,NA,-,-,0,0,1,0,0,0,0,0,1,-,-,NA,NA,LOS ANGELES,LOS ANGELES,-118.44890503,34.18667
8163247,2016,2017-01-05,1942,2016-10-23,1320,39258,1934,7,5,7,1942,0,0,0,NA,0,10TL38,RINALDI ST,SEPULVEDA BL,0,NA,Y,A,-,N,NA,NA,NA,NA,NA,NA,NA,NA,NA,N,4,0,1,2,A,-,12,21453,A,N,D,C,A,A,H,-,A,A,0,NA,NA,NA,NA,Y,NA,-,-,0,0,1,0,0,0,0,0,0,-,-,NA,NA,LOS ANGELES,LOS ANGELES,-118.46879001,34.27909011
8163249,2016,2016-12-17,1942,2016-10-17,1520,36709,NA,1,5,7,1942,0,0,0,NA,0,17X24,TAMPA AV,NAPA ST,0,NA,Y,A,-,N,NA,NA,NA,NA,NA,NA,NA,NA,NA,N,4,0,1,2,A,-,09,21801,A,N,D,C,A,A,-,-,A,-,0,NA,NA,NA,NA,Y,NA,-,NA,0,0,1,0,0,0,0,0,0,-,-,NA,NA,LOS ANGELES,LOS ANGELES,-118.55351014,34.22639004
8163250,2016,2016-11-17,1942,2016-10-29,0955,41158,0946,6,5,7,1942,0,0,0,I,0,15T47,BURBANK BL,MURIETTA AV,0,NA,Y,B,-,N,NA,NA,NA,NA,NA,NA,NA,NA,NA,Y,3,0,3,3,A,-,09,21801,A,N,D,C,A,A,H,-,A,D,0,NA,NA,NA,NA,Y,NA,A,01,0,1,2,0,0,0,0,0,0,-,-,NA,NA,LOS ANGELES,LOS ANGELES,-118.43891007,34.1721201
8163251,2016,2016-11-16,1942,2016-10-17,0030,37912,1924,1,5,7,1942,0,0,0,NA,0,19A85,SAN FERNANDO RD,ORO GRANDE ST,10,N,N,C,-,N,NA,NA,NA,NA,NA,NA,NA,NA,NA,Y,4,0,1,3,A,-,03,22350,NA,N,C,E,A,B,H,-,C,D,0,NA,NA,NA,NA,Y,NA,A,01,0,0,1,0,0,0,0,0,0,-,-,NA,NA,LOS ANGELES,LOS ANGELES,-118.45680412,34.29733876
8163253,2016,2016-11-16,1942,2016-10-15,2240,41368,1745,6,5,7,1942,0,0,0,Q,0,17X82,CHATSWORTH ST,ALDEA AV,0,NA,Y,F,-,N,NA,NA,NA,NA,NA,NA,NA,NA,NA,Y,3,0,2,2,A,-,09,21802,A,N,D,C,A,B,H,-,C,D,0,NA,NA,NA,NA,Y,NA,A,01,0,2,0,0,0,0,0,0,0,-,-,NA,NA,LOS ANGELES,LOS ANGELES,-118.50884012,34.2648301
8163254,2016,2016-11-16,1942,2016-10-26,1025,36270,0911,3,5,7,1942,0,0,0,I,0,9A19,SEPULVEDA BL,ARCHWOOD ST,150,S,N,A,-,N,NA,NA,NA,NA,NA,NA,NA,NA,NA,N,4,0,2,2,A,-,09,21804,A,N,D,C,A,A,H,-,A,D,0,NA,NA,NA,NA,Y,NA,-,NA,0,0,2,0,0,0,0,0,0,-,-,NA,NA,LOS ANGELES,LOS ANGELES,-118.46619,34.19259855
8163255,2016,2016-11-16,1942,2016-10-05,1815,33947,1998,3,5,7,1942,0,0,0,NA,0,NA,ROSCOE BL,LENNOX AV,0,NA,Y,A,-,N,NA,NA,NA,NA,NA,NA,NA,NA,NA,NA,4,0,1,2,A,-,09,21801,A,N,A,C,A,A,H,-,B,A,0,NA,NA,NA,NA,Y,NA,A,01,0,0,1,0,0,0,0,0,0,-,-,NA,NA,LOS ANGELES,LOS ANGELES,-118.44596012,34.22158002
8163257,2016,2016-11-16,1942,2016-10-19,1215,37377,1727,3,5,7,1942,0,0,0,Q,0,17X24,SPRINGFIELD AV,TRIBUNE ST,36,S,N,A,-,N,NA,NA,NA,NA,NA,NA,NA,NA,NA,Y,4,0,1,1,A,-,03,22350,NA,N,E,I,A,A,H,-,A,D,0,NA,NA,NA,NA,Y,NA,-,NA,0,0,1,0,0,0,0,0,0,-,-,NA,NA,LOS ANGELES,LOS ANGELES,-118.54631,34.26678125
8163258,2016,2016-11-16,1942,2016-10-29,2105,40928,0974,6,5,7,1942,0,0,0,I,0,21T65,MILBANK ST,VAN NUYS BL,175,E,N,A,-,N,NA,NA,NA,NA,NA,NA,NA,NA,NA,N,3,0,1,2,A,-,11,21956,A,N,G,B,D,A,H,-,C,D,0,Y,NA,NA,NA,Y,NA,N,60,0,1,0,0,1,0,0,0,0,-,-,NA,NA,LOS ANGELES,LOS ANGELES,-118.44812262,34.15303
8163259,2016,2016-11-16,1942,2016-10-20,0705,38956,1984,4,5,7,1942,0,0,0,NA,0,19TL79,PARTHENIA ST,WILLIS AV,35,E,N,A,-,N,NA,NA,NA,NA,NA,NA,NA,NA,NA,N,2,0,1,2,A,-,11,21955,NA,N,-,B,-,A,H,-,A,D,0,Y,NA,NA,NA,Y,NA,N,60,1,0,0,0,1,0,0,0,0,-,-,NA,NA,LOS ANGELES,LOS ANGELES,-118.45518445,34.22827773
8163261,2016,2016-12-08,1900,2016-10-30,2215,519948,0977,7,5,4,1979,0,0,0,NA,0,91T1,SANTA MONICA BL,WEST KNOLL DR,168,E,N,A,-,N,NA,NA,NA,NA,NA,NA,NA,NA,NA,N,4,0,1,2,A,-,03,22350,NA,N,C,C,A,A,H,-,A,D,0,NA,NA,NA,NA,Y,NA,A,01,0,0,1,0,0,0,0,0,0,-,-,NA,NA,LOS ANGELES,WEST HOLLYWOOD,-118.37660935,34.08939581
8163262,2016,2016-11-16,1942,2016-10-29,1605,39258,0933,6,5,7,1942,0,0,0,I,0,10TL38,CALVERT ST,VAN NUYS BL,80,W,N,A,-,N,NA,NA,NA,NA,NA,NA,NA,NA,NA,Y,3,0,5,2,A,-,03,22350,NA,N,C,E,A,A,H,-,A,A,0,NA,NA,NA,NA,Y,NA,A,01,0,2,3,0,0,0,0,0,0,-,-,NA,NA,LOS ANGELES,LOS ANGELES,-118.44899404,34.18164
8163263,2016,2016-11-16,1942,2016-10-20,1900,38185,1984,4,5,7,1942,0,0,0,NA,0,19TL75,CEDROS AV,PARTHENIA ST,500,N,N,A,-,N,NA,NA,NA,NA,NA,NA,NA,NA,NA,N,3,0,1,2,C,-,18,NA,NA,N,G,B,F,A,H,-,C,A,0,Y,NA,NA,NA,Y,NA,-,-,0,1,0,0,1,0,0,0,0,-,-,NA,NA,LOS ANGELES,LOS ANGELES,-118.45353,34.22963146
8163266,2016,2016-11-16,1942,2016-10-18,2010,33696,1715,2,5,7,1942,0,0,0,Q,0,17A81,RINALDI ST,ZELZAH AV,0,NA,Y,A,-,N,NA,NA,NA,NA,NA,NA,NA,NA,NA,N,4,0,1,2,A,-,12,21453,A,N,-,C,A,A,H,-,C,A,0,NA,NA,NA,NA,Y,NA,-,NA,0,0,1,0,0,0,0,0,0,-,-,NA,NA,LOS ANGELES,LOS ANGELES,-118.52394013,34.27938001
8163267,2016,2016-11-16,1942,2016-10-12,1215,38625,1987,3,5,7,1942,0,0,0,NA,0,19A1,OSBORNE ST,WOODMAN AV,0,NA,Y,A,-,N,NA,NA,NA,NA,NA,NA,NA,NA,NA,N,3,0,1,2,A,-,09,21801,A,N,A,C,A,A,H,-,A,A,0,NA,NA,NA,NA,Y,NA,-,NA,0,1,0,0,0,0,0,0,0,-,-,NA,NA,LOS ANGELES,LOS ANGELES,-118.43866013,34.23293002
8163270,2016,2016-11-16,1942,2016-10-18,1545,30744,1764,2,5,7,1942,0,0,0,Q,0,17A67,TAMPA AV,PLUMMER ST,24,N,N,A,-,N,NA,NA,NA,NA,NA,NA,NA,NA,NA,Y,4,0,1,3,A,-,03,22350,NA,N,H,C,A,A,H,-,A,A,0,NA,NA,NA,NA,Y,NA,-,NA,0,0,1,0,0,0,0,0,0,-,-,NA,NA,LOS ANGELES,LOS ANGELES,-118.55359,34.24279584
8163271,2016,2016-11-16,1942,2016-10-23,0210,36332,1971,7,5,7,1942,0,0,0,NA,0,19A61,NORDHOFF,SEPULVEDA,0,NA,Y,A,-,N,NA,NA,NA,NA,NA,NA,NA,NA,NA,Y,3,0,2,2,A,-,09,21453,C,N,A,C,A,A,H,-,C,A,0,NA,NA,NA,NA,Y,NA,-,NA,0,1,1,0,0,0,0,0,0,-,-,NA,NA,LOS ANGELES,LOS ANGELES,-118.46771002,34.23553009
8163273,2016,2016-12-08,1900,2016-10-04,1657,546266,0974,2,5,4,1979,0,0,0,NA,0,93EP,SANTA MONICA BL,ORANGE GROVE AV,98,E,N,A,-,N,NA,NA,NA,NA,NA,NA,NA,NA,NA,Y,2,0,1,4,A,-,03,22350,NA,N,C,-,A,A,H,-,A,D,0,NA,NA,Y,NA,Y,NA,A,08,1,0,0,0,0,0,0,0,1,-,-,NA,NA,LOS ANGELES,WEST HOLLYWOOD,-118.36025693,34.09083
8163274,2016,2016-11-16,1942,2016-10-26,1605,30947,0963,3,5,7,1942,0,0,0,I,0,9A63,VALLEY HEART DR,KESTER AV,0,NA,Y,A,-,N,NA,NA,NA,NA,NA,NA,NA,NA,NA,N,3,0,2,3,A,-,09,21802,A,N,D,C,A,A,H,-,A,A,0,NA,NA,NA,NA,Y,NA,A,01,0,2,0,0,0,0,0,0,0,-,-,NA,NA,LOS ANGELES,LOS ANGELES,-118.45744001,34.15943007
8163275,2016,2017-01-03,1942,2016-10-17,0505,34599,1966,1,5,7,1942,0,0,0,NA,0,15T43,VAN NUYS,PLUMMER ST,0,NA,Y,C,-,N,NA,NA,NA,NA,NA,NA,NA,NA,NA,N,3,0,1,2,A,-,11,21954,A,N,G,B,-,A,H,-,C,A,0,Y,NA,NA,NA,Y,NA,N,60,0,1,0,0,1,0,0,0,0,-,-,NA,NA,LOS ANGELES,LOS ANGELES,-118.45023001,34.24268001
8163278,2016,2016-11-16,1942,2016-10-20,1945,37510,1794,4,5,7,1942,0,0,0,Q,0,10A21,PARTHENIA,LINDLEY,0,NA,Y,A,-,N,NA,NA,NA,NA,NA,NA,NA,NA,NA,NA,4,0,1,2,A,-,12,21453,A,N,D,C,A,A,H,-,C,A,0,NA,NA,NA,NA,Y,NA,-,NA,0,0,1,0,0,0,0,0,0,-,-,NA,NA,LOS ANGELES,LOS ANGELES,-118.52735007,34.22867008
8163279,2016,2016-11-17,1942,2016-10-20,1815,42300,1966,4,5,7,1942,0,0,0,NA,0,19A12,WOODMAN AV,TERRA BELLA ST,205,N,N,A,-,N,NA,NA,NA,NA,NA,NA,NA,NA,NA,Y,4,0,2,2,A,-,08,22107,NA,N,D,C,A,A,H,-,C,D,0,NA,NA,NA,NA,Y,NA,-,NA,0,0,2,0,0,0,0,0,0,-,-,NA,NA,LOS ANGELES,LOS ANGELES,-118.44385413,34.24042367
8163281,2016,2016-11-16,1946,2016-09-07,0730,P6,PASAD,3,5,4,1946,0,0,0,NA,0,001,COLORADO,MAYFLOWER,411,W,N,A,-,N,NA,NA,NA,NA,NA,NA,NA,NA,NA,N,3,0,1,2,A,-,08,22107,NA,F,B,G,A,A,H,-,A,D,0,NA,Y,NA,NA,Y,NA,-,-,0,1,0,0,0,0,1,0,0,-,-,NA,NA,LOS ANGELES,MONROVIA,-118.01106517,34.14576348
8163283,2016,2016-11-17,1942,2016-11-01,0805,40383,1759,2,5,7,1942,0,0,0,Q,0,35T90,DEVONSHIRE ST,AQUEDUCT AV,0,NA,Y,A,-,N,NA,NA,NA,NA,NA,NA,NA,NA,NA,N,4,0,1,2,A,-,00,20015,NA,N,D,D,A,A,H,-,A,D,0,NA,NA,NA,NA,Y,NA,A,07,0,0,1,0,0,0,0,0,0,-,-,NA,NA,LOS ANGELES,LOS ANGELES,-118.47395011,34.25734001
8163284,2016,2016-12-17,1942,2016-11-07,1425,40735,0963,1,5,7,1942,0,0,0,I,0,9TL54,VAN NUYS BL,MAGNOLIA BL,0,NA,Y,A,-,N,NA,NA,NA,NA,NA,NA,NA,NA,NA,Y,4,0,1,2,A,-,12,21453,A,N,D,C,A,A,H,-,A,A,0,NA,NA,NA,NA,Y,NA,-,-,0,0,1,0,0,0,0,0,0,-,-,NA,NA,LOS ANGELES,LOS ANGELES,-118.44871003,34.1648701
8163285,2016,2016-11-16,1946,2016-09-28,2154,P48,NA,3,5,4,1946,0,0,0,NA,0,002,DUARTE,10TH,0,NA,Y,A,-,N,NA,NA,NA,NA,NA,NA,NA,NA,NA,Y,3,0,2,2,A,-,12,21453,A,N,D,C,A,A,H,-,C,A,0,NA,NA,NA,NA,Y,NA,A,01,0,1,1,0,0,0,0,0,0,-,-,NA,NA,LOS ANGELES,MONROVIA,-118.01258008,34.13217003
8163287,2016,2016-11-17,1942,2016-11-01,1335,37353,1788,2,5,7,1942,0,0,0,Q,0,177L14,AMESTOY ST,NORDHOFF ST,0,NA,Y,A,-,N,NA,NA,NA,NA,NA,NA,NA,NA,NA,Y,4,0,2,2,A,-,09,21801,A,N,A,C,A,A,H,-,A,A,0,NA,NA,NA,NA,Y,NA,A,01,0,0,2,0,0,0,0,0,0,-,-,NA,NA,LOS ANGELES,LOS ANGELES,-118.50693,34.2357601
8163288,2016,2017-03-02,1942,2016-11-07,0040,35433,1008,1,5,7,1942,0,0,0,J,0,NA,HAYVENHURST AV,SHERMAN WAY,777,N,N,A,-,N,NA,NA,NA,NA,NA,NA,NA,NA,NA,Y,4,0,1,1,A,-,03,22350,NA,F,E,I,A,A,H,-,C,D,0,NA,NA,NA,NA,Y,NA,A,07,0,0,1,0,0,0,0,0,0,-,-,NA,NA,LOS ANGELES,LOS ANGELES,-118.49350819,34.20305161
8163289,2016,2016-11-16,1946,2016-09-12,1308,P14,NA,1,5,4,1946,0,0,0,NA,0,003,MOUTAIN,CENTRAL,236,N,N,A,-,N,NA,NA,NA,NA,NA,NA,NA,NA,NA,N,4,0,1,3,A,-,03,22350,NA,N,C,C,A,A,H,-,A,A,0,NA,NA,NA,NA,Y,NA,A,08,0,0,1,0,0,0,0,0,0,-,-,NA,NA,LOS ANGELES,MONROVIA,-117.98635,34.13657693
8163291,2016,2016-11-17,1942,2016-11-04,2015,38326,1755,5,5,7,1942,0,0,0,Q,0,17TL13,ZELZAH AV,KINZIE ST,0,NA,Y,A,-,N,NA,NA,NA,NA,NA,NA,NA,NA,NA,Y,4,0,2,2,A,-,09,21804,A,N,D,C,A,A,H,-,A,D,0,NA,NA,NA,NA,Y,NA,A,01,0,0,2,0,0,0,0,0,0,-,-,NA,NA,LOS ANGELES,LOS ANGELES,-118.52332001,34.24858002
8163292,2016,2016-11-17,1942,2016-11-07,1410,37353,0937,1,5,7,1942,0,0,0,I,0,17TL14,HAZELTINE AV,VICTORY BL,0,NA,Y,A,-,N,NA,NA,NA,NA,NA,NA,NA,NA,NA,N,4,0,1,1,A,-,03,22350,NA,N,-,I,A,A,H,-,A,D,0,NA,NA,Y,NA,Y,NA,C,02,0,0,1,0,0,0,0,0,1,-,-,NA,NA,LOS ANGELES,LOS ANGELES,-118.43998008,34.18666008
8163293,2016,2016-11-16,1946,2016-09-08,1838,P36,NA,4,5,4,1946,0,0,0,NA,0,001,MADISON,FOOTHILL,657,N,N,A,-,N,NA,NA,NA,NA,NA,NA,NA,NA,NA,N,2,0,1,1,D,-,00,NA,NA,N,H,-,A,A,H,-,A,D,0,NA,Y,NA,NA,Y,NA,-,-,1,0,0,0,0,0,1,0,0,-,-,NA,NA,LOS ANGELES,MONROVIA,-118.01861445,34.15294111
8163295,2016,2016-11-16,1942,2016-11-06,1650,39701,1768,7,5,7,1942,0,0,0,Q,0,16TL28,BALBOA BL,LASSEN ST,0,NA,Y,A,-,N,NA,NA,NA,NA,NA,NA,NA,NA,NA,Y,3,0,3,4,A,-,12,21453,A,N,D,C,A,A,H,-,A,A,0,NA,NA,NA,NA,Y,NA,A,01,0,1,2,0,0,0,0,0,0,-,-,NA,NA,LOS ANGELES,LOS ANGELES,-118.50239007,34.25027009
8163296,2016,2016-11-17,1942,2016-11-01,1645,33779,2161,2,5,7,1942,0,0,0,NA,0,15TL44,PLATT AV,CALIFA ST,0,NA,Y,A,-,N,NA,NA,NA,NA,NA,NA,NA,NA,NA,Y,2,0,2,2,A,-,03,22350,NA,N,D,C,A,A,H,-,A,A,0,NA,NA,NA,NA,Y,NA,A,01,2,0,0,0,0,0,0,0,0,-,-,NA,NA,LOS ANGELES,LOS ANGELES,-118.64301002,34.17785005
8163297,2016,2016-11-16,1946,2016-09-14,1342,P6,PASAD,3,5,4,1946,0,0,0,NA,0,001,FOOTHILL,MAYFLOWER,0,NA,Y,A,-,N,NA,NA,NA,NA,NA,NA,NA,NA,NA,Y,4,0,2,2,A,-,12,21453,A,N,D,C,A,-,-,-,A,A,0,NA,NA,NA,NA,Y,NA,A,01,0,0,2,0,0,0,0,0,0,-,-,NA,NA,LOS ANGELES,MONROVIA,-118.00981009,34.15124003
8163299,2016,2016-11-17,1942,2016-11-05,0615,40383,1701,6,5,7,1942,0,0,0,Q,0,21TL67,RINALDI ST,AVENIDA ALDEA,553,W,N,A,-,N,NA,NA,NA,NA,NA,NA,NA,NA,NA,Y,4,0,1,1,A,-,05,21650,NA,N,E,I,A,A,H,-,B,D,0,NA,NA,NA,NA,Y,NA,A,01,0,0,1,0,0,0,0,0,0,-,-,NA,NA,LOS ANGELES,LOS ANGELES,NA,NA
8163300,2016,2016-11-17,1942,2016-11-04,1850,37304,1535,5,5,7,1942,0,0,0,O,0,9T57,OXNARD ST,TUJUNGA AV,0,NA,Y,A,-,N,NA,NA,NA,NA,NA,NA,NA,NA,NA,Y,4,0,1,2,A,-,01,23152,A,N,A,C,A,A,H,-,C,A,0,NA,NA,NA,NA,Y,Y,A,08,0,0,1,0,0,0,0,0,0,-,-,NA,NA,LOS ANGELES,LOS ANGELES,-118.37904006,34.17945008
8163301,2016,2016-11-16,1946,2016-09-21,0750,10,NA,3,5,4,1946,0,0,0,NA,0,002,MONTEREY,CHESTNUT,0,NA,Y,A,-,N,NA,NA,NA,NA,NA,NA,NA,NA,NA,N,4,0,1,2,A,-,12,22450,A,N,D,C,A,A,H,-,A,A,0,NA,NA,NA,NA,Y,NA,A,01,0,0,1,0,0,0,0,0,0,-,-,NA,NA,LOS ANGELES,MONROVIA,-118.01423002,34.14245007
8163303,2016,2016-11-16,1942,2016-11-01,0850,38980,1797,2,5,7,1942,0,0,0,Q,0,19TL73,PARTHENIA ST,HAYVENHURST AV,0,NA,Y,B,-,N,NA,NA,NA,NA,NA,NA,NA,NA,NA,Y,4,0,1,3,A,-,12,21453,A,N,D,C,A,A,H,-,A,A,0,NA,NA,NA,NA,Y,NA,A,01,0,0,1,0,0,0,0,0,0,-,-,NA,NA,LOS ANGELES,LOS ANGELES,-118.49387009,34.22845002
8163304,2016,2016-11-17,1942,2016-11-04,2055,34599,2146,5,5,7,1942,0,0,0,NA,0,9T53,JORDAN AV,SHERMAN WAY,0,NA,Y,-,-,N,NA,NA,NA,NA,NA,NA,NA,NA,NA,N,4,0,1,2,A,-,12,21453,A,F,A,C,A,-,-,-,-,A,0,NA,NA,NA,NA,Y,NA,A,01,0,0,1,0,0,0,0,0,0,-,-,NA,NA,LOS ANGELES,LOS ANGELES,-118.60285013,34.20102001
8163307,2016,2016-11-17,1942,2016-11-06,1655,37353,1768,7,5,7,1942,0,0,0,Q,0,17TL14,BALBOA BL,LASSEN ST,0,NA,Y,A,-,N,NA,NA,NA,NA,NA,NA,NA,NA,NA,N,4,0,1,2,A,-,12,21453,A,N,A,C,A,A,H,-,A,A,0,NA,NA,NA,NA,Y,NA,A,01,0,0,1,0,0,0,0,0,0,-,-,NA,NA,LOS ANGELES,LOS ANGELES,-118.50239007,34.25027009
8163308,2016,2016-11-17,1942,2016-11-01,1900,41316,1969,2,5,7,1942,0,0,0,NA,0,16T25,MONTAGUE ST,ARLETA AV,5,E,N,A,-,N,NA,NA,NA,NA,NA,NA,NA,NA,NA,N,2,0,1,2,A,-,09,21801,A,N,G,B,B,A,H,-,C,D,0,Y,NA,NA,NA,Y,NA,A,01,1,0,0,0,1,0,0,0,0,-,-,NA,NA,LOS ANGELES,LOS ANGELES,-118.42289756,34.23909902
8163311,2016,2016-11-16,1942,2016-11-02,1505,37353,0941,3,5,7,1942,0,0,0,I,0,17TL14,BURBANK BL,KESTER AV,493,W,N,A,-,N,NA,NA,NA,NA,NA,NA,NA,NA,NA,Y,4,0,2,4,A,-,08,22107,NA,N,D,C,A,A,H,-,A,D,0,NA,NA,NA,NA,Y,NA,A,07,0,0,2,0,0,0,0,0,0,-,-,NA,NA,LOS ANGELES,LOS ANGELES,-118.45907696,34.172110000000004
8163312,2016,2016-12-17,1942,2016-11-01,1030,38358,1985,2,5,7,1942,0,0,0,NA,0,16A35,VAN NUYS BL,ROSCOE BL,0,NA,Y,A,-,N,NA,NA,NA,NA,NA,NA,NA,NA,NA,N,4,0,1,2,D,-,00,NA,NA,N,D,C,A,A,H,-,A,D,0,NA,NA,NA,NA,Y,NA,-,-,0,0,1,0,0,0,0,0,0,-,-,NA,NA,LOS ANGELES,LOS ANGELES,-118.44878005,34.2215301
8163313,2016,2016-11-15,1946,2016-09-27,1716,P35,NA,2,5,4,1946,0,0,0,NA,0,003,CALIFORNIA,EVERGREEN,7,S,N,A,-,N,NA,NA,NA,NA,NA,NA,NA,NA,NA,Y,3,0,1,2,A,-,09,21801,A,N,D,C,A,A,H,-,A,A,0,NA,NA,NA,NA,Y,NA,A,01,0,1,0,0,0,0,0,0,0,-,-,NA,NA,LOS ANGELES,MONROVIA,-117.99503976,34.13501081
8163315,2016,2016-11-16,1942,2016-11-04,1350,39701,0984,5,5,7,1942,0,0,0,I,0,16TL28,VAN NUYS BL,GREENLEAF ST,0,NA,Y,A,-,N,NA,NA,NA,NA,NA,NA,NA,NA,NA,N,3,0,1,2,A,-,09,21801,A,N,D,C,A,A,H,-,A,A,0,NA,NA,NA,NA,Y,Y,A,01,0,1,0,0,0,0,0,0,0,-,-,NA,NA,LOS ANGELES,LOS ANGELES,-118.44936001,34.14819003
8163316,2016,2016-11-17,1942,2016-11-05,2305,41239,1901,6,5,7,1942,0,0,0,NA,0,16T25,BALBOA BL,SILVER OAKS DR,340,N,N,A,-,N,NA,NA,NA,NA,NA,NA,NA,NA,NA,Y,3,0,2,1,A,-,03,22350,NA,N,E,I,A,A,H,-,C,D,0,NA,NA,NA,NA,Y,NA,A,01,0,2,0,0,0,0,0,0,0,-,-,NA,NA,LOS ANGELES,LOS ANGELES,-118.48828,34.32098