CASE_ID,ACCIDENT_YEAR,PROC_DATE,JURIS,COLLISION_DATE,COLLISION_TIME,OFFICER_ID,REPORTING_DISTRICT,DAY_OF_WEEK,CHP_SHIFT,POPULATION,CNTY_CITY_LOC,SPECIAL_COND,BEAT_TYPE,CHP_BEAT_TYPE,CITY_DIVISION_LAPD,CHP_BEAT_CLASS,BEAT_NUMBER,PRIMARY_RD,SECONDARY_RD,DISTANCE,DIRECTION,INTERSECTION,WEATHER_1,WEATHER_2,STATE_HWY_IND,CALTRANS_COUNTY,CALTRANS_DISTRICT,STATE_ROUTE,ROUTE_SUFFIX,POSTMILE_PREFIX,POSTMILE,LOCATION_TYPE,RAMP_INTERSECTION,SIDE_OF_HWY,TOW_AWAY,COLLISION_SEVERITY,NUMBER_KILLED,NUMBER_INJURED,PARTY_COUNT,PRIMARY_COLL_FACTOR,PCF_CODE_OF_VIOL,PCF_VIOL_CATEGORY,PCF_VIOLATION,PCF_VIOL_SUBSECTION,HIT_AND_RUN,TYPE_OF_COLLISION,MVIW,PED_ACTION,ROAD_SURFACE,ROAD_COND_1,ROAD_COND_2,LIGHTING,CONTROL_DEVICE,CHP_ROAD_TYPE,PEDESTRIAN_ACCIDENT,BICYCLE_ACCIDENT,MOTORCYCLE_ACCIDENT,TRUCK_ACCIDENT,NOT_PRIVATE_PROPERTY,ALCOHOL_INVOLVED,STWD_VEHTYPE_AT_FAULT,CHP_VEHTYPE_AT_FAULT,COUNT_SEVERE_INJ,COUNT_VISIBLE_INJ,COUNT_COMPLAINT_PAIN,COUNT_PED_KILLED,COUNT_PED_INJURED,COUNT_BICYCLIST_KILLED,COUNT_BICYCLIST_INJURED,COUNT_MC_KILLED,COUNT_MC_INJURED,PRIMARY_RAMP,SECONDARY_RAMP,LATITUDE,LONGITUDE,COUNTY,CITY,POINT_X,POINT_Y
8168506,2016,2016-11-29,1942,2016-10-06,1945,34332,0249,4,5,7,1942,0,0,0,B,0,24T31,3RD ST,BIXEL AV,0,NA,Y,A,-,N,NA,NA,NA,NA,NA,NA,NA,NA,NA,Y,3,0,3,3,A,-,12,21453,A,N,D,C,A,A,H,-,C,A,0,NA,NA,NA,NA,Y,NA,A,07,0,3,0,0,0,0,0,0,0,-,-,NA,NA,LOS ANGELES,LOS ANGELES,-118.25981012,34.05757008
8168507,2016,2016-12-08,1942,2016-10-30,1900,38464,1327,7,5,7,1942,0,0,0,M,0,4A98,HOOPER AV,23RD ST,0,NA,Y,B,C,N,NA,NA,NA,NA,NA,NA,NA,NA,NA,Y,2,0,1,2,A,-,12,22450,A,N,D,J,A,B,H,-,C,D,0,NA,NA,NA,NA,Y,NA,-,NA,1,0,0,0,0,0,0,0,0,-,-,NA,NA,LOS ANGELES,LOS ANGELES,-118.24880001,34.01812001
8168508,2016,2016-11-28,1942,2016-10-08,1230,42364,6303,6,5,7,1942,0,0,0,NA,0,341W2,ADAMS BL,REDONDO,150,E,N,A,-,N,NA,NA,NA,NA,NA,NA,NA,NA,NA,N,4,0,1,3,C,-,18,NA,NA,N,C,C,A,A,H,-,A,D,0,NA,NA,NA,NA,Y,NA,-,-,0,0,1,0,0,0,0,0,0,-,-,NA,NA,LOS ANGELES,LOS ANGELES,-118.35575585,34.0325
8168510,2016,2016-11-29,1942,2016-10-23,1100,36238,1353,7,5,7,1942,0,0,0,M,0,24TL25,MCKINLEY AV,VERNON AV,6,S,N,B,-,N,NA,NA,NA,NA,NA,NA,NA,NA,NA,N,3,0,1,2,A,-,12,21453,A,N,D,G,A,A,H,-,A,A,0,NA,Y,NA,NA,Y,NA,L,04,0,1,0,0,0,0,1,0,0,-,-,NA,NA,LOS ANGELES,LOS ANGELES,-118.26089976,34.00388355
8168511,2016,2017-01-06,1942,2016-10-16,1550,25635,0505,7,5,7,1942,0,0,0,E,0,5A15,190TH ST,VERMONT AV,0,NA,Y,A,-,N,NA,NA,NA,NA,NA,NA,NA,NA,NA,Y,3,0,6,2,A,-,12,21453,A,N,D,C,A,A,H,-,A,A,0,NA,NA,NA,NA,Y,NA,A,01,0,2,4,0,0,0,0,0,0,-,-,NA,NA,LOS ANGELES,LOS ANGELES,-118.29054011,33.85883001
8168512,2016,2017-02-13,1942,2016-10-12,0740,41747,0528,3,5,7,1942,0,0,0,E,0,18T23,PACIFIC COAST HWY,WATSON AV,115,E,N,B,-,Y,LA,7,1,-,-,9.66,H,-,N,Y,4,0,1,2,A,-,09,21804,A,N,D,C,A,A,H,-,A,D,0,NA,NA,NA,NA,Y,NA,A,01,0,0,1,0,0,0,0,0,0,-,-,NA,NA,LOS ANGELES,LOS ANGELES,-118.2477492,33.79098913
8168514,2016,2016-11-29,1942,2016-10-26,0725,31476,0424,3,5,7,1942,0,0,0,D,0,24TL23,NORTH MAIN ST,HANCOCK ST,0,NA,Y,A,-,N,NA,NA,NA,NA,NA,NA,NA,NA,NA,N,4,0,1,2,A,-,08,22107,NA,N,D,G,A,A,H,-,A,D,0,NA,Y,NA,NA,Y,NA,A,01,0,0,1,0,0,0,1,0,0,-,-,NA,NA,LOS ANGELES,LOS ANGELES,-118.20895013,34.06605007
8168515,2016,2016-11-28,1942,2016-10-31,0820,36659,0541,1,5,7,1942,0,0,0,E,0,5A59,PARK WESTERN DR,VIA NAVARRA,0,NA,Y,A,-,N,NA,NA,NA,NA,NA,NA,NA,NA,NA,N,4,0,1,2,A,-,21,22106,NA,N,G,B,E,A,H,-,A,D,0,Y,NA,NA,NA,Y,NA,A,01,0,0,1,0,1,0,0,0,0,-,-,NA,NA,LOS ANGELES,LOS ANGELES,-118.29901009,33.75441007
8168516,2016,2016-11-29,1942,2016-10-15,2300,42390,0236,6,5,7,1942,0,0,0,B,0,2A92,W 3RD ST,S ALVARADO ST,15,E,N,A,-,N,NA,NA,NA,NA,NA,NA,NA,NA,NA,Y,4,0,3,2,A,-,09,21801,A,N,B,C,A,A,H,-,C,A,0,NA,NA,NA,NA,Y,NA,-,NA,0,0,3,0,0,0,0,0,0,-,-,NA,NA,LOS ANGELES,LOS ANGELES,-118.27266558,34.06294195
8168517,2016,2016-11-29,1900,2016-10-25,1932,525103,0562,2,5,3,1968,0,0,0,NA,0,55T1PM,SANTA ANITA AV,FAWCETT AV,33,N,N,A,-,N,NA,NA,NA,NA,NA,NA,NA,NA,NA,N,4,0,1,2,A,-,09,21453,B,N,B,C,A,A,H,-,C,A,0,NA,NA,NA,NA,Y,NA,A,07,0,0,1,0,0,0,0,0,0,-,-,NA,NA,LOS ANGELES,SOUTH EL MONTE,-118.04997267,34.04095358
8168518,2016,2016-11-29,1942,2016-10-07,1340,31152,0266,5,5,7,1942,0,0,0,B,0,24TL21,BEACON AV,JAMES M WOOD BL,0,NA,Y,A,-,N,NA,NA,NA,NA,NA,NA,NA,NA,NA,Y,4,0,1,2,A,-,09,21802,A,N,D,C,A,A,H,-,A,A,0,NA,NA,NA,NA,Y,NA,A,01,0,0,1,0,0,0,0,0,0,-,-,NA,NA,LOS ANGELES,LOS ANGELES,-118.27434,34.05135
8168519,2016,2016-12-16,1942,2016-10-28,1515,38434,0506,5,5,7,1942,0,0,0,E,0,5A15,SEPULVEDA BL,NORMANDIE,170,E,N,A,-,N,NA,NA,NA,NA,NA,NA,NA,NA,NA,N,4,0,4,2,A,-,09,21801,A,N,B,C,A,A,H,-,A,D,0,NA,NA,NA,NA,Y,NA,A,01,0,0,4,0,0,0,0,0,0,-,-,NA,NA,LOS ANGELES,LOS ANGELES,-118.29768725,33.81298507
8168520,2016,2016-11-29,1942,2016-10-18,1150,38124,0271,2,5,7,1942,0,0,0,B,0,24TI28,OLYMPIC BL,LAKE ST,0,NA,Y,A,-,N,NA,NA,NA,NA,NA,NA,NA,NA,NA,N,4,0,1,2,A,-,09,21804,A,F,D,G,A,A,H,-,A,A,0,NA,Y,NA,NA,Y,NA,L,04,0,0,1,0,0,0,1,0,0,-,-,NA,NA,LOS ANGELES,LOS ANGELES,-118.28097008,34.05218005
8168521,2016,2016-11-29,1900,2016-10-29,1100,549496,0535,6,5,5,1959,0,0,0,NA,0,55AM,SAN GABRIEL BL,WALNUT GROVE AV,238,S,N,A,-,N,NA,NA,NA,NA,NA,NA,NA,NA,NA,Y,4,0,1,2,A,-,12,21453,A,N,D,D,A,A,H,-,A,A,0,NA,NA,NA,NA,Y,NA,A,08,0,0,1,0,0,0,0,0,0,-,-,NA,NA,LOS ANGELES,ROSEMEAD,-118.08153782,34.04034704
8168522,2016,2016-11-29,1942,2016-10-08,1100,36238,0239,6,5,7,1942,0,0,0,B,0,24TL25,TEMPLE ST,BEAUDRY AV,0,NA,Y,A,-,N,NA,NA,NA,NA,NA,NA,NA,NA,NA,Y,4,0,1,2,A,-,12,21453,A,N,D,C,A,A,H,-,A,A,0,NA,NA,NA,NA,Y,NA,A,01,0,0,1,0,0,0,0,0,0,-,-,NA,NA,LOS ANGELES,LOS ANGELES,-118.2513601,34.0632001
8168523,2016,2016-11-28,1942,2016-10-06,0730,25635,0528,4,5,7,1942,0,0,0,E,0,5A15,WATSON AV,L ST,85,N,N,A,-,N,NA,NA,NA,NA,NA,NA,NA,NA,NA,Y,4,0,1,2,A,-,11,21954,A,N,G,B,D,A,H,-,A,A,0,Y,NA,NA,NA,Y,NA,N,60,0,0,1,0,1,0,0,0,0,-,-,NA,NA,LOS ANGELES,LOS ANGELES,-118.24789587,33.78775274
8168524,2016,2016-11-28,1942,2016-10-02,2000,34332,0201,7,5,7,1942,0,0,0,B,0,24T33,MELROSE AV,VERMONT AV,55,W,N,A,-,N,NA,NA,NA,NA,NA,NA,NA,NA,NA,N,4,0,5,4,A,-,03,22350,NA,N,C,C,A,A,H,-,C,A,0,NA,NA,NA,NA,Y,NA,A,01,0,0,5,0,0,0,0,0,0,-,-,NA,NA,LOS ANGELES,LOS ANGELES,-118.29189111,34.08358671
8168526,2016,2016-11-29,1942,2016-10-11,2050,35431,0233,2,5,7,1942,0,0,0,B,0,2A47,BEVERLY BL,RAMPART BL,0,NA,Y,A,-,N,NA,NA,NA,NA,NA,NA,NA,NA,NA,N,4,0,2,2,A,-,09,21801,A,N,D,C,A,A,H,-,C,A,0,NA,NA,NA,NA,Y,NA,-,NA,0,0,2,0,0,0,0,0,0,-,-,NA,NA,LOS ANGELES,LOS ANGELES,-118.27683005,34.06949005
8168527,2016,2016-11-28,1942,2016-10-04,1640,38720,0557,2,5,7,1942,0,0,0,E,0,5A12,6TH ST,GRAND AV,300,W,N,A,-,N,NA,NA,NA,NA,NA,NA,NA,NA,NA,Y,3,0,1,4,A,-,03,22350,NA,N,A,E,A,A,H,-,A,D,0,NA,NA,NA,NA,Y,NA,A,01,0,1,0,0,0,0,0,0,0,-,-,NA,NA,LOS ANGELES,LOS ANGELES,-118.29114468,33.73877
8168528,2016,2016-11-28,1942,2016-10-06,0800,31152,0219,4,5,7,1942,0,0,0,B,0,24TL21,SUNSET BL,BEAUDRY AV,0,E,N,A,-,N,NA,NA,NA,NA,NA,NA,NA,NA,NA,Y,3,0,2,4,A,-,03,22350,NA,N,C,C,A,A,H,-,A,D,0,NA,NA,NA,NA,Y,NA,A,01,0,1,1,0,0,0,0,0,0,-,-,NA,NA,LOS ANGELES,LOS ANGELES,-118.24924007,34.06525009
8168530,2016,2016-11-29,1942,2016-10-11,1940,42432,0257,2,5,7,1942,0,0,0,B,0,2A91,6TH ST,LOMA DR,60,E,N,A,-,N,NA,NA,NA,NA,NA,NA,NA,NA,NA,N,4,0,1,2,A,-,10,21950,C,N,G,B,D,A,H,-,C,D,0,Y,NA,NA,NA,Y,NA,-,NA,0,0,1,0,1,0,0,0,0,-,-,NA,NA,LOS ANGELES,LOS ANGELES,-118.26790137,34.05647949
8168531,2016,2016-11-28,1942,2016-10-02,0830,38644,0557,7,5,7,1942,0,0,0,E,0,5Z3,GAFFEY ST,3RD ST,0,NA,Y,A,-,N,NA,NA,NA,NA,NA,NA,NA,NA,NA,N,4,0,1,2,A,-,05,21650,NA,N,H,J,A,A,H,-,A,A,0,NA,NA,Y,NA,Y,NA,C,03,0,0,1,0,0,0,0,0,1,-,-,NA,NA,LOS ANGELES,LOS ANGELES,-118.29233012,33.74152001
8168532,2016,2016-11-28,1942,2016-10-27,0600,36072,1152,4,5,7,1942,0,0,0,K,0,11A51,W SUNSET BL,FOUNTAIN AV,0,NA,Y,A,-,N,NA,NA,NA,NA,NA,NA,NA,NA,NA,Y,2,0,2,2,A,-,09,21801,A,N,A,C,A,A,H,-,B,A,0,NA,NA,NA,NA,Y,NA,-,NA,1,1,0,0,0,0,0,0,0,-,-,NA,NA,LOS ANGELES,LOS ANGELES,-118.28412004,34.09582005
8168534,2016,2016-11-28,1942,2016-10-03,0600,34288,0295,1,5,7,1942,0,0,0,B,0,2A5,PICO BL,BONNIE BRAE,150,E,N,A,-,N,NA,NA,NA,NA,NA,NA,NA,NA,NA,N,4,0,1,2,A,-,08,22102,NA,N,D,C,A,A,H,-,B,D,0,NA,NA,NA,NA,Y,NA,A,01,0,0,1,0,0,0,0,0,0,-,-,NA,NA,LOS ANGELES,LOS ANGELES,-118.27993087,34.04598598
8168535,2016,2016-11-28,1942,2016-10-16,1600,32482,531,7,5,7,1942,0,0,0,NA,0,5A58,N GAFFEY ST,WESTMONT,750,N,N,A,-,N,NA,NA,NA,NA,NA,NA,NA,NA,NA,Y,3,0,3,2,A,-,03,22350,NA,F,B,C,A,A,H,-,A,D,0,NA,NA,NA,NA,Y,NA,-,99,0,1,2,0,0,0,0,0,0,-,-,NA,NA,LOS ANGELES,LOS ANGELES,-118.29376194,33.76595671
8168536,2016,2016-11-28,1942,2016-10-14,0920,42252,0212,5,5,7,1942,0,0,0,B,0,2A5,BEVERLY BL,JUANITA AV,10,E,N,A,-,N,NA,NA,NA,NA,NA,NA,NA,NA,NA,Y,4,0,1,2,A,-,09,21801,A,N,A,C,A,A,H,-,A,D,0,NA,NA,NA,NA,Y,NA,-,NA,0,0,1,0,0,0,0,0,0,-,-,NA,NA,LOS ANGELES,LOS ANGELES,-118.29049704,34.07631
8168538,2016,2016-11-29,1942,2016-10-18,2000,41925,0583,2,5,7,1942,0,0,0,E,0,3T5,19TH ST,AVERILL AV,241,W,N,A,-,N,NA,NA,NA,NA,NA,NA,NA,NA,NA,Y,3,0,1,3,A,-,01,23152,A,N,D,E,A,A,H,-,C,D,0,NA,NA,NA,NA,Y,Y,A,01,0,1,0,0,0,0,0,0,0,-,-,NA,NA,LOS ANGELES,LOS ANGELES,-118.30864104,33.72704317
8168539,2016,2016-11-28,1942,2016-10-13,1640,37599,0501,4,5,7,1942,0,0,0,E,0,5SL1,NORMANDIE AV,182ND ST,0,NA,Y,A,-,N,NA,NA,NA,NA,NA,NA,NA,NA,NA,Y,4,0,2,2,A,-,09,21801,A,N,D,A,A,A,H,-,A,A,0,NA,NA,NA,NA,Y,NA,A,08,0,0,2,0,0,0,0,0,0,-,-,NA,NA,LOS ANGELES,LOS ANGELES,-118.29923007,33.86587004
8168540,2016,2016-11-28,1942,2016-10-14,1500,37705,0219,5,5,7,1942,0,0,0,B,0,24T52,SUNSET BL,MARION AV,762,W,N,A,-,N,NA,NA,NA,NA,NA,NA,NA,NA,NA,Y,3,0,1,3,A,-,08,22102,NA,N,B,C,A,A,H,-,A,D,0,NA,NA,NA,NA,Y,NA,A,01,0,1,0,0,0,0,0,0,0,-,-,NA,NA,LOS ANGELES,LOS ANGELES,-118.25050369,34.07026901
8168541,2016,2016-11-28,1942,2016-10-08,0530,38922,0256,6,5,7,1942,0,0,0,B,0,2A39,6TH ST,BURLINGTON ST,0,NA,Y,A,-,N,NA,NA,NA,NA,NA,NA,NA,NA,NA,N,2,0,1,2,A,-,11,21955,NA,N,G,B,D,A,H,-,C,A,0,Y,NA,NA,NA,Y,Y,A,01,1,0,0,0,1,0,0,0,0,-,-,NA,NA,LOS ANGELES,LOS ANGELES,-118.27149009,34.05803009
8168542,2016,2016-11-29,1942,2016-10-22,1515,41911,0516,6,5,7,1942,0,0,0,E,0,12T73,AVALON BL,M ST,105,N,N,A,-,N,NA,NA,NA,NA,NA,NA,NA,NA,NA,N,3,0,1,2,A,-,05,21650,1,N,D,G,A,A,H,-,A,A,0,NA,Y,NA,NA,Y,NA,L,04,0,1,0,0,0,0,1,0,0,-,-,NA,NA,LOS ANGELES,LOS ANGELES,-118.26315917,33.78911752
8168543,2016,2016-11-28,1942,2016-10-15,1720,41056,0565,6,5,7,1942,0,0,0,E,0,5A58,PACIFIC AV,9TH ST,95,N,N,A,-,N,NA,NA,NA,NA,NA,NA,NA,NA,NA,N,3,0,1,2,A,-,04,21703,NA,N,C,C,A,A,H,-,A,A,0,NA,NA,NA,NA,Y,NA,A,01,0,1,0,0,0,0,0,0,0,-,-,NA,NA,LOS ANGELES,LOS ANGELES,-118.28793,33.73630055
8168544,2016,2016-11-29,1942,2016-10-09,1615,36238,0249,7,5,7,1942,0,0,0,B,0,24T21,3RD ST,BIXEL ST,125,W,N,A,-,N,NA,NA,NA,NA,NA,NA,NA,NA,NA,N,3,0,1,2,A,-,07,21658,A,N,H,A,A,A,H,-,A,D,0,NA,NA,Y,NA,Y,NA,A,01,0,1,0,0,0,0,0,0,1,-,-,NA,NA,LOS ANGELES,LOS ANGELES,-118.26018123,34.05771849
8168545,2016,2016-11-29,1942,2016-10-08,2030,40474,0299,6,5,7,1942,0,0,0,B,0,2A91,UNION AV,PICO BL,0,NA,Y,A,-,N,NA,NA,NA,NA,NA,NA,NA,NA,NA,N,3,0,1,2,A,-,09,21804,B,N,D,C,A,A,H,-,E,B,0,NA,NA,NA,NA,Y,NA,-,-,0,1,0,0,0,0,0,0,0,-,-,NA,NA,LOS ANGELES,LOS ANGELES,-118.27695014,34.04465001
8168546,2016,2016-12-01,1942,2016-10-04,0715,41542,0563,2,5,7,1942,0,0,0,E,0,3TL5,16TH ST,PACIFIC AV,5,W,N,A,-,N,NA,NA,NA,NA,NA,NA,NA,NA,NA,N,3,0,1,2,A,-,10,21950,A,N,G,B,C,A,H,-,A,A,0,Y,NA,NA,NA,Y,NA,A,07,0,1,0,0,1,0,0,0,0,-,-,NA,NA,LOS ANGELES,LOS ANGELES,-118.28798641,33.72971
8168547,2016,2017-02-16,1942,2016-10-16,1030,41545,0529,7,5,7,1942,0,0,0,E,0,3T5,ANAHEIM ST,9TH ST,300,W,N,A,-,N,NA,NA,NA,NA,NA,NA,NA,NA,NA,N,4,0,2,2,A,-,03,22350,NA,N,C,C,A,A,H,-,A,A,0,NA,NA,NA,NA,Y,NA,A,01,0,0,2,0,0,0,0,0,0,-,-,NA,NA,LOS ANGELES,LOS ANGELES,-118.22088276,33.78263187
8168548,2016,2016-11-28,1942,2016-10-20,1155,40275,1331,4,5,7,1942,0,0,0,M,0,24T23,MAPLE AV,27TH ST,100,S,N,A,-,N,NA,NA,NA,NA,NA,NA,NA,NA,NA,Y,3,0,2,2,A,-,09,21804,A,F,D,C,A,A,H,-,A,D,0,NA,NA,NA,NA,Y,NA,-,99,0,2,0,0,0,0,0,0,0,-,-,NA,NA,LOS ANGELES,LOS ANGELES,-118.2661333,34.02234727
8168549,2016,2016-11-29,1942,2016-10-02,1935,40315,0291,7,5,7,1942,0,0,0,B,0,20T59,HOOVER ST,VENICE BL,49,S,N,A,-,N,NA,NA,NA,NA,NA,NA,NA,NA,NA,Y,4,0,1,2,A,-,04,21703,NA,N,C,C,A,A,H,-,C,A,0,NA,NA,NA,NA,Y,NA,A,01,0,0,1,0,0,0,0,0,0,-,-,NA,NA,LOS ANGELES,LOS ANGELES,-118.28414731,34.04366563
8168550,2016,2016-11-29,1942,2016-10-07,1615,41056,0501,5,5,7,1942,0,0,0,E,0,05A58,186TH ST,WESTERN AV,6,W,N,A,-,N,NA,NA,NA,NA,NA,NA,NA,NA,NA,N,4,0,1,2,A,-,04,21703,NA,N,C,C,A,A,H,-,A,A,0,NA,NA,NA,NA,Y,NA,A,08,0,0,1,0,0,0,0,0,0,-,-,NA,NA,LOS ANGELES,LOS ANGELES,-118.30916973,33.86198
8168551,2016,2016-11-28,1942,2016-10-28,1330,37654,0504,5,5,7,1942,0,0,0,E,0,5Z3,TORRANCE BL,WESTERN AV,0,NA,Y,A,-,N,NA,NA,NA,NA,NA,NA,NA,NA,NA,Y,4,0,2,2,A,-,04,21703,NA,N,C,C,A,A,H,-,A,A,0,NA,NA,NA,NA,Y,NA,A,01,0,0,2,0,0,0,0,0,0,-,-,NA,NA,LOS ANGELES,LOS ANGELES,-118.30932005,33.83828011
8168552,2016,2016-11-28,1942,2016-10-21,2200,39759,1344,5,5,7,1942,0,0,0,M,0,24T31,42ND ST,SAN PEDRO ST,0,NA,Y,A,-,N,NA,NA,NA,NA,NA,NA,NA,NA,NA,Y,4,0,1,2,A,-,09,21802,A,N,B,C,A,A,H,-,C,A,0,NA,NA,NA,NA,Y,NA,A,01,0,0,1,0,0,0,0,0,0,-,-,NA,NA,LOS ANGELES,LOS ANGELES,-118.26964008,34.00746007
8168554,2016,2016-11-29,1942,2016-10-04,0950,41545,0514,2,5,7,1942,0,0,0,E,0,3TL5,FIGUEROA ST,I ST,140,N,N,A,-,N,NA,NA,NA,NA,NA,NA,NA,NA,NA,Y,4,0,1,2,A,-,03,22350,NA,N,C,C,A,A,H,-,A,D,0,NA,NA,NA,NA,Y,NA,A,01,0,0,1,0,0,0,0,0,0,-,-,NA,NA,LOS ANGELES,LOS ANGELES,-118.27963895,33.78033178
8168555,2016,2016-11-28,1942,2016-10-31,1355,41706,0517,1,5,7,1942,0,0,0,E,0,3TL57,AVALON BL,OPP ST,0,NA,Y,A,-,N,NA,NA,NA,NA,NA,NA,NA,NA,NA,Y,4,0,1,3,A,-,12,21453,A,N,D,C,A,A,H,-,A,A,0,NA,NA,NA,NA,Y,NA,A,01,0,0,1,0,0,0,0,0,0,-,-,NA,NA,LOS ANGELES,LOS ANGELES,-118.26268002,33.78293007
8168556,2016,2016-11-28,1942,2016-10-17,0920,42445,0176,1,5,7,1942,0,0,0,A,0,1A85,8TH ST,MAPLE AV,77,E,N,C,-,N,NA,NA,NA,NA,NA,NA,NA,NA,NA,N,4,0,1,1,B,-,22,NA,NA,N,E,I,A,B,H,-,A,D,0,NA,NA,NA,NA,Y,NA,A,01,0,0,1,0,0,0,0,0,0,-,-,NA,NA,LOS ANGELES,LOS ANGELES,-118.25101242,34.04067148
8168558,2016,2016-11-29,1942,2016-10-21,1300,40275,1325,5,5,7,1942,0,0,0,M,0,24T22,NAOMI AV,27TH ST,0,NA,Y,A,-,N,NA,NA,NA,NA,NA,NA,NA,NA,NA,Y,4,0,1,2,A,-,09,21802,A,N,D,C,A,A,H,-,A,A,0,NA,NA,NA,NA,Y,NA,A,01,0,0,1,0,0,0,0,0,0,-,-,NA,NA,LOS ANGELES,LOS ANGELES,-118.2530701,34.01676012
8168559,2016,2016-11-28,1942,2016-10-07,0350,41838,0361,5,5,7,1942,0,0,0,C,0,3A63,LA BREA AV,COLISEUM RD,500,S,N,A,-,N,NA,NA,NA,NA,NA,NA,NA,NA,NA,N,3,0,1,2,A,-,03,22350,A,F,C,C,A,A,H,-,C,D,0,NA,NA,NA,NA,Y,NA,-,99,0,1,0,0,0,0,0,0,0,-,-,NA,NA,LOS ANGELES,LOS ANGELES,-118.35566643,34.01694621
8168560,2016,2016-11-28,1942,2016-10-29,1730,38599,0497,6,5,7,1942,0,0,0,D,0,4A6,14TH ST,LORENA ST,0,NA,Y,A,-,N,NA,NA,NA,NA,NA,NA,NA,NA,NA,N,2,0,1,2,A,-,10,21950,A,F,G,B,C,A,H,-,A,D,0,Y,NA,NA,NA,Y,NA,-,NA,1,0,0,0,1,0,0,0,0,-,-,NA,NA,LOS ANGELES,LOS ANGELES,-118.20879012,34.01719004
8168646,2016,2016-11-28,1955,2016-11-15,1022,40348,0030,2,5,6,1955,0,0,0,NA,0,002,FOOTHILL BL,LYNOAK DR,81,W,N,A,-,N,NA,NA,NA,NA,NA,NA,NA,NA,NA,N,4,0,1,2,A,-,09,21804,A,N,D,C,A,A,H,-,A,D,0,NA,NA,NA,NA,Y,NA,A,01,0,0,1,0,0,0,0,0,0,-,-,NA,NA,LOS ANGELES,POMONA,-117.74007687,34.10721348
8168650,2016,2016-11-28,1955,2016-11-10,1534,40220,0089,4,5,6,1955,0,0,0,NA,0,004,RESERVOIR ST,PHILLIPS BL,325,S,N,A,-,N,NA,NA,NA,NA,NA,NA,NA,NA,NA,N,4,0,1,3,A,-,03,22350,NA,N,C,C,A,A,H,-,A,D,0,NA,NA,NA,NA,Y,NA,A,08,0,0,1,0,0,0,0,0,0,-,-,NA,NA,LOS ANGELES,POMONA,-117.73216233,34.04373951
8168654,2016,2016-11-28,1955,2016-11-17,0106,40590,0019,4,5,6,1955,0,0,0,NA,0,003,INDIAN HILL BL,COBBLESTONE LN,0,NA,Y,A,-,N,NA,NA,NA,NA,NA,NA,NA,NA,NA,N,4,0,1,2,A,-,07,21658,A,N,B,E,A,A,H,-,C,A,0,NA,NA,NA,NA,Y,NA,A,01,0,0,1,0,0,0,0,0,0,-,-,NA,NA,LOS ANGELES,POMONA,-117.71926005,34.07853001
8168657,2016,2017-01-12,1955,2016-11-02,0807,41871,0064,3,5,6,1955,0,0,0,NA,0,001,RIDGEWAY ST,SOUTH CAMPUS DR,6,N,N,A,-,N,NA,NA,NA,NA,NA,NA,NA,NA,NA,Y,4,0,1,2,A,-,08,22107,NA,N,B,C,A,A,H,-,A,A,0,NA,NA,NA,NA,Y,NA,A,01,0,0,1,0,0,0,0,0,0,-,-,NA,NA,LOS ANGELES,POMONA,-117.79756785,34.06458509
8168658,2016,2016-11-28,1955,2016-11-15,1615,40668,0012,2,5,6,1955,0,0,0,NA,0,003,SAN ANTONIO AV,SAN BERNARDINO AV,15,N,N,A,-,N,NA,NA,NA,NA,NA,NA,NA,NA,NA,Y,3,0,2,3,A,-,03,22350,NA,N,D,B,B,A,H,-,A,A,0,Y,NA,NA,NA,Y,NA,A,01,0,2,0,0,2,0,0,0,0,-,-,NA,NA,LOS ANGELES,POMONA,-117.73672,34.07586111
8168662,2016,2016-11-28,1955,2016-11-08,1612,30060,0004,2,5,6,1955,0,0,0,NA,0,001,PARK AV,4TH ST,36,S,N,A,-,N,NA,NA,NA,NA,NA,NA,NA,NA,NA,Y,4,0,2,2,A,-,09,21800,A,N,B,C,A,A,H,-,A,D,0,NA,NA,NA,NA,Y,NA,A,01,0,0,2,0,0,0,0,0,0,-,-,NA,NA,LOS ANGELES,POMONA,-117.75442776,34.05577134
8168665,2016,2016-12-27,1942,2016-11-03,1235,37611,0411,4,5,7,1942,0,0,0,D,0,1235,BROADWAY,AVENUE 20,114,E,N,A,-,N,NA,NA,NA,NA,NA,NA,NA,NA,NA,Y,4,0,1,2,A,-,12,21453,A,N,-,C,A,A,H,-,A,D,0,NA,NA,NA,NA,Y,NA,-,-,0,0,1,0,0,0,0,0,0,-,-,NA,NA,LOS ANGELES,LOS ANGELES,-118.21981414,34.07278006
8168666,2016,2016-11-28,1955,2016-11-06,0601,42014,0097,7,5,6,1955,0,0,0,NA,0,004,1ST ST,SAN LORENZO,207,W,N,A,-,N,NA,NA,NA,NA,NA,NA,NA,NA,NA,Y,4,0,1,1,A,-,08,22107,NA,N,E,I,A,A,H,-,A,D,0,NA,NA,NA,NA,Y,NA,A,07,0,0,1,0,0,0,0,0,0,-,-,NA,NA,LOS ANGELES,POMONA,-117.72613137,34.05930231
8168670,2016,2016-11-28,1942,2016-11-13,1815,31288,0378,7,5,7,1942,0,0,0,C,0,3T5,FIGUEROA,S 37TH ST,12,N,N,A,-,N,NA,NA,NA,NA,NA,NA,NA,NA,NA,N,3,0,1,2,A,-,05,21650,1,F,D,G,A,A,H,-,A,A,0,NA,Y,NA,NA,Y,NA,L,04,0,1,0,0,0,0,1,0,0,-,-,NA,NA,LOS ANGELES,LOS ANGELES,-118.28240049,34.01817862