CASE_ID,ACCIDENT_YEAR,PROC_DATE,JURIS,COLLISION_DATE,COLLISION_TIME,OFFICER_ID,REPORTING_DISTRICT,DAY_OF_WEEK,CHP_SHIFT,POPULATION,CNTY_CITY_LOC,SPECIAL_COND,BEAT_TYPE,CHP_BEAT_TYPE,CITY_DIVISION_LAPD,CHP_BEAT_CLASS,BEAT_NUMBER,PRIMARY_RD,SECONDARY_RD,DISTANCE,DIRECTION,INTERSECTION,WEATHER_1,WEATHER_2,STATE_HWY_IND,CALTRANS_COUNTY,CALTRANS_DISTRICT,STATE_ROUTE,ROUTE_SUFFIX,POSTMILE_PREFIX,POSTMILE,LOCATION_TYPE,RAMP_INTERSECTION,SIDE_OF_HWY,TOW_AWAY,COLLISION_SEVERITY,NUMBER_KILLED,NUMBER_INJURED,PARTY_COUNT,PRIMARY_COLL_FACTOR,PCF_CODE_OF_VIOL,PCF_VIOL_CATEGORY,PCF_VIOLATION,PCF_VIOL_SUBSECTION,HIT_AND_RUN,TYPE_OF_COLLISION,MVIW,PED_ACTION,ROAD_SURFACE,ROAD_COND_1,ROAD_COND_2,LIGHTING,CONTROL_DEVICE,CHP_ROAD_TYPE,PEDESTRIAN_ACCIDENT,BICYCLE_ACCIDENT,MOTORCYCLE_ACCIDENT,TRUCK_ACCIDENT,NOT_PRIVATE_PROPERTY,ALCOHOL_INVOLVED,STWD_VEHTYPE_AT_FAULT,CHP_VEHTYPE_AT_FAULT,COUNT_SEVERE_INJ,COUNT_VISIBLE_INJ,COUNT_COMPLAINT_PAIN,COUNT_PED_KILLED,COUNT_PED_INJURED,COUNT_BICYCLIST_KILLED,COUNT_BICYCLIST_INJURED,COUNT_MC_KILLED,COUNT_MC_INJURED,PRIMARY_RAMP,SECONDARY_RAMP,LATITUDE,LONGITUDE,COUNTY,CITY,POINT_X,POINT_Y
8169178,2016,2016-12-08,1900,2016-10-16,1905,513022,2611,7,5,6,1950,0,0,0,NA,0,262T1,RT 138,MEDICAL CENTER DR,0,NA,Y,A,-,N,NA,NA,NA,NA,NA,NA,NA,NA,NA,N,4,0,1,2,A,-,03,22350,NA,N,C,C,A,A,H,-,C,A,0,NA,NA,NA,NA,Y,NA,A,01,0,0,1,0,0,0,0,0,0,-,-,NA,NA,LOS ANGELES,PALMDALE,NA,NA
8169179,2016,2016-11-16,1976,2016-10-09,2130,279,1976,7,5,5,1976,0,0,0,NA,0,002,MARVISTA ST,PICKERING AV,0,NA,Y,A,-,N,NA,NA,NA,NA,NA,NA,NA,NA,NA,Y,4,0,2,2,A,-,12,21453,A,N,D,C,A,A,H,-,C,A,0,NA,NA,NA,NA,Y,NA,A,01,0,0,2,0,0,0,0,0,0,-,-,NA,NA,LOS ANGELES,WHITTIER,-118.0420501,33.97368006
8169182,2016,2016-11-17,1900,2016-10-02,1330,534594,2627,7,5,6,1950,0,0,0,NA,0,262T1,10TH ST E,AVENUE M,318,N,N,A,-,N,NA,NA,NA,NA,NA,NA,NA,NA,NA,Y,3,0,2,1,A,-,08,22107,NA,N,F,J,A,A,H,-,A,D,0,NA,NA,NA,NA,Y,NA,A,01,0,1,1,0,0,0,0,0,0,-,-,NA,NA,LOS ANGELES,PALMDALE,-118.1123281,34.64680191
8169183,2016,2016-11-16,1976,2016-10-24,0058,386,NA,1,5,5,1976,0,0,0,NA,0,003,MAR VISTA ST,YORK AV,4,E,N,A,-,N,NA,NA,NA,NA,NA,NA,NA,NA,NA,Y,4,0,1,1,C,-,18,NA,NA,N,E,I,A,B,H,-,C,A,0,NA,NA,NA,NA,Y,NA,-,-,0,0,1,0,0,0,0,0,0,-,-,NA,NA,LOS ANGELES,WHITTIER,-118.02542913,33.97190381
8169186,2016,2016-11-17,1900,2016-10-22,0845,618391,2612,6,5,6,1950,0,0,0,NA,0,264T1,RANCHO VISTA BL,11TH ST W,165,E,N,A,-,N,NA,NA,NA,NA,NA,NA,NA,NA,NA,Y,3,0,5,4,A,-,03,22350,NA,N,C,C,A,A,H,-,A,D,0,NA,NA,NA,NA,Y,NA,A,07,0,2,3,0,0,0,0,0,0,-,-,NA,NA,LOS ANGELES,PALMDALE,-118.149833,34.601705
8169190,2016,2016-12-08,1900,2016-10-05,1910,546525,2611,3,5,6,1950,0,0,0,NA,0,264T1,AVENUE R,SIERRA HWY,60,W,N,A,-,N,NA,NA,NA,NA,NA,NA,NA,NA,NA,Y,4,0,1,2,A,-,04,21703,NA,N,C,C,A,A,H,-,C,A,0,NA,NA,NA,NA,Y,NA,A,01,0,0,1,0,0,0,0,0,0,-,-,NA,NA,LOS ANGELES,PALMDALE,-118.11571883,34.5725861
8169193,2016,2016-12-08,1900,2016-10-20,1906,536332,0451,4,5,6,1949,0,0,0,NA,0,43T1,IMPERIAL HWY,ORR AND DAY RD,100,E,N,A,-,N,NA,NA,NA,NA,NA,NA,NA,NA,NA,N,4,0,1,2,A,-,07,21658,A,N,B,C,A,A,H,-,C,D,0,NA,NA,NA,NA,Y,NA,A,01,0,0,1,0,0,0,0,0,0,-,-,NA,NA,LOS ANGELES,NORWALK,-118.0913911,33.9171
8169194,2016,2016-11-17,1900,2016-10-03,1910,517840,2619,1,5,6,1950,0,0,0,NA,0,262T1,TECHNOLOGY DR,TRADE CENTER DR,0,NA,Y,A,-,N,NA,NA,NA,NA,NA,NA,NA,NA,NA,Y,4,0,1,2,A,-,12,22450,A,N,D,C,A,A,H,-,C,A,0,NA,NA,NA,NA,Y,NA,A,01,0,0,1,0,0,0,0,0,0,-,-,NA,NA,LOS ANGELES,PALMDALE,-118.14315009,34.59445004
8169197,2016,2016-11-17,1900,2016-10-15,1905,602269,0453,6,5,6,1949,0,0,0,NA,0,43T1,PIONEER BL,BRINLEY ST,0,NA,Y,A,-,N,NA,NA,NA,NA,NA,NA,NA,NA,NA,Y,4,0,1,2,A,-,03,22350,NA,M,A,C,A,A,H,-,C,D,0,NA,NA,NA,NA,Y,Y,A,01,0,0,1,0,0,0,0,0,0,-,-,NA,NA,LOS ANGELES,NORWALK,-118.08273007,33.90657007
8169198,2016,2016-11-17,1900,2016-10-21,2005,527057,2612,5,5,6,1950,0,0,0,NA,0,263T1,ELIZABETH LAKE RD,20TH ST W,84,W,N,A,-,N,NA,NA,NA,NA,NA,NA,NA,NA,NA,Y,4,0,1,1,A,-,08,22107,NA,N,E,I,A,A,H,-,C,D,0,NA,NA,NA,NA,Y,NA,A,07,0,0,1,0,0,0,0,0,0,-,-,NA,NA,LOS ANGELES,PALMDALE,-118.16537846,34.58702558
8169299,2016,2016-11-15,1941,2016-10-30,2208,10914,NA,7,5,7,1941,0,0,0,NA,0,NA,LAKEWOOD BL,DONALD DOUGLAS DR,0,NA,Y,B,-,N,NA,NA,NA,NA,NA,NA,NA,NA,NA,Y,4,0,1,2,A,-,03,22350,NA,N,C,C,A,B,H,-,C,A,0,NA,NA,NA,NA,Y,Y,D,NA,0,0,1,0,0,0,0,0,0,-,-,NA,NA,LOS ANGELES,LONG BEACH,-118.14022001,33.81888011
8169362,2016,2016-11-21,1924,2016-09-02,0823,114574,20,5,5,5,1924,0,0,0,NA,0,0G3,ROSECRANS AV,SAINT ANDREWS PL,0,NA,Y,A,-,N,NA,NA,NA,NA,NA,NA,NA,NA,NA,Y,4,0,1,2,A,-,09,21802,A,N,D,C,A,A,H,-,A,D,0,NA,NA,NA,NA,Y,NA,D,22,0,0,1,0,0,0,0,0,0,-,-,33.90192,-118.31144,LOS ANGELES,GARDENA,-118.31147007,33.90192
8169372,2016,2017-02-23,1941,2016-10-31,0034,10364,NA,1,5,7,1941,0,0,0,NA,0,NA,PACIFIC COAST HWY,CEDAR AV,120,W,N,C,-,Y,LA,7,1,-,-,6.61,H,-,N,Y,4,0,1,3,A,-,16,27465,B,N,C,E,A,B,H,-,C,A,0,NA,NA,NA,NA,Y,NA,-,-,0,0,1,0,0,0,0,0,0,-,-,NA,NA,LOS ANGELES,LONG BEACH,-118.19532486,33.78991928
8169390,2016,2016-11-21,1924,2016-09-11,0414,115237,25,7,5,5,1924,0,0,0,NA,0,004,NORMANDIE AV,148TH ST,210,N,N,A,-,N,NA,NA,NA,NA,NA,NA,NA,NA,NA,Y,3,0,2,7,A,-,08,22107,NA,F,B,E,A,A,H,-,C,D,0,NA,NA,NA,NA,Y,NA,-,99,0,2,0,0,0,0,0,0,0,-,-,33.89738,-118.30041,LOS ANGELES,GARDENA,-118.30044,33.89796595
8169414,2016,2016-11-29,1924,2016-08-23,0255,112602,20,2,5,5,1924,0,0,0,NA,0,8T2,CRENSHAW BL,147TH ST,312,N,N,A,-,N,NA,NA,NA,NA,NA,NA,NA,NA,NA,Y,4,0,1,2,A,-,01,23152,A,N,C,E,A,A,H,-,C,D,0,NA,NA,NA,NA,Y,Y,A,07,0,0,1,0,0,0,0,0,0,-,-,33.89828,-118.32651,LOS ANGELES,GARDENA,-118.32654,33.89914572
8169448,2016,2017-02-13,1941,2016-10-18,1529,5462,NA,2,5,7,1941,0,0,0,NA,0,NA,STUDEBAKER RD,RT 405,50,S,N,A,-,Y,LA,7,405,-,-,0.605,R,1,S,N,3,0,1,2,A,-,12,22450,A,M,D,G,A,A,H,-,A,A,0,NA,Y,NA,NA,Y,NA,E,NA,0,1,0,0,0,0,1,0,0,-,-,NA,NA,LOS ANGELES,LONG BEACH,-118.10102496,33.79161005
8169451,2016,2017-02-13,1941,2016-10-24,1853,5915,NA,1,5,7,1941,0,0,0,NA,0,NA,PCH,JUDSON AV,0,NA,Y,A,-,Y,LA,7,1,-,-,8.13,H,-,S,N,4,0,1,2,A,-,03,22350,NA,M,C,C,A,A,H,-,C,A,0,NA,NA,NA,NA,Y,NA,A,NA,0,0,1,0,0,0,0,0,0,-,-,NA,NA,LOS ANGELES,LONG BEACH,-118.22161334,33.78981261
8169466,2016,2017-01-11,1941,2016-11-05,0141,6082,NA,6,5,7,1941,0,0,0,NA,0,NA,WARDLOW RD,DELTA AV,269,W,N,E,-,N,NA,NA,NA,NA,NA,NA,NA,NA,NA,Y,2,0,1,2,A,-,01,23152,A,N,C,E,A,A,H,-,C,D,0,NA,NA,NA,Y,Y,Y,D,NA,1,0,0,0,0,0,0,0,0,-,-,NA,NA,LOS ANGELES,LONG BEACH,-118.21183046,33.82399038
8169475,2016,2016-11-16,1941,2016-10-27,1702,5839,NA,4,5,7,1941,0,0,0,NA,0,NA,WILLOW ST,CASPIAN AV,46,E,N,A,-,N,NA,NA,NA,NA,NA,NA,NA,NA,NA,NA,4,0,3,3,A,-,04,21703,NA,N,C,C,A,A,H,-,A,D,0,NA,NA,NA,NA,Y,NA,A,NA,0,0,3,0,0,0,0,0,0,-,-,NA,NA,LOS ANGELES,LONG BEACH,-118.21203889,33.80439
8169478,2016,2016-12-27,1941,2016-11-02,0941,5612,NA,3,5,7,1941,0,0,0,NA,0,NA,E 7TH,E 7TH 4028,0,NA,N,A,-,N,NA,NA,NA,NA,NA,NA,NA,NA,NA,N,4,0,1,2,D,-,00,NA,NA,N,G,B,E,A,H,-,A,D,0,Y,NA,NA,NA,Y,NA,-,-,0,0,1,0,1,0,0,0,0,-,-,NA,NA,LOS ANGELES,LONG BEACH,-118.144902,33.775342
8169487,2016,2016-11-16,1941,2016-10-31,1635,5146,NA,1,5,7,1941,0,0,0,NA,0,NA,CLARK AV,STEARNS ST,0,NA,Y,A,-,N,NA,NA,NA,NA,NA,NA,NA,NA,NA,N,4,0,1,2,D,-,00,NA,NA,N,D,G,A,A,H,-,A,A,0,NA,Y,NA,NA,Y,NA,-,-,0,0,1,0,0,0,1,0,0,-,-,NA,NA,LOS ANGELES,LONG BEACH,-118.13394002,33.79624006
8169491,2016,2016-11-16,1941,2016-10-30,1425,10679,NA,7,5,7,1941,0,0,0,NA,0,NA,ORANGE AV,FLORITA RD,76,N,N,B,-,N,NA,NA,NA,NA,NA,NA,NA,NA,NA,N,4,0,1,2,A,-,-,NA,NA,N,B,G,A,B,H,-,A,D,0,NA,Y,NA,NA,Y,NA,-,-,0,0,1,0,0,0,1,0,0,-,-,NA,NA,LOS ANGELES,LONG BEACH,-118.17638044,33.77105695
8169495,2016,2016-11-16,1941,2016-10-31,1234,5906,NA,1,5,7,1941,0,0,0,NA,0,NA,SPRING ST,WOODRUFF AV,0,NA,Y,A,-,N,NA,NA,NA,NA,NA,NA,NA,NA,NA,Y,4,0,1,2,A,-,21,22106,NA,N,D,C,A,A,H,-,A,A,0,NA,NA,NA,NA,Y,NA,D,NA,0,0,1,0,0,0,0,0,0,-,-,NA,NA,LOS ANGELES,LONG BEACH,-118.11468009,33.81059004
8169499,2016,2016-11-16,1941,2016-10-31,1600,6067,NA,1,5,7,1941,0,0,0,NA,0,NA,LA VERNE AV,W SANTA FE,30,W,N,A,-,N,NA,NA,NA,NA,NA,NA,NA,NA,NA,N,4,0,1,2,A,-,01,23152,NA,N,B,G,A,A,H,-,A,D,0,NA,Y,NA,NA,Y,Y,-,NA,0,0,1,0,0,0,1,0,0,-,-,NA,NA,LOS ANGELES,LONG BEACH,-118.21566,33.806571
8169501,2016,2017-01-20,1941,2016-11-01,1448,5808,NA,2,5,7,1941,0,0,0,NA,0,NA,HARBOR SCENIC DR SOUTH,QUEENS HWY,180,E,N,A,-,N,NA,NA,NA,NA,NA,NA,NA,NA,NA,Y,4,0,1,2,A,-,07,21658,A,N,B,C,A,A,H,-,B,D,0,NA,NA,NA,Y,Y,NA,G,NA,0,0,1,0,0,0,0,0,0,-,-,NA,NA,LOS ANGELES,LONG BEACH,-118.19545,33.75384
8169503,2016,2016-11-16,1941,2016-10-24,1645,6290,NA,1,5,7,1941,0,0,0,NA,0,NA,WILLOW,COYOTE CREEK BR,1320,W,N,B,-,N,NA,NA,NA,NA,NA,NA,NA,NA,NA,Y,4,0,1,2,A,-,08,22107,NA,N,H,C,A,A,H,-,B,D,0,NA,NA,NA,NA,Y,NA,-,NA,0,0,1,0,0,0,0,0,0,-,-,NA,NA,LOS ANGELES,LONG BEACH,NA,NA
8169506,2016,2016-11-15,1941,2016-10-31,1224,10319,NA,1,5,7,1941,0,0,0,NA,0,NA,100TH AV,10TH ST,0,NA,Y,A,-,N,NA,NA,NA,NA,NA,NA,NA,NA,NA,N,4,0,1,3,-,-,-,NA,NA,N,A,C,A,A,H,-,A,A,0,NA,NA,NA,NA,Y,NA,-,-,0,0,1,0,0,0,0,0,0,-,-,NA,NA,LOS ANGELES,LONG BEACH,NA,NA
8169507,2016,2016-11-16,1941,2016-10-25,1108,5695,NA,2,5,7,1941,0,0,0,NA,0,NA,PALO VERDE AV,ATHERTON ST,100,S,N,A,-,N,NA,NA,NA,NA,NA,NA,NA,NA,NA,Y,2,0,1,2,A,-,09,21804,A,N,D,C,A,A,H,-,A,D,0,NA,NA,NA,NA,Y,NA,-,NA,1,0,0,0,0,0,0,0,0,-,-,NA,NA,LOS ANGELES,LONG BEACH,-118.10817,33.78893
8169511,2016,2016-11-16,1941,2016-10-31,1234,10744,NA,1,5,7,1941,0,0,0,NA,0,NA,SANTA FE AV,CAMERON ST,0,NA,Y,A,-,N,NA,NA,NA,NA,NA,NA,NA,NA,NA,Y,4,0,1,2,A,-,08,22107,NA,N,D,C,A,A,H,-,A,D,0,NA,NA,NA,NA,Y,NA,-,NA,0,0,1,0,0,0,0,0,0,-,-,NA,NA,LOS ANGELES,LONG BEACH,-118.21553001,33.82352012
8169515,2016,2016-11-16,1941,2016-10-12,1500,5569,NA,3,5,7,1941,0,0,0,NA,0,NA,45TH WY,CALIFORNIA,0,NA,Y,A,-,N,NA,NA,NA,NA,NA,NA,NA,NA,NA,N,3,0,1,2,A,-,21,22106,NA,N,D,B,B,A,H,-,A,A,0,Y,NA,NA,NA,Y,NA,A,NA,0,1,0,0,1,0,0,0,0,-,-,NA,NA,LOS ANGELES,LONG BEACH,-118.18221008,33.84170007
8169519,2016,2016-11-16,1941,2016-10-16,1315,5755,681,7,5,7,1941,0,0,0,NA,0,017,CARSON ST,OSTROM AV,244,E,N,A,-,N,NA,NA,NA,NA,NA,NA,NA,NA,NA,Y,4,0,2,2,A,-,09,21804,A,N,D,C,A,A,H,-,A,D,0,NA,NA,NA,NA,Y,NA,A,01,0,0,2,0,0,0,0,0,0,-,-,NA,NA,LOS ANGELES,LONG BEACH,-118.10009827,33.83228
8169523,2016,2016-11-17,1924,2016-09-08,1441,117227,07,4,5,5,1924,0,0,0,NA,0,8A2D,VAN NESS AV,135TH ST,0,NA,Y,A,-,N,NA,NA,NA,NA,NA,NA,NA,NA,NA,Y,3,0,1,2,A,-,09,21801,A,N,A,C,A,A,H,-,A,A,0,NA,NA,NA,NA,Y,NA,A,01,0,1,0,0,0,0,0,0,0,-,-,33.90919,-118.31782,LOS ANGELES,GARDENA,-118.31786005,33.90920002
8169527,2016,2016-11-17,1924,2016-09-07,1550,111361,50,3,5,5,1924,0,0,0,NA,0,8M1,ARTESIA BL,VERMONT AV,998,NA,N,A,-,N,NA,NA,NA,NA,NA,NA,NA,NA,NA,Y,4,0,1,3,A,-,03,22350,NA,N,C,C,A,A,H,-,A,D,0,NA,NA,NA,NA,Y,NA,A,07,0,0,1,0,0,0,0,0,0,-,-,33.87277,-118.2909,LOS ANGELES,GARDENA,-118.29093003,33.87287004
8169528,2016,2016-11-16,1924,2016-08-14,0819,111361,29,7,5,5,1924,0,0,0,NA,0,8M1,156TH ST,MARIGOLD AV,19,W,N,A,-,N,NA,NA,NA,NA,NA,NA,NA,NA,NA,N,4,0,1,2,A,-,10,21950,A,N,G,B,B,A,H,-,A,A,0,Y,NA,NA,NA,Y,NA,A,07,0,0,1,0,1,0,0,0,0,-,-,33.88919,-118.32344,LOS ANGELES,GARDENA,-118.32353248,33.88919936
8169531,2016,2016-11-17,1924,2016-09-14,1724,113139,36,3,5,5,1924,0,0,0,NA,0,8L11D,REDONDO BEACH BL,GRAMERCY PL,6,E,N,A,-,N,NA,NA,NA,NA,NA,NA,NA,NA,NA,N,4,0,2,2,A,-,00,21703,A,N,C,C,A,A,H,-,A,A,0,NA,NA,NA,NA,Y,NA,A,01,0,0,2,0,0,0,0,0,0,-,-,33.88726,-118.31302,LOS ANGELES,GARDENA,-118.31337152,33.88713577
8169532,2016,2016-11-16,1924,2016-08-16,1651,107916,NA,2,5,5,1924,0,0,0,NA,0,051,182ND ST,VERMONT AV,267,W,N,A,-,N,NA,NA,NA,NA,NA,NA,NA,NA,NA,N,4,0,1,2,A,-,08,22100,B,N,B,C,A,A,H,-,A,D,0,NA,NA,NA,NA,Y,NA,A,01,0,0,1,0,0,0,0,0,0,-,-,33.87288,-118.29057,LOS ANGELES,GARDENA,-118.29135417,33.86679481
8169535,2016,2016-12-17,1924,2016-09-16,1213,105486,26,5,5,5,1924,0,0,0,NA,0,8L2D,NORMANDIE AV,146TH ST,153,N,N,A,-,N,NA,NA,NA,NA,NA,NA,NA,NA,NA,Y,4,0,2,2,C,-,18,NA,NA,N,C,C,A,A,H,-,A,D,0,NA,NA,NA,NA,Y,NA,-,-,0,0,2,0,0,0,0,0,0,-,-,33.89899,-118.30041,LOS ANGELES,GARDENA,-118.30044,33.89941962
8169536,2016,2016-11-16,1924,2016-08-15,2008,115373,27,1,5,5,1924,0,0,0,NA,0,8T2,ROSECRANS AV,BERENDO AV,153,E,N,A,-,N,NA,NA,NA,NA,NA,NA,NA,NA,NA,N,4,0,1,2,A,-,07,21658,A,M,B,C,A,A,H,-,C,D,0,NA,NA,NA,NA,Y,NA,A,01,0,0,1,0,0,0,0,0,0,-,-,33.90189,-118.29397,LOS ANGELES,GARDENA,-118.29340677,33.9019
8169539,2016,2016-11-17,1924,2016-09-06,2035,113166,46,2,5,5,1924,0,0,0,NA,0,0G5,REDONDO BEACH BL,BERENDO AV,12,E,N,A,-,N,NA,NA,NA,NA,NA,NA,NA,NA,NA,N,4,0,1,2,A,-,10,21950,A,F,G,B,B,A,H,-,C,A,0,Y,NA,NA,NA,Y,NA,A,01,0,0,1,0,1,0,0,0,0,-,-,33.90184,-118.29384,LOS ANGELES,GARDENA,-118.29388055,33.89243084
8169540,2016,2016-11-16,1924,2016-08-11,2355,115237,30,4,5,5,1924,0,0,0,NA,0,003,REDONDO BEACH BL,CRENSHAW BL,20,E,N,A,-,N,NA,NA,NA,NA,NA,NA,NA,NA,NA,N,4,0,2,2,A,-,01,23152,A,N,C,C,A,A,H,-,C,A,0,NA,NA,NA,NA,Y,Y,A,07,0,0,2,0,0,0,0,0,0,-,-,33.88293,-118.3265,LOS ANGELES,GARDENA,-118.32646872,33.88291992
8169551,2016,2016-11-17,1924,2016-09-09,1453,114574,02,5,5,5,1924,0,0,0,NA,0,0G3,EL SEGUNDO BL,NORMANDIE AV,108,E,N,A,-,N,NA,NA,NA,NA,NA,NA,NA,NA,NA,Y,4,0,1,2,A,-,09,21801,A,N,D,C,A,A,H,-,A,A,0,NA,NA,NA,NA,Y,NA,A,01,0,0,1,0,0,0,0,0,0,-,-,33.91644,-118.30039,LOS ANGELES,GARDENA,-118.30003472,33.91643
8169556,2016,2016-11-16,1924,2016-08-17,0704,114642,23,3,5,5,1924,0,0,0,NA,0,8L31D,WESTERN AV,147TH ST,0,NA,Y,A,-,N,NA,NA,NA,NA,NA,NA,NA,NA,NA,N,4,0,1,2,A,-,05,21650,1,N,H,G,A,A,H,-,A,D,0,NA,Y,NA,NA,Y,NA,L,04,0,0,1,0,0,0,1,0,0,-,-,33.8977,-118.30915,LOS ANGELES,GARDENA,-118.30916,33.89789009
8169560,2016,2016-11-16,1924,2016-08-29,1415,111361,27,1,5,5,1924,0,0,0,NA,0,8M1,MARINE AV,VERMONT AV,81,E,N,A,-,N,NA,NA,NA,NA,NA,NA,NA,NA,NA,Y,4,0,1,1,A,-,03,22350,NA,N,E,I,A,A,H,-,A,D,0,NA,NA,Y,NA,Y,NA,C,02,0,0,1,0,0,0,0,0,1,-,-,33.90407,-118.29162,LOS ANGELES,GARDENA,-118.29179294,33.89479929
8169563,2016,2017-01-04,1946,2016-08-02,2039,P22,NA,2,5,4,1946,0,0,0,NA,0,002,MAGNOLIA,CENTRAL,18,S,N,A,-,N,NA,NA,NA,NA,NA,NA,NA,NA,NA,N,4,0,1,2,A,-,09,21800,A,N,D,C,A,A,H,-,C,D,0,NA,NA,NA,NA,Y,NA,A,01,0,0,1,0,0,0,0,0,0,-,-,NA,NA,LOS ANGELES,MONROVIA,-118.00513,34.13583065
8169564,2016,2016-11-16,1924,2016-08-26,1725,117227,34,5,5,5,1924,0,0,0,NA,0,8L9S,NORMANDIE AV,REDONDO BEACH BL,0,NA,Y,A,-,N,NA,NA,NA,NA,NA,NA,NA,NA,NA,Y,4,0,1,2,A,-,06,21755,A,M,B,C,A,A,H,-,A,D,0,NA,NA,Y,NA,Y,NA,C,02,0,0,1,0,0,0,0,0,1,-,-,NA,NA,LOS ANGELES,GARDENA,-118.30023013,33.8913801
8169567,2016,2016-11-16,1946,2016-08-11,1548,P7,1946,4,5,4,1946,0,0,0,NA,0,002,W CHESTNUT AV,MONTEREY,520,W,N,A,-,N,NA,NA,NA,NA,NA,NA,NA,NA,NA,Y,3,0,2,2,A,-,08,22100,B,N,D,C,A,A,H,-,A,D,0,NA,NA,NA,NA,Y,NA,A,01,0,2,0,0,0,0,0,0,0,-,-,NA,NA,LOS ANGELES,MONROVIA,-118.01594458,34.14243321
8169568,2016,2016-11-16,1924,2016-08-24,2207,112602,36,3,5,5,1924,0,0,0,NA,0,8T2,MANHATTAN PL,162ND ST,266,N,N,A,-,N,NA,NA,NA,NA,NA,NA,NA,NA,NA,N,4,0,1,2,A,-,01,23152,A,N,G,B,E,A,H,-,C,D,0,Y,NA,NA,NA,Y,Y,A,01,0,0,1,0,1,0,0,0,0,-,-,33.88374,-118.31035,LOS ANGELES,GARDENA,-118.31057234,33.88448726
8169570,2016,2016-12-01,1924,2016-09-12,0838,111361,02,1,5,5,1924,0,0,0,NA,0,8M1,EL SEGUNDO BL,VERMONT AV,0,NA,Y,A,-,N,NA,NA,NA,NA,NA,NA,NA,NA,NA,Y,4,0,1,2,A,-,09,21801,A,N,D,C,A,A,H,-,A,A,0,NA,NA,NA,NA,Y,NA,A,08,0,0,1,0,0,0,0,0,0,-,-,33.86637,-118.29176,LOS ANGELES,GARDENA,-118.29184012,33.91642001
8169571,2016,2016-11-16,1946,2016-08-16,2041,P48,NA,2,5,4,1946,0,0,0,NA,0,001,FOOTHILL,MYRTLE,0,NA,Y,A,-,N,NA,NA,NA,NA,NA,NA,NA,NA,NA,N,3,0,1,2,A,-,05,21202,A,N,D,G,A,A,H,-,C,A,0,NA,Y,NA,NA,Y,Y,L,04,0,1,0,0,0,0,1,0,0,-,-,NA,NA,LOS ANGELES,MONROVIA,-118.00105006,34.15135011
8169572,2016,2016-11-16,1924,2016-08-23,1635,113166,35,2,5,5,1924,0,0,0,NA,0,0G4,REDONDO BEACH BL,BERENDO AV,0,NA,Y,A,-,N,NA,NA,NA,NA,NA,NA,NA,NA,NA,Y,3,0,2,3,A,-,09,21801,A,N,D,C,F,A,H,-,A,A,0,Y,NA,NA,NA,Y,NA,A,01,0,1,1,0,1,0,0,0,0,-,-,33.90184,-118.29384,LOS ANGELES,GARDENA,-118.29392011,33.89243005
8169574,2016,2016-11-17,1924,2016-09-03,0706,114574,23,6,5,5,1924,0,0,0,NA,0,0G3,WESTERN AV,150TH ST,124,N,N,A,-,N,NA,NA,NA,NA,NA,NA,NA,NA,NA,Y,4,0,1,2,A,-,07,21658,A,N,B,E,A,A,H,-,A,D,0,NA,NA,NA,NA,Y,NA,A,07,0,0,1,0,0,0,0,0,0,-,-,33.89551,-118.30915,LOS ANGELES,GARDENA,-118.30915,33.89602009
8169575,2016,2017-01-05,1946,2016-08-10,1925,P22,NA,3,5,4,1946,0,0,0,NA,0,002,MYRTLE,DUARTE,225,N,N,A,-,N,NA,NA,NA,NA,NA,NA,NA,NA,NA,N,4,0,1,3,A,-,03,22350,A,N,C,C,A,A,H,-,A,A,0,NA,NA,NA,NA,Y,NA,A,08,0,0,1,0,0,0,0,0,0,-,-,NA,NA,LOS ANGELES,MONROVIA,-118.00082,34.13278679
8169576,2016,2016-11-16,1924,2016-08-21,1922,115373,10,7,5,5,1924,0,0,0,NA,0,002,135TH ST,BUDLONG AV,350,W,N,A,-,N,NA,NA,NA,NA,NA,NA,NA,NA,NA,N,3,0,1,1,A,-,03,22350,NA,N,H,A,A,A,H,-,A,D,0,NA,NA,Y,NA,Y,NA,C,03,0,1,0,0,0,0,0,0,1,-,-,33.90916,-118.29639,LOS ANGELES,GARDENA,-118.29757128,33.90916
8169578,2016,2016-11-17,1924,2016-09-10,0632,111229,G48,6,5,5,1924,0,0,0,NA,0,8L4D,VERMONT AV,GARDENA BL,6,S,N,A,-,N,NA,NA,NA,NA,NA,NA,NA,NA,NA,N,4,0,1,2,A,-,10,21950,A,N,G,B,B,A,H,-,A,A,0,Y,NA,NA,NA,Y,NA,A,01,0,0,1,0,1,0,0,0,0,-,-,33.89248,-118.29728,LOS ANGELES,GARDENA,-118.2913093,33.88157356
8169580,2016,2016-11-16,1924,2016-08-20,2232,115237,19,6,5,5,1924,0,0,0,NA,0,002,ROSECRANS AV,NORMANDIE AV,494,E,N,A,-,N,NA,NA,NA,NA,NA,NA,NA,NA,NA,Y,4,0,3,2,A,-,01,23152,A,N,D,C,A,A,H,-,C,D,0,NA,NA,NA,NA,Y,Y,A,01,0,0,3,0,0,0,0,0,0,-,-,33.90191,-118.30041,LOS ANGELES,GARDENA,-118.29882321,33.90185