CASE_ID,ACCIDENT_YEAR,PROC_DATE,JURIS,COLLISION_DATE,COLLISION_TIME,OFFICER_ID,REPORTING_DISTRICT,DAY_OF_WEEK,CHP_SHIFT,POPULATION,CNTY_CITY_LOC,SPECIAL_COND,BEAT_TYPE,CHP_BEAT_TYPE,CITY_DIVISION_LAPD,CHP_BEAT_CLASS,BEAT_NUMBER,PRIMARY_RD,SECONDARY_RD,DISTANCE,DIRECTION,INTERSECTION,WEATHER_1,WEATHER_2,STATE_HWY_IND,CALTRANS_COUNTY,CALTRANS_DISTRICT,STATE_ROUTE,ROUTE_SUFFIX,POSTMILE_PREFIX,POSTMILE,LOCATION_TYPE,RAMP_INTERSECTION,SIDE_OF_HWY,TOW_AWAY,COLLISION_SEVERITY,NUMBER_KILLED,NUMBER_INJURED,PARTY_COUNT,PRIMARY_COLL_FACTOR,PCF_CODE_OF_VIOL,PCF_VIOL_CATEGORY,PCF_VIOLATION,PCF_VIOL_SUBSECTION,HIT_AND_RUN,TYPE_OF_COLLISION,MVIW,PED_ACTION,ROAD_SURFACE,ROAD_COND_1,ROAD_COND_2,LIGHTING,CONTROL_DEVICE,CHP_ROAD_TYPE,PEDESTRIAN_ACCIDENT,BICYCLE_ACCIDENT,MOTORCYCLE_ACCIDENT,TRUCK_ACCIDENT,NOT_PRIVATE_PROPERTY,ALCOHOL_INVOLVED,STWD_VEHTYPE_AT_FAULT,CHP_VEHTYPE_AT_FAULT,COUNT_SEVERE_INJ,COUNT_VISIBLE_INJ,COUNT_COMPLAINT_PAIN,COUNT_PED_KILLED,COUNT_PED_INJURED,COUNT_BICYCLIST_KILLED,COUNT_BICYCLIST_INJURED,COUNT_MC_KILLED,COUNT_MC_INJURED,PRIMARY_RAMP,SECONDARY_RAMP,LATITUDE,LONGITUDE,COUNTY,CITY,POINT_X,POINT_Y
8169994,2016,2016-11-17,1955,2016-10-28,1855,42226,0048,5,5,6,1955,0,0,0,NA,0,001,KINGSLEY AV,GAREY AV,45,W,N,A,-,N,NA,NA,NA,NA,NA,NA,NA,NA,NA,Y,4,0,1,4,A,-,08,22107,NA,N,B,E,A,A,H,-,C,A,0,NA,NA,NA,NA,Y,NA,A,01,0,0,1,0,0,0,0,0,0,-,-,NA,NA,LOS ANGELES,POMONA,-117.7516982,34.06662859
8169997,2016,2016-11-17,1942,2016-10-25,0610,41521,1245,2,5,7,1942,0,0,0,L,0,18T23,NORMANDIE AV,70TH ST,0,NA,Y,A,-,N,NA,NA,NA,NA,NA,NA,NA,NA,NA,N,4,0,1,2,A,-,10,21950,A,F,G,B,B,A,H,-,B,A,0,Y,NA,NA,NA,Y,NA,-,99,0,0,1,0,1,0,0,0,0,-,-,NA,NA,LOS ANGELES,LOS ANGELES,-118.30029008,33.97619004
8169998,2016,2016-11-17,1965,2016-10-09,0926,3553,0B1G,7,5,5,1965,0,0,0,NA,0,B001,4TH ST,OLYMPIC DR,114,N,N,A,-,N,NA,NA,NA,NA,NA,NA,NA,NA,NA,N,3,0,1,2,A,-,02,22400,A,F,C,G,A,A,H,-,A,A,0,NA,Y,NA,NA,Y,NA,A,01,0,1,0,0,0,0,1,0,0,-,-,NA,NA,LOS ANGELES,SANTA MONICA,-118.49029616,34.01227059
8170003,2016,2016-11-17,1942,2016-11-06,2115,31288,1253,7,5,7,1942,0,0,0,L,0,12T41,WESTERN AV,78TH PL,50,N,N,A,-,N,NA,NA,NA,NA,NA,NA,NA,NA,NA,Y,4,0,3,2,A,-,03,22350,NA,N,C,C,A,A,H,-,C,D,0,NA,NA,Y,NA,Y,NA,-,99,0,0,3,0,0,0,0,0,3,-,-,NA,NA,LOS ANGELES,LOS ANGELES,-118.30901849,33.96829713
8170014,2016,2016-11-17,1965,2016-11-03,1840,3898,OB2E,4,5,5,1965,0,0,0,NA,0,B002,OCEAN PARK BL,24TH ST,20,W,N,A,-,N,NA,NA,NA,NA,NA,NA,NA,NA,NA,N,4,0,2,3,A,-,03,22350,NA,N,C,C,A,A,H,-,B,A,0,NA,NA,NA,NA,Y,NA,A,01,0,0,2,0,0,0,0,0,0,-,-,NA,NA,LOS ANGELES,SANTA MONICA,-118.46000373,34.01645825
8170027,2016,2016-11-17,1942,2016-11-05,1435,40237,1213,6,5,7,1942,0,0,0,L,0,25EL1,S ARLINGTON AV,54TH ST,0,N,N,A,-,N,NA,NA,NA,NA,NA,NA,NA,NA,NA,N,4,0,1,2,A,-,03,22350,NA,F,C,C,A,A,H,-,A,A,0,NA,NA,NA,NA,Y,NA,-,99,0,0,1,0,0,0,0,0,0,-,-,NA,NA,LOS ANGELES,LOS ANGELES,-118.31822009,33.99320012
8170038,2016,2016-11-17,1942,2016-11-03,1445,32880,1827,4,5,7,1942,0,0,0,R,0,18H20,CENTURY BL,HOLMES AV,60,E,N,A,-,N,NA,NA,NA,NA,NA,NA,NA,NA,NA,Y,4,0,1,3,A,-,08,22107,NA,F,B,C,A,A,H,-,A,D,0,NA,NA,NA,NA,Y,NA,A,01,0,0,1,0,0,0,0,0,0,-,-,NA,NA,LOS ANGELES,LOS ANGELES,-118.24058255999999,33.94568
8170042,2016,2016-11-17,1942,2016-11-07,0730,42355,1263,1,5,7,1942,0,0,0,L,0,12A45W,HOOVER,62ND ST,0,NA,Y,A,-,N,NA,NA,NA,NA,NA,NA,NA,NA,NA,N,3,0,2,2,A,-,03,22350,NA,F,C,C,A,A,H,-,A,D,0,NA,NA,NA,NA,Y,NA,A,08,0,1,1,0,0,0,0,0,0,-,-,NA,NA,LOS ANGELES,LOS ANGELES,-118.28707006,33.98368004
8170058,2016,2016-11-17,1965,2016-11-01,0945,3693,0B3A,2,5,5,1965,0,0,0,NA,0,B003,WILSHIRE BL,WILSHIRE BL 1400 BLK,0,NA,N,A,-,N,NA,NA,NA,NA,NA,NA,NA,NA,NA,N,4,0,1,2,A,-,21,22106,NA,N,C,C,A,A,H,-,A,A,0,NA,NA,NA,NA,Y,NA,A,08,0,0,1,0,0,0,0,0,0,-,-,NA,NA,LOS ANGELES,SANTA MONICA,NA,NA
8170062,2016,2016-11-17,1965,2016-11-03,2138,3804,0B2C,4,5,5,1965,0,0,0,NA,0,B002,23RD ST,HILL ST,80,S,N,A,-,N,NA,NA,NA,NA,NA,NA,NA,NA,NA,N,4,0,1,2,A,-,11,21954,A,N,G,B,D,A,H,-,C,D,0,Y,NA,NA,NA,Y,NA,N,60,0,0,1,0,1,0,0,0,0,-,-,NA,NA,LOS ANGELES,SANTA MONICA,-118.46044052,34.01351928
8170066,2016,2016-11-17,1942,2016-11-08,0220,31288,1249,2,5,7,1942,0,0,0,L,0,12T41,70TH ST,FIGUEROA,2,E,N,A,-,NA,NA,NA,NA,NA,NA,NA,NA,NA,NA,Y,3,0,1,1,A,-,03,22350,NA,F,E,I,A,A,H,-,C,D,0,NA,NA,NA,NA,Y,NA,-,99,0,1,0,0,0,0,0,0,0,-,-,NA,NA,LOS ANGELES,LOS ANGELES,-118.28269342,33.97646011
8170070,2016,2016-11-17,1942,2016-11-01,1955,41917,1824,2,5,7,1942,0,0,0,R,0,12T41,AVALON BL,95TH ST,0,NA,Y,A,-,N,NA,NA,NA,NA,NA,NA,NA,NA,NA,Y,4,0,2,4,A,-,09,21802,A,F,D,C,A,A,H,-,C,A,0,NA,NA,NA,NA,Y,NA,A,01,0,0,2,0,0,0,0,0,0,-,-,NA,NA,LOS ANGELES,LOS ANGELES,-118.26516008,33.95023004
8170074,2016,2016-11-17,1942,2016-11-03,0455,37786,1249,4,5,7,1942,0,0,0,L,0,12A51,WESTERN AV,FLORENCE,50,N,N,A,-,N,NA,NA,NA,NA,NA,NA,NA,NA,NA,N,2,0,1,2,A,-,11,21956,A,F,H,-,E,A,H,-,B,D,0,Y,NA,NA,NA,Y,NA,N,60,1,0,0,0,1,0,0,0,0,-,-,NA,NA,LOS ANGELES,LOS ANGELES,-118.30898,33.97470713
8170078,2016,2016-11-17,1942,2016-11-02,1320,428482,1801,3,5,7,1942,0,0,0,R,0,18A1,HOOVER,87TH ST,10,N,N,A,-,N,NA,NA,NA,NA,NA,NA,NA,NA,NA,N,4,0,3,2,A,-,08,22107,NA,F,B,C,A,A,-,-,A,A,0,NA,NA,NA,NA,Y,NA,-,99,0,0,3,0,0,0,0,0,0,-,-,NA,NA,LOS ANGELES,LOS ANGELES,-118.2869703,33.95874742
8170084,2016,2016-11-29,1926,2016-11-04,0933,0022,NA,5,5,5,1926,0,0,0,NA,0,NA,GRAND AV,BASELINE RD,62,N,N,A,-,N,NA,NA,NA,NA,NA,NA,NA,NA,NA,N,4,0,2,2,A,-,03,22350,NA,N,C,C,A,A,H,-,A,A,0,NA,NA,NA,NA,Y,NA,A,01,0,0,2,0,0,0,0,0,0,-,-,NA,NA,LOS ANGELES,GLENDORA,-117.872749,34.12164995
8170092,2016,2016-11-22,1926,2016-10-26,1359,0022,NA,3,5,5,1926,0,0,0,NA,0,004,LONE HILL AV,PETUNIA AV,22,N,N,A,-,N,NA,NA,NA,NA,NA,NA,NA,NA,NA,N,4,0,1,2,A,-,03,22350,NA,N,C,C,A,A,H,-,A,A,0,NA,NA,NA,NA,Y,NA,D,22,0,0,1,0,0,0,0,0,0,-,-,NA,NA,LOS ANGELES,GLENDORA,-117.82899,34.12307031
8170095,2016,2016-11-18,1933,2016-06-04,1125,1008,18,6,5,6,1933,0,0,0,NA,0,002,LARCH ST,ARBOR VITAE ST E,0,NA,Y,A,-,N,NA,NA,NA,NA,NA,NA,NA,NA,NA,Y,4,0,1,2,A,-,08,22107,NA,N,B,C,A,A,H,-,A,D,0,NA,NA,NA,NA,Y,NA,A,01,0,0,1,0,0,0,0,0,0,-,-,33.95274,-118.35001,LOS ANGELES,INGLEWOOD,-118.35094012,33.95270001
8170160,2016,2016-11-22,1900,2016-10-30,0933,526694,1432,7,5,4,1937,0,0,0,NA,0,143B,MAPLEGROVE ST,HACIENDA BL,0,NA,Y,A,-,N,NA,NA,NA,NA,NA,NA,NA,NA,NA,N,4,0,1,2,A,-,11,21456,B,N,G,B,B,A,H,-,A,A,0,Y,NA,NA,NA,Y,NA,N,60,0,0,1,0,1,0,0,0,0,-,-,34.04585,-117.94899,LOS ANGELES,LA PUENTE,-117.94893004,34.04581011
8170181,2016,2016-11-22,1900,2016-10-21,1707,478216,1431,5,5,4,1937,0,0,0,NA,0,143T1,HACIENDA BL,NELSON AV,140,N,N,A,-,N,NA,NA,NA,NA,NA,NA,NA,NA,NA,Y,4,0,1,2,A,-,07,21658,A,N,B,C,A,A,H,-,A,A,0,NA,NA,NA,NA,Y,NA,D,22,0,0,1,0,0,0,0,0,0,-,-,NA,NA,LOS ANGELES,LA PUENTE,-117.95754518,34.02669094
8170185,2016,2016-11-28,1900,2016-07-15,2217,515583,WEST,5,5,1,1932,0,0,0,NA,0,141T1,TURNBULL CANYON RD,MARWOOD ST,4,N,N,A,-,N,NA,NA,NA,NA,NA,NA,NA,NA,NA,Y,2,0,1,2,A,-,09,21804,A,N,D,C,A,A,H,-,C,D,0,NA,NA,NA,Y,Y,NA,A,01,1,0,0,0,0,0,0,0,0,-,-,NA,NA,LOS ANGELES,INDUSTRY,-117.97477415,34.01664983
8170199,2016,2016-11-17,1900,2016-10-28,1440,531276,1414,5,5,1,1932,0,0,0,NA,0,141A2,VALLEY BL,WILSON WY,0,NA,Y,A,-,N,NA,NA,NA,NA,NA,NA,NA,NA,NA,N,4,0,2,2,A,-,09,21801,A,N,D,C,A,A,H,-,A,D,0,NA,NA,NA,NA,Y,NA,A,07,0,0,2,0,0,0,0,0,0,-,-,34.01525,-117.95516,LOS ANGELES,INDUSTRY,-117.95584012,34.01786009
8170200,2016,2016-11-17,1926,2016-10-31,1824,0042,GPD,1,5,5,1926,0,0,0,NA,0,001,GRAND AV,FOOTHILL BL,63,S,N,A,-,N,NA,NA,NA,NA,NA,NA,NA,NA,NA,Y,4,0,1,2,A,-,03,22350,NA,N,C,C,A,A,H,-,C,A,0,NA,NA,NA,NA,Y,NA,A,01,0,0,1,0,0,0,0,0,0,-,-,34.13602,-117.87247,LOS ANGELES,GLENDORA,-117.87269,34.13604
8170203,2016,2016-11-17,1900,2016-10-29,1245,526352,1450,6,5,2,1999,0,0,0,NA,0,145K4,HACIENDA RD,WEST RD,455,N,N,A,-,N,NA,NA,NA,NA,NA,NA,NA,NA,NA,Y,3,0,1,1,A,-,03,22350,NA,N,E,I,A,A,H,-,A,D,0,NA,NA,NA,NA,Y,NA,A,01,0,1,0,0,0,0,0,0,0,-,-,NA,NA,LOS ANGELES,LA HABRA HEIGHTS,-117.95935477,33.9535362
8170207,2016,2016-11-17,1900,2016-10-21,0945,531276,1431,5,5,4,1937,0,0,0,NA,0,143T1,UNRUH AV,PRICHARD ST,0,NA,Y,A,-,N,NA,NA,NA,NA,NA,NA,NA,NA,NA,N,4,0,1,1,A,-,08,22107,NA,N,A,I,A,A,H,-,A,D,0,NA,NA,NA,NA,Y,NA,A,01,0,0,1,0,0,0,0,0,0,-,-,34.03212,-117.96025,LOS ANGELES,LA PUENTE,-117.96031007,34.03211006
8170209,2016,2016-11-28,1900,2016-10-31,0919,529380,1412,1,5,1,1932,0,0,0,NA,0,141T2,TEMPLE AV,PEREZ PL,1608,N,N,A,-,N,NA,NA,NA,NA,NA,NA,NA,NA,NA,N,4,0,2,2,A,-,08,22107,NA,N,D,C,A,A,H,-,A,D,0,NA,NA,NA,Y,Y,NA,G,25,0,0,2,0,0,0,0,0,0,-,-,34.057,-117.9986,LOS ANGELES,INDUSTRY,-117.99758632,34.05810933
8170211,2016,2016-11-17,1900,2016-10-25,1557,196195,1431,2,5,4,1937,0,0,0,NA,0,141T5,NELSON AV,ORANGE AV,0,NA,Y,A,-,N,NA,NA,NA,NA,NA,NA,NA,NA,NA,N,4,0,1,2,A,-,10,21950,A,N,G,B,B,A,H,-,A,A,0,Y,NA,NA,NA,Y,NA,A,01,0,0,1,0,1,0,0,0,0,-,-,NA,NA,LOS ANGELES,LA PUENTE,-117.97681005,34.04041005
8170213,2016,2016-12-05,1900,2016-10-26,1440,196195,1412,3,5,1,1932,0,0,0,NA,0,141T5,TEMPLE AV,PEREZ PL,0,N,N,A,-,N,NA,NA,NA,NA,NA,NA,NA,NA,NA,Y,3,0,1,3,A,-,09,21804,A,N,D,C,A,A,H,-,A,D,0,NA,NA,NA,Y,Y,NA,A,08,0,1,0,0,0,0,0,0,0,-,-,NA,NA,LOS ANGELES,INDUSTRY,-118.00087013,34.05465007
8170215,2016,2016-11-17,1900,2016-10-25,2115,196195,1414,2,5,1,1932,0,0,0,NA,0,141T5,VALLEY BL,HACIENDA BL,200,E,N,A,-,N,NA,NA,NA,NA,NA,NA,NA,NA,NA,N,4,0,1,2,A,-,08,22100,A,N,D,C,A,A,H,-,C,D,0,NA,NA,Y,NA,Y,NA,A,01,0,0,1,0,0,0,0,0,1,-,-,34.02047,-117.95883,LOS ANGELES,INDUSTRY,-117.95775733,34.01942823
8170218,2016,2016-11-22,1931,2016-10-25,1448,5646,1931,2,5,5,1931,0,0,0,NA,0,001,MALABAR ST,55TH ST,0,NA,Y,A,-,N,NA,NA,NA,NA,NA,NA,NA,NA,NA,N,4,0,1,2,D,-,00,NA,NA,N,D,C,A,A,H,-,A,A,0,NA,NA,NA,NA,Y,NA,-,-,0,0,1,0,0,0,0,0,0,-,-,NA,NA,LOS ANGELES,HUNTINGTON PARK,-118.22783006,33.99294004
8170219,2016,2016-11-17,1900,2016-10-31,1800,532059,1418,1,5,1,1932,0,0,0,NA,0,141T6,AZUSA AV,RAILROAD ST,35,S,N,A,-,N,NA,NA,NA,NA,NA,NA,NA,NA,NA,N,4,0,1,2,A,-,04,21703,NA,N,C,C,A,A,H,-,A,A,0,NA,NA,NA,NA,Y,NA,A,07,0,0,1,0,0,0,0,0,0,-,-,34.00369,-117.9303,LOS ANGELES,INDUSTRY,-117.93040237,34.0037946
8170220,2016,2016-12-08,1926,2016-10-27,1817,0048,GPD,4,5,5,1926,0,0,0,NA,0,004,LONE HILL AV,RT 66,528,S,N,A,-,N,NA,NA,NA,NA,NA,NA,NA,NA,NA,Y,4,0,1,3,A,-,09,21801,A,M,-,C,A,A,H,-,C,A,0,NA,NA,NA,NA,Y,NA,-,NA,0,0,1,0,0,0,0,0,0,-,-,NA,NA,LOS ANGELES,GLENDORA,-117.82899,34.12719748
8170224,2016,2016-11-17,1926,2016-10-29,1449,0087,GPD,6,5,5,1926,0,0,0,NA,0,004,LONE HILL,KENOMA,430,N,N,A,-,N,NA,NA,NA,NA,NA,NA,NA,NA,NA,Y,4,0,4,4,A,-,03,22350,NA,N,C,C,A,A,H,-,A,D,0,NA,NA,NA,NA,Y,NA,A,07,0,0,4,0,0,0,0,0,0,-,-,NA,NA,LOS ANGELES,GLENDORA,-117.82899311,34.12638869
8170328,2016,2016-11-21,1924,2016-09-18,1107,111361,15,7,5,5,1924,0,0,0,NA,0,8M1,ROSECRANS AV,VAN NESS AV,73,E,N,A,-,N,NA,NA,NA,NA,NA,NA,NA,NA,NA,N,4,0,1,3,A,-,03,22350,NA,N,C,C,A,A,H,-,A,D,0,NA,NA,NA,NA,Y,NA,D,22,0,0,1,0,0,0,0,0,0,-,-,33.90193,-118.31783,LOS ANGELES,GARDENA,-118.31762991,33.90192279
8170366,2016,2016-11-18,1926,2016-11-01,0816,0022,2,2,5,5,1926,0,0,0,NA,0,NA,GHENT ST,BARRANCA AV,67,E,N,B,-,N,NA,NA,NA,NA,NA,NA,NA,NA,NA,N,4,0,1,2,A,-,08,22100,A,N,A,C,A,A,H,-,A,A,0,NA,NA,NA,NA,Y,NA,A,01,0,0,1,0,0,0,0,0,0,-,-,NA,NA,LOS ANGELES,GLENDORA,-117.88121921,34.11522655
8170370,2016,2016-11-18,1926,2016-11-03,0830,0082,2,4,5,5,1926,0,0,0,NA,0,NA,GRAND AV,BASELINE RD,294,N,N,A,-,N,NA,NA,NA,NA,NA,NA,NA,NA,NA,Y,4,0,3,4,A,-,03,22350,NA,N,C,C,A,A,H,-,A,A,0,NA,NA,NA,NA,Y,NA,A,07,0,0,3,0,0,0,0,0,0,-,-,NA,NA,LOS ANGELES,GLENDORA,-117.87274,34.12228578
8170378,2016,2016-11-18,1900,2016-11-02,1703,406363,1416,3,5,1,1932,0,0,0,NA,0,141T5,COLIMA RD,WALNUT HALL RD,0,NA,Y,A,-,N,NA,NA,NA,NA,NA,NA,NA,NA,NA,N,4,0,1,2,A,-,10,21950,A,N,G,B,B,A,H,-,A,A,0,Y,NA,NA,NA,Y,NA,A,01,0,0,1,0,1,0,0,0,0,-,-,33.99013,-117.91763,LOS ANGELES,INDUSTRY,-117.91773013,33.99021004
8170452,2016,2016-11-18,1931,2016-11-01,1625,5284,1931,2,5,5,1931,0,0,0,NA,0,004,MARCONI ST,FLORENCE AV,450,N,N,A,-,N,NA,NA,NA,NA,NA,NA,NA,NA,NA,N,4,0,1,2,A,-,11,21954,A,N,G,B,E,A,H,-,A,D,0,Y,NA,NA,NA,Y,NA,N,60,0,0,1,0,1,0,0,0,0,-,-,NA,NA,LOS ANGELES,HUNTINGTON PARK,-118.21544128,33.97441379
8170502,2016,2016-11-18,1928,2016-11-03,1424,376,507,4,5,5,1928,0,0,0,NA,0,502,CRENSHAW BL,ROCKET RD,277,N,N,A,-,N,NA,NA,NA,NA,NA,NA,NA,NA,NA,Y,2,0,1,2,A,-,03,22350,NA,N,D,C,A,A,H,-,A,A,0,NA,NA,Y,NA,Y,NA,C,02,1,0,0,0,0,0,0,0,1,-,-,NA,NA,LOS ANGELES,HAWTHORNE,-118.32651953,33.92206972
8170506,2016,2016-12-21,1928,2016-11-03,1854,376,518,4,5,5,1928,0,0,0,NA,0,503,CORDARY AV,135TH ST,0,NA,Y,A,-,N,NA,NA,NA,NA,NA,NA,NA,NA,NA,N,3,0,1,2,A,-,12,22450,NA,N,H,G,A,A,H,-,C,A,0,NA,Y,NA,NA,Y,NA,-,-,0,1,0,0,0,0,1,0,0,-,-,33.9092,-118.34174,LOS ANGELES,HAWTHORNE,-118.34172009,33.90917007
8170510,2016,2016-11-18,1928,2016-11-06,2037,384,514,7,5,5,1928,0,0,0,NA,0,504,ROSECRANS AV,OCEAN GATE AV,525,W,N,A,-,N,NA,NA,NA,NA,NA,NA,NA,NA,NA,N,4,0,1,2,A,-,08,22107,NA,N,B,C,A,A,H,-,C,A,0,NA,NA,NA,NA,Y,NA,A,07,0,0,1,0,0,0,0,0,0,-,-,33.90186,-118.36712,LOS ANGELES,HAWTHORNE,-118.36888675,33.90176719
8170524,2016,2016-11-18,1924,2016-09-18,2107,115352,G21,7,5,5,1924,0,0,0,NA,0,8A3M,CRENSHAW BL,MARINE AV,0,NA,Y,A,-,N,NA,NA,NA,NA,NA,NA,NA,NA,NA,Y,4,0,5,2,A,-,12,21453,A,N,D,C,A,A,H,-,C,A,0,NA,NA,NA,NA,Y,NA,A,01,0,0,5,0,0,0,0,0,0,-,-,33.89466,-118.32652,LOS ANGELES,GARDENA,-118.32654011,33.89466011
8170528,2016,2016-11-18,1924,2016-09-17,0828,112035,15,6,5,5,1924,0,0,0,NA,0,001,139TH ST,DAPHNE AV,95,W,N,A,-,N,NA,NA,NA,NA,NA,NA,NA,NA,NA,N,4,0,1,1,A,-,03,22350,NA,N,E,I,A,A,H,-,A,D,0,NA,NA,NA,NA,Y,NA,A,01,0,0,1,0,0,0,0,0,0,-,-,33.90556,-118.31977,LOS ANGELES,GARDENA,-118.32013249,33.90556
8170532,2016,2016-11-18,1924,2016-09-16,1226,113639,G32,5,5,5,1924,0,0,0,NA,0,8L3D,WESTERN AV,153RD ST,129,S,N,A,-,N,NA,NA,NA,NA,NA,NA,NA,NA,NA,N,4,0,1,2,A,-,03,22350,NA,M,C,C,A,A,H,-,A,A,0,NA,NA,NA,NA,Y,NA,A,01,0,0,1,0,0,0,0,0,0,-,-,33.89285,-118.30913,LOS ANGELES,GARDENA,-118.30915,33.8924962
8170556,2016,2016-11-18,1924,2016-09-22,1319,114574,36,4,5,5,1924,0,0,0,NA,0,0G5,REDONDO BEACH BL,GRAMERCY PL W,16,W,N,A,-,N,NA,NA,NA,NA,NA,NA,NA,NA,NA,Y,4,0,1,2,A,-,09,21804,A,N,B,C,A,A,H,-,A,A,0,NA,NA,NA,NA,Y,NA,-,NA,0,0,1,0,0,0,0,0,0,-,-,33.88712,-118.31348,LOS ANGELES,GARDENA,-118.31343973,33.88711567
8170557,2016,2016-11-17,1931,2016-10-29,0940,5196,1931,6,5,5,1931,0,0,0,NA,0,001,SEVILLE AV,RANDOLPH ST,165,N,N,A,-,N,NA,NA,NA,NA,NA,NA,NA,NA,NA,N,4,0,1,2,A,-,09,21804,NA,N,D,C,A,A,H,-,A,A,0,NA,NA,NA,NA,Y,NA,A,01,0,0,1,0,0,0,0,0,0,-,-,NA,NA,LOS ANGELES,HUNTINGTON PARK,-118.22265,33.98575249
8170560,2016,2016-12-19,1924,2016-09-19,0829,106428,09,1,5,5,1924,0,0,0,NA,0,8METRO,WESTERN AV,135TH ST,0,NA,Y,A,-,N,NA,NA,NA,NA,NA,NA,NA,NA,NA,Y,4,0,1,2,A,-,09,21801,A,N,A,C,A,A,H,-,A,A,0,NA,NA,NA,NA,Y,NA,A,01,0,0,1,0,0,0,0,0,0,-,-,33.90912,-118.30911,LOS ANGELES,GARDENA,-118.30912012,33.90918011
8170596,2017,2018-06-27,1976,2017-12-13,0801,438,NA,3,5,5,1976,0,0,0,NA,0,001,WHITTIER BL,DORLAND PL,78,E,N,A,-,Y,LA,7,72,-,-,5.84,H,-,S,Y,4,0,3,3,A,-,03,22350,NA,N,C,C,A,A,H,-,A,A,0,NA,NA,NA,NA,Y,NA,A,01,0,0,3,0,0,0,0,0,0,-,-,NA,NA,LOS ANGELES,WHITTIER,-118.05819717,33.98598342
8170600,2017,2018-06-13,1976,2017-11-15,1536,331,1976,3,5,3,1964,0,0,0,NA,0,002,IMPERIAL HWY,TRANSPORTATION CENTER,201,W,N,A,-,N,NA,NA,NA,NA,NA,NA,NA,NA,NA,Y,4,0,3,2,A,-,09,21804,A,N,D,C,A,A,H,-,A,D,0,NA,NA,NA,NA,Y,NA,A,08,0,0,3,0,0,0,0,0,0,-,-,NA,NA,LOS ANGELES,SANTA FE SPRINGS,-118.059435,33.917164
8170660,2016,2016-11-28,1942,2016-10-22,1015,30452,1024,6,5,7,1942,0,0,0,J,0,9TL53,GEYSER AV,HART ST,340,S,N,A,-,N,NA,NA,NA,NA,NA,NA,NA,NA,NA,N,4,0,1,2,B,-,22,NA,NA,N,H,C,A,A,H,-,A,D,0,NA,NA,NA,NA,Y,NA,-,-,0,0,1,0,0,0,0,0,0,-,-,NA,NA,LOS ANGELES,LOS ANGELES,-118.54261,34.19661732
8170668,2016,2016-11-23,1942,2016-10-31,2140,37304,1021,1,5,7,1942,0,0,0,J,0,9T57,TAMPA AV,HART ST,475,N,N,A,-,N,NA,NA,NA,NA,NA,NA,NA,NA,NA,Y,4,0,1,2,A,-,07,21658,A,N,C,E,A,A,H,-,C,A,0,NA,NA,NA,NA,Y,NA,A,07,0,0,1,0,0,0,0,0,0,-,-,NA,NA,LOS ANGELES,LOS ANGELES,-118.55346,34.19876302
8170673,2016,2016-11-18,1900,2016-07-22,2023,443108,1515,5,5,5,1954,0,0,0,NA,0,151T2,ROSEMEAD BL,CARRON DR,80,S,N,A,-,N,NA,NA,NA,NA,NA,NA,NA,NA,NA,N,4,0,1,2,A,-,11,21950,B,N,G,B,C,A,H,-,C,D,0,Y,NA,NA,NA,Y,NA,N,60,0,0,1,0,1,0,0,0,0,-,-,NA,NA,LOS ANGELES,PICO RIVERA,-118.09575552,33.98502717
8170685,2016,2016-11-18,1942,2016-05-21,1500,33779,1705,6,5,7,1942,0,0,0,Q,0,15TL44,BALBOA BL,OROZCO ST,0,NA,Y,A,-,N,NA,NA,NA,NA,NA,NA,NA,NA,NA,Y,3,0,2,2,A,-,01,23152,A,N,B,C,A,A,H,-,A,A,0,NA,NA,NA,NA,Y,Y,A,01,0,1,1,0,0,0,0,0,0,-,-,NA,NA,LOS ANGELES,LOS ANGELES,-118.50298007,34.30742005
8170713,2016,2016-11-18,1900,2016-07-26,1350,536405,0331,2,5,4,1939,0,0,0,NA,0,35T1,HAWTHORNE BL,MARINE AV,120,N,N,A,-,N,NA,NA,NA,NA,NA,NA,NA,NA,NA,N,4,0,1,2,A,-,07,21658,A,N,B,C,A,A,H,-,A,D,0,NA,NA,NA,NA,Y,NA,A,01,0,0,1,0,0,0,0,0,0,-,-,NA,NA,LOS ANGELES,LAWNDALE,-118.35274,33.89496913
8170724,2016,2017-02-14,1941,2016-11-05,2216,10574,NA,6,5,7,1941,0,0,0,NA,0,NA,CARSON BL,RT 405,12,W,N,A,-,Y,LA,7,405,-,-,10.407,R,4,S,N,4,0,1,2,A,-,08,22107,NA,N,G,B,B,A,H,-,C,D,0,Y,NA,NA,NA,Y,NA,A,NA,0,0,1,0,1,0,0,0,0,-,-,NA,NA,LOS ANGELES,LONG BEACH,-118.25425879,33.82985099
8170728,2016,2016-12-05,1941,2016-11-07,1713,5326,NA,1,5,7,1941,0,0,0,NA,0,NA,PALO VERDE AV,LOS SANTOS ST,0,NA,Y,A,-,N,NA,NA,NA,NA,NA,NA,NA,NA,NA,Y,3,0,1,6,A,-,09,21801,A,N,C,B,F,A,H,-,A,D,0,Y,NA,NA,NA,Y,NA,A,NA,0,1,0,0,1,0,0,0,0,-,-,NA,NA,LOS ANGELES,LONG BEACH,-118.10794009,33.79226003