CASE_ID,ACCIDENT_YEAR,PROC_DATE,JURIS,COLLISION_DATE,COLLISION_TIME,OFFICER_ID,REPORTING_DISTRICT,DAY_OF_WEEK,CHP_SHIFT,POPULATION,CNTY_CITY_LOC,SPECIAL_COND,BEAT_TYPE,CHP_BEAT_TYPE,CITY_DIVISION_LAPD,CHP_BEAT_CLASS,BEAT_NUMBER,PRIMARY_RD,SECONDARY_RD,DISTANCE,DIRECTION,INTERSECTION,WEATHER_1,WEATHER_2,STATE_HWY_IND,CALTRANS_COUNTY,CALTRANS_DISTRICT,STATE_ROUTE,ROUTE_SUFFIX,POSTMILE_PREFIX,POSTMILE,LOCATION_TYPE,RAMP_INTERSECTION,SIDE_OF_HWY,TOW_AWAY,COLLISION_SEVERITY,NUMBER_KILLED,NUMBER_INJURED,PARTY_COUNT,PRIMARY_COLL_FACTOR,PCF_CODE_OF_VIOL,PCF_VIOL_CATEGORY,PCF_VIOLATION,PCF_VIOL_SUBSECTION,HIT_AND_RUN,TYPE_OF_COLLISION,MVIW,PED_ACTION,ROAD_SURFACE,ROAD_COND_1,ROAD_COND_2,LIGHTING,CONTROL_DEVICE,CHP_ROAD_TYPE,PEDESTRIAN_ACCIDENT,BICYCLE_ACCIDENT,MOTORCYCLE_ACCIDENT,TRUCK_ACCIDENT,NOT_PRIVATE_PROPERTY,ALCOHOL_INVOLVED,STWD_VEHTYPE_AT_FAULT,CHP_VEHTYPE_AT_FAULT,COUNT_SEVERE_INJ,COUNT_VISIBLE_INJ,COUNT_COMPLAINT_PAIN,COUNT_PED_KILLED,COUNT_PED_INJURED,COUNT_BICYCLIST_KILLED,COUNT_BICYCLIST_INJURED,COUNT_MC_KILLED,COUNT_MC_INJURED,PRIMARY_RAMP,SECONDARY_RAMP,LATITUDE,LONGITUDE,COUNTY,CITY,POINT_X,POINT_Y
8173839,2016,2016-11-29,1961,2016-10-30,1418,10146,1961,7,5,3,1961,0,0,0,NA,0,PATROL,NORTH MACLAY AV,FOOTHILL BL,0,NA,Y,C,-,N,NA,NA,NA,NA,NA,NA,NA,NA,NA,Y,4,0,1,2,A,-,12,21453,A,F,D,C,A,B,-,-,A,D,0,NA,NA,NA,NA,Y,NA,A,01,0,0,1,0,0,0,0,0,0,-,-,NA,NA,LOS ANGELES,SAN FERNANDO,-118.42052007,34.29852011
8173841,2016,2016-11-29,1900,2016-11-08,0530,486516,2224,2,5,3,1994,0,0,0,NA,0,222T1,ROADSIDE DR,KANAN RD,0,NA,Y,A,-,N,NA,NA,NA,NA,NA,NA,NA,NA,NA,Y,4,0,1,2,A,-,12,21453,A,N,D,C,A,A,H,-,B,A,0,NA,NA,Y,NA,Y,NA,A,01,0,0,1,0,0,0,0,0,0,-,-,NA,NA,LOS ANGELES,AGOURA HILLS,-118.76149009,34.14512002
8173845,2016,2016-11-29,1900,2016-11-07,0840,505175,2246,1,5,3,1989,0,0,0,NA,0,224T1,PARK ENTRADA,PARK MIRAMAR,0,NA,Y,A,-,N,NA,NA,NA,NA,NA,NA,NA,NA,NA,Y,4,0,1,2,A,-,09,21801,A,N,A,C,A,A,H,-,A,D,0,NA,NA,NA,NA,Y,NA,A,01,0,0,1,0,0,0,0,0,0,-,-,34.14379,-118.65581,LOS ANGELES,CALABASAS,-118.65581003,34.14382006
8173853,2016,2017-03-04,1900,2016-11-11,1745,408120,2241,5,5,3,1989,0,0,0,NA,0,224T2,LAS VIRGENES RD,RT 101,0,NA,Y,A,-,Y,LA,7,101,-,-,31.335,R,4,S,N,4,0,1,2,A,-,09,21801,A,N,A,C,A,A,H,-,C,A,0,NA,NA,NA,NA,Y,NA,A,01,0,0,1,0,0,0,0,0,0,-,EF,34.14542,-118.69782,LOS ANGELES,CALABASAS,-118.70120433,34.14518829
8173857,2016,2016-11-29,1961,2016-11-04,2145,10389,1961,5,5,3,1961,0,0,0,NA,0,002,5TH ST,HAGAR ST,0,NA,Y,A,-,N,NA,NA,NA,NA,NA,NA,NA,NA,NA,N,4,0,3,2,A,-,-,NA,NA,N,-,C,A,A,H,-,C,A,0,NA,NA,NA,NA,Y,NA,-,-,0,0,3,0,0,0,0,0,0,-,-,NA,NA,LOS ANGELES,SAN FERNANDO,-118.43443003,34.28962009
8173861,2016,2016-11-29,1961,2016-11-05,1730,10389,1961,6,5,3,1961,0,0,0,NA,0,003,S WORKMAN ST,GRIFFITH ST,0,NA,Y,A,-,N,NA,NA,NA,NA,NA,NA,NA,NA,NA,N,3,0,1,2,C,-,18,NA,NA,N,G,B,D,A,H,-,A,A,0,Y,NA,NA,NA,Y,NA,-,-,0,1,0,0,1,0,0,0,0,-,-,NA,NA,LOS ANGELES,SAN FERNANDO,-118.45001008,34.28316011
8173864,2016,2016-11-22,1976,2016-10-20,2315,748,NA,4,5,3,1964,0,0,0,NA,0,001,NORWALK BL,LOS NIETOS RD,32,N,N,A,-,N,NA,NA,NA,NA,NA,NA,NA,NA,NA,N,3,0,1,3,A,-,03,22350,NA,F,C,C,A,A,H,-,C,A,0,NA,NA,NA,NA,Y,NA,A,01,0,1,0,0,0,0,0,0,0,-,-,NA,NA,LOS ANGELES,SANTA FE SPRINGS,-118.07139552,33.95757691
8173868,2016,2016-11-22,1976,2016-10-23,2122,421,NA,7,5,3,1964,0,0,0,NA,0,001,TELEGRAPH RD,PIONEER BL,0,NA,Y,A,-,N,NA,NA,NA,NA,NA,NA,NA,NA,NA,Y,4,0,5,2,A,-,12,21453,A,N,D,C,A,A,H,-,C,A,0,NA,NA,NA,NA,Y,NA,A,01,0,0,5,0,0,0,0,0,0,-,-,NA,NA,LOS ANGELES,SANTA FE SPRINGS,-118.08097013,33.94518001
8173872,2016,2016-11-22,1976,2016-10-21,1542,337,01976,5,5,3,1964,0,0,0,NA,0,002,FLORENCE AV,NORWALK BL,0,NA,Y,A,-,N,NA,NA,NA,NA,NA,NA,NA,NA,NA,Y,3,0,4,2,A,-,09,21801,A,N,D,C,A,A,H,-,A,A,0,NA,NA,NA,NA,Y,NA,A,01,0,1,3,0,0,0,0,0,0,-,-,NA,NA,LOS ANGELES,SANTA FE SPRINGS,-118.07272007,33.93535011
8173873,2016,2017-03-04,1900,2016-11-05,2240,513051,1016,6,5,3,1995,0,0,0,NA,0,225,RT 1,SWEETWATER CANYON DR,30,S,N,A,-,Y,LA,7,1,-,-,46.36,H,-,N,Y,4,0,1,2,A,-,09,21804,A,N,D,C,A,A,H,-,C,A,0,NA,NA,NA,NA,Y,NA,A,08,0,0,1,0,0,0,0,0,0,-,-,34.03917,-118.66974,LOS ANGELES,MALIBU,-118.67407099,34.03863714
8173876,2016,2016-11-22,1961,2016-10-21,1535,7240,3,5,5,3,1961,0,0,0,NA,0,NA,SOUTH WORKMAN ST,WOODWORTH ST,0,NA,Y,A,-,N,NA,NA,NA,NA,NA,NA,NA,NA,NA,N,4,0,1,2,A,-,11,21953,NA,N,A,B,B,A,H,-,A,A,0,Y,NA,NA,NA,Y,NA,N,60,0,0,1,0,1,0,0,0,0,-,-,NA,NA,LOS ANGELES,SAN FERNANDO,-118.45130001,34.28224
8173880,2016,2016-11-22,1961,2016-10-11,1700,10402,1961,2,5,3,1961,0,0,0,NA,0,001,BRAND BL,HOLLISTER ST,147,N,N,A,-,N,NA,NA,NA,NA,NA,NA,NA,NA,NA,N,4,0,1,4,A,-,08,22107,NA,N,C,D,A,A,H,-,C,A,0,NA,NA,NA,NA,Y,NA,-,NA,0,0,1,0,0,0,0,0,0,-,-,NA,NA,LOS ANGELES,SAN FERNANDO,-118.44237412,34.27985441
8173884,2016,2016-11-22,1961,2016-10-19,1834,10281,1961,3,5,3,1961,0,0,0,NA,0,002,HUBBARD ST,4TH ST,0,NA,Y,A,-,N,NA,NA,NA,NA,NA,NA,NA,NA,NA,N,4,0,1,2,A,-,09,21801,A,N,D,D,A,A,H,-,C,A,0,NA,NA,NA,NA,Y,NA,A,01,0,0,1,0,0,0,0,0,0,-,-,NA,NA,LOS ANGELES,SAN FERNANDO,-118.4452001,34.29416007
8173888,2016,2016-11-22,1961,2016-10-05,1608,6490,1961,3,5,3,1961,0,0,0,NA,0,003,TRUMAN ST,SOUTH MEYER ST,0,NA,Y,A,-,N,NA,NA,NA,NA,NA,NA,NA,NA,NA,N,4,0,2,2,A,-,09,21802,A,N,D,C,A,A,H,-,A,A,0,NA,NA,NA,NA,Y,NA,A,01,0,0,2,0,0,0,0,0,0,-,-,NA,NA,LOS ANGELES,SAN FERNANDO,-118.44860011,34.2903301
8173892,2016,2016-11-22,1900,2016-10-19,1506,487849,2262,3,5,2,1993,0,0,0,NA,0,226T1,LAKEVIEW CANYON RD,WATERGATE CT,0,NA,Y,A,-,N,NA,NA,NA,NA,NA,NA,NA,NA,NA,Y,4,0,2,2,A,-,09,21802,A,N,D,C,A,A,H,-,A,D,0,NA,NA,NA,NA,Y,NA,A,08,0,0,2,0,0,0,0,0,0,-,-,NA,NA,LOS ANGELES,WESTLAKE VILLAGE,-118.82031,34.14540006
8173896,2016,2016-11-22,1961,2016-10-18,1640,10146,1961,2,5,3,1961,0,0,0,NA,0,001,MACLAY ST,1ST ST,30,S,N,A,-,N,NA,NA,NA,NA,NA,NA,NA,NA,NA,N,4,0,3,3,A,-,03,22350,NA,N,C,D,A,A,H,-,A,A,0,NA,NA,NA,NA,Y,NA,A,01,0,0,3,0,0,0,0,0,0,-,-,NA,NA,LOS ANGELES,SAN FERNANDO,-118.44005531,34.28420649
8173900,2016,2016-11-22,1961,2016-10-24,2008,1790,1961,1,5,3,1961,0,0,0,NA,0,002,ARROYO AV,GLENCREST ST,53,N,N,A,-,N,NA,NA,NA,NA,NA,NA,NA,NA,NA,N,4,0,2,2,A,-,03,22350,NA,N,C,C,A,A,H,-,C,D,0,NA,NA,NA,NA,Y,NA,A,01,0,0,2,0,0,0,0,0,0,-,-,NA,NA,LOS ANGELES,SAN FERNANDO,-118.42341024,34.28621763
8173907,2016,2016-11-22,1955,2016-10-28,1453,41897,0030,5,5,6,1955,0,0,0,NA,0,002,TOWNE AV,HARRISON AV,0,NA,Y,B,-,N,NA,NA,NA,NA,NA,NA,NA,NA,NA,N,4,0,2,2,A,-,12,21453,A,M,D,C,A,A,H,-,A,A,0,NA,NA,NA,NA,Y,NA,A,01,0,0,2,0,0,0,0,0,0,-,-,NA,NA,LOS ANGELES,POMONA,-117.73674009,34.09884002
8173933,2016,2016-11-21,1955,2016-10-24,2113,42045,0016,1,5,6,1955,0,0,0,NA,0,003,INDIAN HILL BL,ELMCROFT AV,120,NA,N,A,-,N,NA,NA,NA,NA,NA,NA,NA,NA,NA,N,4,0,1,2,A,-,11,21954,A,N,G,B,E,A,H,-,C,A,0,Y,NA,NA,NA,Y,NA,N,60,0,0,1,0,1,0,0,0,0,-,-,NA,NA,LOS ANGELES,POMONA,-117.71925002,34.07250001
8174023,2016,2016-11-28,1900,2016-11-01,2230,530184,0612,2,5,6,1985,0,0,0,NA,0,61T1,CROSSGLADE AV,VICCI ST,213,N,N,A,-,N,NA,NA,NA,NA,NA,NA,NA,NA,NA,Y,3,0,2,3,A,-,03,22350,NA,N,A,E,A,A,H,-,C,D,0,NA,NA,NA,NA,Y,NA,A,07,0,1,1,0,0,0,0,0,0,-,-,NA,NA,LOS ANGELES,SANTA CLARITA,-118.46647424,34.419728
8174043,2016,2017-01-12,1900,2016-11-01,1510,437456,0631,2,5,6,1985,0,0,0,NA,0,61T1,SIERRA HWY,SCHERZINGER LN,15,N,N,A,-,N,NA,NA,NA,NA,NA,NA,NA,NA,NA,N,4,0,1,2,A,-,04,21703,NA,N,C,C,A,A,H,-,A,D,0,NA,NA,NA,NA,Y,NA,D,22,0,0,1,0,0,0,0,0,0,-,-,NA,NA,LOS ANGELES,SANTA CLARITA,-118.45066725,34.42379093
8174063,2016,2016-11-28,1900,2016-10-30,1025,465550,0627,7,5,6,1985,0,0,0,NA,0,62T1,SIERRA HWY,PLACERITA CANYON RD,150,N,N,B,C,N,NA,NA,NA,NA,NA,NA,NA,NA,NA,Y,3,0,1,1,A,-,03,22350,NA,N,E,I,A,B,H,-,A,D,0,NA,NA,NA,NA,Y,NA,D,22,0,1,0,0,0,0,0,0,0,-,-,NA,NA,LOS ANGELES,SANTA CLARITA,-118.49399419,34.37853634
8174071,2016,2016-11-28,1900,2016-10-21,1445,509580,0613,5,5,6,1985,0,0,0,NA,0,61T1,SOLEDAD CANYON RD,HIDAWAY AV,200,W,N,A,-,N,NA,NA,NA,NA,NA,NA,NA,NA,NA,Y,4,0,2,2,A,-,03,22350,NA,N,C,C,A,A,H,-,A,D,0,NA,NA,NA,NA,Y,NA,D,22,0,0,2,0,0,0,0,0,0,-,-,NA,NA,LOS ANGELES,SANTA CLARITA,-118.46963193,34.41570178
8174088,2016,2016-11-22,1976,2016-11-09,1857,397,NA,3,5,5,1976,0,0,0,NA,0,NA,NORWALK BL,ORCHARD DR,0,NA,Y,A,-,N,NA,NA,NA,NA,NA,NA,NA,NA,NA,Y,4,0,1,2,A,-,08,22107,NA,N,B,C,A,A,H,-,D,D,0,NA,NA,NA,NA,Y,NA,A,01,0,0,1,0,0,0,0,0,0,-,-,NA,NA,LOS ANGELES,WHITTIER,-118.06263013,33.99134007
8174095,2016,2016-11-22,1955,2016-11-07,1822,42045,0085,1,5,6,1955,0,0,0,NA,0,004,PHILLIPS BL,GAREY AV,0,NA,Y,A,-,N,NA,NA,NA,NA,NA,NA,NA,NA,NA,Y,4,0,2,2,A,-,09,21801,A,N,A,C,A,A,H,-,C,A,0,NA,NA,NA,NA,Y,NA,A,01,0,0,2,0,0,0,0,0,0,-,-,NA,NA,LOS ANGELES,POMONA,-117.74972004,34.04421011
8174099,2016,2016-11-22,1955,2016-11-14,1541,41871,0007,1,5,6,1955,0,0,0,NA,0,003,PALOMARES ST,CENTER ST,0,NA,Y,A,-,N,NA,NA,NA,NA,NA,NA,NA,NA,NA,Y,3,0,1,2,A,-,12,22450,A,N,D,C,A,A,H,-,A,A,0,NA,NA,NA,NA,Y,NA,A,01,0,1,0,0,0,0,0,0,0,-,-,NA,NA,LOS ANGELES,POMONA,-117.74592007,34.06152007
8174100,2016,2016-11-22,1976,2016-11-07,0726,886,NA,1,5,5,1976,0,0,0,NA,0,NA,S PAINTER AV,VALNA DR,180,N,N,A,-,N,NA,NA,NA,NA,NA,NA,NA,NA,NA,Y,4,0,1,2,A,-,09,21804,A,N,D,C,A,A,H,-,A,D,0,NA,NA,NA,NA,Y,NA,A,01,0,0,1,0,0,0,0,0,0,-,-,NA,NA,LOS ANGELES,WHITTIER,-118.03271,33.96548353
8174103,2016,2016-11-22,1926,2016-11-09,1600,0084,GPD,3,5,5,1926,0,0,0,NA,0,004,GLADSTONE ST,BONNIE COVE AV,0,NA,Y,A,-,N,NA,NA,NA,NA,NA,NA,NA,NA,NA,Y,4,0,1,2,A,-,09,21801,A,N,D,C,A,A,H,-,A,A,0,NA,NA,NA,NA,Y,NA,A,01,0,0,1,0,0,0,0,0,0,-,-,NA,NA,LOS ANGELES,GLENDORA,-117.85508002,34.11395
8174106,2016,2016-11-22,1900,2016-10-21,1430,514312,0641,5,5,6,1985,0,0,0,NA,0,62T1,SECO CANYON RD,GARZOTA DR,293,S,N,A,-,N,NA,NA,NA,NA,NA,NA,NA,NA,NA,N,4,0,1,2,A,-,04,21703,NA,N,C,C,A,A,H,-,A,D,0,NA,NA,NA,NA,Y,NA,A,01,0,0,1,0,0,0,0,0,0,-,-,NA,NA,LOS ANGELES,SANTA CLARITA,-118.5325086,34.43675084
8174110,2016,2016-11-22,1900,2016-10-18,1710,527144,0645,2,5,6,1985,0,0,0,NA,0,64T1,KELLY JOHNSON PKWY,AURORA DR,0,NA,Y,A,-,N,NA,NA,NA,NA,NA,NA,NA,NA,NA,Y,3,0,1,2,A,-,09,21801,A,N,D,C,A,A,H,-,B,D,0,NA,NA,NA,NA,Y,NA,A,07,0,1,0,0,0,0,0,0,0,-,-,NA,NA,LOS ANGELES,SANTA CLARITA,-118.578236,34.445181
8174114,2016,2016-11-22,1900,2016-10-21,1740,532237,0617,5,5,6,1985,0,0,0,NA,0,63T1,VIA PRINCESSA,WHITES CANYON RD,400,E,N,A,-,N,NA,NA,NA,NA,NA,NA,NA,NA,NA,Y,3,0,1,3,A,-,03,22350,NA,N,C,C,A,A,H,-,A,D,0,NA,NA,NA,NA,Y,NA,A,08,0,1,0,0,0,0,0,0,0,-,-,NA,NA,LOS ANGELES,SANTA CLARITA,-118.47621974,34.40971268
8174117,2016,2016-11-22,1900,2016-10-01,2240,602219,1351,6,5,3,1927,0,0,0,NA,0,135B,212TH ST,HAWAIIAN AV,0,NA,Y,A,-,N,NA,NA,NA,NA,NA,NA,NA,NA,NA,N,3,0,1,2,A,-,03,22350,NA,N,D,C,A,A,H,-,C,D,0,NA,NA,NA,NA,Y,NA,M,NA,0,1,0,0,0,0,0,0,0,-,-,NA,NA,LOS ANGELES,HAWAIIAN GARDENS,-118.06569009,33.83724001
8174121,2016,2017-02-28,1900,2016-10-03,1754,531092,NA,1,5,5,1935,0,0,0,NA,0,NA,RT 19,HARDWICK ST,150,NA,N,A,-,Y,LA,7,19,-,-,4.23,H,-,N,Y,4,0,2,4,A,-,03,22350,NA,N,C,C,A,A,H,-,A,D,0,NA,NA,NA,NA,Y,NA,A,NA,0,0,2,0,0,0,0,0,0,-,-,NA,NA,LOS ANGELES,LAKEWOOD,NA,NA
8174122,2016,2016-11-22,1900,2016-10-23,1630,509580,0644,7,5,6,1985,0,0,0,NA,0,62T1,MCBEAN PKWY,TOWN CENTER DR,0,NA,Y,A,-,N,NA,NA,NA,NA,NA,NA,NA,NA,NA,N,3,0,1,2,A,-,10,21950,A,N,G,B,B,A,H,-,A,A,0,Y,NA,NA,NA,Y,NA,A,01,0,1,0,0,1,0,0,0,0,-,-,NA,NA,LOS ANGELES,SANTA CLARITA,-118.5624401,34.41776006
8174125,2016,2016-11-22,1900,2016-10-01,1511,S31274,1334,6,5,5,1908,0,0,0,NA,0,133T1,LAKEWOOD BL,PARK ST,0,NA,Y,A,-,N,NA,NA,NA,NA,NA,NA,NA,NA,NA,N,4,0,1,2,A,-,03,22350,NA,N,C,C,A,A,H,-,A,A,0,NA,NA,NA,NA,Y,NA,A,NA,0,0,1,0,0,0,0,0,0,-,-,NA,NA,LOS ANGELES,BELLFLOWER,-118.14263001,33.87839008
8174126,2016,2016-11-22,1900,2016-10-22,1625,509580,0617,6,5,6,1985,0,0,0,NA,0,61T1,SIERRA HWY,FRIENDLY VALLEY PKWY,0,NA,Y,A,-,N,NA,NA,NA,NA,NA,NA,NA,NA,NA,N,4,0,1,2,A,-,10,21950,A,N,G,B,B,A,H,-,A,A,0,Y,NA,NA,NA,Y,NA,A,01,0,0,1,0,1,0,0,0,0,-,-,NA,NA,LOS ANGELES,SANTA CLARITA,-118.47389011,34.39967009
8174128,2016,2016-11-22,1955,2016-11-14,1845,40624,0026,1,5,6,1955,0,0,0,NA,0,002,GAREY AV,FREDA ST,50,N,N,A,-,N,NA,NA,NA,NA,NA,NA,NA,NA,NA,Y,4,0,2,3,A,-,03,22350,NA,N,C,C,A,-,H,-,C,D,0,NA,NA,NA,NA,Y,NA,A,01,0,0,2,0,0,0,0,0,0,-,-,NA,NA,LOS ANGELES,POMONA,-117.7502396,34.0880875
8174130,2016,2016-11-22,1976,2016-10-20,1400,370,NA,4,5,5,1976,0,0,0,NA,0,002,CHESTNUT ST,GREENLEAF AV,47,E,N,A,-,N,NA,NA,NA,NA,NA,NA,NA,NA,NA,N,3,0,1,2,A,-,17,21712,B,N,H,A,A,A,H,-,A,D,0,NA,NA,NA,NA,Y,Y,-,NA,0,1,0,0,0,0,0,0,0,-,-,NA,NA,LOS ANGELES,WHITTIER,-118.03821281,33.9643659
8174132,2016,2016-11-22,1955,2016-11-14,1140,40180,0052,1,5,6,1955,0,0,0,NA,0,005,HAMILTON BL,MISSION BL,0,NA,Y,A,-,N,NA,NA,NA,NA,NA,NA,NA,NA,NA,N,4,0,1,2,A,-,12,21453,A,N,G,G,A,A,H,-,A,A,0,NA,Y,NA,NA,Y,NA,L,04,0,0,1,0,0,0,1,0,0,-,-,NA,NA,LOS ANGELES,POMONA,-117.76314009,34.05479012
8174134,2016,2016-11-22,1976,2016-10-24,1805,860,NA,1,5,5,1976,0,0,0,NA,0,001,BEVERLY BL,NORWALK BL,0,NA,Y,-,-,N,NA,NA,NA,NA,NA,NA,NA,NA,NA,N,4,0,2,2,A,-,-,NA,NA,N,-,-,A,-,-,-,-,-,0,NA,NA,NA,NA,Y,NA,-,-,0,0,2,0,0,0,0,0,0,-,-,NA,NA,LOS ANGELES,WHITTIER,-118.05549004,33.99862006
8174136,2016,2016-11-22,1955,2016-11-03,0835,40437,0094,4,5,6,1955,0,0,0,NA,0,004,GRAND AV,TOWNE AV,0,NA,Y,A,-,N,NA,NA,NA,NA,NA,NA,NA,NA,NA,Y,4,0,1,2,A,-,12,21453,A,N,D,C,A,A,H,-,A,A,0,NA,NA,NA,NA,Y,NA,A,01,0,0,1,0,0,0,0,0,0,-,-,NA,NA,LOS ANGELES,POMONA,-117.74106001,34.04805001
8174138,2016,2016-11-22,1900,2016-10-30,0910,523421,0644,7,5,6,1985,0,0,0,NA,0,64T1,MAGIC MOUNTAIN PKWY,TOWN CENTER DR,30,E,N,C,-,N,NA,NA,NA,NA,NA,NA,NA,NA,NA,Y,3,0,5,2,A,-,12,21453,A,N,D,C,A,B,H,-,A,A,0,NA,NA,NA,NA,Y,NA,A,01,0,1,4,0,0,0,0,0,0,-,-,NA,NA,LOS ANGELES,SANTA CLARITA,-118.56517926,34.42050657
8174142,2016,2017-06-24,1900,2016-10-19,2330,459717,0622,3,5,6,1985,0,0,0,NA,0,62T1,MAGIC MOUNTAIN PKWY,VALENCIA BL,0,NA,Y,A,-,N,NA,NA,NA,NA,NA,NA,NA,NA,NA,Y,4,0,1,2,A,-,12,21453,A,N,A,C,A,A,H,-,C,A,0,NA,NA,NA,NA,Y,NA,-,-,0,0,1,0,0,0,0,0,0,-,-,NA,NA,LOS ANGELES,SANTA CLARITA,-118.5498401,34.41596008
8174143,2016,2017-03-04,1976,2016-11-01,0005,418,NA,2,5,5,1976,0,0,0,NA,0,003,WHITTIER BL,LAUREL AV,9,E,N,A,-,Y,LA,7,72,-,-,3.403,I,5,S,Y,3,0,1,1,A,-,08,22107,NA,N,E,I,A,A,H,-,C,A,0,NA,NA,NA,NA,Y,NA,A,01,0,1,0,0,0,0,0,0,0,-,-,NA,NA,LOS ANGELES,WHITTIER,-118.02921065,33.96101874
8174146,2016,2016-11-22,1900,2016-10-26,1937,609143,0631,3,5,6,1985,0,0,0,NA,0,61T1,SIERRA HWY,SOLEDAD CANYON RD,3168,N,N,A,-,N,NA,NA,NA,NA,NA,NA,NA,NA,NA,Y,4,0,1,3,A,-,04,21703,NA,N,C,C,A,A,H,-,C,D,0,NA,NA,NA,NA,Y,NA,A,01,0,0,1,0,0,0,0,0,0,-,-,NA,NA,LOS ANGELES,SANTA CLARITA,-118.46015357,34.40896643
8174147,2016,2017-03-03,1976,2016-11-05,2336,465,NA,6,5,5,1976,0,0,0,NA,0,NA,PAINTER AV,HIGH ST,18,N,N,A,-,Y,LA,7,72,-,-,3.65,I,6,N,Y,3,0,1,1,A,-,01,23152,A,M,E,I,A,A,H,-,C,D,0,NA,NA,NA,NA,Y,Y,A,01,0,1,0,0,0,0,0,0,0,-,-,NA,NA,LOS ANGELES,WHITTIER,-118.03263275,33.96318447
8174150,2016,2016-11-22,1900,2016-10-30,0308,537036,0641,7,5,6,1985,0,0,0,NA,0,65E,BOUQUET CANYON RD,WELLSTON DR,0,NA,Y,A,-,N,NA,NA,NA,NA,NA,NA,NA,NA,NA,Y,3,0,2,2,A,-,09,21801,A,N,D,C,A,A,H,-,C,A,0,NA,NA,NA,NA,Y,NA,A,01,0,2,0,0,0,0,0,0,0,-,-,NA,NA,LOS ANGELES,SANTA CLARITA,-118.50198001,34.44770009
8174151,2016,2016-12-20,1955,2016-11-14,1326,41871,0064,1,5,6,1955,0,0,0,NA,0,001,RIDGEWAY ST,SOUTH CAMPUS DR,0,NA,Y,A,-,N,NA,NA,NA,NA,NA,NA,NA,NA,NA,Y,3,0,1,1,A,-,08,22107,NA,N,E,I,A,A,H,-,A,A,0,NA,NA,NA,NA,Y,NA,A,01,0,1,0,0,0,0,0,0,0,-,-,NA,NA,LOS ANGELES,POMONA,-117.79756002,34.06457005
8174154,2016,2016-11-22,1900,2016-10-28,1230,502210,0612,5,5,6,1985,0,0,0,NA,0,61T1,WHITES CANYON RD,RANIER ST,0,NA,Y,A,-,N,NA,NA,NA,NA,NA,NA,NA,NA,NA,Y,4,0,2,2,A,-,12,21453,A,N,D,C,A,A,H,-,A,A,0,NA,NA,NA,NA,Y,NA,A,01,0,0,2,0,0,0,0,0,0,-,-,NA,NA,LOS ANGELES,SANTA CLARITA,-118.4702501,34.42596003
8174163,2016,2016-12-13,1900,2016-09-21,1840,436136,NA,3,5,5,1935,0,0,0,NA,0,132T2,CARSON ST,NECTAR AV,133,W,N,A,-,N,NA,NA,NA,NA,NA,NA,NA,NA,NA,Y,3,0,3,2,A,-,03,22350,NA,N,-,C,A,A,H,-,B,A,0,NA,NA,NA,NA,Y,NA,A,07,0,1,2,0,0,0,0,0,0,-,-,NA,NA,LOS ANGELES,LAKEWOOD,-118.088407,33.83151
8174167,2016,2016-12-13,1900,2016-09-14,1530,547282,1335,3,5,5,1908,0,0,0,NA,0,133T1,ARTESIA BL,ARDMORE AV,180,E,N,A,-,N,NA,NA,NA,NA,NA,NA,NA,NA,NA,N,4,0,2,2,A,-,21,22106,NA,M,C,C,A,A,H,-,A,-,0,NA,NA,NA,NA,Y,NA,D,22,0,0,2,0,0,0,0,0,0,-,-,NA,NA,LOS ANGELES,BELLFLOWER,-118.12852839,33.874877670000004
8174171,2016,2016-12-13,1900,2016-09-24,1200,545607,1334,6,5,5,1908,0,0,0,NA,0,133T2,FLOWER ST,CLARK AV,160,E,N,A,-,N,NA,NA,NA,NA,NA,NA,NA,NA,NA,NA,3,0,1,1,A,-,03,22350,NA,N,E,I,A,A,H,-,A,A,0,NA,NA,NA,NA,Y,NA,A,01,0,1,0,0,0,0,0,0,0,-,-,NA,NA,LOS ANGELES,BELLFLOWER,-118.13343397,33.88205328
8174175,2016,2016-12-13,1900,2016-09-22,0946,466331,1328,4,5,5,1935,0,0,0,NA,0,132T1,DEL AMO BL,NORWALK BL,0,NA,Y,A,-,N,NA,NA,NA,NA,NA,NA,NA,NA,NA,Y,4,0,2,2,A,-,09,21801,A,N,D,C,A,A,H,-,A,A,0,NA,NA,NA,NA,Y,NA,A,NA,0,0,2,0,0,0,0,0,0,-,-,NA,NA,LOS ANGELES,LAKEWOOD,-118.07212002,33.84615008
8174179,2016,2016-12-13,1900,2016-09-22,1828,456346,1320,4,5,5,1935,0,0,0,NA,0,132T2P,DEL AMO BL,SILVA ST,620,E,N,A,-,N,NA,NA,NA,NA,NA,NA,NA,NA,NA,N,3,0,1,1,A,-,08,22107,NA,N,H,I,A,A,H,-,A,D,0,NA,NA,Y,NA,Y,NA,C,02,0,1,0,0,0,0,0,0,1,-,-,NA,NA,LOS ANGELES,LAKEWOOD,-118.15640239,33.84725112