CASE_ID,ACCIDENT_YEAR,PROC_DATE,JURIS,COLLISION_DATE,COLLISION_TIME,OFFICER_ID,REPORTING_DISTRICT,DAY_OF_WEEK,CHP_SHIFT,POPULATION,CNTY_CITY_LOC,SPECIAL_COND,BEAT_TYPE,CHP_BEAT_TYPE,CITY_DIVISION_LAPD,CHP_BEAT_CLASS,BEAT_NUMBER,PRIMARY_RD,SECONDARY_RD,DISTANCE,DIRECTION,INTERSECTION,WEATHER_1,WEATHER_2,STATE_HWY_IND,CALTRANS_COUNTY,CALTRANS_DISTRICT,STATE_ROUTE,ROUTE_SUFFIX,POSTMILE_PREFIX,POSTMILE,LOCATION_TYPE,RAMP_INTERSECTION,SIDE_OF_HWY,TOW_AWAY,COLLISION_SEVERITY,NUMBER_KILLED,NUMBER_INJURED,PARTY_COUNT,PRIMARY_COLL_FACTOR,PCF_CODE_OF_VIOL,PCF_VIOL_CATEGORY,PCF_VIOLATION,PCF_VIOL_SUBSECTION,HIT_AND_RUN,TYPE_OF_COLLISION,MVIW,PED_ACTION,ROAD_SURFACE,ROAD_COND_1,ROAD_COND_2,LIGHTING,CONTROL_DEVICE,CHP_ROAD_TYPE,PEDESTRIAN_ACCIDENT,BICYCLE_ACCIDENT,MOTORCYCLE_ACCIDENT,TRUCK_ACCIDENT,NOT_PRIVATE_PROPERTY,ALCOHOL_INVOLVED,STWD_VEHTYPE_AT_FAULT,CHP_VEHTYPE_AT_FAULT,COUNT_SEVERE_INJ,COUNT_VISIBLE_INJ,COUNT_COMPLAINT_PAIN,COUNT_PED_KILLED,COUNT_PED_INJURED,COUNT_BICYCLIST_KILLED,COUNT_BICYCLIST_INJURED,COUNT_MC_KILLED,COUNT_MC_INJURED,PRIMARY_RAMP,SECONDARY_RAMP,LATITUDE,LONGITUDE,COUNTY,CITY,POINT_X,POINT_Y
8175186,2016,2017-01-05,1942,2016-11-13,1825,41914,1837,7,5,7,1942,0,0,0,R,0,3T5,COMPTON AV,108TH ST,200,N,N,A,-,N,NA,NA,NA,NA,NA,NA,NA,NA,NA,Y,2,0,2,4,A,-,03,22350,NA,F,C,E,A,A,H,-,C,D,0,NA,NA,NA,NA,Y,NA,A,01,1,0,1,0,0,0,0,0,0,-,-,NA,NA,LOS ANGELES,LOS ANGELES,-118.24627543,33.93838847
8175190,2016,2016-11-30,1942,2016-11-13,0955,41521,1802,7,5,7,1942,0,0,0,R,0,3T5,MAIN ST,87TH PL,55,N,N,A,-,N,NA,NA,NA,NA,NA,NA,NA,NA,NA,N,4,0,2,3,A,-,03,22350,NA,F,C,C,A,A,H,-,A,A,0,NA,NA,NA,NA,Y,NA,A,07,0,0,2,0,0,0,0,0,0,-,-,NA,NA,LOS ANGELES,LOS ANGELES,-118.27388,33.95820084
8175194,2016,2016-12-01,1942,2016-10-13,0805,42355,1942,4,5,7,1942,0,0,0,NA,0,12A73,WESTERN AV,89TH ST,0,NA,Y,A,-,N,NA,NA,NA,NA,NA,NA,NA,NA,NA,N,4,0,2,2,A,-,09,21453,NA,N,D,C,A,A,H,-,A,A,0,NA,NA,NA,NA,Y,NA,A,01,0,0,2,0,0,0,0,0,0,-,-,NA,NA,LOS ANGELES,LOS ANGELES,-118.30902,33.95633
8175198,2016,2016-12-01,1942,2016-10-28,1730,41492,1824,5,5,7,1942,0,0,0,R,0,18A44,CENTRAL AV,92ND ST,0,NA,Y,A,-,N,NA,NA,NA,NA,NA,NA,NA,NA,NA,Y,4,0,1,2,A,-,09,21802,A,N,D,C,A,A,H,-,A,A,0,NA,NA,NA,NA,Y,NA,A,07,0,0,1,0,0,0,0,0,0,-,-,NA,NA,LOS ANGELES,LOS ANGELES,-118.25644006,33.95328007
8175219,2016,2016-11-29,1953,2016-11-04,2249,8058,NA,5,5,6,1953,0,0,0,NA,0,001,FAIR OAKS AV,CALIFORNIA BL,0,NA,Y,A,-,N,NA,NA,NA,NA,NA,NA,NA,NA,NA,Y,3,0,1,2,A,-,12,21453,A,N,D,C,A,A,H,-,C,A,0,NA,NA,NA,NA,Y,NA,A,07,0,1,0,0,0,0,0,0,0,-,-,NA,NA,LOS ANGELES,PASADENA,-118.15039009,34.13579008
8175304,2016,2016-12-14,1941,2016-10-20,1700,5869,NA,4,5,7,1941,0,0,0,NA,0,NA,OCEAN AV,PIER T,0,NA,Y,A,-,N,NA,NA,NA,NA,NA,NA,NA,NA,NA,Y,3,0,1,1,A,-,03,22350,NA,N,F,A,A,A,H,-,A,D,0,NA,NA,NA,Y,Y,NA,G,NA,0,1,0,0,0,0,0,0,0,-,-,NA,NA,LOS ANGELES,LONG BEACH,-118.21985013,33.76497006
8175316,2016,2016-12-01,1942,2016-11-12,1605,39096,1994,6,5,7,1942,0,0,0,NA,0,21TL64,VAN NUYS BL,TITUS ST,0,NA,Y,A,-,N,NA,NA,NA,NA,NA,NA,NA,NA,NA,Y,4,0,2,2,A,-,09,21801,A,N,D,C,A,A,H,-,A,A,0,NA,NA,NA,NA,Y,NA,D,22,0,0,2,0,0,0,0,0,0,-,-,NA,NA,LOS ANGELES,LOS ANGELES,-118.44877007,34.2197301
8175319,2016,2016-12-27,1900,2016-11-06,0041,534593,0542,7,5,3,1921,0,0,0,NA,0,58T1,HUNTINGTON DR,HIGHLAND DR,0,NA,Y,A,-,N,NA,NA,NA,NA,NA,NA,NA,NA,NA,Y,3,0,1,2,A,-,12,21453,A,N,D,C,A,A,H,-,A,A,0,NA,NA,Y,NA,Y,NA,C,02,0,1,0,0,0,0,0,0,0,-,-,NA,NA,LOS ANGELES,DUARTE,-117.9666401,34.13966009
8175323,2016,2016-12-22,1900,2016-11-16,1255,536381,0522,3,5,4,1971,0,0,0,NA,0,52T1,ROSEMEAD BL,LAS TUNAS DR,136,S,N,A,-,N,NA,NA,NA,NA,NA,NA,NA,NA,NA,N,4,0,1,2,A,-,04,21703,NA,N,C,C,A,A,H,-,A,A,0,NA,NA,NA,NA,Y,NA,A,01,0,0,1,0,0,0,0,0,0,-,-,NA,NA,LOS ANGELES,TEMPLE CITY,-118.07365,34.1033071
8175324,2016,2016-12-01,1942,2016-11-11,0745,30452,1989,5,5,7,1942,0,0,0,NA,0,9TL53,ROSCOE BL,CANTERBURY AV,193,W,N,A,-,N,NA,NA,NA,NA,NA,NA,NA,NA,NA,Y,3,0,3,4,A,-,05,21650,NA,N,D,C,A,A,H,-,A,D,0,NA,NA,NA,NA,Y,NA,A,01,0,1,2,0,0,0,0,0,0,-,-,NA,NA,LOS ANGELES,LOS ANGELES,-118.41794727,34.22168
8175331,2016,2017-01-12,1900,2016-11-18,0850,525140,0521,5,5,4,1971,0,0,0,NA,0,52T1,ROSEMEAD BL,GARIBALDI AV,12,N,N,A,-,N,NA,NA,NA,NA,NA,NA,NA,NA,NA,Y,4,0,1,5,A,-,03,22350,NA,N,C,C,A,A,H,-,A,D,0,NA,NA,NA,NA,Y,NA,A,01,0,0,1,0,0,0,0,0,0,-,-,NA,NA,LOS ANGELES,TEMPLE CITY,-118.0736808,34.1093629
8175332,2016,2017-04-15,1942,2016-11-15,0820,38131,1981,2,5,7,1942,0,0,0,NA,0,19A79,SEPULVEDA BL,ROSCOE BL,330,N,N,A,-,N,NA,NA,NA,NA,NA,NA,NA,NA,NA,Y,4,0,1,3,A,-,07,21658,A,F,B,C,A,A,H,-,A,-,0,NA,NA,NA,NA,Y,NA,-,99,0,0,1,0,0,0,0,0,0,-,-,NA,NA,LOS ANGELES,LOS ANGELES,-118.46772941,34.22229514
8175335,2016,2017-02-14,1942,2016-11-10,0810,26347,1722,4,5,7,1942,0,0,0,Q,0,17A23,DEVONSHIRE ST,TOPANGA CANYON BL,0,NA,Y,A,-,Y,LA,7,27,-,-,18.629,I,5,N,N,3,0,1,2,A,-,12,22450,A,N,C,C,A,A,H,-,A,B,0,NA,NA,NA,NA,Y,NA,A,01,0,1,0,0,0,0,0,0,0,-,-,NA,NA,LOS ANGELES,LOS ANGELES,-118.606013,34.25716346
8175339,2016,2017-02-14,1942,2016-11-09,0700,26347,1721,3,5,7,1942,0,0,0,Q,0,17A23,TOPANGA CANYON BL,SANTA SUSANA PASS RD,900,N,N,A,-,Y,LA,7,27,-,-,17.18,H,-,S,Y,4,0,1,2,A,-,04,21703,NA,N,C,C,A,A,H,-,A,D,0,NA,NA,NA,NA,Y,NA,A,01,0,0,1,0,0,0,0,0,0,-,-,NA,NA,LOS ANGELES,LOS ANGELES,-118.60615026,34.23774486
8175346,2016,2016-12-08,1942,2016-10-25,0700,42498,1832,2,5,7,1942,0,0,0,R,0,18A17,IMPERIAL HWY,FIGUEROA,180,W,N,A,-,N,NA,NA,NA,NA,NA,NA,NA,NA,NA,Y,4,0,2,3,A,-,04,21703,NA,N,C,C,A,A,H,-,A,D,0,NA,NA,NA,NA,Y,NA,A,01,0,0,2,0,0,0,0,0,0,-,-,NA,NA,LOS ANGELES,LOS ANGELES,-118.28319223,33.931
8175348,2016,2017-03-04,1942,2016-11-04,2325,38995,1557,5,5,7,1942,0,0,0,O,0,9T53,LANKERSHIM BL,RIVERSIDE DR,465,N,N,A,-,Y,LA,7,134,-,-,0.631,R,4,W,N,4,0,1,2,A,-,12,21453,A,N,D,C,A,A,H,-,C,A,0,NA,NA,NA,Y,Y,NA,F,26,0,0,1,0,0,0,0,0,0,-,-,NA,NA,LOS ANGELES,LOS ANGELES,-118.36607024,34.15330736
8175350,2016,2017-02-13,1942,2016-10-25,1040,42115,1842,2,5,7,1942,0,0,0,R,0,18A97,IMPERIAL HWY,OLIVE,0,NA,Y,A,-,Y,LA,7,110,-,-,13.798,R,4,N,Y,4,0,1,2,A,-,12,21453,A,N,D,D,A,A,H,-,A,A,0,NA,NA,NA,NA,Y,NA,A,01,0,0,1,0,0,0,0,0,0,-,-,NA,NA,LOS ANGELES,LOS ANGELES,-118.28057555,33.9285208
8175355,2016,2017-02-14,1942,2016-11-17,0800,363586,2114,4,5,7,1942,0,0,0,NA,0,10TL35,TOPANGA CANYON BL,LANARK ST,0,NA,Y,A,-,Y,LA,7,27,-,-,15.651,I,5,N,Y,4,0,1,2,A,-,09,21802,A,N,D,C,A,A,H,-,A,A,0,NA,NA,NA,NA,Y,NA,A,08,0,0,1,0,0,0,0,0,0,-,-,NA,NA,LOS ANGELES,LOS ANGELES,-118.60590629,34.21715374
8175356,2016,2016-12-22,1942,2016-11-14,1545,42348,2118,1,5,7,1942,0,0,0,NA,0,21A97,MASON AV,ROSCOE BL,35,N,N,A,-,N,NA,NA,NA,NA,NA,NA,NA,NA,NA,Y,3,0,4,3,A,-,09,21801,A,N,B,D,A,A,H,-,A,A,0,NA,NA,NA,NA,Y,NA,A,01,0,2,2,0,0,0,0,0,0,-,-,NA,NA,LOS ANGELES,LOS ANGELES,-118.57977796,34.220186
8175360,2016,2016-12-01,1942,2016-11-07,0840,40639,1775,1,5,7,1942,0,0,0,Q,0,17A95,BALBOA BL,TUPPER ST,0,NA,Y,A,-,N,NA,NA,NA,NA,NA,NA,NA,NA,NA,Y,4,0,3,2,A,-,12,21453,A,N,D,C,A,A,H,-,A,A,0,NA,NA,NA,NA,Y,NA,A,01,0,0,3,0,0,0,0,0,0,-,-,NA,NA,LOS ANGELES,LOS ANGELES,-118.50248006,34.23942003
8175363,2016,2016-11-30,1942,2016-11-16,1015,39217,2183,3,5,7,1942,0,0,0,NA,0,9TL59,MULHOLLAND DR,CALABASAS RD,50,N,N,A,-,N,NA,NA,NA,NA,NA,NA,NA,NA,NA,N,3,0,1,2,A,-,08,22107,NA,N,B,C,A,A,H,-,A,D,0,NA,Y,NA,NA,Y,NA,A,01,0,1,0,0,0,0,1,0,0,-,-,NA,NA,LOS ANGELES,LOS ANGELES,-118.63643,34.1587
8175364,2016,2016-11-30,1942,2016-11-14,1500,41368,0984,1,5,7,1942,0,0,0,I,0,17XL82,VENTURA,WILLIS,100,W,N,A,-,N,NA,NA,NA,NA,NA,NA,NA,NA,NA,N,3,0,2,3,A,-,03,22350,NA,N,C,C,A,A,H,-,A,A,0,NA,NA,NA,NA,Y,NA,A,07,0,1,1,0,0,0,0,0,0,-,-,NA,NA,LOS ANGELES,LOS ANGELES,-118.45561399,34.15205184
8175367,2016,2016-11-30,1942,2016-11-06,0240,41775,989,7,5,7,1942,0,0,0,NA,0,9A89,GREENBUSH AV,VENTURA BL,25,N,N,A,-,N,NA,NA,NA,NA,NA,NA,NA,NA,NA,Y,4,0,1,2,D,-,00,NA,NA,M,A,E,A,A,H,-,C,D,0,NA,NA,NA,NA,Y,Y,-,-,0,0,1,0,0,0,0,0,0,-,-,NA,NA,LOS ANGELES,LOS ANGELES,-118.42609726,34.14722853
8175368,2016,2016-11-30,1942,2016-11-16,1305,39410,0963,3,5,7,1942,0,0,0,I,0,16TL26,VAN NUYS BL,OTSEGO ST,40,N,N,A,-,N,NA,NA,NA,NA,NA,NA,NA,NA,NA,Y,4,0,2,2,A,-,03,22350,NA,N,C,C,A,A,H,-,A,D,0,NA,NA,NA,NA,Y,NA,A,01,0,0,2,0,0,0,0,0,0,-,-,NA,NA,LOS ANGELES,LOS ANGELES,-118.44871,34.16315972
8175371,2016,2016-11-30,1942,2016-11-10,0640,26347,1722,4,5,7,1942,0,0,0,Q,0,17A23,DEVONSHIRE ST,OWENSMOUTH AV,0,NA,Y,A,-,N,NA,NA,NA,NA,NA,NA,NA,NA,NA,Y,3,0,1,2,A,-,12,22450,A,N,D,C,A,A,H,-,A,B,0,NA,NA,NA,NA,Y,NA,-,NA,0,1,0,0,0,0,0,0,0,-,-,NA,NA,LOS ANGELES,LOS ANGELES,-118.60168008,34.25724002
8175375,2016,2016-11-30,1942,2016-11-11,1300,42446,1771,5,5,7,1942,0,0,0,Q,0,17A49,WINNETKA AV,PRAIRIE ST,40,N,N,A,-,N,NA,NA,NA,NA,NA,NA,NA,NA,NA,Y,3,0,4,2,A,-,03,22350,NA,N,C,C,A,A,H,-,A,A,0,NA,NA,NA,NA,Y,NA,A,01,0,2,2,0,0,0,0,0,0,-,-,NA,NA,LOS ANGELES,LOS ANGELES,-118.571072,34.23932972
8175376,2016,2016-11-30,1942,2016-11-16,2020,41316,2155,3,5,7,1942,0,0,0,NA,0,17T13,ERWIN ST,NEVADA AV,50,E,N,A,-,N,NA,NA,NA,NA,NA,NA,NA,NA,NA,Y,3,0,1,4,A,-,03,22350,NA,N,C,E,A,A,H,-,C,D,0,NA,NA,NA,NA,Y,NA,A,01,0,1,0,0,0,0,0,0,0,-,-,NA,NA,LOS ANGELES,LOS ANGELES,-118.61006495,34.18286
8175379,2016,2016-12-27,1942,2016-11-09,1800,38492,1745,3,5,7,1942,0,0,0,Q,0,19X84,SAN JOSE ST,ENCINO AV,0,NA,Y,A,-,N,NA,NA,NA,NA,NA,NA,NA,NA,NA,Y,4,0,3,2,A,-,12,22450,A,N,D,C,A,A,H,-,C,A,0,NA,NA,NA,NA,Y,NA,A,01,0,0,3,0,0,0,0,0,0,-,-,NA,NA,LOS ANGELES,LOS ANGELES,-118.51544008,34.26121012
8175383,2016,2016-11-30,1942,2016-11-17,0825,39192,1747,4,5,7,1942,0,0,0,Q,0,15TL45,HAYVENHURST AV,SAN JOSE ST,0,NA,Y,A,-,N,NA,NA,NA,NA,NA,NA,NA,NA,NA,Y,4,0,1,2,A,-,12,21453,A,N,A,C,A,A,H,-,B,A,0,NA,NA,NA,NA,Y,NA,A,07,0,0,1,0,0,0,0,0,0,-,-,NA,NA,LOS ANGELES,LOS ANGELES,-118.49356005,34.2610701
8175385,2016,2016-11-30,1942,2016-11-10,1015,33599,1215,4,5,7,1942,0,0,0,L,0,3TL5,NORMANDIE AV,52ND ST,0,NA,Y,A,-,N,NA,NA,NA,NA,NA,NA,NA,NA,NA,Y,3,0,1,2,A,-,09,21802,A,F,D,C,A,A,H,-,A,A,0,NA,NA,NA,NA,Y,NA,A,01,0,1,0,0,0,0,0,0,0,-,-,NA,NA,LOS ANGELES,LOS ANGELES,-118.30017,33.99505004
8175386,2016,2016-11-30,1941,2016-11-19,1058,10918,NA,6,5,7,1941,0,0,0,NA,0,901T,SEASIDE WY,HART PL,59,N,N,A,-,N,NA,NA,NA,NA,NA,NA,NA,NA,NA,N,3,0,1,2,A,-,07,21658,A,N,H,C,A,A,H,-,A,D,0,NA,NA,Y,NA,Y,NA,A,NA,0,1,0,0,0,0,0,0,1,-,-,NA,NA,LOS ANGELES,LONG BEACH,-118.18862,33.76583
8175387,2016,2016-11-30,1942,2016-11-14,1050,40905,1755,1,5,7,1942,0,0,0,Q,0,17X24,ZELZAH,LASSEN ST,15,N,N,A,-,N,NA,NA,NA,NA,NA,NA,NA,NA,NA,N,4,0,2,2,A,-,09,21801,A,N,A,C,A,A,H,-,A,A,0,NA,NA,NA,NA,Y,NA,-,NA,0,0,2,0,0,0,0,0,0,-,-,NA,NA,LOS ANGELES,LOS ANGELES,-118.52332,34.25043115
8175388,2016,2017-01-13,1942,2016-11-15,0740,39499,1003,2,5,7,1942,0,0,0,J,0,10A3,WILBUR AV,ROSCOE,5,S,N,A,-,N,NA,NA,NA,NA,NA,NA,NA,NA,NA,N,4,0,1,2,A,-,05,21650,NA,N,H,G,A,A,H,-,A,A,0,NA,Y,NA,NA,Y,NA,L,04,0,0,1,0,0,0,1,0,0,-,-,NA,NA,LOS ANGELES,LOS ANGELES,-118.54481,34.22059628
8175389,2016,2017-03-06,1942,2016-11-09,1625,40053,1273,3,5,7,1942,0,0,0,L,0,12T73,MANCHESTER AV,SAINT ANDREWS PL,0,NA,Y,A,-,N,NA,NA,NA,NA,NA,NA,NA,NA,NA,Y,4,0,4,2,A,-,09,21801,A,N,D,C,A,A,H,-,B,A,0,NA,NA,NA,NA,Y,NA,A,01,0,0,4,0,0,0,0,0,0,-,-,NA,NA,LOS ANGELES,LOS ANGELES,-118.31120007,33.95996009
8175391,2016,2016-11-30,1942,2016-11-10,1150,39096,1924,4,5,7,1942,0,0,0,NA,0,21TL64,HUBBARD ST,PEARWOOD AV,420,E,N,A,-,N,NA,NA,NA,NA,NA,NA,NA,NA,NA,N,2,0,1,2,A,-,11,21954,A,N,G,B,D,A,H,-,A,D,0,Y,NA,NA,NA,Y,NA,N,60,1,0,0,0,1,0,0,0,0,-,-,NA,NA,LOS ANGELES,LOS ANGELES,-118.45582039,34.28574374
8175392,2016,2016-11-30,1942,2016-11-15,1735,40972,1049,2,5,7,1942,0,0,0,J,0,19TL73,BURBANK BL,WOODLEY AV,871,W,N,A,-,N,NA,NA,NA,NA,NA,NA,NA,NA,NA,N,4,0,1,2,A,-,03,22350,NA,N,C,C,A,A,H,-,C,D,0,NA,NA,NA,NA,Y,NA,A,07,0,0,1,0,0,0,0,0,0,-,-,NA,NA,LOS ANGELES,LOS ANGELES,-118.47834469,34.17065766
8175393,2016,2016-11-30,1942,2016-11-07,0030,31288,1836,1,5,7,1942,0,0,0,R,0,12T41,COMPTON AV,109TH ST,0,NA,N,A,-,N,NA,NA,NA,NA,NA,NA,NA,NA,NA,Y,3,0,2,3,A,-,01,23152,A,N,C,E,A,A,H,-,C,D,0,NA,NA,NA,NA,Y,Y,A,01,0,2,0,0,0,0,0,0,0,-,-,NA,NA,LOS ANGELES,LOS ANGELES,-118.24628008,33.9368401
8175394,2016,2016-11-30,1941,2016-11-18,2057,10772,NA,5,5,7,1941,0,0,0,NA,0,901T,PACIFIC AV,15TH ST,90,S,N,A,-,N,NA,NA,NA,NA,NA,NA,NA,NA,NA,N,3,0,1,2,A,-,11,21955,NA,N,G,B,D,A,H,-,C,A,0,Y,NA,NA,NA,Y,NA,N,NA,0,1,0,0,1,0,0,0,0,-,-,NA,NA,LOS ANGELES,LONG BEACH,-118.19373,33.78599319
8175395,2016,2016-11-30,1942,2016-11-10,1915,36239,1901,4,5,7,1942,0,0,0,NA,0,19A1W3,BALBOA BL,FOOTHILL BL,0,NA,Y,A,-,N,NA,NA,NA,NA,NA,NA,NA,NA,NA,Y,4,0,2,2,A,-,12,21453,A,N,A,C,A,A,H,-,C,A,0,NA,NA,NA,NA,Y,NA,A,01,0,0,2,0,0,0,0,0,0,-,-,NA,NA,LOS ANGELES,LOS ANGELES,-118.49581013,34.3215501
8175396,2016,2016-11-30,1942,2016-11-10,1115,42438,1088,4,5,7,1942,0,0,0,J,0,10A38,PETIT AV,OAK VIEW DR,0,NA,Y,A,-,N,NA,NA,NA,NA,NA,NA,NA,NA,NA,Y,2,0,2,2,A,-,03,22350,NA,N,C,C,A,A,H,-,A,D,0,NA,NA,NA,NA,Y,NA,-,NA,1,0,1,0,0,0,0,0,0,-,-,NA,NA,LOS ANGELES,LOS ANGELES,-118.4965101,34.15624001
8175397,2016,2016-11-30,1942,2016-11-10,0620,40529,1285,4,5,7,1942,0,0,0,L,0,5TL28,92ND ST,WESTERN,50,E,N,A,-,N,NA,NA,NA,NA,NA,NA,NA,NA,NA,N,4,0,1,2,A,-,09,21804,A,F,D,C,A,A,H,-,A,D,0,NA,NA,NA,NA,Y,Y,-,99,0,0,1,0,0,0,0,0,0,-,-,NA,NA,LOS ANGELES,LOS ANGELES,-118.30884544,33.95271
8175398,2016,2016-11-30,1941,2016-11-14,1713,10025,NA,1,5,7,1941,0,0,0,NA,0,901T,SANTA FE AV,21ST ST,8,N,N,A,-,N,NA,NA,NA,NA,NA,NA,NA,NA,NA,N,4,0,1,2,A,-,12,21453,A,N,D,G,A,A,H,-,C,A,0,NA,Y,NA,NA,Y,NA,D,NA,0,0,1,0,0,0,1,0,0,-,-,NA,NA,LOS ANGELES,LONG BEACH,-118.21552,33.79531194
8175399,2016,2016-11-30,1942,2016-11-16,0730,38356,1583,3,5,7,1942,0,0,0,O,0,10TL35,COLFAX AV,WOODBRIDGE ST,40,S,N,B,-,N,NA,NA,NA,NA,NA,NA,NA,NA,NA,Y,4,0,1,2,A,-,07,21658,A,F,C,C,A,A,H,-,A,A,0,NA,NA,NA,NA,Y,NA,A,07,0,0,1,0,0,0,0,0,0,-,-,NA,NA,LOS ANGELES,LOS ANGELES,-118.38773,34.14845029
8175400,2016,2016-11-30,1942,2016-11-15,0810,42153,1049,2,5,7,1942,0,0,0,J,0,10A39,BURBANK BL,WOODLEY,2112,W,N,A,-,N,NA,NA,NA,NA,NA,NA,NA,NA,NA,N,3,0,1,1,A,-,03,22350,NA,N,H,J,A,A,H,-,A,D,0,NA,NA,NA,NA,Y,NA,-,NA,0,1,0,0,0,0,0,0,0,-,-,NA,NA,LOS ANGELES,LOS ANGELES,-118.48207979,34.16928382
8175401,2016,2016-11-30,1942,2016-11-01,1805,40440,1844,2,5,7,1942,0,0,0,R,0,3TL57,LANZIT AV,111TH DR,120,W,N,A,-,N,NA,NA,NA,NA,NA,NA,NA,NA,NA,Y,4,0,4,2,A,-,01,23152,A,N,D,C,A,A,H,-,B,D,0,NA,NA,NA,NA,Y,Y,A,01,0,0,4,0,0,0,0,0,0,-,-,NA,NA,LOS ANGELES,LOS ANGELES,-118.26034898,33.9336829
8175402,2016,2016-11-30,1941,2016-11-20,0852,10050,NA,7,5,7,1941,0,0,0,NA,0,NA,PALO VERDE,WOODRUFF,0,NA,Y,A,-,N,NA,NA,NA,NA,NA,NA,NA,NA,NA,Y,4,0,1,2,A,-,12,21453,A,F,D,C,A,A,H,-,A,A,0,NA,NA,NA,NA,Y,NA,A,NA,0,0,1,0,0,0,0,0,0,-,-,NA,NA,LOS ANGELES,LONG BEACH,-118.10793001,33.79767003
8175403,2016,2016-11-30,1942,2016-11-10,1230,36801,1966,4,5,7,1942,0,0,0,NA,0,19TL76,VAN NUYS BL,PLUMMER ST,0,NA,Y,A,-,N,NA,NA,NA,NA,NA,NA,NA,NA,NA,Y,3,0,2,2,A,-,12,21453,A,N,D,C,A,A,H,-,A,A,0,NA,NA,NA,NA,Y,NA,A,01,0,2,0,0,0,0,0,0,0,-,-,NA,NA,LOS ANGELES,LOS ANGELES,-118.45023001,34.24268001
8175404,2016,2017-01-14,1942,2016-11-12,1950,42074,1044,6,5,7,1942,0,0,0,J,0,10A99,RESEDA BL,COLLINS ST,0,NA,Y,A,-,N,NA,NA,NA,NA,NA,NA,NA,NA,NA,NA,4,0,1,2,A,-,09,21801,A,N,G,B,B,A,H,-,C,D,0,Y,NA,NA,NA,Y,NA,A,01,0,0,1,0,1,0,0,0,0,-,-,NA,NA,LOS ANGELES,LOS ANGELES,-118.53600004,34.17491006
8175405,2016,2017-07-17,1942,2016-11-09,1615,42511,1806,3,5,7,1942,0,0,0,R,0,18A34,92ND ST,MCKINLEY,400,E,N,A,-,N,NA,NA,NA,NA,NA,NA,NA,NA,NA,N,4,0,1,2,A,-,04,21703,NA,F,C,C,A,A,H,-,B,D,0,NA,NA,NA,NA,Y,NA,-,99,0,0,1,0,0,0,0,0,0,-,-,NA,NA,LOS ANGELES,LOS ANGELES,-118.25950362,33.9529
8175406,2016,2016-11-30,1941,2016-11-19,2021,10779,NA,6,5,7,1941,0,0,0,NA,0,901T,EAST 10TH ST,E LONG BEACH BL,150,E,N,A,-,N,NA,NA,NA,NA,NA,NA,NA,NA,NA,Y,3,0,1,2,A,-,01,23152,NA,M,D,E,A,A,H,-,C,D,0,NA,NA,NA,NA,Y,Y,A,NA,0,1,0,0,0,0,0,0,0,-,-,NA,NA,LOS ANGELES,LONG BEACH,-118.18898758,33.77897838
8175407,2016,2017-01-14,1942,2016-11-06,2030,42223,1975,7,5,7,1942,0,0,0,NA,0,19X62,WOODMAN AV,OSBORNE ST,0,NA,Y,A,-,N,NA,NA,NA,NA,NA,NA,NA,NA,NA,Y,3,0,3,2,A,-,09,21802,A,N,D,C,A,A,H,-,C,A,0,NA,NA,NA,NA,Y,NA,-,NA,0,1,2,0,0,0,0,0,0,-,-,NA,NA,LOS ANGELES,LOS ANGELES,-118.43866013,34.23293002
8175408,2016,2016-11-30,1942,2016-11-07,1500,39701,1021,1,5,7,1942,0,0,0,J,0,16TL28,VANOWEN ST,TAMPA AV,15,S,N,A,-,N,NA,NA,NA,NA,NA,NA,NA,NA,NA,N,3,0,1,2,A,-,10,21950,A,N,G,B,B,A,H,-,A,A,0,Y,NA,NA,NA,Y,NA,A,01,0,1,0,0,1,0,0,0,0,-,-,NA,NA,LOS ANGELES,LOS ANGELES,-118.55345,34.19383
8175411,2016,2016-11-30,1942,2016-11-10,0400,42334,1957,4,5,7,1942,0,0,0,NA,0,19A75,DEVONSHIRE ST,ETON,250,E,N,A,-,N,NA,NA,NA,NA,NA,NA,NA,NA,NA,Y,3,0,2,1,A,-,03,22350,NA,M,E,I,A,A,H,-,C,D,0,NA,NA,NA,NA,Y,NA,A,01,0,2,0,0,0,0,0,0,0,-,-,NA,NA,LOS ANGELES,LOS ANGELES,-118.59432403,34.25724
8175412,2016,2017-04-12,1942,2016-11-12,0245,36839,1589,6,5,7,1942,0,0,0,O,0,15A67W,FOREST LAWN DR,N COYOTE CYN RD,900,S,N,A,-,N,NA,NA,NA,NA,NA,NA,NA,NA,NA,Y,3,0,2,2,A,-,08,22102,NA,N,D,C,A,A,H,-,C,D,0,NA,NA,NA,NA,Y,NA,A,01,0,1,1,0,0,0,0,0,0,-,-,NA,NA,LOS ANGELES,LOS ANGELES,-118.34086054,34.14336915
8175414,2016,2016-11-30,1941,2016-11-14,2121,5487,NA,1,5,7,1941,0,0,0,NA,0,NA,OCEAN BL,BONITO AV,0,NA,Y,A,-,N,NA,NA,NA,NA,NA,NA,NA,NA,NA,N,3,0,1,2,A,-,11,21954,A,F,G,B,D,A,H,-,C,D,0,Y,NA,NA,NA,Y,NA,N,NA,0,1,0,0,1,0,0,0,0,-,-,NA,NA,LOS ANGELES,LONG BEACH,-118.18095009,33.76613007
8175416,2016,2017-03-04,1942,2016-11-08,0500,37662,1799,2,5,7,1942,0,0,0,Q,0,17A95,RT 405,ROSCOE,3,E,N,A,-,Y,LA,7,405,-,-,43.916,R,4,S,N,4,0,1,2,A,-,12,21453,A,N,D,G,A,A,H,-,B,A,0,NA,Y,NA,NA,Y,NA,-,-,0,0,1,0,0,0,1,0,0,-,-,NA,NA,LOS ANGELES,LOS ANGELES,-118.4732977,34.22345176