CASE_ID,ACCIDENT_YEAR,PROC_DATE,JURIS,COLLISION_DATE,COLLISION_TIME,OFFICER_ID,REPORTING_DISTRICT,DAY_OF_WEEK,CHP_SHIFT,POPULATION,CNTY_CITY_LOC,SPECIAL_COND,BEAT_TYPE,CHP_BEAT_TYPE,CITY_DIVISION_LAPD,CHP_BEAT_CLASS,BEAT_NUMBER,PRIMARY_RD,SECONDARY_RD,DISTANCE,DIRECTION,INTERSECTION,WEATHER_1,WEATHER_2,STATE_HWY_IND,CALTRANS_COUNTY,CALTRANS_DISTRICT,STATE_ROUTE,ROUTE_SUFFIX,POSTMILE_PREFIX,POSTMILE,LOCATION_TYPE,RAMP_INTERSECTION,SIDE_OF_HWY,TOW_AWAY,COLLISION_SEVERITY,NUMBER_KILLED,NUMBER_INJURED,PARTY_COUNT,PRIMARY_COLL_FACTOR,PCF_CODE_OF_VIOL,PCF_VIOL_CATEGORY,PCF_VIOLATION,PCF_VIOL_SUBSECTION,HIT_AND_RUN,TYPE_OF_COLLISION,MVIW,PED_ACTION,ROAD_SURFACE,ROAD_COND_1,ROAD_COND_2,LIGHTING,CONTROL_DEVICE,CHP_ROAD_TYPE,PEDESTRIAN_ACCIDENT,BICYCLE_ACCIDENT,MOTORCYCLE_ACCIDENT,TRUCK_ACCIDENT,NOT_PRIVATE_PROPERTY,ALCOHOL_INVOLVED,STWD_VEHTYPE_AT_FAULT,CHP_VEHTYPE_AT_FAULT,COUNT_SEVERE_INJ,COUNT_VISIBLE_INJ,COUNT_COMPLAINT_PAIN,COUNT_PED_KILLED,COUNT_PED_INJURED,COUNT_BICYCLIST_KILLED,COUNT_BICYCLIST_INJURED,COUNT_MC_KILLED,COUNT_MC_INJURED,PRIMARY_RAMP,SECONDARY_RAMP,LATITUDE,LONGITUDE,COUNTY,CITY,POINT_X,POINT_Y
8176442,2016,2016-12-01,1900,2016-11-04,0610,467578,2603,5,5,6,1950,0,0,0,NA,0,260T1,25TH ST EAST,ARNOLD DR,0,NA,Y,A,-,N,NA,NA,NA,NA,NA,NA,NA,NA,NA,Y,4,0,1,3,A,-,03,22350,NA,N,C,C,A,A,H,-,C,A,0,NA,NA,NA,NA,Y,NA,A,01,0,0,1,0,0,0,0,0,0,-,-,NA,NA,LOS ANGELES,PALMDALE,-118.08418002,34.54350006
8176454,2016,2017-02-14,1900,2016-11-02,1355,473596,2608,3,5,6,1950,0,0,0,NA,0,2637T1,RT 138,25TH ST EAST,145,W,N,A,-,Y,LA,7,138,-,-,46.2,H,-,E,N,4,0,2,2,D,-,00,NA,NA,N,B,C,A,A,H,-,A,D,0,NA,NA,Y,NA,Y,NA,-,-,0,0,2,0,0,0,0,0,1,-,-,NA,NA,LOS ANGELES,PALMDALE,-118.08559714,34.58014709
8176458,2016,2016-12-01,1942,2016-10-28,0720,33191,1438,5,5,7,1942,0,0,0,N,0,14TL49,VETERAN AV,REGENT ST,100,S,N,B,-,N,NA,NA,NA,NA,NA,NA,NA,NA,NA,Y,4,0,2,3,A,-,21,22106,NA,N,C,C,A,B,H,-,A,D,0,NA,NA,NA,NA,Y,NA,A,01,0,0,2,0,0,0,0,0,0,-,-,NA,NA,LOS ANGELES,LOS ANGELES,-118.41389105,34.01737972
8176459,2016,2016-12-01,1900,2016-11-10,1805,525144,2928,4,5,5,1990,0,0,0,NA,0,292K41,BREA CANYON RD,WASHINGTON ST,170,S,N,A,-,N,NA,NA,NA,NA,NA,NA,NA,NA,NA,N,4,0,2,3,A,-,04,21703,NA,N,C,C,A,A,H,-,D,D,0,NA,NA,NA,NA,Y,NA,A,01,0,0,2,0,0,0,0,0,0,-,-,NA,NA,LOS ANGELES,DIAMOND BAR,-117.84653,34.00601406
8176462,2016,2016-12-01,1942,2016-10-31,2020,36602,1469,1,5,7,1942,0,0,0,N,0,20T59,LA CIENEGA BL,KNOWLTON ST,220,S,N,A,-,N,NA,NA,NA,NA,NA,NA,NA,NA,NA,N,4,0,1,3,A,-,03,22350,NA,F,C,C,A,A,H,-,C,D,0,NA,NA,NA,NA,Y,NA,D,22,0,0,1,0,0,0,0,0,0,-,-,NA,NA,LOS ANGELES,LOS ANGELES,-118.37018,33.97439686
8176463,2016,2016-12-01,1900,2016-11-13,1215,281409,2917,7,5,4,1974,0,0,0,NA,0,291K2D,NOGALES ST,FRANCESCA DR,150,S,N,A,-,N,NA,NA,NA,NA,NA,NA,NA,NA,NA,N,4,0,1,2,A,-,04,21703,NA,N,C,C,A,A,H,-,A,D,0,NA,NA,NA,NA,Y,NA,A,01,0,0,1,0,0,0,0,0,0,-,-,NA,NA,LOS ANGELES,WALNUT,-117.89415283,34.02456156
8176470,2016,2016-12-01,1942,2016-10-07,1545,38991,1469,5,5,7,1942,0,0,0,N,0,14A67,CENTINELA AV,LA TIJERA BL,150,W,N,A,-,N,NA,NA,NA,NA,NA,NA,NA,NA,NA,N,4,0,1,3,A,-,09,21801,A,M,D,C,A,A,H,-,A,D,0,NA,NA,NA,NA,Y,NA,-,99,0,0,1,0,0,0,0,0,0,-,-,NA,NA,LOS ANGELES,LOS ANGELES,-118.37232232,33.977277720000004
8176474,2016,2016-12-01,1900,2016-11-18,1845,135095,2608,5,5,6,1950,0,0,0,NA,0,264T1,40TH ST EAST,AVE Q,0,NA,Y,A,-,N,NA,NA,NA,NA,NA,NA,NA,NA,NA,Y,4,0,1,2,A,-,12,22450,A,N,D,C,A,A,H,-,C,A,0,NA,NA,NA,NA,Y,NA,D,22,0,0,1,0,0,0,0,0,0,-,-,NA,NA,LOS ANGELES,PALMDALE,-118.0585001,34.58739005
8176481,2016,2016-12-01,1900,2016-11-03,0803,253807,2612,4,5,6,1950,0,0,0,NA,0,261T1,10TH ST WEST,BEECHDALE DR,0,NA,Y,A,-,N,NA,NA,NA,NA,NA,NA,NA,NA,NA,Y,3,0,2,3,A,-,12,21453,A,N,D,C,A,A,H,-,A,A,0,NA,NA,NA,NA,Y,NA,A,01,0,1,1,0,0,0,0,0,0,-,-,NA,NA,LOS ANGELES,PALMDALE,-118.14762008,34.59536006
8176485,2016,2017-02-14,1900,2016-11-02,1153,527069,2607,3,5,6,1950,0,0,0,NA,0,263T1,RT 138,AVENUE S,0,NA,Y,A,-,Y,LA,7,138,-,-,50.281,I,5,W,N,4,0,1,2,A,-,10,21950,A,N,G,B,B,A,H,-,A,A,0,Y,NA,NA,NA,Y,NA,A,07,0,0,1,0,1,0,0,0,0,-,-,NA,NA,LOS ANGELES,PALMDALE,-118.0449822,34.55380792
8176489,2016,2016-12-01,1900,2016-11-04,1507,522303,2610,5,5,6,1950,0,0,0,NA,0,263T1,PALMDALE BL,10TH ST EAST,0,NA,Y,A,-,N,NA,NA,NA,NA,NA,NA,NA,NA,NA,N,4,0,1,2,A,-,12,21453,A,N,D,C,A,A,H,-,A,A,0,NA,NA,NA,NA,Y,NA,A,01,0,0,1,0,0,0,0,0,0,-,-,NA,NA,LOS ANGELES,PALMDALE,-118.11187013,34.57955009
8176492,2016,2017-05-02,1942,2016-10-25,1620,35945,1463,2,5,7,1942,0,0,0,N,0,6TL4,JEFFERSON BL,ALLA RD,23,W,N,A,-,N,NA,NA,NA,NA,NA,NA,NA,NA,NA,Y,1,1,0,1,A,-,08,22107,NA,N,E,I,A,A,H,-,A,D,0,NA,NA,NA,NA,Y,NA,A,01,0,0,0,0,0,0,0,0,0,-,-,NA,NA,LOS ANGELES,LOS ANGELES,-118.42441773,33.97474178
8176493,2016,2016-12-01,1900,2016-11-07,1205,253807,2611,1,5,6,1950,0,0,0,NA,0,261T1,AVENUE S,GEIGER AV,556,E,N,A,-,N,NA,NA,NA,NA,NA,NA,NA,NA,NA,N,3,0,1,1,C,-,18,NA,NA,N,D,H,A,A,H,-,A,D,0,NA,NA,Y,NA,Y,NA,-,-,0,1,0,0,0,0,0,0,1,-,-,NA,NA,LOS ANGELES,PALMDALE,-118.13706,34.557916
8176496,2016,2016-12-01,1900,2016-10-31,2155,546525,2607,1,5,6,1950,0,0,0,NA,0,264T1,AVENUE R,AMETHYST ST,0,NA,Y,A,-,N,NA,NA,NA,NA,NA,NA,NA,NA,NA,Y,4,0,1,2,A,-,08,22107,NA,N,G,B,F,A,H,-,C,A,0,Y,NA,NA,NA,Y,NA,A,07,0,0,1,0,1,0,0,0,0,-,-,NA,NA,LOS ANGELES,PALMDALE,-118.04323008,34.5727001
8176497,2016,2016-12-01,1900,2016-11-02,1245,253807,2612,3,5,6,1950,0,0,0,NA,0,261T1,RANCHO VISTA BL,ARMFIELD AV,0,NA,Y,A,-,N,NA,NA,NA,NA,NA,NA,NA,NA,NA,N,4,0,1,2,A,-,07,21658,A,N,D,C,A,A,H,-,A,A,0,NA,NA,NA,NA,Y,NA,A,01,0,0,1,0,0,0,0,0,0,-,-,NA,NA,LOS ANGELES,PALMDALE,-118.151394,34.601732
8176500,2016,2017-02-13,1900,2016-10-28,1311,527069,2610,5,5,6,1950,0,0,0,NA,0,263T1,10TH ST EAST,RT 138,0,NA,Y,A,-,Y,LA,7,138,-,-,44.692,I,6,W,N,4,0,1,2,A,-,11,21950,B,N,G,B,B,A,H,-,A,A,0,Y,NA,NA,NA,Y,NA,N,60,0,0,1,0,1,0,0,0,0,-,-,NA,NA,LOS ANGELES,PALMDALE,-118.11184739,34.57956314
8176504,2016,2017-02-13,1900,2016-10-23,2220,527381,2607,7,5,6,1950,0,0,0,NA,0,262T1,47TH ST WEST,FORT TEJON RD,222,S,N,C,-,Y,LA,7,138,-,-,50.281,I,6,E,Y,3,0,1,2,A,-,01,23152,A,N,D,C,A,B,H,-,C,D,0,NA,NA,NA,NA,Y,Y,A,01,0,1,0,0,0,0,0,0,0,-,-,NA,NA,LOS ANGELES,PALMDALE,-118.0449822,34.55380792
8176508,2016,2016-12-01,1900,2016-10-30,1541,517840,2619,7,5,6,1950,0,0,0,NA,0,262T1,TECHNOLOGY DR,TRADE CENTER DR,0,NA,Y,A,-,N,NA,NA,NA,NA,NA,NA,NA,NA,NA,Y,4,0,2,2,A,-,12,22450,A,N,D,C,A,A,H,-,A,A,0,NA,NA,NA,NA,Y,NA,A,01,0,0,2,0,0,0,0,0,0,-,-,NA,NA,LOS ANGELES,PALMDALE,-118.14315009,34.59445004
8176512,2016,2016-12-01,1900,2016-10-01,1717,442490,2607,6,5,6,1950,0,0,0,NA,0,264T1,DIAMOND ST,PATRICIA LN,0,NA,Y,A,-,N,NA,NA,NA,NA,NA,NA,NA,NA,NA,N,4,0,1,2,A,-,09,21801,A,N,A,C,A,A,H,-,A,D,0,NA,NA,NA,NA,Y,NA,A,07,0,0,1,0,0,0,0,0,0,-,-,NA,NA,LOS ANGELES,PALMDALE,-118.04124013,34.56420007
8176520,2016,2016-12-01,1942,2016-10-25,0535,40058,1469,2,5,7,1942,0,0,0,N,0,7T23,LA CIENEGA BL,FAIRVIEW BL,0,NA,Y,A,-,N,NA,NA,NA,NA,NA,NA,NA,NA,NA,N,3,0,1,2,A,-,11,21954,A,N,G,B,D,A,H,-,A,A,0,Y,NA,NA,NA,Y,NA,N,60,0,1,0,0,1,0,0,0,0,-,-,NA,NA,LOS ANGELES,LOS ANGELES,-118.37034008,33.97990004
8176524,2016,2017-02-13,1942,2016-10-13,2155,40655,1465,4,5,7,1942,0,0,0,N,0,14G42,CENTINELA AV,RT 90,0,NA,Y,A,-,Y,LA,7,90,-,R,1.883,R,4,E,N,4,0,1,4,A,-,04,21703,NA,F,C,C,A,A,H,-,C,A,0,NA,NA,NA,NA,Y,NA,-,99,0,0,1,0,0,0,0,0,0,-,-,NA,NA,LOS ANGELES,LOS ANGELES,-118.41190176,33.986716200000004
8176525,2016,2016-12-01,1942,2016-11-06,1520,39058,1435,7,5,7,1942,0,0,0,N,0,20TL56,PALMS BL,PENMAR AV,0,NA,Y,A,-,N,NA,NA,NA,NA,NA,NA,NA,NA,NA,N,3,0,1,2,A,-,05,21650,1,N,D,G,A,A,H,-,A,A,0,NA,Y,NA,NA,Y,NA,L,04,0,1,0,0,0,0,1,0,0,-,-,NA,NA,LOS ANGELES,LOS ANGELES,-118.45627009,34.0014701
8176528,2016,2016-12-01,1942,2016-10-10,1530,41172,1474,1,5,7,1942,0,0,0,N,0,14A45,LINCOLN BL,MANCHESTER BL,0,NA,Y,A,-,N,NA,NA,NA,NA,NA,NA,NA,NA,NA,N,3,0,1,2,A,-,07,21658,A,N,H,J,A,A,-,-,A,A,0,NA,NA,Y,NA,Y,NA,A,01,0,1,0,0,0,0,0,0,1,-,-,NA,NA,LOS ANGELES,LOS ANGELES,-118.41932012,33.95986007
8176529,2016,2016-12-01,1942,2016-11-10,1150,39022,1431,4,5,7,1942,0,0,0,N,0,14TL52,RIVIERA AV,GRAND BL,0,NA,Y,A,-,N,NA,NA,NA,NA,NA,NA,NA,NA,NA,N,3,0,1,2,A,-,09,21802,A,F,G,B,E,A,H,-,A,A,0,Y,NA,NA,NA,Y,NA,-,99,0,1,0,0,1,0,0,0,0,-,-,NA,NA,LOS ANGELES,LOS ANGELES,-118.4689601,33.98815008
8176532,2016,2016-12-01,1942,2016-10-20,2230,37511,1434,4,5,7,1942,0,0,0,N,0,7T23,CENTINELA AV,VENICE BL,350,N,N,A,-,N,NA,NA,NA,NA,NA,NA,NA,NA,NA,Y,3,0,1,4,A,-,03,22350,NA,N,B,E,A,A,H,-,C,D,0,NA,NA,NA,NA,Y,NA,A,01,0,1,0,0,0,0,0,0,0,-,-,NA,NA,LOS ANGELES,LOS ANGELES,-118.43421406,34.00456243
8176533,2016,2016-12-01,1942,2016-11-09,0210,35330,1494,3,5,7,1942,0,0,0,N,0,14A13,LINCOLN BL,S MCCONNELL AV,750,E,N,A,-,N,NA,NA,NA,NA,NA,NA,NA,NA,NA,Y,2,0,2,1,A,-,01,23152,A,N,E,I,A,A,H,-,D,D,0,NA,NA,NA,NA,Y,Y,A,07,1,1,0,0,0,0,0,0,0,-,-,NA,NA,LOS ANGELES,LOS ANGELES,NA,NA
8176536,2016,2016-12-01,1942,2016-10-16,2010,40690,1409,7,5,7,1942,0,0,0,N,0,7T23,VENICE BL,CULVER BL,0,NA,Y,A,-,N,NA,NA,NA,NA,NA,NA,NA,NA,NA,Y,3,0,2,2,A,-,05,21650,NA,N,A,C,A,A,H,-,C,A,0,NA,NA,NA,NA,Y,NA,A,01,0,1,1,0,0,0,0,0,0,-,-,NA,NA,LOS ANGELES,LOS ANGELES,-118.39247002,34.02695011
8176537,2016,2016-12-01,1942,2016-11-16,2100,37511,1494,3,5,7,1942,0,0,0,N,0,7T23,IMPERIAL HWY,DOUGLAS ST,0,NA,Y,A,-,N,NA,NA,NA,NA,NA,NA,NA,NA,NA,Y,3,0,1,2,A,-,12,21453,A,N,D,C,A,A,H,-,C,A,0,NA,NA,NA,NA,Y,Y,A,01,0,1,0,0,0,0,0,0,0,-,-,NA,NA,LOS ANGELES,LOS ANGELES,-118.3833501,33.93149003
8176540,2016,2016-12-01,1942,2016-10-28,0400,42528,1497,5,5,7,1942,0,0,0,N,0,00A,AVIATION BL,104TH ST,0,NA,Y,B,-,N,NA,NA,NA,NA,NA,NA,NA,NA,NA,N,2,0,1,2,A,-,03,22350,NA,F,H,G,A,A,H,-,C,D,0,NA,Y,NA,NA,Y,NA,-,99,1,0,0,0,0,0,1,0,0,-,-,NA,NA,LOS ANGELES,LOS ANGELES,-118.37891005,33.94222007
8176544,2016,2017-02-13,1942,2016-10-09,0800,38310,1494,7,5,7,1942,0,0,0,N,0,14FBL8,SEPULVEDA BL,IMPERIAL HWY,200,N,N,A,-,Y,LA,7,1,-,-,26.06,H,-,S,N,4,0,1,2,A,-,08,22107,NA,F,B,C,A,A,H,-,A,D,0,NA,NA,NA,NA,Y,NA,-,99,0,0,1,0,0,0,0,0,0,-,-,NA,NA,LOS ANGELES,LOS ANGELES,-118.39624786,33.93343494
8176548,2016,2016-12-01,1942,2016-10-10,1630,38398,1426,1,5,7,1942,0,0,0,N,0,14A27,SAWTELLE AV,NATIONAL BL,20,N,N,A,-,N,NA,NA,NA,NA,NA,NA,NA,NA,NA,Y,3,0,1,3,A,-,03,22350,NA,N,C,C,A,A,H,-,A,A,0,NA,NA,NA,NA,Y,NA,A,07,0,1,0,0,0,0,0,0,0,-,-,NA,NA,LOS ANGELES,LOS ANGELES,-118.4314571,34.02629534
8176552,2016,2016-12-01,1942,2016-10-10,1030,30264,1431,1,5,7,1942,0,0,0,N,0,14A73,MILDRED AV,PACIFIC AV,250,E,N,A,-,N,NA,NA,NA,NA,NA,NA,NA,NA,NA,N,3,0,1,1,C,-,18,NA,NA,N,H,B,E,A,H,-,A,-,0,Y,NA,NA,NA,Y,NA,-,-,0,1,0,0,1,0,0,0,0,-,-,NA,NA,LOS ANGELES,LOS ANGELES,-118.47055201,33.98667159
8176556,2016,2016-12-01,1942,2016-10-26,2010,40460,1469,3,5,7,1942,0,0,0,N,0,6T11,LA CIENEGA BL,FAIRVIEW BL,45,S,N,A,-,N,NA,NA,NA,NA,NA,NA,NA,NA,NA,Y,4,0,1,2,A,-,03,22350,NA,N,C,C,A,A,H,-,C,D,0,NA,NA,NA,NA,Y,NA,A,01,0,0,1,0,0,0,0,0,0,-,-,NA,NA,LOS ANGELES,LOS ANGELES,-118.37032914,33.97977691
8176560,2016,2016-12-01,1942,2016-10-24,0835,40899,1469,1,5,7,1942,0,0,0,N,0,14TL49,LA CIENEGA BL,FAIRVIEW,120,N,N,B,-,N,NA,NA,NA,NA,NA,NA,NA,NA,NA,Y,4,0,1,4,A,-,03,22350,NA,N,B,C,A,B,H,-,A,D,0,NA,NA,NA,NA,Y,NA,A,01,0,0,1,0,0,0,0,0,0,-,-,NA,NA,LOS ANGELES,LOS ANGELES,-118.37036326,33.98022856
8176642,2016,2017-02-13,1942,2016-10-22,0943,42492,1437,6,5,7,1942,0,0,0,N,0,14A49,VENICE BL,TULLER,15,N,N,A,-,Y,LA,7,187,-,-,5.85,H,-,E,N,4,0,1,3,A,-,03,22350,NA,F,C,C,A,A,H,-,A,A,0,NA,NA,NA,NA,Y,NA,A,07,0,0,1,0,0,0,0,0,0,-,-,NA,NA,LOS ANGELES,LOS ANGELES,-118.41810755,34.01219304
8176646,2016,2016-12-01,1942,2016-10-28,1805,42146,1477,5,5,7,1942,0,0,0,N,0,14A28,SEPULVEDA BL,80TH ST,0,NA,Y,A,-,N,NA,NA,NA,NA,NA,NA,NA,NA,NA,Y,3,0,3,2,A,-,09,21453,C,N,A,C,A,A,H,-,A,A,0,NA,NA,NA,NA,Y,NA,A,01,0,1,2,0,0,0,0,0,0,-,-,NA,NA,LOS ANGELES,LOS ANGELES,-118.39606,33.96695
8176650,2016,2016-12-01,1942,2016-10-28,1515,39058,1445,5,5,7,1942,0,0,0,N,0,8TL26,CENTINELA AV,MCCUNE AV,0,NA,Y,A,-,N,NA,NA,NA,NA,NA,NA,NA,NA,NA,N,4,0,1,2,A,-,03,22350,NA,N,D,C,A,A,H,-,A,A,0,NA,NA,NA,NA,Y,NA,A,01,0,0,1,0,0,0,0,0,0,-,-,NA,NA,LOS ANGELES,LOS ANGELES,-118.43470011,34.00520001
8176654,2016,2016-12-01,1942,2016-10-23,2335,40773,1438,7,5,7,1942,0,0,0,N,0,14T47,OVERLAND AV,REGENT ST,59,S,N,A,-,N,NA,NA,NA,NA,NA,NA,NA,NA,NA,Y,4,0,2,2,A,-,08,22102,NA,N,D,C,A,A,H,-,C,D,0,NA,NA,NA,NA,Y,NA,A,01,0,0,2,0,0,0,0,0,0,-,-,NA,NA,LOS ANGELES,LOS ANGELES,-118.40870333,34.02091473
8176658,2016,2017-02-13,1942,2016-10-27,1130,37966,1409,4,5,7,1942,0,0,0,N,0,6TL4,ROBERTSON BL,EXPOSITION BL,0,NA,Y,A,-,Y,LA,7,187,-,-,7.78,I,6,W,Y,3,0,1,3,A,-,09,21803,A,N,D,C,A,A,H,-,A,D,0,NA,NA,NA,NA,Y,NA,A,01,0,1,0,0,0,0,0,0,0,-,-,NA,NA,LOS ANGELES,LOS ANGELES,-118.39039739,34.02832892
8176659,2016,2016-11-29,1900,2016-10-09,0906,540343,1335,7,5,5,1908,0,0,0,NA,0,133D,DOWNEY AV,ARTESIA BL,285,NA,N,A,-,N,NA,NA,NA,NA,NA,NA,NA,NA,NA,N,4,0,1,5,A,-,08,22107,NA,N,C,E,A,A,H,-,-,D,0,NA,NA,NA,NA,Y,NA,A,01,0,0,1,0,0,0,0,0,0,-,-,NA,NA,LOS ANGELES,BELLFLOWER,-118.1512901,33.87478011
8176662,2016,2016-12-01,1942,2016-10-29,1625,39022,1406,6,5,7,1942,0,0,0,N,0,14T52,NATIONAL BL,ROSE AV,15,N,N,B,-,N,NA,NA,NA,NA,NA,NA,NA,NA,NA,N,4,0,1,1,C,-,18,NA,NA,N,E,I,A,A,H,-,A,D,0,NA,NA,NA,NA,Y,NA,-,-,0,0,1,0,0,0,0,0,0,-,-,NA,NA,LOS ANGELES,LOS ANGELES,-118.41174867,34.02869255
8176666,2016,2016-12-01,1942,2016-10-25,1225,33342,1441,2,5,7,1942,0,0,0,N,0,14FBL5,SPEEDWAY,25TH AV,0,NA,Y,A,-,N,NA,NA,NA,NA,NA,NA,NA,NA,NA,N,4,0,1,2,A,-,17,21657,NA,N,D,G,A,A,H,-,A,D,0,NA,Y,Y,NA,Y,NA,L,04,0,0,1,0,0,0,1,0,0,-,-,NA,NA,LOS ANGELES,LOS ANGELES,-118.46927013,33.98237006
8176667,2016,2016-11-30,1900,2016-10-15,1332,547283,2112,6,5,5,1943,0,0,0,NA,0,212E1,ABBOTT RD,SAN CARLOS AV,15,E,N,A,-,N,NA,NA,NA,NA,NA,NA,NA,NA,NA,Y,4,0,1,3,A,-,03,22350,NA,N,B,C,A,A,H,-,A,A,0,NA,NA,NA,NA,Y,NA,A,01,0,0,1,0,0,0,0,0,0,-,-,NA,NA,LOS ANGELES,LYNWOOD,-118.20622097,33.93612529
8176670,2016,2016-12-01,1942,2016-10-26,1600,37700,1432,3,5,7,1942,0,0,0,N,0,7T38,LINCOLN BL,MILWOOD AV,7,S,N,A,-,N,NA,NA,NA,NA,NA,NA,NA,NA,NA,N,3,0,1,2,A,-,09,21801,A,F,D,G,A,A,H,-,A,D,0,NA,Y,NA,NA,Y,NA,-,99,0,1,0,0,0,0,1,0,0,-,-,NA,NA,LOS ANGELES,LOS ANGELES,-118.46001023,33.99755012
8176671,2016,2016-11-29,1900,2016-10-19,1454,441896,2112,3,5,5,1943,0,0,0,NA,0,2120,MARTIN LUTHER KING JR BL,BULLIS RD,0,NA,Y,A,-,N,NA,NA,NA,NA,NA,NA,NA,NA,NA,N,3,0,1,2,A,-,06,21755,NA,N,-,C,A,A,H,-,A,A,0,NA,NA,Y,NA,Y,NA,C,02,0,1,0,0,0,0,0,0,1,-,-,NA,NA,LOS ANGELES,LYNWOOD,-118.19918001,33.92805009
8176674,2016,2017-03-03,1942,2016-10-11,1920,40929,1454,2,5,7,1942,0,0,0,N,0,14EL1,RT 90,MINDANAO WY,0,NA,Y,A,-,Y,LA,7,90,-,-,1.21,H,-,W,N,4,0,1,2,A,-,03,22350,NA,N,C,C,A,A,H,-,C,A,0,NA,NA,NA,NA,Y,NA,A,07,0,0,1,0,0,0,0,0,0,-,-,NA,NA,LOS ANGELES,LOS ANGELES,-118.43764559,33.98378713
8176678,2016,2016-12-01,1942,2016-10-11,0345,41958,1469,2,5,7,1942,0,0,0,N,0,14A73,LA CIENEGA BL,HILL ST,100,N,N,A,-,N,NA,NA,NA,NA,NA,NA,NA,NA,NA,Y,4,0,1,2,A,-,04,21703,NA,N,C,C,A,A,G,-,C,A,0,NA,NA,Y,NA,Y,NA,A,01,0,0,1,0,0,0,0,0,1,-,-,NA,NA,LOS ANGELES,LOS ANGELES,-118.37018,33.97330428
8176682,2016,2016-12-01,1942,2016-10-25,2150,40460,1494,2,5,7,1942,0,0,0,N,0,14T47,CENTURY BL,AVION DR,12,W,N,A,-,N,NA,NA,NA,NA,NA,NA,NA,NA,NA,N,3,0,1,2,A,-,10,21950,A,N,G,B,B,A,H,-,C,A,0,Y,NA,NA,NA,Y,NA,-,NA,0,1,0,0,1,0,0,0,0,-,-,NA,NA,LOS ANGELES,LOS ANGELES,-118.39017949,33.94558
8176686,2016,2016-12-01,1942,2016-10-23,0330,37078,1444,7,5,7,1942,0,0,0,N,0,14A27,MARINA POINT DR,LINCOLN BL,320,W,N,A,-,N,NA,NA,NA,NA,NA,NA,NA,NA,NA,N,4,0,1,2,A,-,03,22350,NA,F,B,B,E,A,H,-,E,D,0,Y,NA,NA,NA,Y,Y,-,99,0,0,1,0,1,0,0,0,0,-,-,NA,NA,LOS ANGELES,LOS ANGELES,-118.444371,33.985176
8176690,2016,2016-12-01,1942,2016-10-21,2245,41785,1415,5,5,7,1942,0,0,0,N,0,14E14,LINCOLN BL,ROSE AV,0,NA,Y,A,-,N,NA,NA,NA,NA,NA,NA,NA,NA,NA,Y,3,0,1,2,A,-,12,21453,A,F,D,C,A,A,H,-,C,A,0,NA,NA,NA,NA,Y,NA,-,99,0,1,0,0,0,0,0,0,0,-,-,NA,NA,LOS ANGELES,LOS ANGELES,-118.46785012,34.00135008
8176694,2016,2016-12-01,1942,2016-10-21,1530,37521,1427,5,5,7,1942,0,0,0,N,0,1427,NATIONAL BL,MILITARY AV,2,W,N,A,-,N,NA,NA,NA,NA,NA,NA,NA,NA,NA,N,3,0,1,2,D,-,00,NA,NA,N,A,B,B,A,H,-,A,A,0,Y,NA,NA,NA,Y,NA,-,-,0,1,0,0,1,0,0,0,0,-,-,NA,NA,LOS ANGELES,LOS ANGELES,-118.42542593,34.02863761
8176698,2016,2016-11-29,1942,2016-10-29,1410,40452,1467,6,5,7,1942,0,0,0,N,0,14T52,76TH ST,AIRPORT BL,680,E,N,B,-,N,NA,NA,NA,NA,NA,NA,NA,NA,NA,Y,3,0,1,2,A,-,03,22350,NA,N,C,E,A,A,H,-,A,D,0,NA,NA,NA,NA,Y,Y,A,07,0,1,0,0,0,0,0,0,0,-,-,NA,NA,LOS ANGELES,LOS ANGELES,-118.38689436,33.97222893
8176702,2016,2016-11-29,1942,2016-10-24,0705,40899,1494,1,5,7,1942,0,0,0,N,0,14TL49,SEPULVEDA BL,IMPERIAL HWY,0,NA,Y,C,-,N,NA,NA,NA,NA,NA,NA,NA,NA,NA,N,4,0,1,3,A,-,17,21451,A,N,D,C,A,B,H,-,A,A,0,NA,NA,NA,NA,Y,NA,-,-,0,0,1,0,0,0,0,0,0,-,-,NA,NA,LOS ANGELES,LOS ANGELES,-118.39624001,33.93087005
8176706,2016,2016-11-29,1942,2016-10-23,1510,31255,1456,7,5,7,1942,0,0,0,N,0,14TL52,CENTINELA AV,STEWART AV,50,N,N,A,-,N,NA,NA,NA,NA,NA,NA,NA,NA,NA,N,3,0,3,3,A,-,08,22107,A,N,B,I,A,A,H,-,A,D,0,NA,NA,NA,NA,Y,NA,A,01,0,2,1,0,0,0,0,0,0,-,-,NA,NA,LOS ANGELES,LOS ANGELES,-118.4276301,33.99626383
8176710,2016,2016-11-29,1942,2016-10-24,1620,31255,1409,1,5,7,1942,0,0,0,N,0,14TL52,VENICE BL,HUGHES AV,0,NA,Y,A,-,N,NA,NA,NA,NA,NA,NA,NA,NA,NA,N,3,0,2,2,A,-,09,21801,A,N,D,C,A,A,H,-,A,A,0,NA,NA,NA,NA,Y,NA,A,01,0,1,1,0,0,0,0,0,0,-,-,NA,NA,LOS ANGELES,LOS ANGELES,-118.39888007,34.02340001