CASE_ID,ACCIDENT_YEAR,PROC_DATE,JURIS,COLLISION_DATE,COLLISION_TIME,OFFICER_ID,REPORTING_DISTRICT,DAY_OF_WEEK,CHP_SHIFT,POPULATION,CNTY_CITY_LOC,SPECIAL_COND,BEAT_TYPE,CHP_BEAT_TYPE,CITY_DIVISION_LAPD,CHP_BEAT_CLASS,BEAT_NUMBER,PRIMARY_RD,SECONDARY_RD,DISTANCE,DIRECTION,INTERSECTION,WEATHER_1,WEATHER_2,STATE_HWY_IND,CALTRANS_COUNTY,CALTRANS_DISTRICT,STATE_ROUTE,ROUTE_SUFFIX,POSTMILE_PREFIX,POSTMILE,LOCATION_TYPE,RAMP_INTERSECTION,SIDE_OF_HWY,TOW_AWAY,COLLISION_SEVERITY,NUMBER_KILLED,NUMBER_INJURED,PARTY_COUNT,PRIMARY_COLL_FACTOR,PCF_CODE_OF_VIOL,PCF_VIOL_CATEGORY,PCF_VIOLATION,PCF_VIOL_SUBSECTION,HIT_AND_RUN,TYPE_OF_COLLISION,MVIW,PED_ACTION,ROAD_SURFACE,ROAD_COND_1,ROAD_COND_2,LIGHTING,CONTROL_DEVICE,CHP_ROAD_TYPE,PEDESTRIAN_ACCIDENT,BICYCLE_ACCIDENT,MOTORCYCLE_ACCIDENT,TRUCK_ACCIDENT,NOT_PRIVATE_PROPERTY,ALCOHOL_INVOLVED,STWD_VEHTYPE_AT_FAULT,CHP_VEHTYPE_AT_FAULT,COUNT_SEVERE_INJ,COUNT_VISIBLE_INJ,COUNT_COMPLAINT_PAIN,COUNT_PED_KILLED,COUNT_PED_INJURED,COUNT_BICYCLIST_KILLED,COUNT_BICYCLIST_INJURED,COUNT_MC_KILLED,COUNT_MC_INJURED,PRIMARY_RAMP,SECONDARY_RAMP,LATITUDE,LONGITUDE,COUNTY,CITY,POINT_X,POINT_Y
8184616,2016,2017-01-20,1934,2016-11-23,1816,779,1934,3,5,1,1934,0,0,0,NA,0,NA,LIVE OAK AV,RT 605,410,W,N,A,-,N,NA,NA,NA,NA,NA,NA,NA,NA,NA,Y,4,0,1,2,A,-,03,22350,NA,M,C,C,A,A,H,-,C,D,0,NA,NA,NA,NA,Y,NA,A,08,0,0,1,0,0,0,0,0,0,-,SO,NA,NA,LOS ANGELES,IRWINDALE,-117.98245694,34.1095533
8184618,2016,2016-12-13,1942,2016-11-03,2240,36860,1133,4,5,7,1942,0,0,0,K,0,11A42,ATWATER AV,TYBURN,0,NA,Y,A,-,N,NA,NA,NA,NA,NA,NA,NA,NA,NA,Y,3,0,1,3,A,-,01,23152,A,N,C,E,A,A,H,-,C,D,0,NA,NA,NA,NA,Y,Y,A,01,0,1,0,0,0,0,0,0,0,-,-,NA,NA,LOS ANGELES,LOS ANGELES,-118.2570501,34.11656005
8184619,2016,2016-12-13,1942,2016-11-29,1840,40493,0111,2,5,7,1942,0,0,0,A,0,1A2,BROADWAY,CESAR CHAVEZ AV,0,NA,Y,A,-,N,NA,NA,NA,NA,NA,NA,NA,NA,NA,Y,2,0,1,2,A,-,09,21801,A,F,B,C,A,A,H,-,C,A,0,NA,NA,Y,NA,Y,NA,-,99,1,0,0,0,0,0,0,0,1,-,-,NA,NA,LOS ANGELES,LOS ANGELES,-118.24027,34.05854
8184622,2016,2016-12-13,1942,2016-11-15,0915,31070,0236,2,5,7,1942,0,0,0,B,0,2A47,ALVARADO ST,3RD ST,278,N,N,A,-,N,NA,NA,NA,NA,NA,NA,NA,NA,NA,Y,2,0,1,3,A,-,07,21658,A,F,G,B,E,A,H,-,A,D,0,Y,NA,NA,NA,Y,NA,A,08,1,0,0,0,1,0,0,0,0,-,-,NA,NA,LOS ANGELES,LOS ANGELES,-118.272261,34.063636
8184623,2016,2016-12-13,1967,2016-11-29,1105,116,NA,2,5,2,1967,0,0,0,NA,0,SOUTH,SAINT LOUIS AV,WILLOW,151,N,N,A,-,N,NA,NA,NA,NA,NA,NA,NA,NA,NA,Y,4,0,2,2,A,-,09,21804,A,N,D,C,A,A,H,-,A,D,0,NA,NA,NA,NA,Y,NA,A,01,0,0,2,0,0,0,0,0,0,-,-,NA,NA,LOS ANGELES,SIGNAL HILL,-118.16653067,33.80490408
8184624,2016,2016-12-14,1934,2016-11-03,1802,750,1934,4,5,1,1934,0,0,0,NA,0,001,AZUSA CANYON RD,CYPRESS ST,0,NA,Y,A,-,N,NA,NA,NA,NA,NA,NA,NA,NA,NA,Y,4,0,2,4,A,-,09,21801,A,M,A,C,A,A,H,-,B,A,0,NA,NA,Y,NA,Y,NA,-,99,0,0,2,0,0,0,0,0,1,-,-,NA,NA,LOS ANGELES,IRWINDALE,-117.94299013,34.09610005
8184626,2016,2016-12-13,1942,2016-11-07,1420,40643,1123,1,5,7,1942,0,0,0,K,0,24T56,LOS FELIZ BL,EDENHURST AV,20,W,N,A,-,N,NA,NA,NA,NA,NA,NA,NA,NA,NA,Y,4,0,3,3,A,-,04,21703,NA,N,C,C,A,A,H,-,A,A,0,NA,NA,NA,NA,Y,NA,A,01,0,0,3,0,0,0,0,0,0,-,-,NA,NA,LOS ANGELES,LOS ANGELES,-118.26660587,34.12449085
8184627,2016,2017-06-16,1942,2016-11-21,1410,40726,0195,1,5,7,1942,0,0,0,A,0,24T56,VENICE BL,MAIN ST,7,W,N,B,-,N,NA,NA,NA,NA,NA,NA,NA,NA,NA,N,4,0,1,2,A,-,05,21650,1,F,D,G,A,A,H,-,A,A,0,NA,Y,NA,NA,Y,NA,L,04,0,0,1,0,0,0,1,0,0,-,-,NA,NA,LOS ANGELES,LOS ANGELES,-118.26257888,34.03361102
8184630,2016,2016-12-13,1942,2016-11-04,0900,31476,1172,5,5,7,1942,0,0,0,K,0,24TL31,SILVER LAKE BL,BERKELEY AV,28,N,N,A,-,N,NA,NA,NA,NA,NA,NA,NA,NA,NA,N,4,0,1,2,A,-,03,22350,A,N,C,C,A,A,H,-,A,A,0,NA,NA,NA,NA,Y,NA,A,01,0,0,1,0,0,0,0,0,0,-,-,NA,NA,LOS ANGELES,LOS ANGELES,-118.27012619,34.08681593
8184633,2016,2016-12-14,1942,2016-10-06,1615,4,0219,4,5,7,1942,0,0,0,B,0,2A39,W SUNSET BL,INNES AV,200,S,N,A,-,N,NA,NA,NA,NA,NA,NA,NA,NA,NA,Y,3,0,3,4,A,-,03,22350,NA,N,C,E,A,A,H,-,A,D,0,NA,NA,NA,NA,Y,NA,A,01,0,1,2,0,0,0,0,0,0,-,-,NA,NA,LOS ANGELES,LOS ANGELES,-118.25052248,34.07077361
8184634,2016,2016-12-13,1942,2016-11-07,0705,39010,1149,1,5,7,1942,0,0,0,K,0,24TL42,MONTE VISTA ST,AVENUE 52,15,N,N,A,-,N,NA,NA,NA,NA,NA,NA,NA,NA,NA,N,4,0,1,3,A,-,10,21950,A,N,G,B,B,A,H,-,A,A,0,Y,NA,NA,NA,Y,NA,A,01,0,0,1,0,1,0,0,0,0,-,-,NA,NA,LOS ANGELES,LOS ANGELES,-118.20104728,34.10852071
8184635,2016,2016-12-13,1942,2016-11-30,1250,38993,0157,3,5,7,1942,0,0,0,A,0,1A29,6TH ST,CROCKER,0,NA,Y,A,-,N,NA,NA,NA,NA,NA,NA,NA,NA,NA,N,4,0,1,2,A,-,09,21802,A,F,G,B,A,A,H,-,A,D,0,NA,Y,NA,NA,Y,NA,-,99,0,0,1,0,0,0,1,0,0,-,-,NA,NA,LOS ANGELES,LOS ANGELES,-118.24436003,34.04171004
8184636,2016,2016-12-13,1934,2016-11-30,0548,745,1934,3,5,1,1934,0,0,0,NA,0,001,ARROW HWY,EDISON POLE #4516652E,71,E,N,A,-,N,NA,NA,NA,NA,NA,NA,NA,NA,NA,Y,4,0,1,3,A,-,03,22350,NA,N,C,C,A,A,H,-,C,A,0,NA,NA,NA,NA,Y,NA,A,01,0,0,1,0,0,0,0,0,0,-,-,NA,NA,LOS ANGELES,IRWINDALE,NA,NA
8184637,2016,2016-12-14,1942,2016-10-17,1140,38124,0237,1,5,7,1942,0,0,0,B,0,24TL28,2ND ST,EMERALD ST,140,E,N,B,-,N,NA,NA,NA,NA,NA,NA,NA,NA,NA,Y,4,0,1,2,A,-,04,21703,NA,N,D,C,A,A,H,-,A,D,0,NA,NA,NA,NA,Y,NA,A,01,0,0,1,0,0,0,0,0,0,-,-,NA,NA,LOS ANGELES,LOS ANGELES,-118.2570169,34.0591869
8184638,2016,2017-01-06,1942,2016-11-03,1350,42238,1123,4,5,7,1942,0,0,0,K,0,11A1,LOS FELIZ BL,SENECA AV,120,W,N,A,-,N,NA,NA,NA,NA,NA,NA,NA,NA,NA,N,4,0,2,2,A,-,09,21804,A,N,B,C,A,A,H,-,A,A,0,NA,NA,NA,NA,Y,NA,A,01,0,0,2,0,0,0,0,0,0,-,-,NA,NA,LOS ANGELES,LOS ANGELES,-118.26320731,34.12627791
8184639,2016,2017-03-23,1942,2016-11-20,0150,42318,0182,7,5,7,1942,0,0,0,A,0,1A61,GRAND AV,OLYMPIC,30,N,N,A,-,N,NA,NA,NA,NA,NA,NA,NA,NA,NA,N,4,0,1,2,A,-,03,22350,NA,F,C,C,A,A,H,-,C,A,0,NA,NA,NA,NA,Y,NA,-,99,0,0,1,0,0,0,0,0,0,-,-,NA,NA,LOS ANGELES,LOS ANGELES,-118.26054936,34.04309497
8184644,2016,2016-12-21,1941,2016-11-30,1656,6072,NA,3,5,7,1941,0,0,0,NA,0,NA,HARDING ST,CERRITOS AV,0,NA,Y,A,-,N,NA,NA,NA,NA,NA,NA,NA,NA,NA,Y,4,0,1,3,A,-,07,21658,A,N,B,C,A,A,H,-,B,D,0,NA,NA,NA,NA,Y,NA,D,NA,0,0,1,0,0,0,0,0,0,-,-,NA,NA,LOS ANGELES,LONG BEACH,-118.17833002,33.86732008
8184672,2016,2016-12-15,1941,2016-11-18,0730,5839,NA,5,5,7,1941,0,0,0,NA,0,NA,SANTA FE AV,WARDLOW RD,0,NA,Y,A,-,N,NA,NA,NA,NA,NA,NA,NA,NA,NA,N,3,0,1,2,A,-,10,21950,A,F,G,B,B,A,H,-,A,A,0,Y,NA,NA,NA,Y,NA,-,NA,0,1,0,0,1,0,0,0,0,-,-,NA,NA,LOS ANGELES,LONG BEACH,-118.21554001,33.82439006
8184721,2016,2016-12-20,1942,2016-11-19,0125,41072,1801,6,5,7,1942,0,0,0,R,0,12T41,MANCHESTER AV,VERMONT AV,0,NA,Y,A,-,N,NA,NA,NA,NA,NA,NA,NA,NA,NA,Y,3,0,5,2,A,-,09,21801,A,N,D,C,A,A,H,-,C,A,0,NA,NA,NA,NA,Y,NA,A,07,0,1,4,0,0,0,0,0,0,-,-,NA,NA,LOS ANGELES,LOS ANGELES,-118.29177,33.96002003
8184722,2016,2017-01-26,1942,2016-10-11,2100,25115,0246,2,5,7,1942,0,0,0,B,0,24T33,ALVARADO ST,6TH ST,200,S,N,A,-,N,NA,NA,NA,NA,NA,NA,NA,NA,NA,N,4,0,1,2,A,-,00,21959,A,F,G,B,D,A,H,-,C,D,0,Y,NA,NA,NA,Y,NA,N,60,0,0,1,0,1,0,0,0,0,-,-,NA,NA,LOS ANGELES,LOS ANGELES,-118.27517,34.059059
8184725,2016,2016-12-20,1942,2016-11-12,1835,34426,0473,6,5,7,1942,0,0,0,D,0,2T56,WHITTIER BL,HOLLINS ST,0,NA,Y,A,-,N,NA,NA,NA,NA,NA,NA,NA,NA,NA,N,3,0,2,2,A,-,09,21801,A,N,D,C,A,A,H,-,D,D,0,NA,NA,NA,NA,Y,NA,A,01,0,1,1,0,0,0,0,0,0,-,-,NA,NA,LOS ANGELES,LOS ANGELES,-118.21774006,34.03527004
8184726,2016,2016-12-14,1942,2016-10-11,0600,38233,0203,2,5,7,1942,0,0,0,B,0,24T33W,MONROE ST,N MADISON AV,0,NA,Y,A,-,N,NA,NA,NA,NA,NA,NA,NA,NA,NA,N,3,0,1,2,A,-,03,22350,NA,F,G,B,B,A,H,-,B,A,0,Y,NA,NA,NA,Y,NA,-,99,0,1,0,0,1,0,0,0,0,-,-,NA,NA,LOS ANGELES,LOS ANGELES,-118.28923012,34.08561001
8184729,2016,2017-01-12,1942,2016-12-01,0800,40291,1916,4,5,7,1942,0,0,0,NA,0,10T35,POLK ST,PHILLIPPI AV,110,W,N,A,-,N,NA,NA,NA,NA,NA,NA,NA,NA,NA,Y,4,0,2,2,A,-,09,21804,A,N,D,C,A,A,H,-,A,D,0,NA,NA,NA,NA,Y,NA,A,01,0,0,2,0,0,0,0,0,0,-,-,NA,NA,LOS ANGELES,LOS ANGELES,-118.44558252,34.31128291
8184733,2016,2017-01-12,1942,2016-12-04,1330,33947,1015,7,5,7,1942,0,0,0,J,0,35M49,SHERMAN WAY,BALCOM AV,0,NA,Y,A,-,N,NA,NA,NA,NA,NA,NA,NA,NA,NA,N,3,0,1,2,A,-,10,21950,NA,N,G,B,B,A,H,-,A,D,0,Y,NA,NA,NA,Y,NA,A,01,0,1,0,0,1,0,0,0,0,-,-,NA,NA,LOS ANGELES,LOS ANGELES,-118.52082003,34.20121002
8184734,2016,2016-12-14,1942,2016-10-06,1800,34845,0211,4,5,7,1942,0,0,0,B,0,2FB44,VERMONT AV,CLINTON ST,0,NA,Y,A,-,N,NA,NA,NA,NA,NA,NA,NA,NA,NA,N,4,0,1,3,A,-,09,21801,A,N,D,C,A,A,H,-,A,A,0,NA,NA,NA,NA,Y,NA,A,01,0,0,1,0,0,0,0,0,0,-,-,NA,NA,LOS ANGELES,LOS ANGELES,-118.29172001,34.08175005
8184737,2016,2017-01-12,1942,2016-12-01,1120,40193,0926,4,5,7,1942,0,0,0,I,0,16TL25,TYRONE AV,VANOWEN ST,0,NA,Y,A,-,N,NA,NA,NA,NA,NA,NA,NA,NA,NA,N,4,0,1,2,A,-,10,21950,A,N,G,B,B,A,H,-,A,A,0,Y,NA,NA,NA,Y,NA,A,01,0,0,1,0,1,0,0,0,0,-,-,NA,NA,LOS ANGELES,LOS ANGELES,-118.44436003,34.19393007
8184738,2016,2016-12-14,1942,2016-10-06,1700,39481,0237,4,5,7,1942,0,0,0,B,0,2A2,BEAUDRY AV,2ND ST,0,NA,Y,A,-,N,NA,NA,NA,NA,NA,NA,NA,NA,NA,Y,3,0,2,2,A,-,09,21801,A,N,D,C,A,A,H,-,A,A,0,NA,NA,NA,NA,Y,NA,A,01,0,1,1,0,0,0,0,0,0,-,-,NA,NA,LOS ANGELES,LOS ANGELES,-118.25531004,34.05794011
8184741,2016,2017-01-12,1967,2016-12-01,1420,141,NA,4,5,2,1967,0,0,0,NA,0,SOUTH,ORANGE AV,25TH,11,S,N,A,-,N,NA,NA,NA,NA,NA,NA,NA,NA,NA,N,4,0,3,2,A,-,04,21703,NA,N,C,C,A,A,H,-,A,D,0,NA,NA,NA,NA,Y,NA,A,01,0,0,3,0,0,0,0,0,0,-,-,NA,NA,LOS ANGELES,SIGNAL HILL,-118.17634,33.80255983
8184745,2016,2017-01-12,1942,2016-12-01,1755,26319,0909,4,5,7,1942,0,0,0,I,0,19TL74,SHERMAN WY,RANCHITO AV,500,E,N,A,-,N,NA,NA,NA,NA,NA,NA,NA,NA,NA,N,4,0,1,2,A,-,08,22102,NA,N,D,C,A,A,H,-,A,D,0,NA,NA,NA,NA,Y,NA,A,01,0,0,1,0,0,0,0,0,0,-,-,NA,NA,LOS ANGELES,LOS ANGELES,-118.43395941,34.20119958
8184749,2016,2017-01-12,1942,2016-12-02,0545,30452,0938,5,5,7,1942,0,0,0,I,0,9TL53,OXNARD ST,GREENBUSH AV,4,W,N,A,-,N,NA,NA,NA,NA,NA,NA,NA,NA,NA,N,3,0,1,2,A,-,03,22350,NA,N,H,G,A,A,H,-,C,D,0,NA,Y,NA,NA,Y,NA,A,07,0,1,0,0,0,0,1,0,0,-,-,NA,NA,LOS ANGELES,LOS ANGELES,-118.4258032,34.17957
8184758,2016,2017-01-07,1900,2016-10-23,0109,463277,0813,7,5,4,1960,0,0,0,NA,0,81K2,BASELINE RD,IGLESIA ST,25,W,N,A,-,N,NA,NA,NA,NA,NA,NA,NA,NA,NA,N,3,0,1,2,A,-,11,21950,B,N,A,B,E,A,H,-,C,D,0,Y,NA,NA,NA,Y,NA,N,60,0,1,0,0,1,0,0,0,0,-,-,NA,NA,LOS ANGELES,SAN DIMAS,-117.8052524,34.12116
8184761,2016,2017-01-12,1942,2016-12-01,0350,34599,1919,4,5,7,1942,0,0,0,NA,0,17T17,ARROYO ST,MONTERO AV,189,E,N,A,-,N,NA,NA,NA,NA,NA,NA,NA,NA,NA,N,4,0,1,2,A,-,08,22102,NA,N,D,C,A,A,H,-,C,D,0,NA,NA,NA,NA,Y,NA,A,01,0,0,1,0,0,0,0,0,0,-,-,NA,NA,LOS ANGELES,LOS ANGELES,-118.40995664,34.29600832
8184762,2016,2016-12-19,1900,2016-10-24,0755,434609,0815,1,5,4,1960,0,0,0,NA,0,81K3,ARROW HWY,SAN DIMAS AV,55,E,N,B,C,N,NA,NA,NA,NA,NA,NA,NA,NA,NA,NA,4,0,1,3,A,-,03,22350,NA,N,-,C,A,B,H,-,A,A,0,NA,NA,NA,NA,Y,NA,A,01,0,0,1,0,0,0,0,0,0,-,-,NA,NA,LOS ANGELES,SAN DIMAS,-117.80694876,34.10311
8184765,2016,2017-01-12,1942,2016-12-01,2040,39258,1774,4,5,7,1942,0,0,0,Q,0,10T37,ZELZAH AV,PRAIRIE ST,0,NA,Y,A,-,N,NA,NA,NA,NA,NA,NA,NA,NA,NA,N,3,0,1,2,A,-,12,21453,A,F,G,B,B,A,H,-,C,A,0,Y,NA,NA,NA,Y,NA,-,99,0,1,0,0,1,0,0,0,0,-,-,NA,NA,LOS ANGELES,LOS ANGELES,-118.52321005,34.23899003
8184769,2016,2017-01-12,1942,2016-12-01,2200,39779,1999,4,5,7,1942,0,0,0,NA,0,15T43,SATICOY ST,VENTURA CANYON,235,E,N,A,-,N,NA,NA,NA,NA,NA,NA,NA,NA,NA,Y,3,0,1,5,A,-,01,23152,A,N,C,E,A,A,H,-,C,D,0,NA,NA,NA,NA,Y,NA,A,01,0,1,0,0,0,0,0,0,0,-,-,NA,NA,LOS ANGELES,LOS ANGELES,-118.4279982,34.20931084
8184770,2016,2016-12-14,1900,2016-10-28,1000,448673,0814,5,5,4,1960,0,0,0,NA,0,81T1,COVINA BL,TERRACE DR,16,S,N,A,-,N,NA,NA,NA,NA,NA,NA,NA,NA,NA,Y,3,0,7,2,A,-,12,21453,A,N,D,C,A,A,H,-,A,A,0,NA,NA,NA,NA,Y,NA,A,07,0,1,6,0,0,0,0,0,0,-,-,NA,NA,LOS ANGELES,SAN DIMAS,-117.81810867,34.09930616
8184773,2016,2017-01-12,1942,2016-12-04,1440,39096,0946,7,5,7,1942,0,0,0,I,0,21TL64,BURBANK BL,WOODMAN AV,0,NA,Y,A,-,N,NA,NA,NA,NA,NA,NA,NA,NA,NA,N,2,0,1,2,A,-,10,21950,A,N,G,B,B,A,H,-,A,A,0,Y,NA,NA,NA,Y,NA,A,01,1,0,0,0,1,0,0,0,0,-,-,NA,NA,LOS ANGELES,LOS ANGELES,-118.43126013,34.17213009
8184774,2016,2017-03-02,1900,2016-10-11,1635,434609,0815,2,5,4,1960,0,0,0,NA,0,81T2,BONITA AV,WALNUT AV,0,NA,Y,A,-,N,NA,NA,NA,NA,NA,NA,NA,NA,NA,Y,3,0,2,2,A,-,12,21453,A,N,D,C,A,A,H,-,A,A,0,NA,NA,NA,NA,Y,NA,A,01,0,1,1,0,0,0,0,0,0,-,-,NA,NA,LOS ANGELES,SAN DIMAS,-117.80277013,34.10668007
8184778,2016,2016-12-19,1900,2016-10-01,1355,434609,0815,6,5,4,1960,0,0,0,NA,0,81T2,ARROW HWY,WALNUT AV,0,NA,Y,A,-,N,NA,NA,NA,NA,NA,NA,NA,NA,NA,Y,4,0,1,2,A,-,12,21457,A,N,D,C,A,A,H,-,A,B,0,NA,NA,NA,NA,Y,NA,A,01,0,0,1,0,0,0,0,0,0,-,-,NA,NA,LOS ANGELES,SAN DIMAS,-117.8027801,34.10313007
8184782,2016,2016-12-22,1941,2016-11-29,0710,5931,NA,2,5,7,1941,0,0,0,NA,0,NA,WALNUT AV,ARTESIA BL,11,N,N,A,-,N,NA,NA,NA,NA,NA,NA,NA,NA,NA,N,2,0,1,2,A,-,05,21650,5,N,D,G,A,A,H,-,A,A,0,NA,Y,NA,NA,Y,NA,L,NA,1,0,0,0,0,0,1,0,0,-,-,NA,NA,LOS ANGELES,LONG BEACH,-118.17307983,33.87474016
8184786,2016,2017-03-03,1941,2016-11-28,1645,10778,NA,1,5,7,1941,0,0,0,NA,0,NA,TRAFFIC CIR,PACIFIC COAST HWY,0,NA,Y,B,-,Y,LA,7,1,-,-,3.53,H,-,S,N,4,0,1,2,A,-,07,21658,A,N,B,C,A,A,H,-,A,A,0,NA,NA,NA,NA,Y,NA,A,NA,0,0,1,0,0,0,0,0,0,-,-,NA,NA,LOS ANGELES,LONG BEACH,-118.14317366,33.789676
8184790,2016,2017-02-16,1941,2016-11-30,0130,5497,NA,3,5,7,1941,0,0,0,NA,0,NA,PACIFIC COAST HWY,SANTA FE,0,NA,Y,A,-,Y,LA,7,1,-,-,7.76,H,-,N,N,4,0,1,2,A,-,07,21658,A,N,B,C,A,A,H,-,C,A,0,NA,NA,NA,NA,Y,NA,A,NA,0,0,1,0,0,0,0,0,0,-,-,NA,NA,LOS ANGELES,LONG BEACH,-118.21527139,33.78991524
8184798,2016,2016-12-22,1942,2016-11-04,0400,36233,2025,5,5,7,1942,0,0,0,NA,0,20A45,ALEXANDRIA AV,3RD ST,60,S,N,A,-,N,NA,NA,NA,NA,NA,NA,NA,NA,NA,N,4,0,1,2,A,-,01,23152,A,N,B,C,A,A,-,-,C,D,0,NA,NA,Y,NA,Y,Y,A,08,0,0,1,0,0,0,0,0,1,-,-,NA,NA,LOS ANGELES,LOS ANGELES,-118.29794977,34.06887074
8184804,2016,2017-01-12,1900,2016-12-01,1015,281409,2915,4,5,4,1974,0,0,0,NA,0,291K2D,TEMPLE AV,BONITA AV,100,W,N,A,-,N,NA,NA,NA,NA,NA,NA,NA,NA,NA,N,4,0,1,2,A,-,04,21703,NA,N,C,C,A,A,H,-,A,D,0,NA,NA,NA,NA,Y,NA,A,01,0,0,1,0,0,0,0,0,0,-,-,NA,NA,LOS ANGELES,WALNUT,-117.84062969,34.04671268
8184808,2016,2017-02-27,1942,2016-12-04,1320,33294,2103,7,5,7,1942,0,0,0,NA,0,35M53,TOPANGA CANYON BL,PARTHENIA ST,120,S,N,A,-,N,NA,NA,NA,NA,NA,NA,NA,NA,NA,Y,4,0,1,1,A,-,03,22350,NA,N,E,I,A,A,A,H,A,A,0,NA,NA,NA,NA,Y,NA,A,01,0,0,1,0,0,0,0,0,0,-,-,NA,NA,LOS ANGELES,LOS ANGELES,-118.60511263,34.22768816
8184826,2016,2016-12-21,1941,2016-11-29,1101,5839,NA,2,5,7,1941,0,0,0,NA,0,NA,PACIFIC PL,WARDLOW RD,0,N,N,A,-,N,NA,NA,NA,NA,NA,NA,NA,NA,NA,Y,2,0,1,2,A,-,08,22102,NA,N,D,C,A,A,H,-,A,A,0,NA,NA,NA,NA,Y,NA,M,NA,1,0,0,0,0,0,0,0,0,-,-,NA,NA,LOS ANGELES,LONG BEACH,-118.19598004,33.81898002
8184861,2016,2016-12-19,1942,2016-10-24,0740,36238,0128,1,5,7,1942,0,0,0,A,0,24TL25,1ST ST,CENTRAL AV,50,E,N,C,-,N,NA,NA,NA,NA,NA,NA,NA,NA,NA,N,4,0,1,2,A,-,07,21658,A,N,B,G,A,B,H,-,A,D,0,NA,Y,NA,NA,Y,NA,-,-,0,0,1,0,0,0,1,0,0,-,-,NA,NA,LOS ANGELES,LOS ANGELES,-118.23899115,34.04917369
8184865,2016,2016-12-20,1942,2016-10-30,1645,34426,0111,7,5,7,1942,0,0,0,A,0,24T52,SPRING ST,ARCADIA ST,0,NA,Y,A,-,N,NA,NA,NA,NA,NA,NA,NA,NA,NA,N,4,0,1,2,A,-,12,21453,A,N,C,A,A,A,A,H,A,D,0,NA,NA,NA,NA,Y,NA,A,01,0,0,1,0,0,0,0,0,0,-,-,NA,NA,LOS ANGELES,LOS ANGELES,-118.24115006,34.05648005
8184869,2016,2016-12-15,1942,2016-12-03,0730,30452,2142,6,5,7,1942,0,0,0,NA,0,9TL53,WOODLAKE AV,ERWIN ST,0,NA,Y,A,G,N,NA,NA,NA,NA,NA,NA,NA,NA,NA,N,4,0,1,2,A,-,09,21802,A,N,D,C,A,A,H,-,A,A,0,NA,NA,NA,NA,Y,NA,D,22,0,0,1,0,0,0,0,0,0,-,-,NA,NA,LOS ANGELES,LOS ANGELES,-118.63149007,34.1827901
8184874,2016,2016-12-22,1942,2016-11-08,1320,38052,NA,2,5,7,1942,0,0,0,NA,0,NA,ALAMEDA,41ST ST,0,NA,Y,A,-,N,NA,NA,NA,NA,NA,NA,NA,NA,NA,Y,4,0,2,2,A,-,03,22350,NA,N,C,C,A,A,H,-,A,A,0,NA,NA,NA,NA,Y,NA,A,01,0,0,2,0,0,0,0,0,0,-,-,NA,NA,LOS ANGELES,LOS ANGELES,-118.239316,34.008
8184877,2016,2016-12-22,1942,2016-10-26,1930,42336,0204,3,5,7,1942,0,0,0,B,0,1A41,SANTA MONICA BL,MANZANITA ST,90,W,N,A,-,N,NA,NA,NA,NA,NA,NA,NA,NA,NA,N,3,0,1,3,A,-,08,22107,NA,N,B,C,A,A,H,-,A,D,0,NA,NA,Y,NA,Y,NA,A,01,0,1,0,0,0,0,0,0,1,-,-,NA,NA,LOS ANGELES,LOS ANGELES,-118.28204999,34.09210408
8184878,2016,2016-12-15,1942,2016-11-06,1400,34426,1367,7,5,7,1942,0,0,0,M,0,24TL51,LONG BEACH AV,48TH PL,0,NA,Y,A,-,N,NA,NA,NA,NA,NA,NA,NA,NA,NA,Y,4,0,1,2,A,-,12,21453,A,N,D,C,A,A,H,-,A,A,0,NA,NA,NA,NA,Y,NA,D,22,0,0,1,0,0,0,0,0,0,-,-,NA,NA,LOS ANGELES,LOS ANGELES,-118.2433601,33.99935008
8184881,2016,2016-12-14,1942,2016-12-06,2125,36336,1065,2,5,7,1942,0,0,0,J,0,10T37,VENTURA BL,NEWCASTLE AV,14,W,N,A,-,N,NA,NA,NA,NA,NA,NA,NA,NA,NA,N,2,0,1,2,D,-,00,NA,NA,N,G,B,B,A,H,-,C,A,0,Y,NA,NA,NA,Y,NA,-,-,1,0,0,0,1,0,0,0,0,-,-,NA,NA,LOS ANGELES,LOS ANGELES,-118.52445233,34.16449539
8184882,2016,2016-12-14,1942,2016-12-05,0825,41396,0969,1,5,7,1942,0,0,0,I,0,9TL57,COLDWATER CANYON AV,ADDISON ST,0,NA,Y,A,-,N,NA,NA,NA,NA,NA,NA,NA,NA,NA,Y,3,0,1,2,A,-,09,21801,A,N,D,C,A,A,H,-,A,A,0,NA,NA,NA,NA,Y,NA,A,01,0,1,0,0,0,0,0,0,0,-,-,NA,NA,LOS ANGELES,LOS ANGELES,-118.41379004,34.16125011
8184883,2016,2016-12-16,1942,2016-11-25,2155,41787,1794,5,5,7,1942,0,0,0,Q,0,17X22,RESEDA BL,CHASE ST,0,NA,Y,A,-,N,NA,NA,NA,NA,NA,NA,NA,NA,NA,Y,4,0,1,2,A,-,09,21801,A,N,A,C,A,A,H,-,C,A,0,NA,NA,NA,NA,Y,NA,A,01,0,0,1,0,0,0,0,0,0,-,-,NA,NA,LOS ANGELES,LOS ANGELES,-118.5360901,34.22460008
8184884,2016,2016-12-15,1942,2016-12-07,0530,33504,1999,3,5,7,1942,0,0,0,NA,0,19TL77,STRATHERN ST,VARNA AV,200,W,N,A,-,N,NA,NA,NA,NA,NA,NA,NA,NA,NA,N,3,0,1,2,A,-,03,22350,NA,M,D,E,A,A,H,-,C,D,0,NA,NA,NA,NA,Y,Y,-,99,0,1,0,0,0,0,0,0,0,-,-,NA,NA,LOS ANGELES,LOS ANGELES,-118.4254003,34.2158634