CASE_ID,ACCIDENT_YEAR,PROC_DATE,JURIS,COLLISION_DATE,COLLISION_TIME,OFFICER_ID,REPORTING_DISTRICT,DAY_OF_WEEK,CHP_SHIFT,POPULATION,CNTY_CITY_LOC,SPECIAL_COND,BEAT_TYPE,CHP_BEAT_TYPE,CITY_DIVISION_LAPD,CHP_BEAT_CLASS,BEAT_NUMBER,PRIMARY_RD,SECONDARY_RD,DISTANCE,DIRECTION,INTERSECTION,WEATHER_1,WEATHER_2,STATE_HWY_IND,CALTRANS_COUNTY,CALTRANS_DISTRICT,STATE_ROUTE,ROUTE_SUFFIX,POSTMILE_PREFIX,POSTMILE,LOCATION_TYPE,RAMP_INTERSECTION,SIDE_OF_HWY,TOW_AWAY,COLLISION_SEVERITY,NUMBER_KILLED,NUMBER_INJURED,PARTY_COUNT,PRIMARY_COLL_FACTOR,PCF_CODE_OF_VIOL,PCF_VIOL_CATEGORY,PCF_VIOLATION,PCF_VIOL_SUBSECTION,HIT_AND_RUN,TYPE_OF_COLLISION,MVIW,PED_ACTION,ROAD_SURFACE,ROAD_COND_1,ROAD_COND_2,LIGHTING,CONTROL_DEVICE,CHP_ROAD_TYPE,PEDESTRIAN_ACCIDENT,BICYCLE_ACCIDENT,MOTORCYCLE_ACCIDENT,TRUCK_ACCIDENT,NOT_PRIVATE_PROPERTY,ALCOHOL_INVOLVED,STWD_VEHTYPE_AT_FAULT,CHP_VEHTYPE_AT_FAULT,COUNT_SEVERE_INJ,COUNT_VISIBLE_INJ,COUNT_COMPLAINT_PAIN,COUNT_PED_KILLED,COUNT_PED_INJURED,COUNT_BICYCLIST_KILLED,COUNT_BICYCLIST_INJURED,COUNT_MC_KILLED,COUNT_MC_INJURED,PRIMARY_RAMP,SECONDARY_RAMP,LATITUDE,LONGITUDE,COUNTY,CITY,POINT_X,POINT_Y
8186769,2016,2016-12-21,1942,2016-12-08,0945,40291,1777,4,5,7,1942,0,0,0,Q,0,10T35,NORDHOFF ST,HAYVENHURST AV,18,W,N,A,-,N,NA,NA,NA,NA,NA,NA,NA,NA,NA,Y,4,0,1,1,A,-,03,22350,NA,N,A,I,A,A,H,-,A,A,0,NA,NA,NA,NA,Y,NA,A,01,0,0,1,0,0,0,0,0,0,-,-,NA,NA,LOS ANGELES,LOS ANGELES,-118.49385944,34.23569063
8186770,2016,2016-12-21,1953,2016-12-02,1833,7868,1953,5,5,6,1953,0,0,0,NA,0,001,CALIFORNIA BL,EL MOLINO AV,0,NA,Y,A,-,N,NA,NA,NA,NA,NA,NA,NA,NA,NA,Y,4,0,3,4,A,-,04,21703,NA,M,C,C,A,A,H,-,C,A,0,NA,NA,NA,NA,Y,NA,A,07,0,0,3,0,0,0,0,0,0,-,-,NA,NA,LOS ANGELES,PASADENA,-118.13683002,34.13587003
8186771,2016,2016-12-21,1942,2016-12-10,2155,41316,1967,6,5,7,1942,0,0,0,NA,0,16T25,BEACHY AV,GRUEN ST,0,NA,Y,A,-,N,NA,NA,NA,NA,NA,NA,NA,NA,NA,Y,4,0,2,2,A,-,01,23152,A,N,C,C,A,A,H,-,C,A,0,NA,NA,NA,NA,Y,NA,A,07,0,0,2,0,0,0,0,0,0,-,-,NA,NA,LOS ANGELES,LOS ANGELES,-118.43740007,34.2472401
8186773,2016,2016-12-21,1942,2016-12-04,1940,42473,1657,7,5,7,1942,0,0,0,P,0,16A59,FOOTHILL BL,COMMERCE AV,200,E,N,A,-,N,NA,NA,NA,NA,NA,NA,NA,NA,NA,Y,4,0,2,2,A,-,08,22102,NA,N,D,C,A,A,H,-,C,D,0,NA,NA,NA,NA,Y,NA,A,01,0,0,2,0,0,0,0,0,0,-,-,NA,NA,LOS ANGELES,LOS ANGELES,-118.28804805,34.2483558
8186774,2016,2016-12-21,1953,2016-12-02,1123,9296,NA,5,5,6,1953,0,0,0,NA,0,NA,LAKE AV,WALNUT ST,30,N,N,A,-,N,NA,NA,NA,NA,NA,NA,NA,NA,NA,N,4,0,1,2,A,-,03,22350,NA,M,C,C,A,A,H,-,A,A,0,NA,NA,NA,NA,Y,NA,-,NA,0,0,1,0,0,0,0,0,0,-,-,NA,NA,LOS ANGELES,PASADENA,-118.13238,34.14965226
8186775,2016,2016-12-21,1942,2016-12-09,1420,37676,1009,5,5,7,1942,0,0,0,J,0,9TL54,ROSCOE BL,HASKELL AV,0,NA,Y,A,-,N,NA,NA,NA,NA,NA,NA,NA,NA,NA,Y,4,0,4,2,A,-,09,21801,A,N,D,C,A,A,H,-,A,A,0,NA,NA,NA,NA,Y,NA,A,01,0,0,4,0,0,0,0,0,0,-,-,NA,NA,LOS ANGELES,LOS ANGELES,-118.4764601,34.22135001
8186777,2016,2017-01-12,1942,2016-12-07,0030,40763,1602,3,5,7,1942,0,0,0,P,0,16A23,LOUVRE,BORDEN AV,15,E,N,A,-,N,NA,NA,NA,NA,NA,NA,NA,NA,NA,N,4,0,2,2,A,-,09,21802,C,N,B,C,A,A,-,-,C,D,0,NA,NA,NA,NA,Y,NA,-,NA,0,0,2,0,0,0,0,0,0,-,-,NA,NA,LOS ANGELES,LOS ANGELES,-118.41212304,34.27963741
8186778,2016,2016-12-21,1953,2016-12-05,0734,3775,NA,1,5,6,1953,0,0,0,NA,0,001,PASADENA AV,STATE ST,0,NA,Y,A,-,N,NA,NA,NA,NA,NA,NA,NA,NA,NA,Y,4,0,2,3,A,-,09,21802,A,N,D,C,A,A,H,-,A,A,0,NA,NA,NA,NA,Y,NA,A,07,0,0,2,0,0,0,0,0,0,-,-,NA,NA,LOS ANGELES,PASADENA,-118.15447009,34.12575005
8186779,2016,2016-12-21,1942,2016-12-09,2050,40383,1061,5,5,7,1942,0,0,0,J,0,10TL35,VENTURA BL,CORBIN AV,0,NA,Y,A,-,N,NA,NA,NA,NA,NA,NA,NA,NA,NA,Y,3,0,2,3,A,-,12,21453,A,N,D,C,A,A,H,-,C,A,0,NA,NA,NA,NA,Y,NA,A,01,0,1,1,0,0,0,0,0,0,-,-,NA,NA,LOS ANGELES,LOS ANGELES,-118.56223006,34.17260004
8186781,2016,2016-12-21,1942,2016-12-08,0735,37080,1912,4,5,7,1942,0,0,0,NA,0,15TL45,GLENOAKS BL,ROXFORD ST,300,S,N,B,-,N,NA,NA,NA,NA,NA,NA,NA,NA,NA,N,4,0,1,2,A,-,09,21801,A,N,D,C,A,A,H,-,A,D,0,NA,NA,NA,NA,Y,NA,A,01,0,0,1,0,0,0,0,0,0,-,-,NA,NA,LOS ANGELES,LOS ANGELES,-118.46299366,34.31782971
8186782,2016,2016-12-21,1953,2016-12-04,1731,8981,1953,7,5,6,1953,0,0,0,NA,0,003,HILL AV,WASHINGTON BL,0,NA,Y,A,-,N,NA,NA,NA,NA,NA,NA,NA,NA,NA,N,4,0,1,2,A,-,09,21801,A,N,D,C,A,A,H,-,B,A,0,NA,NA,NA,NA,Y,NA,A,01,0,0,1,0,0,0,0,0,0,-,-,NA,NA,LOS ANGELES,PASADENA,-118.12153005,34.16907006
8186783,2016,2016-12-21,1942,2016-12-09,1300,37676,0915,5,5,7,1942,0,0,0,I,0,9TL54,ENADIA WY,TYRONE AV,0,NA,Y,A,-,N,NA,NA,NA,NA,NA,NA,NA,NA,NA,Y,3,0,1,2,A,-,03,22350,NA,N,D,E,A,A,H,-,A,A,0,NA,NA,NA,NA,Y,NA,A,01,0,1,0,0,0,0,0,0,0,-,-,NA,NA,LOS ANGELES,LOS ANGELES,-118.44436013,34.2002601
8186785,2016,2017-02-02,1942,2016-12-06,0935,30452,2169,2,5,7,1942,0,0,0,NA,0,9TL53,WINNETKA AV,OXNARD ST,0,NA,Y,A,-,N,NA,NA,NA,NA,NA,NA,NA,NA,NA,Y,2,0,2,2,A,-,12,21453,A,N,D,C,A,A,H,-,A,A,0,NA,NA,NA,NA,Y,NA,A,01,1,1,0,0,0,0,0,0,0,-,-,NA,NA,LOS ANGELES,LOS ANGELES,-118.57099012,34.18023012
8186786,2016,2016-12-21,1953,2016-12-02,2150,1801,1953,5,5,6,1953,0,0,0,NA,0,004,SAN GABRIEL BL,LA TIERRA ST,0,NA,Y,A,-,N,NA,NA,NA,NA,NA,NA,NA,NA,NA,Y,4,0,2,2,A,-,09,21801,A,N,A,C,A,A,H,-,C,A,0,NA,NA,NA,NA,Y,NA,A,01,0,0,2,0,0,0,0,0,0,-,-,NA,NA,LOS ANGELES,PASADENA,-118.09430007,34.1517201
8186787,2016,2016-12-21,1942,2016-12-09,1710,39701,0905,5,5,7,1942,0,0,0,I,0,16TL28,TOBIAS AV,SATICOY ST,0,NA,Y,A,-,N,NA,NA,NA,NA,NA,NA,NA,NA,NA,Y,4,0,4,2,A,-,09,21802,A,N,D,C,A,A,H,-,D,A,0,NA,NA,NA,NA,Y,NA,A,01,0,0,4,0,0,0,0,0,0,-,-,NA,NA,LOS ANGELES,LOS ANGELES,-118.45204014,34.20849001
8186789,2016,2016-12-21,1942,2016-12-05,1435,39096,2143,1,5,7,1942,0,0,0,NA,0,21TL64,CRISWELL ST,FALLBROOK AV,0,NA,Y,A,-,N,NA,NA,NA,NA,NA,NA,NA,NA,NA,N,3,0,2,3,A,-,10,21950,A,N,G,B,B,A,H,-,A,A,0,Y,NA,NA,NA,Y,NA,A,01,0,1,1,0,2,0,0,0,0,-,-,NA,NA,LOS ANGELES,LOS ANGELES,-118.62340004,34.19066007
8186790,2016,2016-12-21,1953,2016-12-03,2254,0704,1954,6,5,6,1953,0,0,0,NA,0,002,ORANGE GROVE BL,LAKE AV,0,NA,Y,A,-,N,NA,NA,NA,NA,NA,NA,NA,NA,NA,Y,4,0,1,3,A,-,03,22350,NA,F,C,C,A,A,H,-,C,A,0,NA,NA,NA,NA,Y,NA,A,01,0,0,1,0,0,0,0,0,0,-,-,NA,NA,LOS ANGELES,PASADENA,-118.13245007,34.1577701
8186791,2016,2016-12-21,1942,2016-12-09,1710,37676,0919,5,5,7,1942,0,0,0,I,0,9TL54,WOODMAN AV,HART ST,20,S,N,A,-,N,NA,NA,NA,NA,NA,NA,NA,NA,NA,N,4,0,1,3,A,-,03,22350,NA,N,C,C,A,A,H,-,C,A,0,NA,NA,NA,NA,Y,NA,A,01,0,0,1,0,0,0,0,0,0,-,-,NA,NA,LOS ANGELES,LOS ANGELES,-118.43127,34.19751514
8186793,2016,2016-12-21,1942,2016-12-05,1745,36908,1651,1,5,7,1942,0,0,0,P,0,16EL2,OSBORNE ST,LAUREL CYN,50,W,N,A,-,N,NA,NA,NA,NA,NA,NA,NA,NA,NA,N,4,0,1,2,D,-,00,NA,NA,N,C,C,A,A,H,-,B,A,0,NA,NA,NA,NA,Y,NA,-,-,0,0,1,0,0,0,0,0,0,-,-,NA,NA,LOS ANGELES,LOS ANGELES,-118.41966169,34.24678729
8186794,2016,2016-12-21,1953,2016-12-01,1249,7724,LACOU,4,5,6,1953,0,0,0,NA,0,002,WASHINGTON BL,GARFIELD AV,0,NA,Y,A,-,N,NA,NA,NA,NA,NA,NA,NA,NA,NA,N,3,0,1,2,A,-,09,21801,A,N,D,C,A,A,H,-,A,A,0,NA,NA,NA,NA,Y,NA,A,01,0,1,0,0,0,0,0,0,0,-,-,NA,NA,LOS ANGELES,PASADENA,-118.14390004,34.16890011
8186795,2016,2016-12-21,1942,2016-12-11,1300,39096,1300,7,5,7,1942,0,0,0,M,0,21TL64,ERWIN ST,HAZELTINE AV,0,NA,Y,A,-,N,NA,NA,NA,NA,NA,NA,NA,NA,NA,Y,4,0,2,2,A,-,09,21802,A,N,A,C,A,A,H,-,A,A,0,NA,NA,NA,NA,Y,NA,A,07,0,0,2,0,0,0,0,0,0,-,-,NA,NA,LOS ANGELES,LOS ANGELES,-118.43999012,34.18364003
8186797,2016,2016-12-21,1942,2016-12-08,1030,33700,1503,4,5,7,1942,0,0,0,O,0,035,LAUREL CYN BL,DEHOUGNE,150,S,N,A,-,N,NA,NA,NA,NA,NA,NA,NA,NA,NA,N,4,0,2,2,A,-,04,21703,NA,N,C,C,A,A,H,-,A,A,0,NA,NA,NA,NA,Y,NA,A,01,0,0,2,0,0,0,0,0,0,-,-,NA,NA,LOS ANGELES,LOS ANGELES,-118.39651,34.19542858
8186798,2016,2016-12-21,1942,2016-12-10,1655,41704,0357,6,5,7,1942,0,0,0,C,0,3T57,KENWOOD AV,JEFFERSON,13,N,N,B,-,N,NA,NA,NA,NA,NA,NA,NA,NA,NA,N,3,0,1,2,A,-,12,21453,A,F,D,G,A,A,H,-,B,A,0,NA,Y,NA,NA,Y,NA,-,99,0,1,0,0,0,0,1,0,0,-,-,NA,NA,LOS ANGELES,LOS ANGELES,-118.29914,34.02555565
8186799,2016,2016-12-22,1942,2016-12-11,1525,33947,0952,7,5,7,1942,0,0,0,I,0,NA,BURBANK BL,SEPULVEDA BL,300,E,N,B,-,N,NA,NA,NA,NA,NA,NA,NA,NA,NA,N,3,0,2,3,A,-,08,22102,NA,N,B,C,A,A,H,-,A,D,0,NA,NA,NA,NA,Y,NA,A,01,0,1,1,0,0,0,0,0,0,-,-,NA,NA,LOS ANGELES,LOS ANGELES,-118.46515996,34.17209024
8186803,2016,2016-12-21,1942,2016-11-17,1730,37901,0567,4,5,7,1942,0,0,0,E,0,5A85,PACIFIC AV,14TH ST,0,NA,Y,A,-,N,NA,NA,NA,NA,NA,NA,NA,NA,NA,N,4,0,1,3,A,-,04,21703,NA,N,C,C,A,A,H,-,B,A,0,NA,NA,NA,NA,Y,NA,A,01,0,0,1,0,0,0,0,0,0,-,-,NA,NA,LOS ANGELES,LOS ANGELES,-118.28795012,33.73149002
8186807,2016,2016-12-21,1942,2016-11-29,1800,42201,HARBO,2,5,7,1942,0,0,0,NA,0,557,GAFFEY ST,4TH ST,0,NA,Y,A,-,N,NA,NA,NA,NA,NA,NA,NA,NA,NA,Y,3,0,3,2,A,-,12,22450,NA,N,B,C,A,A,H,-,C,B,0,NA,NA,NA,NA,Y,NA,A,01,0,3,0,0,0,0,0,0,0,-,-,NA,NA,LOS ANGELES,LOS ANGELES,-118.29232005,33.7406201
8186811,2016,2016-12-21,1953,2016-11-20,1720,1645,1953,7,5,6,1953,0,0,0,NA,0,005,GREEN ST,OAK KNOLL AV,0,NA,Y,C,-,N,NA,NA,NA,NA,NA,NA,NA,NA,NA,N,4,0,1,2,A,-,10,21950,A,N,D,B,B,B,H,-,C,A,0,Y,NA,NA,NA,Y,NA,A,01,0,0,1,0,1,0,0,0,0,-,-,NA,NA,LOS ANGELES,PASADENA,-118.13521011,34.14453009
8186815,2016,2016-12-21,1953,2016-11-20,1152,1645,1953,7,5,6,1953,0,0,0,NA,0,005,LAKE AV,BOSTON CT,0,NA,Y,C,-,N,NA,NA,NA,NA,NA,NA,NA,NA,NA,N,4,0,1,2,A,-,04,21703,NA,N,C,C,A,B,H,-,A,A,0,NA,NA,NA,NA,Y,NA,A,01,0,0,1,0,0,0,0,0,0,-,-,NA,NA,LOS ANGELES,PASADENA,-118.1323601,34.14722003
8186819,2016,2017-01-11,1953,2016-11-21,0835,3775,NA,1,5,6,1953,0,0,0,NA,0,003,COLORADO BL,CATALINA AV,0,NA,Y,A,-,N,NA,NA,NA,NA,NA,NA,NA,NA,NA,Y,3,0,2,2,A,-,12,21453,A,N,D,C,A,A,H,-,A,A,0,NA,NA,NA,NA,Y,NA,-,-,0,1,1,0,0,0,0,0,0,-,-,NA,NA,LOS ANGELES,PASADENA,-118.12944006,34.14592005
8186823,2016,2017-01-12,1942,2016-11-18,1600,38557,0551,5,5,7,1942,0,0,0,E,0,5A59,WESTERN,1ST ST,0,NA,Y,A,-,N,NA,NA,NA,NA,NA,NA,NA,NA,NA,N,4,0,1,2,A,-,03,22350,NA,N,C,C,A,A,H,-,A,A,0,NA,NA,NA,NA,Y,NA,A,01,0,0,1,0,0,0,0,0,0,-,-,NA,NA,LOS ANGELES,LOS ANGELES,-118.30913001,34.07366002
8186827,2016,2017-01-12,1953,2016-11-19,2035,5651,1953,6,5,6,1953,0,0,0,NA,0,001,SOUTH ARROYO PKWY,S ARROYO PKWY 400,0,NA,-,A,-,N,NA,NA,NA,NA,NA,NA,NA,NA,NA,Y,3,0,1,1,A,-,07,21658,A,N,E,I,A,A,H,-,C,D,0,NA,NA,NA,NA,Y,NA,A,01,0,1,0,0,0,0,0,0,0,-,-,NA,NA,LOS ANGELES,PASADENA,-118.147484,34.138978
8186831,2016,2016-12-21,1942,2016-11-19,1140,35877,541,6,5,7,1942,0,0,0,NA,0,5A59,GAFFEY ST,CHANNEL ST,42,N,N,A,-,N,NA,NA,NA,NA,NA,NA,NA,NA,NA,Y,3,0,1,2,B,-,22,NA,NA,N,C,C,A,A,H,-,A,A,0,NA,NA,NA,NA,Y,NA,A,01,0,1,0,0,0,0,0,0,0,-,-,NA,NA,LOS ANGELES,LOS ANGELES,-118.2922757,33.75394339
8186832,2016,2016-12-21,1953,2016-11-28,1523,3775,NA,1,5,6,1953,0,0,0,NA,0,003,LAKE AV,MOUNTAIN ST,0,NA,Y,A,-,N,NA,NA,NA,NA,NA,NA,NA,NA,NA,Y,4,0,1,2,A,-,12,21453,A,N,D,C,A,A,H,-,A,A,0,NA,NA,NA,NA,Y,NA,A,01,0,0,1,0,0,0,0,0,0,-,-,NA,NA,LOS ANGELES,PASADENA,-118.13250011,34.1615701
8186835,2016,2017-01-12,1942,2016-11-30,1110,39315,1642,3,5,7,1942,0,0,0,P,0,16A23,TERRA BELLA,CAYUGA AV,0,NA,Y,A,-,N,NA,NA,NA,NA,NA,NA,NA,NA,NA,N,4,0,3,2,A,-,08,22107,NA,N,D,C,A,A,H,-,A,D,0,NA,NA,NA,NA,Y,Y,-,NA,0,0,3,0,0,0,0,0,0,-,-,NA,NA,LOS ANGELES,LOS ANGELES,-118.42008005,34.25701002
8186836,2016,2016-12-21,1953,2016-11-26,1559,8402,1953,6,5,6,1953,0,0,0,NA,0,NA,ORANGE GROVE BL,GARFIELD AV,0,NA,Y,B,C,N,NA,NA,NA,NA,NA,NA,NA,NA,NA,N,3,0,1,2,A,-,10,21950,A,N,G,B,B,B,H,-,A,A,0,Y,NA,NA,NA,Y,NA,A,01,0,1,0,0,1,0,0,0,0,-,-,NA,NA,LOS ANGELES,PASADENA,-118.14382004,34.15785009
8186839,2016,2016-12-21,1942,2016-11-15,0800,36659,0521,2,5,7,1942,0,0,0,E,0,5A15,WESTMONT DR,TAPER AV,0,NA,Y,A,-,N,NA,NA,NA,NA,NA,NA,NA,NA,NA,N,4,0,1,2,A,-,10,21950,A,N,G,B,B,A,H,-,A,A,0,Y,NA,NA,NA,Y,NA,A,01,0,0,1,0,1,0,0,0,0,-,-,NA,NA,LOS ANGELES,LOS ANGELES,-118.29945012,33.76356005
8186841,2016,2017-01-12,1942,2016-12-04,0115,42489,1684,7,5,7,1942,0,0,0,P,0,16A77,LANKERSHIM BL,ARMINTA ST,0,NA,Y,A,-,N,NA,NA,NA,NA,NA,NA,NA,NA,NA,N,4,0,1,2,A,-,09,21801,B,N,A,C,A,A,H,-,C,D,0,NA,NA,NA,NA,Y,NA,A,01,0,0,1,0,0,0,0,0,0,-,-,NA,NA,LOS ANGELES,LOS ANGELES,-118.38778009,34.21389001
8186843,2016,2016-12-21,1942,2016-11-14,1940,41122,0532,1,5,7,1942,0,0,0,E,0,5A15,MCDONALD,PACIFIC COAST HWY,0,NA,Y,A,-,N,NA,NA,NA,NA,NA,NA,NA,NA,NA,Y,4,0,1,1,A,-,03,22350,NA,N,A,I,A,A,H,-,C,A,0,NA,NA,NA,NA,Y,NA,A,01,0,0,1,0,0,0,0,0,0,-,-,NA,NA,LOS ANGELES,LOS ANGELES,-118.27186008,33.79071004
8186844,2016,2016-12-21,1953,2016-11-18,1710,8402,1953,5,5,6,1953,0,0,0,NA,0,NA,UNION ST,HUDSON AV,0,NA,Y,A,-,N,NA,NA,NA,NA,NA,NA,NA,NA,NA,N,3,0,1,2,A,-,08,22107,NA,N,G,B,B,A,H,-,C,A,0,Y,NA,NA,NA,Y,NA,A,01,0,1,0,0,1,0,0,0,0,-,-,NA,NA,LOS ANGELES,PASADENA,-118.13390008,34.14776011
8186847,2016,2016-12-21,1942,2016-11-25,0930,38471,1033,5,5,7,1942,0,0,0,J,0,21T67,RESEDA BL,TOPHAM ST,0,NA,Y,A,-,N,NA,NA,NA,NA,NA,NA,NA,NA,NA,N,4,0,1,2,A,-,05,21650,1,N,D,B,A,A,H,-,A,A,0,NA,Y,NA,NA,Y,NA,L,04,0,0,1,0,0,0,1,0,0,-,-,NA,NA,LOS ANGELES,LOS ANGELES,-118.5360201,34.18074003
8186848,2016,2017-03-27,1953,2016-11-19,2009,9039,1953,6,5,6,1953,0,0,0,NA,0,001,LOS ROBLES AV,ALLENDALE ST,0,NA,Y,A,-,N,NA,NA,NA,NA,NA,NA,NA,NA,NA,Y,3,0,3,2,A,-,01,23153,A,N,D,C,A,A,H,-,C,A,0,NA,NA,NA,NA,Y,Y,A,07,0,2,1,0,0,0,0,0,0,-,-,NA,NA,LOS ANGELES,PASADENA,-118.14124003,34.12558008
8186851,2016,2016-12-21,1942,2016-11-26,1850,38995,2156,6,5,7,1942,0,0,0,NA,0,21T61,OXNARD ST,TOPANGA CANYON BL,620,E,N,A,-,N,NA,NA,NA,NA,NA,NA,NA,NA,NA,N,4,0,1,2,A,-,09,21801,A,N,D,C,A,A,H,-,C,A,0,NA,NA,NA,NA,Y,NA,A,01,0,0,1,0,0,0,0,0,0,-,-,NA,NA,LOS ANGELES,LOS ANGELES,-118.60333946,34.17916703
8186852,2016,2017-01-12,1953,2016-11-18,0800,3165,1953,5,5,6,1953,0,0,0,NA,0,002,RAYMOND AV,ORANGE GROVE BL,0,NA,Y,-,-,N,NA,NA,NA,NA,NA,NA,NA,NA,NA,N,4,0,1,2,A,-,10,21950,A,N,-,B,B,A,H,-,A,A,0,Y,NA,NA,NA,Y,NA,A,01,0,0,1,0,1,0,0,0,0,-,-,NA,NA,LOS ANGELES,PASADENA,-118.14902013,34.15782002
8186855,2016,2017-01-12,1942,2016-11-24,2040,40459,641,4,5,7,1942,0,0,0,NA,0,16X24,VAN NUYS BL,LAUREL CANYON BL,0,NA,Y,A,-,N,NA,NA,NA,NA,NA,NA,NA,NA,NA,N,4,0,1,2,A,-,08,22100,A,F,B,C,A,A,H,-,C,A,0,NA,NA,NA,NA,Y,NA,A,07,0,0,1,0,0,0,0,0,0,-,-,NA,NA,LOS ANGELES,LOS ANGELES,-118.43210007,34.25879007
8186856,2016,2017-01-12,1953,2016-11-08,1245,3833,1953,2,5,6,1953,0,0,0,NA,0,001,SOUTH ARROYO PKWY,FILLMORE ST,0,NA,Y,A,-,N,NA,NA,NA,NA,NA,NA,NA,NA,NA,Y,4,0,1,2,A,-,-,NA,NA,N,B,D,A,A,H,-,A,A,0,NA,NA,NA,NA,Y,NA,A,01,0,0,1,0,0,0,0,0,0,-,-,NA,NA,LOS ANGELES,PASADENA,-118.14739003,34.13296009
8186860,2016,2016-12-21,1953,2016-11-30,1807,8058,NA,3,5,6,1953,0,0,0,NA,0,001,ARROYO BL,GRAND AV,0,NA,Y,A,-,N,NA,NA,NA,NA,NA,NA,NA,NA,NA,N,4,0,1,2,A,-,09,21804,A,N,D,G,A,A,H,-,C,D,0,NA,Y,NA,NA,Y,NA,A,01,0,0,1,0,0,0,1,0,0,-,-,NA,NA,LOS ANGELES,PASADENA,-118.16387002,34.12984005
8186863,2016,2016-12-21,1942,2016-11-29,1005,32781,1596,2,5,7,1942,0,0,0,O,0,15A85,VENTURA BL,RIVERTON AV,0,NA,Y,B,-,N,NA,NA,NA,NA,NA,NA,NA,NA,NA,N,4,0,1,2,A,-,08,22100,A,N,-,C,A,A,H,-,A,A,0,NA,NA,NA,NA,Y,NA,-,NA,0,0,1,0,0,0,0,0,0,-,-,NA,NA,LOS ANGELES,LOS ANGELES,-118.36753012,34.13941002
8186864,2016,2016-12-21,1953,2016-11-23,2236,8377,NA,3,5,6,1953,0,0,0,NA,0,003,HILL AV,MAPLE AV,0,NA,Y,A,-,N,NA,NA,NA,NA,NA,NA,NA,NA,NA,Y,4,0,2,2,A,-,12,21453,A,N,D,C,A,A,H,-,C,A,0,NA,NA,NA,NA,Y,NA,A,01,0,0,2,0,0,0,0,0,0,-,-,NA,NA,LOS ANGELES,PASADENA,-118.12140012,34.15286012
8186867,2016,2016-12-21,1942,2016-11-25,2315,38995,0919,5,5,7,1942,0,0,0,I,0,9T55,VANOWEN ST,SUNNYSLOPE AV,112,E,N,A,-,N,NA,NA,NA,NA,NA,NA,NA,NA,NA,N,4,0,1,2,A,-,03,22350,NA,N,C,C,A,A,H,-,C,A,0,NA,NA,NA,NA,Y,NA,A,01,0,0,1,0,0,0,0,0,0,-,-,NA,NA,LOS ANGELES,LOS ANGELES,-118.4265203,34.19394
8186868,2016,2016-12-21,1953,2016-11-21,1900,9222,1953,1,5,6,1953,0,0,0,NA,0,005,COLORADO BL,GARFIELD AV,0,NA,Y,A,-,N,NA,NA,NA,NA,NA,NA,NA,NA,NA,N,4,0,1,2,A,-,10,21950,A,M,G,B,B,A,H,-,A,A,0,Y,NA,NA,NA,Y,NA,A,07,0,0,1,0,1,0,0,0,0,-,-,NA,NA,LOS ANGELES,PASADENA,-118.14427012,34.14582004
8186871,2016,2016-12-21,1942,2016-11-30,0940,34922,1555,3,5,7,1942,0,0,0,O,0,15A33,HUSTON ST,LANKERSHIM BL,500,W,N,A,-,N,NA,NA,NA,NA,NA,NA,NA,NA,NA,N,3,0,1,2,A,-,09,21804,A,N,G,J,A,A,H,-,A,D,0,NA,NA,NA,NA,Y,NA,M,91,0,1,0,0,0,0,0,0,0,-,-,NA,NA,LOS ANGELES,LOS ANGELES,-118.37176,34.16008
8186872,2016,2016-12-21,1953,2016-11-23,1646,3775,NA,3,5,6,1953,0,0,0,NA,0,003,ORANGE GROVE BL,HOLLISTON AV,0,NA,Y,A,-,N,NA,NA,NA,NA,NA,NA,NA,NA,NA,Y,4,0,1,2,A,-,09,21802,A,N,D,C,A,A,H,-,B,A,0,NA,NA,NA,NA,Y,NA,A,01,0,0,1,0,0,0,0,0,0,-,-,NA,NA,LOS ANGELES,PASADENA,-118.12301003,34.15781001
8186875,2016,2016-12-21,1942,2016-11-19,2125,38995,0984,6,5,7,1942,0,0,0,I,0,9T55,VENTURA BL,WILLIS AV,0,NA,Y,A,-,N,NA,NA,NA,NA,NA,NA,NA,NA,NA,Y,4,0,2,3,A,-,09,21801,A,N,D,C,A,A,H,-,C,A,0,NA,NA,NA,NA,Y,NA,A,01,0,0,2,0,0,0,0,0,0,-,-,NA,NA,LOS ANGELES,LOS ANGELES,-118.45529001,34.15200009
8186876,2016,2016-12-21,1953,2016-11-23,1326,3775,NA,3,5,6,1953,0,0,0,NA,0,003,LAKE AV,CLAREMONT ST,50,N,N,A,-,N,NA,NA,NA,NA,NA,NA,NA,NA,NA,Y,4,0,1,2,A,-,09,21804,A,N,D,C,A,A,H,-,A,A,0,NA,NA,NA,NA,Y,NA,A,07,0,0,1,0,0,0,0,0,0,-,-,NA,NA,LOS ANGELES,PASADENA,-118.13234492,34.16704704
8186879,2016,2016-12-21,1942,2016-11-25,1430,30983,1777,5,5,7,1942,0,0,0,Q,0,21T62,NORDHOFF ST,HAYVENHURST AV,782,W,N,A,-,N,NA,NA,NA,NA,NA,NA,NA,NA,NA,Y,3,0,5,2,A,-,05,21650,NA,N,D,E,A,A,H,-,A,A,0,NA,NA,NA,NA,Y,NA,A,07,0,1,4,0,0,0,0,0,0,-,-,NA,NA,LOS ANGELES,LOS ANGELES,-118.49638261,34.23570961
8186880,2016,2016-12-21,1953,2016-11-23,1017,1001,1953,3,5,6,1953,0,0,0,NA,0,002,WASHINGTON BL,LOS ROBLES AV,20,E,N,A,-,N,NA,NA,NA,NA,NA,NA,NA,NA,NA,Y,4,0,2,3,A,-,03,22350,NA,N,C,B,B,A,H,-,A,A,0,Y,NA,NA,NA,Y,NA,A,01,0,0,2,0,1,0,0,0,0,-,-,NA,NA,LOS ANGELES,PASADENA,-118.14157402,34.16893