CASE_ID,ACCIDENT_YEAR,PROC_DATE,JURIS,COLLISION_DATE,COLLISION_TIME,OFFICER_ID,REPORTING_DISTRICT,DAY_OF_WEEK,CHP_SHIFT,POPULATION,CNTY_CITY_LOC,SPECIAL_COND,BEAT_TYPE,CHP_BEAT_TYPE,CITY_DIVISION_LAPD,CHP_BEAT_CLASS,BEAT_NUMBER,PRIMARY_RD,SECONDARY_RD,DISTANCE,DIRECTION,INTERSECTION,WEATHER_1,WEATHER_2,STATE_HWY_IND,CALTRANS_COUNTY,CALTRANS_DISTRICT,STATE_ROUTE,ROUTE_SUFFIX,POSTMILE_PREFIX,POSTMILE,LOCATION_TYPE,RAMP_INTERSECTION,SIDE_OF_HWY,TOW_AWAY,COLLISION_SEVERITY,NUMBER_KILLED,NUMBER_INJURED,PARTY_COUNT,PRIMARY_COLL_FACTOR,PCF_CODE_OF_VIOL,PCF_VIOL_CATEGORY,PCF_VIOLATION,PCF_VIOL_SUBSECTION,HIT_AND_RUN,TYPE_OF_COLLISION,MVIW,PED_ACTION,ROAD_SURFACE,ROAD_COND_1,ROAD_COND_2,LIGHTING,CONTROL_DEVICE,CHP_ROAD_TYPE,PEDESTRIAN_ACCIDENT,BICYCLE_ACCIDENT,MOTORCYCLE_ACCIDENT,TRUCK_ACCIDENT,NOT_PRIVATE_PROPERTY,ALCOHOL_INVOLVED,STWD_VEHTYPE_AT_FAULT,CHP_VEHTYPE_AT_FAULT,COUNT_SEVERE_INJ,COUNT_VISIBLE_INJ,COUNT_COMPLAINT_PAIN,COUNT_PED_KILLED,COUNT_PED_INJURED,COUNT_BICYCLIST_KILLED,COUNT_BICYCLIST_INJURED,COUNT_MC_KILLED,COUNT_MC_INJURED,PRIMARY_RAMP,SECONDARY_RAMP,LATITUDE,LONGITUDE,COUNTY,CITY,POINT_X,POINT_Y
8187874,2016,2017-01-06,1942,2016-12-11,1100,40735,1531,7,5,7,1942,0,0,0,O,0,217L65,COLDWATER CANYON,OXNARD ST,576,N,N,A,-,N,NA,NA,NA,NA,NA,NA,NA,NA,NA,Y,4,0,2,2,A,-,03,22350,NA,N,C,C,A,A,H,-,A,D,0,NA,NA,NA,NA,Y,NA,A,01,0,0,2,0,0,0,0,0,0,-,-,NA,NA,LOS ANGELES,LOS ANGELES,-118.41377759,34.18099979
8187875,2016,2016-12-29,1909,2016-12-10,2320,583,1909,6,5,4,1909,0,0,0,NA,0,NORTH,GARFIELD AV,BUELL ST,42,N,N,C,-,N,NA,NA,NA,NA,NA,NA,NA,NA,NA,Y,2,0,1,1,A,-,03,22350,NA,N,H,J,A,B,H,-,D,D,0,NA,NA,Y,NA,Y,NA,C,03,1,0,0,0,0,0,0,0,1,-,-,NA,NA,LOS ANGELES,BELL GARDENS,-118.15945468,33.9572934
8187876,2016,2016-12-29,1931,2016-12-17,2327,5307,1931,6,5,5,1931,0,0,0,NA,0,002,SLAUSON AV,MILES AV,14,W,N,A,-,N,NA,NA,NA,NA,NA,NA,NA,NA,NA,N,2,0,1,2,A,-,12,21453,A,F,G,G,E,A,H,-,C,A,0,Y,NA,NA,NA,Y,NA,N,60,1,0,0,0,1,0,0,0,0,-,-,NA,NA,LOS ANGELES,HUNTINGTON PARK,-118.21938608,33.98919904
8187877,2016,2017-01-06,1942,2016-12-09,1910,42566,1539,5,5,7,1942,0,0,0,O,0,15A39,BURBANK BL,CARTWRIGHT,20,E,N,A,-,N,NA,NA,NA,NA,NA,NA,NA,NA,NA,Y,3,0,1,2,A,-,03,22350,NA,N,F,E,A,A,H,-,C,D,0,NA,NA,NA,NA,Y,NA,-,NA,0,1,0,0,0,0,0,0,0,-,-,NA,NA,LOS ANGELES,LOS ANGELES,-118.363714,34.17214
8187878,2016,2017-01-06,1942,2016-12-12,1450,41397,0952,1,5,7,1942,0,0,0,I,0,10TL36,SEPULVEDA BL,CLARK ST,64,S,N,B,-,N,NA,NA,NA,NA,NA,NA,NA,NA,NA,Y,4,0,2,4,A,-,03,22350,NA,N,C,C,A,-,H,-,A,D,0,NA,NA,NA,NA,Y,NA,A,07,0,0,2,0,0,0,0,0,0,-,-,NA,NA,LOS ANGELES,LOS ANGELES,-118.46616,34.16830445
8187879,2016,2017-01-12,1926,2016-12-10,1129,0082,NA,6,5,5,1926,0,0,0,NA,0,001,RT 66,PASADENA,0,NA,Y,B,-,N,NA,NA,NA,NA,NA,NA,NA,NA,NA,Y,4,0,1,2,A,-,17,21461,A,N,D,C,A,A,H,-,A,A,0,NA,NA,NA,NA,Y,NA,A,07,0,0,1,0,0,0,0,0,0,-,-,NA,NA,LOS ANGELES,GLENDORA,-117.86022009,34.12882011
8187880,2016,2016-12-29,1931,2016-12-01,2113,5302,1931,4,5,5,1931,0,0,0,NA,0,NA,SEVILLE AV,FLORENCE AV,200,N,N,A,-,N,NA,NA,NA,NA,NA,NA,NA,NA,NA,Y,4,0,1,2,A,-,09,21801,A,N,D,C,A,A,H,-,C,D,0,NA,NA,NA,NA,Y,NA,A,07,0,0,1,0,0,0,0,0,0,-,-,NA,NA,LOS ANGELES,HUNTINGTON PARK,-118.22244017,33.97446822
8187881,2016,2017-01-06,1942,2016-12-13,1510,35481,1599,2,5,7,1942,0,0,0,O,0,21TL62,CAHUENGA BL,FREDONIA DR,0,NA,Y,A,-,N,NA,NA,NA,NA,NA,NA,NA,NA,NA,Y,3,0,2,2,A,-,09,21802,A,N,D,C,A,A,H,-,A,D,0,NA,NA,NA,NA,Y,NA,A,01,0,1,1,0,0,0,0,0,0,-,-,NA,NA,LOS ANGELES,LOS ANGELES,-118.3591101,34.13431008
8187882,2016,2017-01-06,1942,2016-12-12,2240,34561,1004,1,5,7,1942,0,0,0,J,0,19T73,RESEDA BL,INGOMAR ST,160,S,N,A,-,N,NA,NA,NA,NA,NA,NA,NA,NA,NA,Y,4,0,1,4,A,-,03,22350,NA,N,C,C,A,A,H,-,C,D,0,NA,NA,NA,NA,Y,NA,A,07,0,0,1,0,0,0,0,0,0,-,-,NA,NA,LOS ANGELES,LOS ANGELES,-118.53606,34.21158118
8187885,2016,2017-01-06,1942,2016-12-08,1505,42340,2107,4,5,7,1942,0,0,0,NA,0,1942,ROSCOE BL,VARIEL AV,0,NA,Y,A,-,N,NA,NA,NA,NA,NA,NA,NA,NA,NA,Y,4,0,1,2,A,-,12,21457,A,N,D,C,A,A,H,-,A,D,0,NA,NA,NA,NA,Y,NA,A,01,0,0,1,0,0,0,0,0,0,-,-,NA,NA,LOS ANGELES,LOS ANGELES,-118.59289007,34.21993009
8187886,2016,2017-01-06,1942,2016-12-05,0610,42059,0941,1,5,7,1942,0,0,0,I,0,9A41,OXNARD ST,KESTER AV,0,NA,Y,A,-,N,NA,NA,NA,NA,NA,NA,NA,NA,NA,Y,3,0,4,2,A,-,09,21801,A,N,A,D,A,A,H,-,A,A,0,NA,NA,NA,NA,Y,NA,A,01,0,1,3,0,0,0,0,0,0,-,-,NA,NA,LOS ANGELES,LOS ANGELES,-118.45744004,34.17939008
8187887,2016,2017-01-03,1902,2016-12-16,0612,728,32,5,5,5,1902,0,0,0,NA,0,005,LIVE OAK AV,4TH AV,204,E,N,C,-,N,NA,NA,NA,NA,NA,NA,NA,NA,NA,Y,3,0,1,3,A,-,08,22107,NA,N,B,E,A,B,H,-,C,D,0,NA,NA,NA,NA,Y,NA,-,NA,0,1,0,0,0,0,0,0,0,-,-,NA,NA,LOS ANGELES,ARCADIA,-118.02093816,34.10880887
8187889,2016,2017-01-06,1942,2016-12-13,0715,40291,1701,2,5,7,1942,0,0,0,Q,0,16T23,TAMPA AV,RINALDI ST,0,NA,Y,B,-,N,NA,NA,NA,NA,NA,NA,NA,NA,NA,N,4,0,1,2,A,-,10,21950,NA,N,G,B,B,A,H,-,A,A,0,Y,NA,NA,NA,Y,NA,A,01,0,0,1,0,1,0,0,0,0,-,-,NA,NA,LOS ANGELES,LOS ANGELES,-118.55657002,34.27475012
8187890,2016,2017-01-09,1942,2016-12-06,1405,38996,1595,2,5,7,1942,0,0,0,O,0,19TL72,VENTURA BL,COLFAX AV,400,W,N,A,-,N,NA,NA,NA,NA,NA,NA,NA,NA,NA,Y,3,0,2,3,A,-,03,22350,NA,N,C,C,A,A,H,-,A,D,0,NA,NA,NA,NA,Y,NA,A,01,0,1,1,0,0,0,0,0,0,-,-,NA,NA,LOS ANGELES,LOS ANGELES,-118.38889606,34.14180324
8187891,2016,2016-12-29,1942,2016-12-03,0115,40315,0806,6,5,7,1942,0,0,0,H,0,8T35,SUNSET BL,BELLAGIO RD,200,E,N,A,-,N,NA,NA,NA,NA,NA,NA,NA,NA,NA,Y,4,0,1,2,A,-,01,23152,A,N,B,C,A,A,H,-,C,A,0,NA,NA,NA,NA,Y,Y,A,01,0,0,1,0,0,0,0,0,0,-,-,NA,NA,LOS ANGELES,LOS ANGELES,-118.45415296,34.07693852
8187894,2016,2017-01-26,1942,2016-12-06,1820,39402,1591,2,5,7,1942,0,0,0,O,0,15A68,VENTURA BL,LAUREL CANYON BL,30,W,N,A,-,N,NA,NA,NA,NA,NA,NA,NA,NA,NA,N,4,0,1,3,A,-,09,21801,A,N,A,C,A,A,H,-,C,A,0,NA,NA,NA,NA,Y,NA,A,01,0,0,1,0,0,0,0,0,0,-,-,NA,NA,LOS ANGELES,LOS ANGELES,-118.39535845,34.14356162
8187895,2016,2016-12-29,1942,2016-12-02,1720,40615,0752,5,5,7,1942,0,0,0,G,0,20X38,ALFRED ST,WHITWORTH DR,10,S,N,A,-,N,NA,NA,NA,NA,NA,NA,NA,NA,NA,N,2,0,1,2,A,-,10,21950,A,N,G,B,B,A,H,-,C,A,0,Y,NA,NA,NA,Y,NA,A,01,1,0,0,0,1,0,0,0,0,-,-,NA,NA,LOS ANGELES,LOS ANGELES,-118.37498043,34.05699257
8187898,2016,2017-01-06,1942,2016-12-13,2115,40383,1504,2,5,7,1942,0,0,0,O,0,10T35,SHERMAN WY,RADFORD AV,200,W,N,A,-,N,NA,NA,NA,NA,NA,NA,NA,NA,NA,Y,4,0,1,2,A,-,01,23152,A,N,A,C,A,A,H,-,C,A,0,NA,NA,NA,NA,Y,Y,A,01,0,0,1,0,0,0,0,0,0,-,-,NA,NA,LOS ANGELES,LOS ANGELES,-118.3928074,34.20112457
8187899,2016,2016-12-30,1942,2016-12-01,0005,41970,0769,4,5,7,1942,0,0,0,G,0,7A85,PICO BL,WESTCHESTER PL,10,E,N,A,-,N,NA,NA,NA,NA,NA,NA,NA,NA,NA,Y,3,0,2,3,A,-,09,21802,A,N,C,C,A,A,H,-,C,A,0,NA,NA,NA,NA,Y,NA,A,01,0,1,1,0,0,0,0,0,0,-,-,NA,NA,LOS ANGELES,LOS ANGELES,-118.31885705,34.04718
8187902,2016,2017-01-06,1942,2016-12-14,1600,33294,1504,3,5,7,1942,0,0,0,O,0,35M53,RUNNYMEDE ST,RADFORD AV,400,E,N,B,-,N,NA,NA,NA,NA,NA,NA,NA,NA,NA,N,2,0,1,2,A,-,03,22350,NA,F,C,G,A,A,H,-,A,A,0,NA,Y,NA,NA,Y,NA,-,99,1,0,0,0,0,0,1,0,0,-,-,NA,NA,LOS ANGELES,LOS ANGELES,-118.39082951,34.20572002
8187903,2016,2016-12-29,1942,2016-12-08,1430,31255,0758,4,5,7,1942,0,0,0,G,0,14TL52,CRENSHAW BL,PICO BL,50,N,N,A,-,N,NA,NA,NA,NA,NA,NA,NA,NA,NA,N,4,0,1,3,A,-,03,22350,A,F,C,C,A,A,H,-,A,D,0,NA,NA,NA,NA,Y,NA,A,01,0,0,1,0,0,0,0,0,0,-,-,NA,NA,LOS ANGELES,LOS ANGELES,-118.32663262,34.04795514
8187906,2016,2017-01-06,1942,2016-12-07,1835,42504,1994,3,5,7,1942,0,0,0,NA,0,19A62,ROSCOE BL,BRIMFIELD AV,0,NA,Y,A,-,N,NA,NA,NA,NA,NA,NA,NA,NA,NA,Y,4,0,1,2,A,-,09,21802,A,N,D,C,A,A,H,-,C,D,0,NA,NA,NA,NA,Y,NA,A,01,0,0,1,0,0,0,0,0,0,-,-,NA,NA,LOS ANGELES,LOS ANGELES,-118.45885006,34.2214701
8187907,2016,2016-12-30,1942,2016-12-06,1745,40053,1862,2,5,7,1942,0,0,0,R,0,3T57,120TH ST,BROADWAY AV,260,E,N,A,-,N,NA,NA,NA,NA,NA,NA,NA,NA,NA,N,3,0,3,3,A,-,03,22350,NA,F,C,C,A,A,H,-,C,A,0,NA,NA,NA,NA,Y,NA,-,99,0,1,2,0,0,0,0,0,0,-,-,NA,NA,LOS ANGELES,LOS ANGELES,-118.27739463,33.92374
8187909,2016,2017-01-06,1942,2016-12-14,0750,30452,1504,3,5,7,1942,0,0,0,O,0,9T53,BEN AV,SATICOY ST,0,NA,Y,A,-,N,NA,NA,NA,NA,NA,NA,NA,NA,NA,Y,4,0,2,3,A,-,10,21950,A,N,G,B,B,A,H,-,A,A,0,Y,NA,NA,NA,Y,NA,A,01,0,0,2,0,2,0,0,0,0,-,-,NA,NA,LOS ANGELES,LOS ANGELES,-118.39437009,34.20848009
8187910,2016,2017-01-06,1942,2016-12-12,1305,26319,1962,1,5,7,1942,0,0,0,NA,0,19T74,NATICK AV,NOVICE PL,18,S,N,A,-,N,NA,NA,NA,NA,NA,NA,NA,NA,NA,Y,4,0,1,2,A,-,03,22350,NA,N,B,E,A,A,H,-,A,D,0,NA,NA,NA,NA,Y,NA,A,01,0,0,1,0,0,0,0,0,0,-,-,NA,NA,LOS ANGELES,LOS ANGELES,-118.45576097,34.24442785
8187911,2016,2016-12-30,1942,2016-12-03,2000,41914,1283,6,5,7,1942,0,0,0,L,0,12T41,NORMANDIE AV,92ND ST,0,NA,Y,A,-,N,NA,NA,NA,NA,NA,NA,NA,NA,NA,Y,4,0,1,2,A,-,05,21650,NA,F,B,D,A,A,H,-,C,A,0,NA,NA,NA,NA,Y,NA,-,99,0,0,1,0,0,0,0,0,0,-,-,NA,NA,LOS ANGELES,LOS ANGELES,-118.30027005,33.95273011
8187914,2016,2017-01-06,1942,2016-12-08,1245,41396,1764,4,5,7,1942,0,0,0,Q,0,9TL57,NORDHOFF WY,NORDHOFF PL,0,NA,Y,A,-,N,NA,NA,NA,NA,NA,NA,NA,NA,NA,Y,4,0,2,2,A,-,09,21801,A,N,D,C,A,A,H,-,A,A,0,NA,NA,NA,NA,Y,NA,A,01,0,0,2,0,0,0,0,0,0,-,-,NA,NA,LOS ANGELES,LOS ANGELES,-118.56682008,34.2361901
8187915,2016,2016-12-30,1942,2016-12-04,0340,40460,0749,7,5,7,1942,0,0,0,G,0,6T7,CRENSHAW BL,OLYMPIC BL,94,S,N,A,-,N,NA,NA,NA,NA,NA,NA,NA,NA,NA,Y,2,0,1,2,A,-,00,21955,A,N,G,B,D,A,H,-,C,D,0,Y,NA,NA,NA,Y,Y,N,60,1,0,0,0,1,0,0,0,0,-,-,NA,NA,LOS ANGELES,LOS ANGELES,-118.32312954,34.05442582
8187918,2016,2017-01-06,1942,2016-12-12,0755,40337,1735,1,5,7,1942,0,0,0,Q,0,21TL67,CHATSWORTH ST,LOUISE AV,0,NA,Y,A,-,N,NA,NA,NA,NA,NA,NA,NA,NA,NA,Y,3,0,3,2,A,-,09,21801,A,N,D,C,A,A,H,-,A,A,0,NA,NA,NA,NA,Y,NA,A,01,0,2,1,0,0,0,0,0,0,-,-,NA,NA,LOS ANGELES,LOS ANGELES,-118.51100005,34.26484004
8187919,2016,2016-12-30,1942,2016-12-12,1220,31288,1834,1,5,7,1942,0,0,0,R,0,12T41,CENTRAL AV,N 109TH ST,50,N,N,A,-,N,NA,NA,NA,NA,NA,NA,NA,NA,NA,Y,4,0,1,2,A,-,03,22350,NA,F,C,C,A,A,H,-,A,D,0,NA,NA,NA,NA,Y,NA,A,01,0,0,1,0,0,0,0,0,0,-,-,NA,NA,LOS ANGELES,LOS ANGELES,-118.25421,33.93692712
8187923,2016,2016-12-28,1902,2016-12-16,1043,708,17,5,5,5,1902,0,0,0,NA,0,003,HUNTINGTON DR,BALDWIN AV,0,NA,Y,B,C,N,NA,NA,NA,NA,NA,NA,NA,NA,NA,Y,3,0,1,2,A,-,12,21453,A,N,D,C,A,B,H,-,A,A,0,NA,NA,NA,NA,Y,NA,A,01,0,1,0,0,0,0,0,0,0,-,-,NA,NA,LOS ANGELES,ARCADIA,-118.05460009,34.13157012
8187924,2016,2016-12-29,1902,2016-12-14,1819,432,26,3,5,5,1902,0,0,0,NA,0,004,BALDWIN AV,DUARTE RD,444,S,N,A,-,N,NA,NA,NA,NA,NA,NA,NA,NA,NA,N,4,0,1,3,A,-,03,22350,NA,N,C,C,A,A,H,-,C,A,0,NA,NA,NA,NA,Y,NA,-,NA,0,0,1,0,0,0,0,0,0,-,-,NA,NA,LOS ANGELES,ARCADIA,-118.05500967,34.12485442
8187928,2016,2016-12-29,1902,2016-12-14,1830,638,11,3,5,5,1902,0,0,0,NA,0,001,WHEELER AV,1ST AV,4,W,N,A,-,N,NA,NA,NA,NA,NA,NA,NA,NA,NA,N,4,0,1,2,A,-,10,21950,A,N,G,B,B,A,H,-,C,A,0,Y,NA,NA,NA,Y,NA,A,07,0,0,1,0,1,0,0,0,0,-,-,NA,NA,LOS ANGELES,ARCADIA,-118.02838319,34.14118
8187932,2016,2016-12-29,1902,2016-12-13,1906,619,20,2,5,5,1902,0,0,0,NA,0,004,BALDWIN AV,ARCADIA AV,0,NA,Y,A,-,N,NA,NA,NA,NA,NA,NA,NA,NA,NA,N,3,0,1,2,A,-,09,21804,A,N,D,G,A,A,H,-,C,D,0,NA,Y,NA,NA,Y,NA,L,04,0,1,0,0,0,0,1,0,0,-,-,NA,NA,LOS ANGELES,ARCADIA,-118.0548601,34.1277401
8187936,2016,2016-12-29,1902,2016-12-13,1042,757,25,2,5,5,1902,0,0,0,NA,0,004,HOLLY AV,CAMINO REAL AV,0,NA,Y,A,-,N,NA,NA,NA,NA,NA,NA,NA,NA,NA,Y,3,0,2,2,A,-,05,21752,D,N,B,C,A,A,H,-,A,A,0,NA,NA,NA,NA,Y,NA,A,01,0,1,1,0,0,0,0,0,0,-,-,NA,NA,LOS ANGELES,ARCADIA,-118.0457801,34.12249009
8187939,2016,2017-01-04,1948,2016-11-27,0159,442,1948,7,5,5,1948,0,0,0,NA,0,004,POTRERO GRANDE DR,MARKLAND DR,17,E,N,B,-,N,NA,NA,NA,NA,NA,NA,NA,NA,NA,Y,4,0,1,2,A,-,03,22350,NA,N,C,C,A,B,H,-,C,D,0,NA,NA,NA,NA,Y,NA,-,NA,0,0,1,0,0,0,0,0,0,-,-,NA,NA,LOS ANGELES,MONTEREY PARK,-118.11801163,34.03500348
8187948,2016,2017-02-15,1942,2016-12-08,2015,41239,1989,4,5,7,1942,0,0,0,NA,0,15T43,ROSCOE BL,WHITSETT AV,1000,W,N,A,-,N,NA,NA,NA,NA,NA,NA,NA,NA,NA,N,3,0,1,1,A,-,03,22350,NA,N,-,A,A,A,H,-,C,A,0,NA,NA,Y,NA,Y,NA,C,02,0,1,0,0,0,0,0,0,1,-,-,NA,NA,LOS ANGELES,LOS ANGELES,-118.40855973,34.22161
8187951,2016,2017-01-04,1942,2016-11-06,0650,37611,1381,7,5,7,1942,0,0,0,M,0,24TL25,GRAND AV,60TH ST,83,N,N,B,-,N,NA,NA,NA,NA,NA,NA,NA,NA,NA,Y,4,0,1,3,A,-,03,22350,NA,N,B,E,A,A,H,-,C,D,0,NA,NA,NA,NA,Y,NA,A,07,0,0,1,0,0,0,0,0,0,-,-,NA,NA,LOS ANGELES,LOS ANGELES,-118.28004491,33.98531668
8187955,2016,2017-01-04,1942,2016-11-15,2130,36814,1347,2,5,7,1942,0,0,0,M,0,24T33,41ST ST,LONG BEACH AV,0,NA,Y,A,-,N,NA,NA,NA,NA,NA,NA,NA,NA,NA,Y,4,0,2,2,A,-,12,21453,A,N,D,C,A,A,H,-,C,A,0,NA,NA,NA,NA,Y,NA,A,01,0,0,2,0,0,0,0,0,0,-,-,NA,NA,LOS ANGELES,LOS ANGELES,-118.24323002,34.00809011
8187956,2016,2017-02-15,1942,2016-12-07,1600,33779,0981,3,5,7,1942,0,0,0,I,0,15TL44,VENTURA BL,SEPULVEDA BL,0,NA,Y,A,-,N,NA,NA,NA,NA,NA,NA,NA,NA,NA,Y,4,0,4,2,A,-,09,21801,A,N,D,C,A,A,H,-,A,A,0,NA,NA,NA,NA,Y,NA,A,01,0,0,4,0,0,0,0,0,0,-,-,NA,NA,LOS ANGELES,LOS ANGELES,-118.46620007,34.15383005
8187959,2016,2017-01-04,1941,2016-11-13,1618,10667,NA,7,5,7,1941,0,0,0,NA,0,NA,EAST OCEAN BL,E OCEAN BL 1804,0,NA,Y,A,-,N,NA,NA,NA,NA,NA,NA,NA,NA,NA,Y,3,0,1,2,-,-,-,NA,NA,N,C,C,A,A,H,-,A,D,0,NA,NA,NA,NA,Y,NA,-,-,0,1,0,0,0,0,0,0,0,-,-,NA,NA,LOS ANGELES,LONG BEACH,-118.17017,33.764726
8187962,2016,2017-03-04,1941,2016-12-10,0811,10240,NA,6,5,7,1941,0,0,0,NA,0,NA,PACIFIC COAST HWY,ORANGE AV,0,NA,Y,A,-,Y,LA,7,1,-,-,5.521,I,5,S,Y,4,0,2,2,D,-,00,NA,NA,N,D,C,A,A,H,-,A,A,0,NA,NA,NA,NA,Y,NA,-,-,0,0,2,0,0,0,0,0,0,-,-,NA,NA,LOS ANGELES,LONG BEACH,-118.17631585,33.78980547
8187963,2016,2017-01-12,1942,2016-11-10,1800,35945,0899,4,5,7,1942,0,0,0,H,0,6TL4,VENICE BL,HELMS AV,0,NA,Y,A,-,N,NA,NA,NA,NA,NA,NA,NA,NA,NA,N,3,0,1,2,A,-,12,21453,A,N,H,G,A,A,H,-,C,A,0,NA,Y,NA,NA,Y,NA,-,-,0,1,0,0,0,0,1,0,0,-,-,NA,NA,LOS ANGELES,LOS ANGELES,-118.38520007,34.03117004
8187967,2016,2017-01-12,1942,2016-11-07,2210,41633,0881,1,5,7,1942,0,0,0,H,0,8A53,BUNDY DR,MISSOURI AV,66,S,N,A,-,N,NA,NA,NA,NA,NA,NA,NA,NA,NA,Y,4,0,2,2,A,-,04,21703,NA,N,C,C,A,A,H,-,C,A,0,NA,NA,NA,NA,Y,NA,A,01,0,0,2,0,0,0,0,0,0,-,-,NA,NA,LOS ANGELES,LOS ANGELES,-118.45692011,34.03512884
8187968,2016,2017-03-04,1941,2016-12-08,1641,5996,NA,4,5,7,1941,0,0,0,NA,0,NA,PACIFIC COAST HWY,ORIZABA AV,16,E,N,A,-,Y,LA,7,1,-,-,4.391,I,5,S,Y,4,0,1,2,A,-,09,21801,A,N,D,C,A,A,H,-,A,A,0,NA,NA,NA,NA,Y,NA,D,NA,0,0,1,0,0,0,0,0,0,-,-,NA,NA,LOS ANGELES,LONG BEACH,-118.15677733,33.7898063
8187971,2016,2017-01-03,1942,2016-10-10,0740,42410,0822,1,5,7,1942,0,0,0,H,0,8A1,EL MEDIO AV,SUNSET BL,0,NA,Y,A,-,N,NA,NA,NA,NA,NA,NA,NA,NA,NA,N,4,0,1,2,A,-,10,21950,A,N,G,B,B,A,H,-,A,A,0,Y,NA,NA,NA,Y,NA,A,01,0,0,1,0,1,0,0,0,0,-,-,NA,NA,LOS ANGELES,LOS ANGELES,-118.53332002,34.04878005
8187972,2016,2017-03-04,1942,2016-12-12,2240,41239,1065,1,5,7,1942,0,0,0,J,0,10T37,WHITEOAK AV,VENTURA FWY,0,NA,Y,A,-,Y,LA,7,101,-,-,20.122,R,4,N,Y,2,0,3,2,A,-,12,21453,A,N,D,C,A,A,H,-,C,A,0,NA,NA,NA,NA,Y,NA,A,01,1,1,1,0,0,0,0,0,0,-,NF,NA,NA,LOS ANGELES,LOS ANGELES,-118.51658364,34.17128387
8187975,2016,2017-01-03,1942,2016-11-17,1150,40690,0849,4,5,7,1942,0,0,0,H,0,14TL47,SHENANDOAH ST,OLYMPIC BL,0,NA,Y,A,-,N,NA,NA,NA,NA,NA,NA,NA,NA,NA,Y,3,0,2,2,A,-,09,21802,A,N,D,C,A,A,H,-,A,A,0,NA,NA,NA,NA,Y,NA,A,01,0,1,1,0,0,0,0,0,0,-,-,NA,NA,LOS ANGELES,LOS ANGELES,-118.3814301,34.05936001
8187979,2016,2017-01-03,1942,2016-11-14,1400,39061,0889,1,5,7,1942,0,0,0,H,0,20TL56,LA CIENEGA BL,GUTHRIE AV,50,N,N,A,-,N,NA,NA,NA,NA,NA,NA,NA,NA,NA,N,4,0,1,3,A,-,03,22350,NA,N,C,C,A,A,A,-,A,D,0,NA,NA,NA,NA,Y,NA,A,01,0,0,1,0,0,0,0,0,0,-,-,NA,NA,LOS ANGELES,LOS ANGELES,-118.3769554,34.04047408
8187980,2016,2017-03-01,1941,2016-12-06,0834,6122,NA,2,5,7,1941,0,0,0,NA,0,NA,CEDAR AV,RT 1,3,S,N,A,-,Y,LA,7,1,-,-,6.591,I,6,S,N,4,0,1,2,A,-,08,22107,NA,N,D,G,A,A,H,-,A,A,0,NA,Y,NA,NA,Y,NA,A,NA,0,0,1,0,0,0,1,0,0,-,-,NA,NA,LOS ANGELES,LONG BEACH,-118.194996,33.78981006
8187983,2016,2017-03-04,1942,2016-11-05,2255,25495,0898,6,5,7,1942,0,0,0,H,0,7T23,ROBERTSON BL,KINCARDINE AV,0,NA,Y,A,-,Y,LA,7,10,-,R,8.167,R,4,W,Y,4,0,1,2,A,-,09,21453,B,N,B,C,A,A,H,-,C,A,0,NA,NA,NA,NA,Y,Y,A,07,0,0,1,0,0,0,0,0,0,-,-,NA,NA,LOS ANGELES,LOS ANGELES,-118.38806786,34.03267422
8187984,2016,2017-03-01,1941,2016-12-09,2230,10778,NA,5,5,7,1941,0,0,0,NA,0,NA,NEWPORT AV,PACIFIC COAST HWY,0,NA,Y,A,-,Y,LA,7,1,-,-,4.071,I,6,S,N,2,0,1,2,A,-,10,21950,A,N,D,B,B,A,H,-,C,A,0,Y,NA,NA,NA,Y,NA,A,NA,1,0,0,0,1,0,0,0,0,-,-,NA,NA,LOS ANGELES,LONG BEACH,-118.15134237,33.78979934
8187988,2016,2017-03-04,1941,2016-12-12,0150,10938,NA,1,5,7,1941,0,0,0,NA,0,NA,PACIFIC COAST HWY,CEDAR AV,50,W,N,A,-,Y,LA,7,1,-,-,6.6,H,-,N,Y,4,0,1,5,A,-,01,23152,A,N,-,E,A,A,H,-,C,D,0,NA,NA,NA,NA,Y,NA,A,NA,0,0,1,0,0,0,0,0,0,-,-,NA,NA,LOS ANGELES,LONG BEACH,-118.19515287,33.78991959
8187991,2016,2016-12-30,1942,2016-11-07,1508,39708,0822,1,5,7,1942,0,0,0,H,0,8A1,SUNSET BL,LOS LIONES DR,240,W,N,A,-,N,NA,NA,NA,NA,NA,NA,NA,NA,NA,Y,3,0,1,2,A,-,08,22107,NA,N,F,C,A,A,H,-,A,D,0,NA,NA,NA,NA,Y,NA,A,01,0,1,0,0,0,0,0,0,0,-,-,NA,NA,LOS ANGELES,LOS ANGELES,-118.55396901,34.04250198
8187996,2016,2017-03-04,1942,2016-12-12,1525,38887,1751,1,5,7,1942,0,0,0,Q,0,15TL42,TOPANGA CANYON BL,LASSEN ST,60,S,N,B,-,Y,LA,7,27,-,-,18.12,H,-,N,Y,4,0,1,2,A,-,09,21804,A,N,D,C,A,A,H,-,A,D,0,NA,NA,NA,NA,Y,NA,A,01,0,0,1,0,0,0,0,0,0,-,-,NA,NA,LOS ANGELES,LOS ANGELES,-118.60597178,34.24979991
8187999,2016,2016-12-30,1942,2016-11-09,1230,39022,0882,3,5,7,1942,0,0,0,H,0,14TL52,PICO BL,SAWTELLE BL,0,NA,Y,A,-,N,NA,NA,NA,NA,NA,NA,NA,NA,NA,Y,4,0,1,2,A,-,09,21801,A,N,A,C,A,A,H,-,A,A,0,NA,NA,NA,NA,Y,NA,A,01,0,0,1,0,0,0,0,0,0,-,-,NA,NA,LOS ANGELES,LOS ANGELES,-118.43868009,34.03521008