CASE_ID,ACCIDENT_YEAR,PROC_DATE,JURIS,COLLISION_DATE,COLLISION_TIME,OFFICER_ID,REPORTING_DISTRICT,DAY_OF_WEEK,CHP_SHIFT,POPULATION,CNTY_CITY_LOC,SPECIAL_COND,BEAT_TYPE,CHP_BEAT_TYPE,CITY_DIVISION_LAPD,CHP_BEAT_CLASS,BEAT_NUMBER,PRIMARY_RD,SECONDARY_RD,DISTANCE,DIRECTION,INTERSECTION,WEATHER_1,WEATHER_2,STATE_HWY_IND,CALTRANS_COUNTY,CALTRANS_DISTRICT,STATE_ROUTE,ROUTE_SUFFIX,POSTMILE_PREFIX,POSTMILE,LOCATION_TYPE,RAMP_INTERSECTION,SIDE_OF_HWY,TOW_AWAY,COLLISION_SEVERITY,NUMBER_KILLED,NUMBER_INJURED,PARTY_COUNT,PRIMARY_COLL_FACTOR,PCF_CODE_OF_VIOL,PCF_VIOL_CATEGORY,PCF_VIOLATION,PCF_VIOL_SUBSECTION,HIT_AND_RUN,TYPE_OF_COLLISION,MVIW,PED_ACTION,ROAD_SURFACE,ROAD_COND_1,ROAD_COND_2,LIGHTING,CONTROL_DEVICE,CHP_ROAD_TYPE,PEDESTRIAN_ACCIDENT,BICYCLE_ACCIDENT,MOTORCYCLE_ACCIDENT,TRUCK_ACCIDENT,NOT_PRIVATE_PROPERTY,ALCOHOL_INVOLVED,STWD_VEHTYPE_AT_FAULT,CHP_VEHTYPE_AT_FAULT,COUNT_SEVERE_INJ,COUNT_VISIBLE_INJ,COUNT_COMPLAINT_PAIN,COUNT_PED_KILLED,COUNT_PED_INJURED,COUNT_BICYCLIST_KILLED,COUNT_BICYCLIST_INJURED,COUNT_MC_KILLED,COUNT_MC_INJURED,PRIMARY_RAMP,SECONDARY_RAMP,LATITUDE,LONGITUDE,COUNTY,CITY,POINT_X,POINT_Y
8190838,2016,2016-12-20,1900,2016-11-30,1342,514312,0634,3,5,6,1985,0,0,0,NA,0,63T1,RAINBOW GLEN DR,GOLDEN TRIANGLE RD,0,NA,Y,A,-,N,NA,NA,NA,NA,NA,NA,NA,NA,NA,Y,4,0,1,3,A,-,04,21703,NA,N,C,C,A,A,H,-,A,D,0,NA,NA,NA,NA,Y,NA,A,07,0,0,1,0,0,0,0,0,0,-,-,NA,NA,LOS ANGELES,SANTA CLARITA,-118.49022001,34.42093006
8190842,2016,2016-12-20,1941,2016-11-20,0630,10553,NA,7,5,7,1941,0,0,0,NA,0,NA,ANAHEIM ST,SAINT LOUIS AV,250,E,N,A,-,N,NA,NA,NA,NA,NA,NA,NA,NA,NA,Y,4,0,1,4,A,-,09,21800,A,M,D,C,A,B,H,-,A,D,0,NA,NA,NA,NA,Y,Y,D,NA,0,0,1,0,0,0,0,0,0,-,-,NA,NA,LOS ANGELES,LONG BEACH,-118.16576898,33.7826
8190862,2016,2016-12-20,1900,2016-11-30,2205,530600,0613,3,5,6,1985,0,0,0,NA,0,61T1,WHITES CANYON RD,SOLEDAD CANYON RD,64,N,N,A,-,N,NA,NA,NA,NA,NA,NA,NA,NA,NA,N,4,0,1,2,A,-,04,21703,NA,M,C,C,A,A,H,-,C,A,0,NA,NA,NA,NA,Y,NA,A,01,0,0,1,0,0,0,0,0,0,-,-,NA,NA,LOS ANGELES,SANTA CLARITA,-118.47217,34.41589555
8190866,2016,2016-12-20,1900,2016-11-30,0915,523421,0641,3,5,6,1985,0,0,0,NA,0,64T1,BOUQUET CANYON RD,PLUM CANYON RD,41,N,N,A,-,N,NA,NA,NA,NA,NA,NA,NA,NA,NA,Y,4,0,2,2,A,-,12,21453,A,N,D,C,A,A,H,-,A,A,0,NA,NA,NA,NA,Y,NA,A,01,0,0,2,0,0,0,0,0,0,-,-,NA,NA,LOS ANGELES,SANTA CLARITA,-118.49813204,34.45000735
8190870,2016,2016-12-20,1900,2016-11-28,2040,530184,0622,1,5,6,1985,0,0,0,NA,0,62T1,ORCHARD VILLAGE RD,MILL VALLEY RD,0,NA,Y,A,-,N,NA,NA,NA,NA,NA,NA,NA,NA,NA,Y,4,0,4,2,A,-,09,21801,A,N,D,C,A,A,H,-,C,A,0,NA,NA,NA,NA,Y,NA,A,07,0,0,4,0,0,0,0,0,0,-,-,NA,NA,LOS ANGELES,SANTA CLARITA,-118.55018008,34.39254002
8190874,2016,2017-03-04,1900,2016-11-23,1815,530600,06,3,5,6,1985,0,0,0,NA,0,62T1,SIERRA HWY,RT 14,11,W,N,A,-,Y,LA,7,14,-,R,52.524,R,4,N,Y,4,0,2,2,A,-,09,21801,A,N,D,D,A,A,H,-,C,D,0,NA,NA,NA,NA,Y,NA,A,08,0,0,2,0,0,0,0,0,0,-,SF,NA,NA,LOS ANGELES,SANTA CLARITA,-118.13538657,34.49022956
8190878,2016,2016-12-20,1900,2016-11-22,1835,480759,0611,2,5,6,1985,0,0,0,NA,0,60T2,GOLDEN VALLEY RD,FIVE KNOLLS RD,0,NA,Y,A,-,N,NA,NA,NA,NA,NA,NA,NA,NA,NA,Y,3,0,2,3,A,-,09,21801,A,N,D,C,A,A,H,-,C,A,0,NA,NA,NA,NA,Y,NA,A,07,0,1,1,0,0,0,0,0,0,-,-,NA,NA,LOS ANGELES,SANTA CLARITA,-118.49943,34.43043
8190908,2016,2016-12-22,1941,2016-12-06,2100,10338,NA,2,5,7,1941,0,0,0,NA,0,NA,ATLANTIC AV,33RD ST,0,NA,Y,A,-,N,NA,NA,NA,NA,NA,NA,NA,NA,NA,N,4,0,2,3,A,-,04,21703,NA,M,C,C,A,A,H,-,C,A,0,NA,NA,NA,NA,Y,NA,-,NA,0,0,2,0,0,0,0,0,0,-,-,NA,NA,LOS ANGELES,LONG BEACH,-118.18503011,33.81710009
8191022,2016,2016-12-21,1900,2016-12-01,1900,476466,0633,4,5,6,1985,0,0,0,NA,0,63T1,LOST CANYON RD,GOLDEN VALLEY RD,10,S,N,A,-,N,NA,NA,NA,NA,NA,NA,NA,NA,NA,Y,4,0,2,2,A,-,09,21804,A,N,D,C,A,A,H,-,C,D,0,NA,NA,NA,NA,Y,NA,A,01,0,0,2,0,0,0,0,0,0,-,-,NA,NA,LOS ANGELES,SANTA CLARITA,-118.46298,34.39381
8191026,2016,2016-12-21,1900,2016-12-04,1455,530184,0624,7,5,6,1985,0,0,0,NA,0,62T1,AVENIDA CAPPELA,WILEY CANYON RD,0,NA,Y,A,-,N,NA,NA,NA,NA,NA,NA,NA,NA,NA,Y,4,0,1,2,A,-,12,21453,A,N,D,C,A,A,H,-,A,A,0,NA,NA,NA,NA,Y,NA,A,08,0,0,1,0,0,0,0,0,0,-,-,NA,NA,LOS ANGELES,SANTA CLARITA,-118.55197013,34.38457007
8191030,2016,2016-12-21,1900,2016-12-04,0540,465550,0642,7,5,6,1985,0,0,0,NA,0,60T1,DE CORO DR,VISTA DELGADO DR,420,W,N,A,-,N,NA,NA,NA,NA,NA,NA,NA,NA,NA,Y,4,0,1,1,A,-,01,23152,A,N,E,I,A,A,H,-,C,D,0,NA,NA,NA,NA,Y,Y,A,01,0,0,1,0,0,0,0,0,0,-,-,NA,NA,LOS ANGELES,SANTA CLARITA,-118.53763815,34.44297563
8191034,2016,2016-12-20,1900,2016-12-01,2055,437456,0645,4,5,6,1985,0,0,0,NA,0,64T1,NEWHALL RANCH RD,AVE TIBBITS,150,E,N,A,-,N,NA,NA,NA,NA,NA,NA,NA,NA,NA,Y,4,0,1,2,A,-,01,23152,A,N,B,C,A,A,H,-,C,D,0,NA,NA,NA,NA,Y,Y,A,01,0,0,1,0,0,0,0,0,0,-,-,NA,NA,LOS ANGELES,SANTA CLARITA,-118.56391626,34.43625904
8191038,2016,2016-12-20,1941,2016-12-03,1625,10941,NA,6,5,7,1941,0,0,0,NA,0,NA,PACIFIC AV,7TH ST,0,NA,Y,A,-,N,NA,NA,NA,NA,NA,NA,NA,NA,NA,N,3,0,1,2,A,-,07,21658,A,F,B,C,A,A,H,-,A,A,0,NA,NA,Y,NA,Y,NA,M,NA,0,1,0,0,0,0,0,0,1,-,-,NA,NA,LOS ANGELES,LONG BEACH,-118.1937301,33.77536001
8191050,2016,2017-01-12,1922,2016-11-15,2001,604,NA,2,5,6,1922,0,0,0,NA,0,NA,VALLEY BL,DURFEE AV,40,E,N,A,-,N,NA,NA,NA,NA,NA,NA,NA,NA,NA,Y,2,0,2,2,A,-,03,22350,NA,N,C,C,A,A,H,-,C,A,0,NA,NA,NA,NA,Y,Y,A,01,1,0,1,0,0,0,0,0,0,-,-,34.05976,-118.01328,LOS ANGELES,EL MONTE,-118.01313608,34.05967488
8191054,2016,2016-12-20,1922,2016-11-12,1949,672,P3,6,5,6,1922,0,0,0,NA,0,003,RIO HONDO PKWY,HAVENPARK AV,500,W,N,A,-,N,NA,NA,NA,NA,NA,NA,NA,NA,NA,N,4,0,1,2,A,-,03,22350,NA,N,D,C,A,A,H,-,B,D,0,NA,NA,NA,NA,Y,NA,I,11,0,0,1,0,0,0,0,0,0,-,-,NA,NA,LOS ANGELES,EL MONTE,-118.04953793,34.0660241
8191062,2016,2017-01-11,1922,2016-11-03,0952,502,NA,4,5,6,1922,0,0,0,NA,0,001,SANTA ANITA,VALLEY BL,75,N,N,A,-,N,NA,NA,NA,NA,NA,NA,NA,NA,NA,N,4,0,1,2,-,-,-,NA,NA,N,B,C,A,A,H,-,A,D,0,NA,NA,NA,Y,Y,NA,-,-,0,0,1,0,0,0,0,0,0,-,-,NA,NA,LOS ANGELES,EL MONTE,-118.04100862,34.07666106
8191066,2016,2016-12-20,1922,2016-11-21,0100,671,P1,1,5,6,1922,0,0,0,NA,0,001,LOWER AZUSA AV,ELROVIA AV,30,W,N,C,-,N,NA,NA,NA,NA,NA,NA,NA,NA,NA,Y,4,0,1,3,A,-,12,22450,A,N,D,D,A,B,H,-,C,A,0,NA,NA,NA,NA,Y,Y,A,01,0,0,1,0,0,0,0,0,0,-,-,NA,NA,LOS ANGELES,EL MONTE,-118.01776821,34.09126944
8191069,2016,2016-12-20,1920,2016-11-22,1957,11859,1920,2,5,6,1920,0,0,0,NA,0,001,BELLFLOWER BL,PRISCILLA ST,180,N,N,A,-,N,NA,NA,NA,NA,NA,NA,NA,NA,NA,Y,4,0,2,2,A,-,03,22350,NA,N,C,C,A,A,H,-,C,D,0,NA,NA,NA,NA,Y,NA,D,22,0,0,2,0,0,0,0,0,0,-,-,NA,NA,LOS ANGELES,DOWNEY,-118.12538,33.91209358
8191071,2016,2016-12-27,1900,2016-11-26,1950,500762,2112,6,5,5,1943,0,0,0,NA,0,212T3,IMPERIAL HWY,LOS FLORES AV,200,W,N,A,-,N,NA,NA,NA,NA,NA,NA,NA,NA,NA,Y,4,0,3,3,A,-,03,22350,NA,N,D,C,A,B,H,-,C,A,0,NA,NA,NA,NA,Y,NA,D,22,0,0,3,0,0,0,0,0,0,-,-,NA,NA,LOS ANGELES,LYNWOOD,-118.20489042,33.93055338
8191075,2016,2016-12-22,1900,2016-11-14,1005,543260,2116,1,5,5,1943,0,0,0,NA,0,NA,BUTLER AV,BELLINGER ST,240,W,N,A,-,N,NA,NA,NA,NA,NA,NA,NA,NA,NA,Y,3,0,2,2,A,-,05,21650,E,N,D,C,A,A,H,-,A,D,0,NA,NA,NA,Y,Y,NA,A,01,0,1,1,0,0,0,0,0,0,-,-,NA,NA,LOS ANGELES,LYNWOOD,-118.22066999,33.92344069
8191107,2016,2017-01-03,1900,2016-11-20,2120,533380,2112,7,5,5,1943,0,0,0,NA,0,212T4,LONG BEACH BL,ALMA AV,100,N,N,A,-,N,NA,NA,NA,NA,NA,NA,NA,NA,NA,N,4,0,1,2,A,-,03,22350,NA,F,C,C,A,A,H,-,A,A,0,NA,NA,NA,NA,Y,NA,D,22,0,0,1,0,0,0,0,0,0,-,-,NA,NA,LOS ANGELES,LYNWOOD,-118.21320798,33.93563642
8191116,2016,2017-02-01,1900,2016-12-12,1125,524146,2928,1,5,5,1990,0,0,0,NA,0,292T1,GOLDEN SPRINGS DR,BREA CANYON RD,30,W,N,A,-,N,NA,NA,NA,NA,NA,NA,NA,NA,NA,N,2,0,1,2,D,-,00,NA,NA,N,G,B,B,A,H,-,A,A,0,Y,NA,NA,Y,Y,NA,-,-,1,0,0,0,1,0,0,0,0,-,-,NA,NA,LOS ANGELES,DIAMOND BAR,-117.8444078,33.99988237
8191120,2016,2016-12-21,1900,2016-12-07,1045,281409,2913,3,5,4,1974,0,0,0,NA,0,291K2D,LEMON AV,PASEO DEL PRADO,350,S,N,B,-,N,NA,NA,NA,NA,NA,NA,NA,NA,NA,Y,4,0,2,2,A,-,09,21804,A,N,D,C,A,A,H,-,A,D,0,NA,NA,NA,NA,Y,NA,D,22,0,0,2,0,0,0,0,0,0,-,-,NA,NA,LOS ANGELES,WALNUT,-117.85994894,34.01091505
8191122,2016,2016-12-20,1922,2016-11-04,0254,664,P1,5,5,6,1922,0,0,0,NA,0,NA,PECK RD,LAMBERT AV,200,N,N,A,-,N,NA,NA,NA,NA,NA,NA,NA,NA,NA,Y,3,0,1,1,A,-,01,23152,B,N,E,I,A,A,H,-,C,D,0,NA,NA,NA,NA,Y,Y,-,NA,0,1,0,0,0,0,0,0,0,-,-,34.08219,-118.01864,LOS ANGELES,EL MONTE,-118.01858744,34.08270649
8191123,2016,2016-12-20,1920,2016-11-24,0015,11859,1920,4,5,6,1920,0,0,0,NA,0,002,PARAMOUNT BL,STEWART AND GRAY RD,72,S,N,A,-,N,NA,NA,NA,NA,NA,NA,NA,NA,NA,Y,4,0,1,2,A,-,09,21801,A,N,D,C,A,A,H,-,C,D,0,NA,NA,NA,NA,Y,NA,A,01,0,0,1,0,0,0,0,0,0,-,-,NA,NA,LOS ANGELES,DOWNEY,-118.14390785,33.93463379
8191127,2016,2016-12-20,1920,2016-11-23,1843,11859,1920,3,5,6,1920,0,0,0,NA,0,003,FIRESTONE BL,WILEY BURKE AV,0,NA,Y,A,-,N,NA,NA,NA,NA,NA,NA,NA,NA,NA,N,3,0,2,2,A,-,09,21801,A,N,D,C,A,A,H,-,C,D,0,NA,NA,NA,NA,Y,NA,A,01,0,1,1,0,0,0,0,0,0,-,-,NA,NA,LOS ANGELES,DOWNEY,-118.14518005,33.94668009
8191128,2016,2016-12-20,1900,2016-11-30,2150,600125,NA,3,5,6,1985,0,0,0,NA,0,62T1,MCBEAN PKWY,ARROYO PARK DR,34,S,N,A,-,N,NA,NA,NA,NA,NA,NA,NA,NA,NA,N,4,0,1,2,A,-,03,22350,NA,N,C,C,A,A,H,-,C,A,0,NA,NA,NA,NA,Y,Y,A,07,0,0,1,0,0,0,0,0,0,-,-,NA,NA,LOS ANGELES,SANTA CLARITA,-118.55327573,34.40457344
8191130,2016,2016-12-20,1900,2016-11-16,1100,524060,2111,3,5,5,1943,0,0,0,NA,0,212T8,IMPERIAL HWY,STATE ST,380,E,N,A,-,N,NA,NA,NA,NA,NA,NA,NA,NA,NA,N,4,0,2,2,B,-,22,NA,NA,N,C,C,A,A,H,-,A,A,0,NA,NA,NA,NA,Y,NA,A,01,0,0,2,0,0,0,0,0,0,-,-,NA,NA,LOS ANGELES,LYNWOOD,-118.21520477,33.93036774
8191131,2016,2016-12-20,1920,2016-11-23,1237,12476,NA,3,5,6,1920,0,0,0,NA,0,002,PARAMOUNT BL,STEWART AND GRAY RD,25,N,N,A,-,N,NA,NA,NA,NA,NA,NA,NA,NA,NA,N,4,0,1,2,A,-,21,22106,NA,N,C,C,A,A,H,-,A,A,0,NA,NA,NA,NA,Y,NA,A,01,0,0,1,0,0,0,0,0,0,-,-,NA,NA,LOS ANGELES,DOWNEY,-118.1437364,33.93485813
8191132,2016,2016-12-20,1900,2016-11-30,0938,447537,0612,3,5,6,1985,0,0,0,NA,0,61T1,DELIGHT ST,BAKERTON AV,8,S,N,A,-,N,NA,NA,NA,NA,NA,NA,NA,NA,NA,N,3,0,1,2,A,-,10,21950,A,N,G,B,B,A,H,-,A,D,0,Y,NA,NA,NA,Y,NA,A,01,0,1,0,0,1,0,0,0,0,-,-,NA,NA,LOS ANGELES,SANTA CLARITA,-118.46487193,34.4249677
8191134,2016,2017-01-07,1900,2016-11-21,1658,526358,2116,1,5,5,1943,0,0,0,NA,0,212T3,SANTA FE AV,CARLIN AV,0,NA,Y,A,-,N,NA,NA,NA,NA,NA,NA,NA,NA,NA,Y,4,0,1,2,A,-,09,21802,A,N,A,C,A,A,H,-,C,D,0,NA,NA,NA,NA,Y,NA,A,01,0,0,1,0,0,0,0,0,0,-,-,NA,NA,LOS ANGELES,LYNWOOD,-118.21726001,33.91500005
8191135,2016,2016-12-20,1920,2016-11-25,1737,12323,NA,5,5,6,1920,0,0,0,NA,0,005,LAKEWOOD BL,CHEROKEE AV,10,N,N,A,-,N,NA,NA,NA,NA,NA,NA,NA,NA,NA,Y,3,0,1,2,A,-,09,21801,A,N,D,C,A,A,H,-,C,A,0,NA,NA,NA,NA,Y,NA,A,07,0,1,0,0,0,0,0,0,0,-,-,NA,NA,LOS ANGELES,DOWNEY,-118.11952662,33.94322505
8191138,2016,2016-12-21,1900,2016-11-13,1815,526358,2113,7,5,5,1943,0,0,0,NA,0,212T3,IMPERIAL HWY,BULLIS RD,0,NA,Y,A,-,N,NA,NA,NA,NA,NA,NA,NA,NA,NA,N,3,0,1,2,A,-,08,22107,NA,M,B,C,A,A,H,-,C,A,0,NA,NA,NA,NA,Y,NA,A,07,0,1,0,0,0,0,0,0,0,-,-,NA,NA,LOS ANGELES,LYNWOOD,-118.19755013,33.93190009
8191139,2016,2016-12-27,1920,2016-11-26,0931,12476,NA,6,5,6,1920,0,0,0,NA,0,006,IMPERIAL HWY,LAKEWOOD BL,430,W,N,A,-,N,NA,NA,NA,NA,NA,NA,NA,NA,NA,Y,4,0,1,2,A,-,03,22350,NA,N,C,C,A,A,H,-,A,D,0,NA,NA,NA,NA,Y,NA,A,01,0,0,1,0,0,0,0,0,0,-,-,NA,NA,LOS ANGELES,DOWNEY,-118.13923069,33.91722034
8191142,2016,2016-12-20,1900,2016-11-19,1555,500762,2111,6,5,5,1943,0,0,0,NA,0,212T3,STATE ST,FERNWOOD AV,0,NA,Y,A,-,N,NA,NA,NA,NA,NA,NA,NA,NA,NA,N,4,0,1,2,A,-,01,23152,A,N,C,C,A,A,H,-,A,A,0,NA,NA,NA,NA,Y,Y,A,01,0,0,1,0,0,0,0,0,0,-,-,NA,NA,LOS ANGELES,LYNWOOD,-118.2169601,33.92865006
8191143,2016,2016-12-20,1920,2016-11-29,1731,11859,NA,2,5,6,1920,0,0,0,NA,0,005,FIRESTONE BL,BROOKSHIRE AV,0,NA,Y,A,-,N,NA,NA,NA,NA,NA,NA,NA,NA,NA,Y,4,0,3,2,A,-,09,21801,A,N,D,C,A,A,H,-,B,A,0,NA,NA,NA,NA,Y,NA,A,07,0,0,3,0,0,0,0,0,0,-,-,NA,NA,LOS ANGELES,DOWNEY,-118.12966004,33.93822004
8191147,2016,2016-12-20,1920,2016-11-30,2315,11859,1920,3,5,6,1920,0,0,0,NA,0,004,FIRESTONE BL,STONEWOOD ST,65,W,N,A,-,N,NA,NA,NA,NA,NA,NA,NA,NA,NA,Y,3,0,2,1,A,-,08,22107,NA,N,E,J,A,A,H,-,C,D,0,NA,NA,NA,NA,Y,NA,A,07,0,2,0,0,0,0,0,0,0,-,-,NA,NA,LOS ANGELES,DOWNEY,-118.12083698000001,33.93392003
8191154,2016,2016-12-20,1922,2016-11-09,0840,576,NA,3,5,6,1922,0,0,0,NA,0,NA,MERCED AV,GARVEY AV,0,NA,Y,A,-,N,NA,NA,NA,NA,NA,NA,NA,NA,NA,N,4,0,1,2,A,-,10,21950,A,N,G,B,B,A,H,-,A,A,0,Y,NA,NA,NA,Y,NA,A,01,0,0,1,0,1,0,0,0,0,-,-,NA,NA,LOS ANGELES,EL MONTE,-118.05137002,34.06274011
8191158,2016,2016-12-20,1922,2016-11-15,1315,576,NA,2,5,6,1922,0,0,0,NA,0,NA,LOWER AZUSA RD,SAMS CLUB ENTRANCE SOUTH,30,W,N,A,-,N,NA,NA,NA,NA,NA,NA,NA,NA,NA,N,4,0,3,4,A,-,03,22350,NA,N,C,C,A,A,H,-,A,A,0,NA,NA,NA,NA,Y,NA,A,01,0,0,3,0,0,0,0,0,0,-,-,NA,NA,LOS ANGELES,EL MONTE,-118.029397,34.092418
8191162,2016,2016-12-20,1922,2016-11-23,2231,668,NA,3,5,6,1922,0,0,0,NA,0,001,LOWER AZUSA RD,BALDWIN AV,0,NA,Y,A,-,N,NA,NA,NA,NA,NA,NA,NA,NA,NA,Y,4,0,1,2,A,-,09,21801,A,N,D,C,A,A,H,-,C,A,0,NA,NA,NA,NA,Y,NA,A,01,0,0,1,0,0,0,0,0,0,-,-,34.0905,-118.04891,LOS ANGELES,EL MONTE,-118.04897012,34.09069009
8191166,2016,2016-12-20,1922,2016-11-11,1208,673,P4,5,5,6,1922,0,0,0,NA,0,004,VALLEY BL,MOUNTAIN VIEW RD,10,E,N,A,-,N,NA,NA,NA,NA,NA,NA,NA,NA,NA,N,3,0,1,2,A,-,08,22100,B,N,G,B,B,A,H,-,A,A,0,Y,NA,NA,NA,Y,NA,A,01,0,1,0,0,1,0,0,0,0,-,-,NA,NA,LOS ANGELES,EL MONTE,-118.02078452,34.06380262
8191170,2016,2016-12-20,1922,2016-11-10,1433,641,P2,4,5,6,1922,0,0,0,NA,0,002,EXLINE ST,BELCROFT AV,15,W,N,A,-,N,NA,NA,NA,NA,NA,NA,NA,NA,NA,N,3,0,1,2,A,-,11,21954,A,N,G,B,E,A,H,-,A,B,0,Y,NA,NA,NA,Y,NA,N,60,0,1,0,0,1,0,0,0,0,-,-,NA,NA,LOS ANGELES,EL MONTE,-118.01205831,34.06496866
8191171,2016,2016-12-20,1900,2016-11-21,1650,531921,0524,1,5,4,1971,0,0,0,NA,0,52T1PM,ENCINITA AV,OLIVE ST,10,S,N,A,-,N,NA,NA,NA,NA,NA,NA,NA,NA,NA,N,4,0,1,2,A,-,03,22350,NA,N,C,C,A,A,H,-,A,A,0,NA,NA,NA,NA,Y,NA,A,01,0,0,1,0,0,0,0,0,0,-,-,NA,NA,LOS ANGELES,TEMPLE CITY,-118.06786937,34.09660259
8191174,2016,2016-12-27,1922,2016-11-10,2225,670,NA,4,5,6,1922,0,0,0,NA,0,NA,PECK,HEMLOCK,0,NA,-,A,-,N,NA,NA,NA,NA,NA,NA,NA,NA,NA,NA,4,0,1,2,A,-,12,21453,A,N,B,C,A,A,H,-,C,A,0,NA,NA,NA,NA,Y,NA,A,01,0,0,1,0,0,0,0,0,0,-,-,NA,NA,LOS ANGELES,EL MONTE,-118.01178012,34.09667001
8191175,2016,2017-01-07,1920,2016-11-13,1800,12510,NA,7,5,6,1920,0,0,0,NA,0,006,FIRESTONE BL,PATTON RD,0,NA,Y,A,-,N,NA,NA,NA,NA,NA,NA,NA,NA,NA,Y,4,0,3,2,A,-,12,21453,A,N,D,C,A,A,H,-,C,A,0,NA,NA,NA,NA,Y,NA,-,-,0,0,3,0,0,0,0,0,0,-,-,NA,NA,LOS ANGELES,DOWNEY,-118.12767005,33.93730002
8191178,2016,2016-12-20,1900,2016-11-20,1835,602,NA,7,5,4,1971,0,0,0,NA,0,NA,LOWER AZUSA,ROWLAND,200,W,N,B,C,N,NA,NA,NA,NA,NA,NA,NA,NA,NA,Y,3,0,1,4,A,-,03,22350,NA,N,B,E,A,B,H,-,C,D,0,NA,NA,NA,NA,Y,Y,A,01,0,1,0,0,0,0,0,0,0,-,-,34.0905,-118.04891,LOS ANGELES,TEMPLE CITY,-118.05107357,34.09034801
8191179,2016,2016-12-20,1920,2016-11-24,1159,12476,NA,4,5,6,1920,0,0,0,NA,0,006,FIRESTONE BL,BROOKSHIRE AV,425,E,N,A,-,N,NA,NA,NA,NA,NA,NA,NA,NA,NA,N,4,0,1,2,A,-,09,21804,A,N,H,G,A,A,H,-,A,D,0,NA,Y,NA,NA,Y,NA,A,07,0,0,1,0,0,0,1,0,0,-,-,NA,NA,LOS ANGELES,DOWNEY,-118.12843911,33.93765198
8191183,2016,2017-03-04,1900,2016-11-12,1710,407639,1335,6,5,5,1908,0,0,0,NA,0,132T1,RT 19,ASHWORTH ST,200,N,N,A,-,Y,LA,7,19,-,-,55.49,H,-,N,Y,4,0,3,2,A,-,03,22350,NA,N,C,C,A,A,H,-,C,D,0,NA,NA,NA,NA,Y,NA,A,01,0,0,3,0,0,0,0,0,0,-,-,NA,NA,LOS ANGELES,BELLFLOWER,NA,NA
8191184,2016,2016-12-20,1900,2016-11-14,0850,413778,1327,1,5,5,1935,0,0,0,NA,0,132T1,CENTRALIA ST,PIONEER BL,108,W,N,A,-,N,NA,NA,NA,NA,NA,NA,NA,NA,NA,Y,3,0,1,2,A,-,08,22100,A,N,B,C,A,A,H,-,A,D,0,NA,NA,Y,NA,Y,NA,C,02,0,1,0,0,0,0,0,0,1,-,-,NA,NA,LOS ANGELES,LAKEWOOD,-118.08232488,33.83871
8191190,2016,2016-12-20,1922,2016-11-22,1707,502,NA,2,5,6,1922,0,0,0,NA,0,003,GARVEY,GRANADA,0,NA,Y,A,-,N,NA,NA,NA,NA,NA,NA,NA,NA,NA,N,4,0,2,3,A,-,03,22350,NA,M,C,C,A,A,H,-,C,A,0,NA,NA,NA,NA,Y,NA,A,07,0,0,2,0,0,0,0,0,0,-,-,NA,NA,LOS ANGELES,EL MONTE,-118.04140008,34.06277009
8191194,2016,2016-12-20,1922,2016-11-29,1219,502,NA,2,5,6,1922,0,0,0,NA,0,005,ROSEMEAD BL,TELSTAR AV,0,NA,Y,A,-,N,NA,NA,NA,NA,NA,NA,NA,NA,NA,Y,4,0,3,2,A,-,12,21453,A,N,D,C,A,A,H,-,A,A,0,NA,NA,NA,NA,Y,NA,A,01,0,0,3,0,0,0,0,0,0,-,-,NA,NA,LOS ANGELES,EL MONTE,-118.07074,34.06813001
8191198,2016,2016-12-27,1922,2016-11-28,1820,563,NA,1,5,6,1922,0,0,0,NA,0,NA,DURFEE AV,RT 10,0,NA,Y,A,-,N,NA,NA,NA,NA,NA,NA,NA,NA,NA,N,4,0,1,2,A,-,08,22107,NA,N,D,C,A,A,H,-,C,A,0,NA,NA,NA,NA,Y,NA,A,01,0,0,1,0,0,0,0,0,0,-,-,34.06437,-118.01122,LOS ANGELES,EL MONTE,-118.01122999,34.0643301
8191282,2016,2016-12-21,1900,2016-12-09,1540,525763,0531,5,5,5,1959,0,0,0,NA,0,53T1PM,VALLEY BL,IVAR AV,142,E,N,A,-,N,NA,NA,NA,NA,NA,NA,NA,NA,NA,N,4,0,1,2,A,-,08,22107,NA,N,D,G,A,A,H,-,A,D,0,NA,Y,NA,NA,Y,NA,L,04,0,0,1,0,0,0,1,0,0,-,-,NA,NA,LOS ANGELES,ROSEMEAD,-118.0749925,34.0807767
8191283,2016,2017-01-13,1929,2016-12-10,1344,191,2,6,5,3,1929,0,0,0,NA,0,NA,VALLEY DR,29TH ST,27,S,N,A,-,N,NA,NA,NA,NA,NA,NA,NA,NA,NA,Y,3,0,1,1,A,-,08,22107,NA,N,E,I,A,A,H,-,A,D,0,NA,NA,NA,NA,Y,NA,-,NA,0,1,0,0,0,0,0,0,0,-,-,NA,NA,LOS ANGELES,HERMOSA BEACH,-118.40166143,33.87561988
8191285,2016,2016-12-22,1906,2016-11-24,2033,2891,1906,4,5,5,1906,0,0,0,NA,0,001,RAMONA BL,BARNES,50,E,N,A,-,N,NA,NA,NA,NA,NA,NA,NA,NA,NA,N,4,0,1,2,A,-,03,22350,NA,M,C,C,A,A,-,-,C,D,0,NA,NA,NA,NA,Y,NA,-,-,0,0,1,0,0,0,0,0,0,-,-,NA,NA,LOS ANGELES,BALDWIN PARK,-117.99311097,34.07873578
8191286,2016,2016-12-21,1900,2016-12-10,1234,536381,0521,6,5,4,1971,0,0,0,NA,0,52T1AM,LAS TUNAS DR,KAUFFMAN AV,5,N,N,A,-,N,NA,NA,NA,NA,NA,NA,NA,NA,NA,N,3,0,1,2,A,-,10,21950,A,N,B,B,B,A,H,-,A,A,0,Y,NA,NA,NA,Y,NA,A,08,0,1,0,0,1,0,0,0,0,-,-,NA,NA,LOS ANGELES,TEMPLE CITY,-118.05804377,34.10709239