CASE_ID,ACCIDENT_YEAR,PROC_DATE,JURIS,COLLISION_DATE,COLLISION_TIME,OFFICER_ID,REPORTING_DISTRICT,DAY_OF_WEEK,CHP_SHIFT,POPULATION,CNTY_CITY_LOC,SPECIAL_COND,BEAT_TYPE,CHP_BEAT_TYPE,CITY_DIVISION_LAPD,CHP_BEAT_CLASS,BEAT_NUMBER,PRIMARY_RD,SECONDARY_RD,DISTANCE,DIRECTION,INTERSECTION,WEATHER_1,WEATHER_2,STATE_HWY_IND,CALTRANS_COUNTY,CALTRANS_DISTRICT,STATE_ROUTE,ROUTE_SUFFIX,POSTMILE_PREFIX,POSTMILE,LOCATION_TYPE,RAMP_INTERSECTION,SIDE_OF_HWY,TOW_AWAY,COLLISION_SEVERITY,NUMBER_KILLED,NUMBER_INJURED,PARTY_COUNT,PRIMARY_COLL_FACTOR,PCF_CODE_OF_VIOL,PCF_VIOL_CATEGORY,PCF_VIOLATION,PCF_VIOL_SUBSECTION,HIT_AND_RUN,TYPE_OF_COLLISION,MVIW,PED_ACTION,ROAD_SURFACE,ROAD_COND_1,ROAD_COND_2,LIGHTING,CONTROL_DEVICE,CHP_ROAD_TYPE,PEDESTRIAN_ACCIDENT,BICYCLE_ACCIDENT,MOTORCYCLE_ACCIDENT,TRUCK_ACCIDENT,NOT_PRIVATE_PROPERTY,ALCOHOL_INVOLVED,STWD_VEHTYPE_AT_FAULT,CHP_VEHTYPE_AT_FAULT,COUNT_SEVERE_INJ,COUNT_VISIBLE_INJ,COUNT_COMPLAINT_PAIN,COUNT_PED_KILLED,COUNT_PED_INJURED,COUNT_BICYCLIST_KILLED,COUNT_BICYCLIST_INJURED,COUNT_MC_KILLED,COUNT_MC_INJURED,PRIMARY_RAMP,SECONDARY_RAMP,LATITUDE,LONGITUDE,COUNTY,CITY,POINT_X,POINT_Y
8194191,2016,2016-12-29,1953,2016-11-10,1100,3833,1953,4,5,6,1953,0,0,0,NA,0,004,E COLORADO BL,EL NIDO AV,0,NA,Y,A,-,N,NA,NA,NA,NA,NA,NA,NA,NA,NA,Y,3,0,2,2,A,-,07,21658,A,N,B,C,A,A,H,-,A,D,0,NA,NA,NA,NA,Y,NA,-,-,0,1,1,0,0,0,0,0,0,-,-,NA,NA,LOS ANGELES,PASADENA,-118.08929002000001,34.14619005
8194206,2016,2017-01-12,1900,2016-12-05,1712,549496,0531,1,5,5,1959,0,0,0,NA,0,53/PM,IVAR AV,NEVADA AV,0,NA,Y,A,-,N,NA,NA,NA,NA,NA,NA,NA,NA,NA,N,4,0,1,2,A,-,09,21801,A,N,D,G,A,A,H,-,D,D,0,NA,Y,NA,NA,Y,NA,A,01,0,0,1,0,0,0,1,0,0,-,-,NA,NA,LOS ANGELES,ROSEMEAD,-118.07543,34.07942002
8194235,2016,2016-12-29,1942,2016-11-10,1545,38171,0111,4,5,7,1942,0,0,0,A,0,24T54,GRAND AV,CESAR CHAVEZ AV,19,S,N,A,-,N,NA,NA,NA,NA,NA,NA,NA,NA,NA,N,4,0,1,2,A,-,09,21801,A,N,A,G,A,A,H,-,A,-,0,NA,Y,NA,NA,Y,NA,L,04,0,0,1,0,0,0,1,0,0,-,-,NA,NA,LOS ANGELES,LOS ANGELES,-118.243929,34.06059
8194239,2016,2016-12-29,1942,2016-11-04,2210,41743,0152,5,5,7,1942,0,0,0,A,0,1A29,FIGUEROA,5TH ST,0,NA,-,A,-,N,NA,NA,NA,NA,NA,NA,NA,NA,NA,N,4,0,1,2,A,-,11,21453,D,N,B,G,A,A,H,-,C,A,0,NA,Y,NA,NA,Y,NA,L,04,0,0,1,0,0,0,1,0,0,-,-,NA,NA,LOS ANGELES,LOS ANGELES,-118.25712004,34.05228002
8194241,2016,2016-12-28,1942,2016-12-09,1500,41300,0377,5,5,7,1942,0,0,0,C,0,3A12,BUDLONG,38TH ST,0,NA,Y,A,-,N,NA,NA,NA,NA,NA,NA,NA,NA,NA,Y,4,0,2,2,A,-,12,22450,NA,N,D,C,A,A,-,-,A,-,0,NA,NA,NA,NA,Y,NA,A,07,0,0,2,0,0,0,0,0,0,-,-,NA,NA,LOS ANGELES,LOS ANGELES,-118.29585012,34.0173301
8194246,2016,2016-12-28,1909,2016-12-09,0748,563,1909,5,5,4,1909,0,0,0,NA,0,NA,EL SELINDA AV,FLORENCE AV,173,N,N,A,-,N,NA,NA,NA,NA,NA,NA,NA,NA,NA,N,4,0,1,3,A,-,09,21804,A,N,D,C,A,A,H,-,A,D,0,NA,NA,NA,NA,Y,NA,A,01,0,0,1,0,0,0,0,0,0,-,-,NA,NA,LOS ANGELES,BELL GARDENS,-118.1605995,33.967840699999996
8194257,2016,2016-12-28,1942,2016-11-08,1740,37142,407,2,5,7,1942,0,0,0,NA,0,4EL4,HUNTINGTON DR N,TOPAZ ST,0,NA,Y,A,-,N,NA,NA,NA,NA,NA,NA,NA,NA,NA,Y,4,0,1,2,A,-,00,51453,A,N,B,C,A,A,H,-,C,A,0,NA,NA,NA,NA,Y,NA,-,-,0,0,1,0,0,0,0,0,0,-,-,NA,NA,LOS ANGELES,LOS ANGELES,-118.19057004,34.08322009
8194261,2016,2016-12-28,1942,2016-11-13,1215,37611,0489,7,5,7,1942,0,0,0,D,0,24T27,8TH ST,MOTT ST,0,NA,Y,A,-,N,NA,NA,NA,NA,NA,NA,NA,NA,NA,Y,4,0,3,2,A,-,03,22350,NA,N,C,C,A,A,H,-,A,D,0,NA,NA,NA,NA,Y,NA,A,01,0,0,3,0,0,0,0,0,0,-,-,NA,NA,LOS ANGELES,LOS ANGELES,-118.21675,34.02693011
8194265,2016,2016-12-28,1942,2016-11-07,0850,42214,0246,1,5,7,1942,0,0,0,B,0,2A47,6TH ST,ALVARADO ST,210,E,N,A,-,N,NA,NA,NA,NA,NA,NA,NA,NA,NA,N,2,0,1,2,C,-,18,NA,NA,N,G,B,E,A,H,-,A,D,0,Y,NA,NA,NA,Y,Y,-,-,1,0,0,0,1,0,0,0,0,-,-,NA,NA,LOS ANGELES,LOS ANGELES,-118.27425907,34.05926954
8194269,2016,2016-12-28,1942,2016-11-20,1730,42345,0328,7,5,7,1942,0,0,0,C,0,3A41,30TH ST,UNIVERSITY AV,0,NA,Y,C,-,N,NA,NA,NA,NA,NA,NA,NA,NA,NA,N,3,0,1,2,A,-,12,22450,A,N,A,G,A,B,-,-,C,D,0,NA,Y,NA,NA,Y,NA,L,04,0,1,0,0,0,0,1,0,0,-,-,NA,NA,LOS ANGELES,LOS ANGELES,-118.28172008,34.02669007
8194273,2016,2016-12-28,1942,2016-11-18,1520,NA,1538,5,5,7,1942,0,0,0,O,0,15A39,ENSIGN AV,BURBANK BL,300,N,N,A,-,N,NA,NA,NA,NA,NA,NA,NA,NA,NA,N,4,0,1,2,A,-,21,22106,NA,N,D,C,A,A,H,-,A,D,0,NA,NA,NA,NA,Y,NA,-,99,0,0,1,0,0,0,0,0,0,-,-,NA,NA,LOS ANGELES,LOS ANGELES,-118.37112,34.17298282
8194277,2016,2017-09-13,1942,2016-11-10,1340,42524,1373,4,5,7,1942,0,0,0,M,0,13A85,MCKINLEY AV,53RD ST WEST,0,NA,Y,A,-,N,NA,NA,NA,NA,NA,NA,NA,NA,NA,N,2,0,1,2,A,-,10,21950,A,N,G,B,E,A,H,-,A,D,0,Y,NA,NA,NA,Y,NA,N,60,1,0,0,0,1,0,0,0,0,-,-,NA,NA,LOS ANGELES,LOS ANGELES,-118.26085007,33.99424005
8194278,2016,2016-12-28,1942,2016-11-08,0850,41750,0895,2,5,7,1942,0,0,0,H,0,8A59,MOTOR AV,MANNING AV,0,NA,-,A,-,N,NA,NA,NA,NA,NA,NA,NA,NA,NA,Y,4,0,1,2,A,-,08,22107,NA,N,A,C,A,A,H,-,A,A,0,NA,NA,Y,NA,Y,NA,C,02,0,0,1,0,0,0,0,0,1,-,-,NA,NA,LOS ANGELES,LOS ANGELES,-118.41069013,34.03379006
8194281,2016,2016-12-28,1942,2016-11-15,0745,42180,1371,2,5,7,1942,0,0,0,M,0,13A85,BROADWAY AV,W 54TH ST,0,NA,Y,A,-,N,NA,NA,NA,NA,NA,NA,NA,NA,NA,N,4,0,1,2,A,-,08,22107,NA,N,G,G,A,A,H,-,A,A,0,NA,Y,NA,NA,Y,NA,-,NA,0,0,1,0,0,0,1,0,0,-,-,NA,NA,LOS ANGELES,LOS ANGELES,-118.2783201,33.99331001
8194282,2016,2016-12-28,1942,2016-11-15,1450,40690,0833,2,5,7,1942,0,0,0,H,0,7TL23,VETERAN AV,WILSHIRE BL,80,S,N,A,-,N,NA,NA,NA,NA,NA,NA,NA,NA,NA,Y,3,0,1,2,A,-,07,21658,A,N,B,C,A,A,H,-,A,D,0,NA,NA,Y,NA,Y,NA,A,08,0,1,0,0,0,0,0,0,1,-,-,NA,NA,LOS ANGELES,LOS ANGELES,-118.44759974,34.05757969
8194285,2016,2016-12-28,1942,2016-11-12,1500,36341,NA,6,5,7,1942,0,0,0,NA,0,13A75,SAN PEDRO ST,WASHINGTON,150,S,N,A,-,N,NA,NA,NA,NA,NA,NA,NA,NA,NA,Y,4,0,1,2,A,-,09,21801,B,N,C,C,A,A,H,-,A,D,0,NA,NA,NA,NA,Y,NA,-,NA,0,0,1,0,0,0,0,0,0,-,-,NA,NA,LOS ANGELES,LOS ANGELES,-118.257674,34.02725334
8194286,2016,2016-12-28,1942,2016-11-29,1900,42004,0729,2,5,7,1942,0,0,0,G,0,7X52,ROSSMORE AV,3RD ST,200,N,N,A,-,N,NA,NA,NA,NA,NA,NA,NA,NA,NA,N,4,0,2,2,A,-,03,22350,NA,N,C,C,A,A,H,-,B,D,0,NA,NA,NA,NA,Y,NA,A,01,0,0,2,0,0,0,0,0,0,-,-,NA,NA,LOS ANGELES,LOS ANGELES,-118.32734143,34.06948845
8194289,2016,2017-01-18,1942,2016-11-01,1210,38912,0497,2,5,7,1942,0,0,0,D,0,4A97,SOTO ST,11TH ST,0,NA,Y,A,-,N,NA,NA,NA,NA,NA,NA,NA,NA,NA,Y,4,0,2,3,A,-,08,22107,NA,N,D,C,A,A,-,-,A,D,0,NA,NA,NA,NA,Y,NA,-,NA,0,0,2,0,0,0,0,0,0,-,-,NA,NA,LOS ANGELES,LOS ANGELES,-118.21997012,34.02325003
8194299,2016,2017-01-17,1941,2016-12-09,1523,10798,NA,5,5,7,1941,0,0,0,NA,0,NA,LONG BEACH BL,45TH ST,0,NA,Y,A,-,N,NA,NA,NA,NA,NA,NA,NA,NA,NA,Y,4,0,1,3,-,-,-,NA,NA,N,C,C,A,A,H,-,A,A,0,NA,NA,NA,NA,Y,NA,-,-,0,0,1,0,0,0,0,0,0,-,-,NA,NA,LOS ANGELES,LONG BEACH,-118.19105002,33.83910005
8194368,2016,2017-01-18,1942,2016-10-11,1000,42123,0899,2,5,7,1942,0,0,0,H,0,8A59,VENICE BL,HUTCHISON,0,NA,Y,A,-,N,NA,NA,NA,NA,NA,NA,NA,NA,NA,N,4,0,1,2,C,-,18,NA,NA,N,C,C,A,A,H,-,A,A,0,NA,NA,NA,NA,Y,NA,-,-,0,0,1,0,0,0,0,0,0,-,-,NA,NA,LOS ANGELES,LOS ANGELES,-118.38438005,34.03164002
8194372,2016,2017-01-18,1942,2016-10-19,0732,36356,0818,3,5,7,1942,0,0,0,H,0,8TL35,GAYLEY AV,CHARLES E YOUNG DR,0,NA,Y,A,-,N,NA,NA,NA,NA,NA,NA,NA,NA,NA,N,4,0,1,2,A,-,17,22517,NA,N,B,E,A,A,H,-,A,A,0,NA,NA,NA,NA,Y,NA,A,01,0,0,1,0,0,0,0,0,0,-,-,NA,NA,LOS ANGELES,LOS ANGELES,-118.44772009,34.06688011
8194376,2016,2017-01-18,1942,2016-10-15,1400,38380,0818,6,5,7,1942,0,0,0,H,0,7TL38,HILGARD AV,WESTHOLME AV,0,NA,Y,A,-,N,NA,NA,NA,NA,NA,NA,NA,NA,NA,Y,3,0,6,4,A,-,03,22350,NA,N,D,C,F,A,H,-,A,A,0,Y,NA,NA,NA,Y,NA,A,01,0,3,3,0,1,0,0,0,0,-,-,NA,NA,LOS ANGELES,LOS ANGELES,-118.43890005,34.06957005
8194380,2016,2017-01-18,1942,2016-11-28,1255,39022,1412,1,5,7,1942,0,0,0,N,0,6T4,ROSE AV,PACIFIC AV,78,W,N,A,-,N,NA,NA,NA,NA,NA,NA,NA,NA,NA,Y,4,0,2,2,A,-,21,22106,NA,N,H,C,A,A,H,-,A,D,0,NA,NA,NA,NA,Y,NA,D,22,0,0,2,0,0,0,0,0,0,-,-,NA,NA,LOS ANGELES,LOS ANGELES,-118.47883852,33.99555753
8194384,2016,2017-01-18,1942,2016-11-26,1420,27641,2019,6,5,7,1942,0,0,0,NA,0,7T38,VIRGIL AV,BEVERLY BL,126,N,N,C,-,N,NA,NA,NA,NA,NA,NA,NA,NA,NA,N,4,0,1,2,A,-,04,21703,NA,N,C,C,A,B,H,-,A,A,0,NA,NA,NA,NA,Y,NA,J,41,0,0,1,0,0,0,0,0,0,-,-,NA,NA,LOS ANGELES,LOS ANGELES,-118.28681718,34.07517555
8194388,2016,2017-01-18,1942,2016-11-10,0700,33191,1409,4,5,7,1942,0,0,0,N,0,14TL49,VENICE BL,HUGHES AV,0,NA,Y,A,-,N,NA,NA,NA,NA,NA,NA,NA,NA,NA,N,4,0,1,2,A,-,09,21801,A,N,D,C,A,A,H,-,A,A,0,NA,NA,NA,NA,Y,NA,A,07,0,0,1,0,0,0,0,0,0,-,-,NA,NA,LOS ANGELES,LOS ANGELES,-118.39888007,34.02340001
8194392,2016,2017-01-18,1942,2016-11-18,0810,37852,1343,5,5,7,1942,0,0,0,M,0,13A43,41ST ST,AVALON BL,0,NA,Y,A,-,N,NA,NA,NA,NA,NA,NA,NA,NA,NA,Y,4,0,1,2,A,-,03,22350,NA,N,C,C,A,A,H,-,A,A,0,NA,NA,NA,NA,Y,NA,A,01,0,0,1,0,0,0,0,0,0,-,-,NA,NA,LOS ANGELES,LOS ANGELES,-118.26527008,34.00918001
8194396,2016,2017-01-18,1942,2016-11-14,1015,39010,1177,1,5,7,1942,0,0,0,K,0,24TL42,AVENUE 26,FIGUEROA ST,52,W,N,A,-,N,NA,NA,NA,NA,NA,NA,NA,NA,NA,Y,3,0,2,2,A,-,03,22350,NA,N,C,C,A,A,H,-,A,A,0,NA,NA,NA,NA,Y,NA,A,01,0,1,1,0,0,0,0,0,0,-,-,NA,NA,LOS ANGELES,LOS ANGELES,-118.22256937,34.08395232
8194400,2016,2017-01-18,1942,2016-11-22,0900,40275,1109,2,5,7,1942,0,0,0,K,0,24T26,COLORADO BL,FIGUEROA ST,290,W,N,A,-,N,NA,NA,NA,NA,NA,NA,NA,NA,NA,N,4,0,1,2,A,-,21,22106,NA,N,D,C,A,A,H,-,A,D,0,NA,NA,NA,NA,Y,NA,D,22,0,0,1,0,0,0,0,0,0,-,-,NA,NA,LOS ANGELES,LOS ANGELES,-118.18825443,34.13778984
8194402,2016,2017-03-01,1900,2016-12-20,1015,525042,1016,2,5,3,1995,0,0,0,NA,0,101T3,RT 1,SERRA RD,2112,S,N,A,-,Y,LA,7,1,-,-,46.41,H,-,S,Y,3,0,1,3,A,-,07,21658,A,N,B,C,A,A,H,-,A,D,0,NA,NA,NA,NA,Y,NA,A,01,0,1,0,0,0,0,0,0,0,-,-,34.03962,-118.66525,LOS ANGELES,MALIBU,-118.67486651,34.03822715
8194406,2016,2017-01-18,1965,2016-12-20,0834,3693,0B1G,2,5,5,1965,0,0,0,NA,0,B001,OLYMPIC DR,AVENIDA MAZALAN,0,NA,Y,A,-,N,NA,NA,NA,NA,NA,NA,NA,NA,NA,N,3,0,1,2,A,-,10,21950,A,N,G,B,B,A,H,-,A,A,0,Y,NA,NA,NA,Y,NA,J,48,0,1,0,0,1,0,0,0,0,-,-,NA,NA,LOS ANGELES,SANTA MONICA,-118.49057008,34.0117201
8194409,2016,2017-01-18,1942,2016-11-22,1830,37613,0647,2,5,7,1942,0,0,0,F,0,7T23,HOLLYWOOD BL,BRONSON AV,0,NA,Y,A,-,N,NA,NA,NA,NA,NA,NA,NA,NA,NA,Y,2,0,1,2,A,-,09,21806,A,N,D,C,A,A,H,-,C,A,0,NA,NA,NA,NA,Y,Y,A,01,1,0,0,0,0,0,0,0,0,-,-,NA,NA,LOS ANGELES,LOS ANGELES,-118.31799008,34.10167009
8194410,2016,2017-01-18,1965,2016-12-12,0945,3553,0B3A,1,5,5,1965,0,0,0,NA,0,B003,WILSHIRE BL,EUCLID ST,74,W,N,A,-,N,NA,NA,NA,NA,NA,NA,NA,NA,NA,N,4,0,1,2,A,-,03,22350,NA,N,C,C,A,A,H,-,A,D,0,NA,NA,NA,NA,Y,NA,I,20,0,0,1,0,0,0,0,0,0,-,-,NA,NA,LOS ANGELES,SANTA MONICA,-118.4899949,34.02587859
8194413,2016,2017-01-18,1972,2016-11-26,1344,19086,NA,6,5,6,1972,0,0,0,NA,0,NA,TORRANCE,DATE,0,NA,Y,C,-,N,NA,NA,NA,NA,NA,NA,NA,NA,NA,N,4,0,1,2,A,-,07,21658,A,N,B,C,A,B,H,-,A,D,0,NA,NA,NA,Y,Y,NA,A,NA,0,0,1,0,0,0,0,0,0,-,-,NA,NA,LOS ANGELES,TORRANCE,-118.32991002,33.83633009
8194417,2016,2017-01-18,1942,2016-12-02,0930,31288,1844,5,5,7,1942,0,0,0,R,0,12T41,WADSWORTH AV,W 112TH ST,10,E,N,A,-,N,NA,NA,NA,NA,NA,NA,NA,NA,NA,N,4,0,1,2,A,-,06,21750,NA,N,B,C,A,A,H,-,A,D,0,NA,NA,NA,Y,Y,NA,A,01,0,0,1,0,0,0,0,0,0,-,-,NA,NA,LOS ANGELES,LOS ANGELES,-118.25861,33.93282
8194421,2016,2017-01-18,1942,2016-12-04,2100,40762,0565,7,5,7,1942,0,0,0,E,0,18T23,GAFFEY ST,7TH ST,0,NA,Y,A,-,N,NA,NA,NA,NA,NA,NA,NA,NA,NA,Y,3,0,2,2,A,-,09,21801,A,N,A,C,A,A,H,-,C,A,0,NA,NA,NA,NA,Y,NA,J,41,0,1,1,0,0,0,0,0,0,-,-,NA,NA,LOS ANGELES,LOS ANGELES,-118.29235011,33.73788009
8194425,2016,2017-01-18,1900,2016-12-18,2000,509580,0644,7,5,6,1985,0,0,0,NA,0,61T1,MAGIC MOUNTAIN PKWY,MCBEAN PKWY,0,NA,Y,A,G,N,NA,NA,NA,NA,NA,NA,NA,NA,NA,Y,4,0,2,2,B,-,22,NA,NA,N,D,C,A,A,H,-,C,A,0,NA,NA,NA,NA,Y,NA,J,48,0,0,2,0,0,0,0,0,0,-,-,NA,NA,LOS ANGELES,SANTA CLARITA,-118.56287003,34.41988003
8194453,2016,2017-01-18,1942,2016-12-10,0530,40690,0648,6,5,7,1942,0,0,0,F,0,6TL7,WESTERN AV,HOLLYWOOD BL,0,NA,Y,A,-,N,NA,NA,NA,NA,NA,NA,NA,NA,NA,N,4,0,1,2,A,-,00,21806,NA,N,D,C,A,A,H,-,C,A,0,NA,NA,NA,NA,Y,NA,A,01,0,0,1,0,0,0,0,0,0,-,-,NA,NA,LOS ANGELES,LOS ANGELES,-118.30927011,34.10175003
8194461,2016,2017-01-18,1900,2016-12-08,1414,443554,2922,4,5,5,1990,0,0,0,NA,0,292T,GRAND AV,MONTEFINO AV,29,S,N,A,-,N,NA,NA,NA,NA,NA,NA,NA,NA,NA,Y,4,0,3,2,A,-,03,22350,NA,N,C,C,A,A,H,-,A,A,0,NA,NA,NA,NA,Y,NA,J,48,0,0,3,0,0,0,0,0,0,-,-,NA,NA,LOS ANGELES,DIAMOND BAR,-117.81469383,34.00235581
8194473,2016,2017-01-18,1972,2016-12-14,2024,20050,NA,3,5,6,1972,0,0,0,NA,0,NA,190TH ST,BERYL ST,0,NA,Y,A,-,N,NA,NA,NA,NA,NA,NA,NA,NA,NA,Y,4,0,2,2,A,-,01,23153,A,N,D,C,A,A,H,-,C,D,0,NA,NA,NA,NA,Y,Y,A,NA,0,0,2,0,0,0,0,0,0,-,-,NA,NA,LOS ANGELES,TORRANCE,-118.37482006,33.85825005
8194477,2016,2017-01-18,1900,2016-12-06,0807,523207,2312,2,5,5,1919,0,0,0,NA,0,232,SOUTH ST,GRIDLEY RD,0,NA,Y,A,-,N,NA,NA,NA,NA,NA,NA,NA,NA,NA,Y,4,0,1,2,A,-,09,21806,A,N,D,C,A,A,H,-,A,A,0,NA,NA,NA,NA,Y,NA,A,01,0,0,1,0,0,0,0,0,0,-,-,NA,NA,LOS ANGELES,CERRITOS,-118.09097007,33.85850002
8194482,2016,2017-01-23,1942,2016-11-04,1025,36705,1407,5,5,7,1942,0,0,0,N,0,14MQ14,VENICE BL,JASMINE AV,0,NA,Y,A,-,N,NA,NA,NA,NA,NA,NA,NA,NA,NA,N,4,0,1,2,A,-,11,21954,A,N,-,J,D,A,H,-,A,D,0,Y,NA,NA,NA,Y,NA,N,60,0,0,1,0,1,0,0,0,0,-,-,NA,NA,LOS ANGELES,LOS ANGELES,-118.40186001,34.02170006
8194486,2016,2017-01-19,1942,2016-11-20,1815,41600,4APD,7,5,7,1942,0,0,0,NA,0,13X28,BROADWAY,MARTIN LUTHER KING,0,NA,-,C,-,N,NA,NA,NA,NA,NA,NA,NA,NA,NA,N,4,0,1,3,A,-,-,NA,NA,F,C,C,A,B,H,-,C,A,0,NA,NA,NA,NA,Y,Y,-,NA,0,0,1,0,0,0,0,0,0,-,-,NA,NA,LOS ANGELES,LOS ANGELES,-118.27886,34.01111006
8194490,2016,2017-01-23,1942,2016-11-14,0755,30847,1161,1,5,7,1942,0,0,0,K,0,11A51,SANTA MONICA,NORMANDIE AV,0,NA,Y,A,-,N,NA,NA,NA,NA,NA,NA,NA,NA,NA,N,4,0,1,2,A,-,10,21950,A,N,G,B,B,A,H,-,A,D,0,Y,NA,NA,NA,Y,NA,A,01,0,0,1,0,1,0,0,0,0,-,-,NA,NA,LOS ANGELES,LOS ANGELES,-118.30049007,34.09083008
8194494,2016,2017-01-23,1942,2016-11-08,1500,37603,0218,2,5,7,1942,0,0,0,B,0,11CL6,GLENDALE BL,PARK AV,0,NA,-,A,-,N,NA,NA,NA,NA,NA,NA,NA,NA,NA,N,4,0,1,2,A,-,04,21703,NA,N,C,C,A,A,H,-,A,D,0,NA,NA,NA,NA,Y,NA,-,NA,0,0,1,0,0,0,0,0,0,-,-,NA,NA,LOS ANGELES,LOS ANGELES,-118.26148,34.07593001
8194495,2016,2017-01-18,1942,2016-11-22,1740,33852,0513,2,5,7,1942,0,0,0,E,0,0585,PACIFIC COAST HWY,VERMONT AV,0,NA,-,A,-,N,NA,NA,NA,NA,NA,NA,NA,NA,NA,N,3,0,1,3,A,-,03,22350,A,N,C,C,A,A,B,-,C,A,0,NA,NA,NA,NA,Y,NA,A,01,0,1,0,0,0,0,0,0,0,-,-,NA,NA,LOS ANGELES,LOS ANGELES,-118.29173999,33.79101011
8194500,2016,2017-01-19,1900,2016-12-14,1936,602241,2116,3,5,5,1943,0,0,0,NA,0,212T2,WEBBER ST,SANTA FE AV,0,NA,Y,A,-,N,NA,NA,NA,NA,NA,NA,NA,NA,NA,N,4,0,1,2,A,-,03,22350,NA,F,D,G,A,A,H,-,C,D,0,NA,Y,NA,NA,Y,NA,-,NA,0,0,1,0,0,0,1,0,0,-,-,NA,NA,LOS ANGELES,LYNWOOD,-118.2181,33.9204
8194504,2016,2017-01-19,1953,2016-12-16,0750,6800,1953,5,5,6,1953,0,0,0,NA,0,005,MARENGO AV,MAPLE ST,0,NA,Y,C,-,N,NA,NA,NA,NA,NA,NA,NA,NA,NA,N,4,0,1,2,A,-,07,21658,NA,N,B,C,A,B,H,-,A,A,0,NA,NA,NA,NA,Y,NA,A,01,0,0,1,0,0,0,0,0,0,-,-,NA,NA,LOS ANGELES,PASADENA,-118.14665012,34.10134008
8194519,2016,2017-01-18,1942,2016-11-29,1815,41642,1465,2,5,7,1942,0,0,0,N,0,14FB15,S CENTINELLA,MESMER AV,0,NA,-,A,-,N,NA,NA,NA,NA,NA,NA,NA,NA,NA,Y,4,0,1,2,A,-,04,21703,NA,N,C,C,A,A,H,-,C,A,0,NA,NA,NA,NA,Y,NA,A,01,0,0,1,0,0,0,0,0,0,-,-,NA,NA,LOS ANGELES,LOS ANGELES,-118.39889007,33.98342004
8194541,2016,2017-01-19,1900,2016-12-09,1145,551883,0628,5,5,6,1985,0,0,0,NA,0,62T1,LYONS AV,VERMONT DR,115,E,N,A,-,N,NA,NA,NA,NA,NA,NA,NA,NA,NA,Y,4,0,2,2,A,-,08,22100,A,N,B,C,A,A,H,-,A,D,0,NA,NA,NA,NA,Y,NA,A,01,0,0,2,0,0,0,0,0,0,-,-,NA,NA,LOS ANGELES,SANTA CLARITA,-118.55184996,34.3791952
8194543,2016,2017-01-19,1955,2016-12-02,2101,40764,0020,5,5,6,1955,0,0,0,NA,0,002,TOWNE AV,ARROW HWY,0,NA,Y,A,-,N,NA,NA,NA,NA,NA,NA,NA,NA,NA,Y,4,0,1,2,A,-,12,21453,A,N,D,C,A,A,H,-,C,A,0,NA,NA,NA,NA,Y,NA,-,-,0,0,1,0,0,0,0,0,0,-,-,NA,NA,LOS ANGELES,POMONA,-117.73680007,34.09018004
8194545,2016,2017-01-19,1900,2016-12-16,2302,442237,1135,5,5,6,1992,0,0,0,NA,0,112T1,AVENUE H,20TH ST EAST,0,NA,Y,A,-,N,NA,NA,NA,NA,NA,NA,NA,NA,NA,N,4,0,1,2,A,-,12,22450,A,M,D,C,A,A,H,-,D,D,0,NA,NA,NA,NA,Y,NA,-,NA,0,0,1,0,0,0,0,0,0,-,-,NA,NA,LOS ANGELES,LANCASTER,-118.09502007,34.71880004
8194553,2016,2017-01-23,1942,2016-11-25,0510,41669,NA,5,5,7,1942,0,0,0,NA,0,11A89,FRUITDALE ST,RIPPLE ST,60,S,N,A,-,N,NA,NA,NA,NA,NA,NA,NA,NA,NA,N,4,0,1,2,A,-,21,22106,NA,N,C,E,A,A,H,-,D,D,0,NA,NA,NA,NA,Y,NA,A,07,0,0,1,0,0,0,0,0,0,-,-,NA,NA,LOS ANGELES,LOS ANGELES,-118.25390674,34.1071011
8194557,2016,2017-01-23,1942,2016-11-04,1850,42129,1441,5,5,7,1942,0,0,0,N,0,14A11,WASHINGTON BL,PALAWAN WY,325,E,N,B,-,N,NA,NA,NA,NA,NA,NA,NA,NA,NA,Y,4,0,1,2,A,-,09,21801,A,N,B,C,A,A,H,-,D,D,0,NA,NA,NA,NA,Y,NA,A,07,0,0,1,0,0,0,0,0,0,-,-,NA,NA,LOS ANGELES,LOS ANGELES,-118.45782216,33.98466397
8194573,2016,2017-01-24,1965,2016-12-19,1610,3338,0B2A,1,5,5,1965,0,0,0,NA,0,NA,OCEAN PARK BL,7TH ST,0,NA,Y,A,-,N,NA,NA,NA,NA,NA,NA,NA,NA,NA,N,4,0,1,2,A,-,09,21801,A,N,D,G,A,A,H,-,B,D,0,NA,Y,NA,NA,Y,NA,-,NA,0,0,1,0,0,0,1,0,0,-,-,NA,NA,LOS ANGELES,SANTA MONICA,-118.47806013,34.00597005
8194575,2016,2017-01-18,1975,2016-11-18,1912,401,NA,5,5,6,1975,0,0,0,NA,0,001,VINCENT AV,PUENTE AV,0,NA,Y,A,-,N,NA,NA,NA,NA,NA,NA,NA,NA,NA,Y,4,0,3,2,A,-,12,21453,A,N,A,C,A,A,H,-,C,A,0,NA,NA,NA,NA,Y,NA,-,NA,0,0,3,0,0,0,0,0,0,-,-,NA,NA,LOS ANGELES,WEST COVINA,-117.92569008,34.08276009
8194579,2016,2017-01-18,1975,2016-11-27,1800,678,NA,7,5,6,1975,0,0,0,NA,0,004,VALINDA AV,ALWOOD,60,S,N,A,-,N,NA,NA,NA,NA,NA,NA,NA,NA,NA,Y,4,0,1,1,A,-,03,22350,NA,N,E,I,A,A,H,-,C,D,0,NA,NA,NA,NA,Y,NA,-,NA,0,0,1,0,0,0,0,0,0,-,-,NA,NA,LOS ANGELES,WEST COVINA,-117.92562,34.04898551